run_id,initialization,replicate_id,model_pool,base_run_id,base_trained_task_count,seed,task,target_family,shots,evaluation_split,examples,supervised_tokens,loss,token_accuracy,sequence_accuracy,zero_shot_loss,zero_shot_token_accuracy,zero_shot_sequence_accuracy,loss_improvement_from_zero_shot,token_accuracy_improvement_from_zero_shot,sequence_accuracy_improvement_from_zero_shot,loss_improvement_over_random,token_accuracy_improvement_over_random,sequence_accuracy_improvement_over_random,checkpoint_sha256,fewshot_config_sha256,support_artifact_sha256,test_manifest_sha256,test_source_shard_sha256,evaluator_commit
pretrained-property-a-transformer-tasks01-seed17-recoils,pretrained,r0,a,property-a-transformer-tasks01-seed17,1,17,recoils,local,20,property_source_shard_199,2500,5000,4.096352282714844,0.6938,0.3876,5.213303213500977,0.6936,0.3872,1.1169509307861327,0.00019999999999997797,0.00040000000000001146,-1.7550838684082035,0.1008,0.1856,3653d8eae3b15c6e4dec789c41113da6890ada5433a7a5004ee852e082c22999,764c23fbcb553a3b809181e86d6aa3df0813c84df968990c56a73cd794f55882,dbda450579b8c70a4b4ee3ae012117c710a3c973008ac0ee9b44a5501aaac5dc,257ff2ea900b90cd6f1edf3c9f0fcea5d2891c746c94440d744f6968dd817979,52a544f29742e08ab83038c7611ba7f6356f8a9b6e6e34a88b0d1e1ff762f8ee,f0cab1230496b6acde20f9e329455b99f07f82f0
pretrained-property-a-transformer-tasks01-seed17-anti_fixed_points,pretrained,r0,a,property-a-transformer-tasks01-seed17,1,17,anti_fixed_points,positional,20,property_source_shard_199,2500,5000,5.405961975097656,0.53,0.072,9.433439361572265,0.485,0.062,4.027477386474609,0.04500000000000004,0.009999999999999995,-3.745778533935547,-0.134,-0.256,94ddf144761d7e40162f84991fb9abd0e5a2592c50e3a447a9591644e01917c8,764c23fbcb553a3b809181e86d6aa3df0813c84df968990c56a73cd794f55882,dbda450579b8c70a4b4ee3ae012117c710a3c973008ac0ee9b44a5501aaac5dc,257ff2ea900b90cd6f1edf3c9f0fcea5d2891c746c94440d744f6968dd817979,52a544f29742e08ab83038c7611ba7f6356f8a9b6e6e34a88b0d1e1ff762f8ee,f0cab1230496b6acde20f9e329455b99f07f82f0
pretrained-property-a-transformer-tasks01-seed17-two_cycle_count,pretrained,r0,a,property-a-transformer-tasks01-seed17,1,17,two_cycle_count,cycle,20,property_source_shard_199,2500,5000,3.887073207092285,0.5602,0.1204,9.968363275146485,0.4616,0.0612,6.0812900680542,0.09860000000000002,0.059199999999999996,-2.440848402404785,-0.2116,-0.44839999999999997,2e3f4979c845cd5f72a9462ade494277ee164277bfeda4e1807d9b736efa8ea5,764c23fbcb553a3b809181e86d6aa3df0813c84df968990c56a73cd794f55882,dbda450579b8c70a4b4ee3ae012117c710a3c973008ac0ee9b44a5501aaac5dc,257ff2ea900b90cd6f1edf3c9f0fcea5d2891c746c94440d744f6968dd817979,52a544f29742e08ab83038c7611ba7f6356f8a9b6e6e34a88b0d1e1ff762f8ee,f0cab1230496b6acde20f9e329455b99f07f82f0
pretrained-property-a-transformer-tasks01-seed17-lds_length,pretrained,r0,a,property-a-transformer-tasks01-seed17,1,17,lds_length,global_run,20,property_source_shard_199,2500,5000,3.81594990234375,0.6138,0.2276,7.688574548339844,0.5756,0.1512,3.8726246459960936,0.03820000000000001,0.0764,-1.5068082092285158,-0.021599999999999953,-0.04319999999999999,df27b6df27d255cafe2cf35d3372341894e0286647f16892763bb051698a3df4,764c23fbcb553a3b809181e86d6aa3df0813c84df968990c56a73cd794f55882,dbda450579b8c70a4b4ee3ae012117c710a3c973008ac0ee9b44a5501aaac5dc,257ff2ea900b90cd6f1edf3c9f0fcea5d2891c746c94440d744f6968dd817979,52a544f29742e08ab83038c7611ba7f6356f8a9b6e6e34a88b0d1e1ff762f8ee,f0cab1230496b6acde20f9e329455b99f07f82f0
pretrained-property-a-transformer-tasks02-seed17-recoils,pretrained,r0,a,property-a-transformer-tasks02-seed17,2,17,recoils,local,20,property_source_shard_199,2500,5000,1.6010737533569337,0.6864,0.3728,1.8026542644500732,0.6946,0.3892,0.20158051109313946,-0.008199999999999985,-0.01639999999999997,0.7401946609497068,0.09340000000000004,0.1708,cc251fb4ddffe421ddb22b0aab72ce1246dcf3ef39386764cc44a8cada716cda,764c23fbcb553a3b809181e86d6aa3df0813c84df968990c56a73cd794f55882,dbda450579b8c70a4b4ee3ae012117c710a3c973008ac0ee9b44a5501aaac5dc,257ff2ea900b90cd6f1edf3c9f0fcea5d2891c746c94440d744f6968dd817979,52a544f29742e08ab83038c7611ba7f6356f8a9b6e6e34a88b0d1e1ff762f8ee,f0cab1230496b6acde20f9e329455b99f07f82f0
pretrained-property-a-transformer-tasks02-seed17-anti_fixed_points,pretrained,r0,a,property-a-transformer-tasks02-seed17,2,17,anti_fixed_points,positional,20,property_source_shard_199,2500,5000,2.932842770767212,0.5374,0.0748,5.030998645019531,0.5306,0.0612,2.0981558742523196,0.006800000000000028,0.013600000000000008,-1.2726593296051023,-0.12660000000000005,-0.2532,72108b2de613e29fe3cc073584a4bf7ccb5faa122d3337d2e9916e96fbf2a0bd,764c23fbcb553a3b809181e86d6aa3df0813c84df968990c56a73cd794f55882,dbda450579b8c70a4b4ee3ae012117c710a3c973008ac0ee9b44a5501aaac5dc,257ff2ea900b90cd6f1edf3c9f0fcea5d2891c746c94440d744f6968dd817979,52a544f29742e08ab83038c7611ba7f6356f8a9b6e6e34a88b0d1e1ff762f8ee,f0cab1230496b6acde20f9e329455b99f07f82f0
pretrained-property-a-transformer-tasks02-seed17-two_cycle_count,pretrained,r0,a,property-a-transformer-tasks02-seed17,2,17,two_cycle_count,cycle,20,property_source_shard_199,2500,5000,2.0084413845062254,0.6424,0.2848,5.170197747802734,0.5306,0.0612,3.161756363296509,0.11180000000000001,0.2236,-0.5622165798187255,-0.12940000000000007,-0.284,bfbb6df5f8f8932edd286f29ac511f2e2eea8cf0c333bd4b1403045c63ecfddd,764c23fbcb553a3b809181e86d6aa3df0813c84df968990c56a73cd794f55882,dbda450579b8c70a4b4ee3ae012117c710a3c973008ac0ee9b44a5501aaac5dc,257ff2ea900b90cd6f1edf3c9f0fcea5d2891c746c94440d744f6968dd817979,52a544f29742e08ab83038c7611ba7f6356f8a9b6e6e34a88b0d1e1ff762f8ee,f0cab1230496b6acde20f9e329455b99f07f82f0
pretrained-property-a-transformer-tasks02-seed17-lds_length,pretrained,r0,a,property-a-transformer-tasks02-seed17,2,17,lds_length,global_run,20,property_source_shard_199,2500,5000,1.7219002197265625,0.6254,0.2508,3.7598244079589844,0.5754,0.1508,2.037924188232422,0.04999999999999993,0.10000000000000003,0.5872414733886719,-0.010000000000000009,-0.019999999999999962,dc59d6ec851fa503ee66dac952897f7b70273c4b03308034144d60689c36fcbf,764c23fbcb553a3b809181e86d6aa3df0813c84df968990c56a73cd794f55882,dbda450579b8c70a4b4ee3ae012117c710a3c973008ac0ee9b44a5501aaac5dc,257ff2ea900b90cd6f1edf3c9f0fcea5d2891c746c94440d744f6968dd817979,52a544f29742e08ab83038c7611ba7f6356f8a9b6e6e34a88b0d1e1ff762f8ee,f0cab1230496b6acde20f9e329455b99f07f82f0
pretrained-property-a-transformer-tasks04-seed17-recoils,pretrained,r0,a,property-a-transformer-tasks04-seed17,4,17,recoils,local,20,property_source_shard_199,2500,5000,1.373508702659607,0.6418,0.2836,2.8413878952026366,0.5716,0.1432,1.4678791925430297,0.07020000000000004,0.14040000000000002,0.9677597116470336,0.048800000000000066,0.0816,8cdf0ca9f30a2712453cdd98f49cdd370735371b05ba9f9d58d3265c1ebd2700,764c23fbcb553a3b809181e86d6aa3df0813c84df968990c56a73cd794f55882,dbda450579b8c70a4b4ee3ae012117c710a3c973008ac0ee9b44a5501aaac5dc,257ff2ea900b90cd6f1edf3c9f0fcea5d2891c746c94440d744f6968dd817979,52a544f29742e08ab83038c7611ba7f6356f8a9b6e6e34a88b0d1e1ff762f8ee,f0cab1230496b6acde20f9e329455b99f07f82f0
pretrained-property-a-transformer-tasks04-seed17-anti_fixed_points,pretrained,r0,a,property-a-transformer-tasks04-seed17,4,17,anti_fixed_points,positional,20,property_source_shard_199,2500,5000,3.0010067962646483,0.6108,0.2216,3.752125158691406,0.5828,0.1656,0.7511183624267579,0.028000000000000025,0.055999999999999994,-1.3408233551025388,-0.053200000000000025,-0.10640000000000002,5b55fe699c33edca08ce1f83fcb8090d06d2e78df7b15bbc1ba21da8eedac717,764c23fbcb553a3b809181e86d6aa3df0813c84df968990c56a73cd794f55882,dbda450579b8c70a4b4ee3ae012117c710a3c973008ac0ee9b44a5501aaac5dc,257ff2ea900b90cd6f1edf3c9f0fcea5d2891c746c94440d744f6968dd817979,52a544f29742e08ab83038c7611ba7f6356f8a9b6e6e34a88b0d1e1ff762f8ee,f0cab1230496b6acde20f9e329455b99f07f82f0
pretrained-property-a-transformer-tasks04-seed17-two_cycle_count,pretrained,r0,a,property-a-transformer-tasks04-seed17,4,17,two_cycle_count,cycle,20,property_source_shard_199,2500,5000,2.3152058517456053,0.6806,0.3612,3.9780494750976563,0.5754,0.1508,1.662843623352051,0.10519999999999996,0.21040000000000003,-0.8689810470581054,-0.09120000000000006,-0.20759999999999995,33f4e0cf0d2373fe304d9324766c89c543adb58dea3c4069c51f4743db23848e,764c23fbcb553a3b809181e86d6aa3df0813c84df968990c56a73cd794f55882,dbda450579b8c70a4b4ee3ae012117c710a3c973008ac0ee9b44a5501aaac5dc,257ff2ea900b90cd6f1edf3c9f0fcea5d2891c746c94440d744f6968dd817979,52a544f29742e08ab83038c7611ba7f6356f8a9b6e6e34a88b0d1e1ff762f8ee,f0cab1230496b6acde20f9e329455b99f07f82f0
pretrained-property-a-transformer-tasks04-seed17-lds_length,pretrained,r0,a,property-a-transformer-tasks04-seed17,4,17,lds_length,global_run,20,property_source_shard_199,2500,5000,1.3716746215820312,0.636,0.272,3.037770233154297,0.5406,0.0812,1.6660956115722656,0.09540000000000004,0.19080000000000003,0.9374670715332032,0.0006000000000000449,0.0012000000000000344,36ff5b351dc94284476f13bf4eb2ba22a397790339ed2b06223e35825f3e887f,764c23fbcb553a3b809181e86d6aa3df0813c84df968990c56a73cd794f55882,dbda450579b8c70a4b4ee3ae012117c710a3c973008ac0ee9b44a5501aaac5dc,257ff2ea900b90cd6f1edf3c9f0fcea5d2891c746c94440d744f6968dd817979,52a544f29742e08ab83038c7611ba7f6356f8a9b6e6e34a88b0d1e1ff762f8ee,f0cab1230496b6acde20f9e329455b99f07f82f0
pretrained-property-a-transformer-tasks08-seed17-recoils,pretrained,r0,a,property-a-transformer-tasks08-seed17,8,17,recoils,local,20,property_source_shard_199,2500,5000,1.238120083618164,0.657,0.314,2.2538033081054687,0.5628,0.1256,1.0156832244873046,0.09420000000000006,0.1884,1.1031483306884764,0.06400000000000006,0.11199999999999999,f242ddeb9d23f2710510eec78bc422d41e9e477aeca6657cda2d9cafa8397bd2,764c23fbcb553a3b809181e86d6aa3df0813c84df968990c56a73cd794f55882,dbda450579b8c70a4b4ee3ae012117c710a3c973008ac0ee9b44a5501aaac5dc,257ff2ea900b90cd6f1edf3c9f0fcea5d2891c746c94440d744f6968dd817979,52a544f29742e08ab83038c7611ba7f6356f8a9b6e6e34a88b0d1e1ff762f8ee,f0cab1230496b6acde20f9e329455b99f07f82f0
pretrained-property-a-transformer-tasks08-seed17-anti_fixed_points,pretrained,r0,a,property-a-transformer-tasks08-seed17,8,17,anti_fixed_points,positional,20,property_source_shard_199,2500,5000,1.5616946887969971,0.6418,0.2836,4.712783923339844,0.5156,0.0312,3.1510892345428463,0.1262000000000001,0.2524,0.09848875236511234,-0.022199999999999998,-0.044399999999999995,f12e4d28b08a5ef7f71a15cef6b7e6ce9e4b6be1a30af12886638c3986589fb3,764c23fbcb553a3b809181e86d6aa3df0813c84df968990c56a73cd794f55882,dbda450579b8c70a4b4ee3ae012117c710a3c973008ac0ee9b44a5501aaac5dc,257ff2ea900b90cd6f1edf3c9f0fcea5d2891c746c94440d744f6968dd817979,52a544f29742e08ab83038c7611ba7f6356f8a9b6e6e34a88b0d1e1ff762f8ee,f0cab1230496b6acde20f9e329455b99f07f82f0
pretrained-property-a-transformer-tasks08-seed17-two_cycle_count,pretrained,r0,a,property-a-transformer-tasks08-seed17,8,17,two_cycle_count,cycle,20,property_source_shard_199,2500,5000,1.1892363113403321,0.7006,0.4012,5.0537052734375,0.518,0.036,3.8644689620971677,0.18259999999999998,0.3652,0.2569884933471678,-0.07120000000000004,-0.16759999999999997,879246ea23694d8a1e26cd7e9d54d8bad023c347747a77162e3ddb8120b7e9cd,764c23fbcb553a3b809181e86d6aa3df0813c84df968990c56a73cd794f55882,dbda450579b8c70a4b4ee3ae012117c710a3c973008ac0ee9b44a5501aaac5dc,257ff2ea900b90cd6f1edf3c9f0fcea5d2891c746c94440d744f6968dd817979,52a544f29742e08ab83038c7611ba7f6356f8a9b6e6e34a88b0d1e1ff762f8ee,f0cab1230496b6acde20f9e329455b99f07f82f0
pretrained-property-a-transformer-tasks08-seed17-lds_length,pretrained,r0,a,property-a-transformer-tasks08-seed17,8,17,lds_length,global_run,20,property_source_shard_199,2500,5000,1.3206314693450927,0.6466,0.2932,1.7754556060791016,0.6072,0.2144,0.4548241367340089,0.03939999999999999,0.07880000000000001,0.9885102237701417,0.011199999999999988,0.02240000000000003,041a90360db5eace4c5738106185ed1f555ca3342133b5016b2666e4a0b1c6b6,764c23fbcb553a3b809181e86d6aa3df0813c84df968990c56a73cd794f55882,dbda450579b8c70a4b4ee3ae012117c710a3c973008ac0ee9b44a5501aaac5dc,257ff2ea900b90cd6f1edf3c9f0fcea5d2891c746c94440d744f6968dd817979,52a544f29742e08ab83038c7611ba7f6356f8a9b6e6e34a88b0d1e1ff762f8ee,f0cab1230496b6acde20f9e329455b99f07f82f0
pretrained-property-a-transformer-tasks16-seed17-recoils,pretrained,r0,a,property-a-transformer-tasks16-seed17,16,17,recoils,local,20,property_source_shard_199,2500,5000,1.2380346500396728,0.6218,0.2436,4.774106201171875,0.5436,0.0872,3.5360715511322027,0.07820000000000005,0.1564,1.1032337642669676,0.028800000000000048,0.0416,14aeed79f1b1a37e5b002f7c61dd60ab7ef7f2cbd633f121dd46ff9324b42ce2,764c23fbcb553a3b809181e86d6aa3df0813c84df968990c56a73cd794f55882,dbda450579b8c70a4b4ee3ae012117c710a3c973008ac0ee9b44a5501aaac5dc,257ff2ea900b90cd6f1edf3c9f0fcea5d2891c746c94440d744f6968dd817979,52a544f29742e08ab83038c7611ba7f6356f8a9b6e6e34a88b0d1e1ff762f8ee,f0cab1230496b6acde20f9e329455b99f07f82f0
pretrained-property-a-transformer-tasks16-seed17-anti_fixed_points,pretrained,r0,a,property-a-transformer-tasks16-seed17,16,17,anti_fixed_points,positional,20,property_source_shard_199,2500,5000,0.9341213126182556,0.6938,0.3876,1.359654302597046,0.6776,0.3552,0.4255329899787904,0.016199999999999992,0.032399999999999984,0.7260621285438539,0.029799999999999938,0.059599999999999986,4bd70aa0f7585a65fc3a7fcdb0df4083bdda863e9beb46611402289fbb0af3bc,764c23fbcb553a3b809181e86d6aa3df0813c84df968990c56a73cd794f55882,dbda450579b8c70a4b4ee3ae012117c710a3c973008ac0ee9b44a5501aaac5dc,257ff2ea900b90cd6f1edf3c9f0fcea5d2891c746c94440d744f6968dd817979,52a544f29742e08ab83038c7611ba7f6356f8a9b6e6e34a88b0d1e1ff762f8ee,f0cab1230496b6acde20f9e329455b99f07f82f0
pretrained-property-a-transformer-tasks16-seed17-two_cycle_count,pretrained,r0,a,property-a-transformer-tasks16-seed17,16,17,two_cycle_count,cycle,20,property_source_shard_199,2500,5000,1.1172660743713378,0.7776,0.5552,1.457729331970215,0.6778,0.3556,0.3404632575988771,0.0998,0.1996,0.3289587303161621,0.005799999999999916,-0.013599999999999945,3954918d2dc8c360ba2a264627a36fd096366db9b128ad0b1ab0bfe6fc4c9860,764c23fbcb553a3b809181e86d6aa3df0813c84df968990c56a73cd794f55882,dbda450579b8c70a4b4ee3ae012117c710a3c973008ac0ee9b44a5501aaac5dc,257ff2ea900b90cd6f1edf3c9f0fcea5d2891c746c94440d744f6968dd817979,52a544f29742e08ab83038c7611ba7f6356f8a9b6e6e34a88b0d1e1ff762f8ee,f0cab1230496b6acde20f9e329455b99f07f82f0
pretrained-property-a-transformer-tasks16-seed17-lds_length,pretrained,r0,a,property-a-transformer-tasks16-seed17,16,17,lds_length,global_run,20,property_source_shard_199,2500,5000,1.304734815788269,0.5882,0.1764,4.079883424377441,0.522,0.044,2.7751486085891726,0.06619999999999993,0.13240000000000002,1.0044068773269654,-0.04720000000000002,-0.09439999999999998,01022a6c1e8429f89980fa9a1830e3a547eb58f2d39824edb0223d4113f96866,764c23fbcb553a3b809181e86d6aa3df0813c84df968990c56a73cd794f55882,dbda450579b8c70a4b4ee3ae012117c710a3c973008ac0ee9b44a5501aaac5dc,257ff2ea900b90cd6f1edf3c9f0fcea5d2891c746c94440d744f6968dd817979,52a544f29742e08ab83038c7611ba7f6356f8a9b6e6e34a88b0d1e1ff762f8ee,f0cab1230496b6acde20f9e329455b99f07f82f0
pretrained-property-b-transformer-tasks01-seed17-descents,pretrained,r0,b,property-b-transformer-tasks01-seed17,1,17,descents,local,20,property_source_shard_199,2500,5000,1.880262074279785,0.6674,0.3348,2.1301385833740234,0.6332,0.2664,0.2498765090942383,0.03420000000000001,0.06839999999999996,0.4201878890991213,0.07979999999999998,0.1376,c6ab945fd3c793aabd91014f5f035a29d45d5556d1202e7e5218230ad2a0bdcf,764c23fbcb553a3b809181e86d6aa3df0813c84df968990c56a73cd794f55882,dbda450579b8c70a4b4ee3ae012117c710a3c973008ac0ee9b44a5501aaac5dc,257ff2ea900b90cd6f1edf3c9f0fcea5d2891c746c94440d744f6968dd817979,52a544f29742e08ab83038c7611ba7f6356f8a9b6e6e34a88b0d1e1ff762f8ee,f0cab1230496b6acde20f9e329455b99f07f82f0
pretrained-property-b-transformer-tasks01-seed17-fixed_points,pretrained,r0,b,property-b-transformer-tasks01-seed17,1,17,fixed_points,positional,20,property_source_shard_199,2500,5000,4.816607342529297,0.5128,0.0256,6.224907989501953,0.4976,0.012,1.4083006469726564,0.015200000000000047,0.013600000000000001,-3.086368634033203,-0.1664,-0.3328,75a6f20b0d049e104714a5660ee635c0ae17c6dd29b53f438165197d64f24fc4,764c23fbcb553a3b809181e86d6aa3df0813c84df968990c56a73cd794f55882,dbda450579b8c70a4b4ee3ae012117c710a3c973008ac0ee9b44a5501aaac5dc,257ff2ea900b90cd6f1edf3c9f0fcea5d2891c746c94440d744f6968dd817979,52a544f29742e08ab83038c7611ba7f6356f8a9b6e6e34a88b0d1e1ff762f8ee,f0cab1230496b6acde20f9e329455b99f07f82f0
pretrained-property-b-transformer-tasks01-seed17-cycle_count,pretrained,r0,b,property-b-transformer-tasks01-seed17,1,17,cycle_count,cycle,20,property_source_shard_199,2500,5000,4.439641247558594,0.5368,0.0956,5.534762561035156,0.507,0.036,1.0951213134765618,0.02980000000000005,0.05960000000000001,-2.4378932434082032,-0.0736,-0.12519999999999998,0da65b85637f45dba01bd3934b1a51a8202b9d3956ec783982f6de9e58cce0c2,764c23fbcb553a3b809181e86d6aa3df0813c84df968990c56a73cd794f55882,dbda450579b8c70a4b4ee3ae012117c710a3c973008ac0ee9b44a5501aaac5dc,257ff2ea900b90cd6f1edf3c9f0fcea5d2891c746c94440d744f6968dd817979,52a544f29742e08ab83038c7611ba7f6356f8a9b6e6e34a88b0d1e1ff762f8ee,f0cab1230496b6acde20f9e329455b99f07f82f0
pretrained-property-b-transformer-tasks01-seed17-lis_length,pretrained,r0,b,property-b-transformer-tasks01-seed17,1,17,lis_length,global_run,20,property_source_shard_199,2500,5000,3.482654163360596,0.5854,0.1708,4.821059237670898,0.5294,0.0788,1.3384050743103022,0.05600000000000005,0.09200000000000001,-1.1548920722961427,-0.03979999999999995,-0.0796,1db0d83042d0f0bf1a0c7de0e0f7fc8bc2c48a3d6f3b9e67b12760515d93d31f,764c23fbcb553a3b809181e86d6aa3df0813c84df968990c56a73cd794f55882,dbda450579b8c70a4b4ee3ae012117c710a3c973008ac0ee9b44a5501aaac5dc,257ff2ea900b90cd6f1edf3c9f0fcea5d2891c746c94440d744f6968dd817979,52a544f29742e08ab83038c7611ba7f6356f8a9b6e6e34a88b0d1e1ff762f8ee,f0cab1230496b6acde20f9e329455b99f07f82f0
pretrained-property-b-transformer-tasks02-seed17-descents,pretrained,r0,b,property-b-transformer-tasks02-seed17,2,17,descents,local,20,property_source_shard_199,2500,5000,1.0517552307128906,0.6732,0.3464,1.2618970008850097,0.6518,0.3036,0.2101417701721191,0.021399999999999975,0.042800000000000005,1.2486947326660158,0.08560000000000001,0.1492,6f070352d04a6f6b0755e2bb39c92ef34bd472ff15c1551f8a04c9c49eba28e2,764c23fbcb553a3b809181e86d6aa3df0813c84df968990c56a73cd794f55882,dbda450579b8c70a4b4ee3ae012117c710a3c973008ac0ee9b44a5501aaac5dc,257ff2ea900b90cd6f1edf3c9f0fcea5d2891c746c94440d744f6968dd817979,52a544f29742e08ab83038c7611ba7f6356f8a9b6e6e34a88b0d1e1ff762f8ee,f0cab1230496b6acde20f9e329455b99f07f82f0
pretrained-property-b-transformer-tasks02-seed17-fixed_points,pretrained,r0,b,property-b-transformer-tasks02-seed17,2,17,fixed_points,positional,20,property_source_shard_199,2500,5000,2.9129972534179687,0.5576,0.1152,4.890303155517578,0.5172,0.0344,1.977305902099609,0.04039999999999999,0.0808,-1.182758544921875,-0.12160000000000004,-0.2432,7660cbed33dfb5aea5b9ae87a6171b5ecc4bb9e67a8f18fc87b2e24c0b28288d,764c23fbcb553a3b809181e86d6aa3df0813c84df968990c56a73cd794f55882,dbda450579b8c70a4b4ee3ae012117c710a3c973008ac0ee9b44a5501aaac5dc,257ff2ea900b90cd6f1edf3c9f0fcea5d2891c746c94440d744f6968dd817979,52a544f29742e08ab83038c7611ba7f6356f8a9b6e6e34a88b0d1e1ff762f8ee,f0cab1230496b6acde20f9e329455b99f07f82f0
pretrained-property-b-transformer-tasks02-seed17-cycle_count,pretrained,r0,b,property-b-transformer-tasks02-seed17,2,17,cycle_count,cycle,20,property_source_shard_199,2500,5000,2.5556691772460938,0.5506,0.1012,4.289642700195312,0.527,0.054,1.7339735229492184,0.023599999999999954,0.0472,-0.553921173095703,-0.059800000000000075,-0.1196,4be254038f1a2957734f9013f3aae2003d2592acccacb7d614ad34c5854418e6,764c23fbcb553a3b809181e86d6aa3df0813c84df968990c56a73cd794f55882,dbda450579b8c70a4b4ee3ae012117c710a3c973008ac0ee9b44a5501aaac5dc,257ff2ea900b90cd6f1edf3c9f0fcea5d2891c746c94440d744f6968dd817979,52a544f29742e08ab83038c7611ba7f6356f8a9b6e6e34a88b0d1e1ff762f8ee,f0cab1230496b6acde20f9e329455b99f07f82f0
pretrained-property-b-transformer-tasks02-seed17-lis_length,pretrained,r0,b,property-b-transformer-tasks02-seed17,2,17,lis_length,global_run,20,property_source_shard_199,2500,5000,2.3163838989257814,0.571,0.142,3.166251346206665,0.5354,0.0708,0.8498674472808836,0.035599999999999965,0.07119999999999999,0.01137819213867175,-0.054200000000000026,-0.10840000000000002,d42f7ae75bd112de298d0b20fb305dd34853fbe97b489e33945a89573b017030,764c23fbcb553a3b809181e86d6aa3df0813c84df968990c56a73cd794f55882,dbda450579b8c70a4b4ee3ae012117c710a3c973008ac0ee9b44a5501aaac5dc,257ff2ea900b90cd6f1edf3c9f0fcea5d2891c746c94440d744f6968dd817979,52a544f29742e08ab83038c7611ba7f6356f8a9b6e6e34a88b0d1e1ff762f8ee,f0cab1230496b6acde20f9e329455b99f07f82f0
pretrained-property-b-transformer-tasks04-seed17-descents,pretrained,r0,b,property-b-transformer-tasks04-seed17,4,17,descents,local,20,property_source_shard_199,2500,5000,1.1937873887062074,0.6476,0.2952,2.2016891605377196,0.5962,0.1924,1.0079017718315122,0.0514,0.10280000000000003,1.106662574672699,0.05999999999999994,0.09800000000000003,a0532c9e0ef19109446242dffee83e4db2f2cb5819d46fac7971501bc108eb98,764c23fbcb553a3b809181e86d6aa3df0813c84df968990c56a73cd794f55882,dbda450579b8c70a4b4ee3ae012117c710a3c973008ac0ee9b44a5501aaac5dc,257ff2ea900b90cd6f1edf3c9f0fcea5d2891c746c94440d744f6968dd817979,52a544f29742e08ab83038c7611ba7f6356f8a9b6e6e34a88b0d1e1ff762f8ee,f0cab1230496b6acde20f9e329455b99f07f82f0
pretrained-property-b-transformer-tasks04-seed17-fixed_points,pretrained,r0,b,property-b-transformer-tasks04-seed17,4,17,fixed_points,positional,20,property_source_shard_199,2500,5000,0.9960015930175782,0.6748,0.3496,3.5253475189208983,0.5254,0.0508,2.52934592590332,0.14939999999999998,0.2988,0.7342371154785156,-0.0044000000000000705,-0.008799999999999975,9bb62eec52caa2b6b2523d21780db3cc9b85b7b972d078ac5195e70da6588112,764c23fbcb553a3b809181e86d6aa3df0813c84df968990c56a73cd794f55882,dbda450579b8c70a4b4ee3ae012117c710a3c973008ac0ee9b44a5501aaac5dc,257ff2ea900b90cd6f1edf3c9f0fcea5d2891c746c94440d744f6968dd817979,52a544f29742e08ab83038c7611ba7f6356f8a9b6e6e34a88b0d1e1ff762f8ee,f0cab1230496b6acde20f9e329455b99f07f82f0
pretrained-property-b-transformer-tasks04-seed17-cycle_count,pretrained,r0,b,property-b-transformer-tasks04-seed17,4,17,cycle_count,cycle,20,property_source_shard_199,2500,5000,1.5374309295654296,0.588,0.176,3.8435265686035156,0.5232,0.0464,2.306095639038086,0.06479999999999997,0.1296,0.4643170745849612,-0.022400000000000087,-0.044800000000000006,0742f8f65ca0f08210d66601d257535732b1b7da38f79ffe834d52135fdf1337,764c23fbcb553a3b809181e86d6aa3df0813c84df968990c56a73cd794f55882,dbda450579b8c70a4b4ee3ae012117c710a3c973008ac0ee9b44a5501aaac5dc,257ff2ea900b90cd6f1edf3c9f0fcea5d2891c746c94440d744f6968dd817979,52a544f29742e08ab83038c7611ba7f6356f8a9b6e6e34a88b0d1e1ff762f8ee,f0cab1230496b6acde20f9e329455b99f07f82f0
pretrained-property-b-transformer-tasks04-seed17-lis_length,pretrained,r0,b,property-b-transformer-tasks04-seed17,4,17,lis_length,global_run,20,property_source_shard_199,2500,5000,1.6499991844177246,0.5856,0.1712,4.1575863986969,0.5234,0.0468,2.507587214279175,0.06220000000000003,0.12439999999999998,0.6777629066467286,-0.03959999999999997,-0.07920000000000002,2ad7803dcc3be588ddde20dc821560017ffee22f8929c13e394ef41398229a0c,764c23fbcb553a3b809181e86d6aa3df0813c84df968990c56a73cd794f55882,dbda450579b8c70a4b4ee3ae012117c710a3c973008ac0ee9b44a5501aaac5dc,257ff2ea900b90cd6f1edf3c9f0fcea5d2891c746c94440d744f6968dd817979,52a544f29742e08ab83038c7611ba7f6356f8a9b6e6e34a88b0d1e1ff762f8ee,f0cab1230496b6acde20f9e329455b99f07f82f0
pretrained-property-b-transformer-tasks08-seed17-descents,pretrained,r0,b,property-b-transformer-tasks08-seed17,8,17,descents,local,20,property_source_shard_199,2500,5000,1.0318476188659669,0.6548,0.3096,1.7143639469146728,0.622,0.244,0.6825163280487059,0.03280000000000005,0.06559999999999999,1.2686023445129395,0.06720000000000004,0.1124,97e8a9dba370f61dbb346318d56be13bef98ead0726d9363467b07029d639c77,764c23fbcb553a3b809181e86d6aa3df0813c84df968990c56a73cd794f55882,dbda450579b8c70a4b4ee3ae012117c710a3c973008ac0ee9b44a5501aaac5dc,257ff2ea900b90cd6f1edf3c9f0fcea5d2891c746c94440d744f6968dd817979,52a544f29742e08ab83038c7611ba7f6356f8a9b6e6e34a88b0d1e1ff762f8ee,f0cab1230496b6acde20f9e329455b99f07f82f0
pretrained-property-b-transformer-tasks08-seed17-fixed_points,pretrained,r0,b,property-b-transformer-tasks08-seed17,8,17,fixed_points,positional,20,property_source_shard_199,2500,5000,0.9364272207260131,0.661,0.322,4.377793287277222,0.5198,0.0396,3.441366066551209,0.1412,0.2824,0.7938114877700806,-0.018199999999999994,-0.03639999999999999,7ecb495f72ceb2c16fd98fb84759d911236f998ca267fa70ffed7683f39ed0e9,764c23fbcb553a3b809181e86d6aa3df0813c84df968990c56a73cd794f55882,dbda450579b8c70a4b4ee3ae012117c710a3c973008ac0ee9b44a5501aaac5dc,257ff2ea900b90cd6f1edf3c9f0fcea5d2891c746c94440d744f6968dd817979,52a544f29742e08ab83038c7611ba7f6356f8a9b6e6e34a88b0d1e1ff762f8ee,f0cab1230496b6acde20f9e329455b99f07f82f0
pretrained-property-b-transformer-tasks08-seed17-cycle_count,pretrained,r0,b,property-b-transformer-tasks08-seed17,8,17,cycle_count,cycle,20,property_source_shard_199,2500,5000,1.4645179344177246,0.603,0.206,2.832105810546875,0.5464,0.0928,1.3675878761291502,0.056599999999999984,0.1132,0.5372300697326662,-0.007400000000000073,-0.014800000000000008,2439a8c5bcf5a94113862d9bad80bfa0aa0666fb3532838b69c5fe2f840e5002,764c23fbcb553a3b809181e86d6aa3df0813c84df968990c56a73cd794f55882,dbda450579b8c70a4b4ee3ae012117c710a3c973008ac0ee9b44a5501aaac5dc,257ff2ea900b90cd6f1edf3c9f0fcea5d2891c746c94440d744f6968dd817979,52a544f29742e08ab83038c7611ba7f6356f8a9b6e6e34a88b0d1e1ff762f8ee,f0cab1230496b6acde20f9e329455b99f07f82f0
pretrained-property-b-transformer-tasks08-seed17-lis_length,pretrained,r0,b,property-b-transformer-tasks08-seed17,8,17,lis_length,global_run,20,property_source_shard_199,2500,5000,1.4833183561325074,0.6286,0.2572,1.8742947742462157,0.5986,0.1972,0.3909764181137083,0.030000000000000027,0.06,0.8444437349319458,0.0034000000000000696,0.006799999999999973,0642ad1a9c18f058361de1715c1af6beca5f3a298d0db9a2cef993a0ef363612,764c23fbcb553a3b809181e86d6aa3df0813c84df968990c56a73cd794f55882,dbda450579b8c70a4b4ee3ae012117c710a3c973008ac0ee9b44a5501aaac5dc,257ff2ea900b90cd6f1edf3c9f0fcea5d2891c746c94440d744f6968dd817979,52a544f29742e08ab83038c7611ba7f6356f8a9b6e6e34a88b0d1e1ff762f8ee,f0cab1230496b6acde20f9e329455b99f07f82f0
pretrained-property-b-transformer-tasks16-seed17-descents,pretrained,r0,b,property-b-transformer-tasks16-seed17,16,17,descents,local,20,property_source_shard_199,2500,5000,1.3928542392730714,0.5882,0.1764,2.6451013160705568,0.564,0.128,1.2522470767974854,0.0242,0.0484,0.907595724105835,0.0005999999999999339,-0.020799999999999985,adb0ea1781002c059491c44a03b742737c5a43e4611e4a14e3bca88beb681cb9,764c23fbcb553a3b809181e86d6aa3df0813c84df968990c56a73cd794f55882,dbda450579b8c70a4b4ee3ae012117c710a3c973008ac0ee9b44a5501aaac5dc,257ff2ea900b90cd6f1edf3c9f0fcea5d2891c746c94440d744f6968dd817979,52a544f29742e08ab83038c7611ba7f6356f8a9b6e6e34a88b0d1e1ff762f8ee,f0cab1230496b6acde20f9e329455b99f07f82f0
pretrained-property-b-transformer-tasks16-seed17-fixed_points,pretrained,r0,b,property-b-transformer-tasks16-seed17,16,17,fixed_points,positional,20,property_source_shard_199,2500,5000,0.9480406993865966,0.6712,0.3424,1.7162428565979004,0.5424,0.0848,0.7682021572113038,0.12880000000000003,0.2576,0.7821980091094971,-0.008000000000000007,-0.016000000000000014,1955c1a9e6e6108d164cea249fba8c6e45315c5872d11790a1a088a196703d3e,764c23fbcb553a3b809181e86d6aa3df0813c84df968990c56a73cd794f55882,dbda450579b8c70a4b4ee3ae012117c710a3c973008ac0ee9b44a5501aaac5dc,257ff2ea900b90cd6f1edf3c9f0fcea5d2891c746c94440d744f6968dd817979,52a544f29742e08ab83038c7611ba7f6356f8a9b6e6e34a88b0d1e1ff762f8ee,f0cab1230496b6acde20f9e329455b99f07f82f0
pretrained-property-b-transformer-tasks16-seed17-cycle_count,pretrained,r0,b,property-b-transformer-tasks16-seed17,16,17,cycle_count,cycle,20,property_source_shard_199,2500,5000,1.0856907670974731,0.629,0.258,1.099308890914917,0.6314,0.2628,0.013618123817443761,-0.0023999999999999577,-0.004799999999999971,0.9160572370529176,0.01859999999999995,0.03720000000000001,3e41258fdf7231c8bfeed845d23d10d51ba8b9ef2b511ef10eb5b8e383894f4b,764c23fbcb553a3b809181e86d6aa3df0813c84df968990c56a73cd794f55882,dbda450579b8c70a4b4ee3ae012117c710a3c973008ac0ee9b44a5501aaac5dc,257ff2ea900b90cd6f1edf3c9f0fcea5d2891c746c94440d744f6968dd817979,52a544f29742e08ab83038c7611ba7f6356f8a9b6e6e34a88b0d1e1ff762f8ee,f0cab1230496b6acde20f9e329455b99f07f82f0
pretrained-property-b-transformer-tasks16-seed17-lis_length,pretrained,r0,b,property-b-transformer-tasks16-seed17,16,17,lis_length,global_run,20,property_source_shard_199,2500,5000,1.1006765615463256,0.6158,0.2316,1.5585812564849852,0.5496,0.0992,0.4579046949386596,0.06620000000000004,0.13240000000000002,1.2270855295181275,-0.009399999999999964,-0.01880000000000001,ea88441a99cfd5535a8dc32d9abf447e9abcfbcea7c49a24e7e20ce6ff1b1988,764c23fbcb553a3b809181e86d6aa3df0813c84df968990c56a73cd794f55882,dbda450579b8c70a4b4ee3ae012117c710a3c973008ac0ee9b44a5501aaac5dc,257ff2ea900b90cd6f1edf3c9f0fcea5d2891c746c94440d744f6968dd817979,52a544f29742e08ab83038c7611ba7f6356f8a9b6e6e34a88b0d1e1ff762f8ee,f0cab1230496b6acde20f9e329455b99f07f82f0
pretrained-property-a-transformer-tasks01-seed42-adjacencies,pretrained,r1,a,property-a-transformer-tasks01-seed42,1,42,adjacencies,local,20,property_source_shard_199,2500,5000,3.8635248821258545,0.5354,0.1064,4.954690069580078,0.53,0.0956,1.0911651874542234,0.00539999999999996,0.01079999999999999,-1.8583988750457765,-0.12060000000000004,-0.20640000000000003,b2d55adf10774b79b6c4f6a5a0bbabde2310ef142f5acb5fd4334eb1d99ef014,764c23fbcb553a3b809181e86d6aa3df0813c84df968990c56a73cd794f55882,dbda450579b8c70a4b4ee3ae012117c710a3c973008ac0ee9b44a5501aaac5dc,257ff2ea900b90cd6f1edf3c9f0fcea5d2891c746c94440d744f6968dd817979,52a544f29742e08ab83038c7611ba7f6356f8a9b6e6e34a88b0d1e1ff762f8ee,f0cab1230496b6acde20f9e329455b99f07f82f0
pretrained-property-a-transformer-tasks01-seed42-right_to_left_maxima,pretrained,r1,a,property-a-transformer-tasks01-seed42,1,42,right_to_left_maxima,positional,20,property_source_shard_199,2500,5000,2.756354556274414,0.5886,0.18,4.072856130981445,0.5486,0.1324,1.316501574707031,0.040000000000000036,0.0476,-0.2934752655029298,-0.035599999999999965,-0.06840000000000002,220b128afc40de3d07b7e23c86fd96125b47fcadbb91211854a7c54be8f38329,764c23fbcb553a3b809181e86d6aa3df0813c84df968990c56a73cd794f55882,dbda450579b8c70a4b4ee3ae012117c710a3c973008ac0ee9b44a5501aaac5dc,257ff2ea900b90cd6f1edf3c9f0fcea5d2891c746c94440d744f6968dd817979,52a544f29742e08ab83038c7611ba7f6356f8a9b6e6e34a88b0d1e1ff762f8ee,f0cab1230496b6acde20f9e329455b99f07f82f0
pretrained-property-a-transformer-tasks01-seed42-two_cycle_count,pretrained,r1,a,property-a-transformer-tasks01-seed42,1,42,two_cycle_count,cycle,20,property_source_shard_199,2500,5000,4.119040018463135,0.5336,0.084,5.73262202758789,0.5298,0.0764,1.6135820091247552,0.0037999999999999146,0.0076000000000000095,-2.7909544166564944,-0.23040000000000005,-0.444,e1fc4be52a8d8f34f58793eeaca8d7558e26fcaad97e6f5f51ecffc5228770d7,764c23fbcb553a3b809181e86d6aa3df0813c84df968990c56a73cd794f55882,dbda450579b8c70a4b4ee3ae012117c710a3c973008ac0ee9b44a5501aaac5dc,257ff2ea900b90cd6f1edf3c9f0fcea5d2891c746c94440d744f6968dd817979,52a544f29742e08ab83038c7611ba7f6356f8a9b6e6e34a88b0d1e1ff762f8ee,f0cab1230496b6acde20f9e329455b99f07f82f0
pretrained-property-a-transformer-tasks01-seed42-global_descents,pretrained,r1,a,property-a-transformer-tasks01-seed42,1,42,global_descents,global_run,20,property_source_shard_199,2500,5000,4.242809197235108,0.5262,0.0712,6.137567124938965,0.5256,0.07,1.894757927703857,0.0006000000000000449,0.0011999999999999927,-3.5062900291442873,-0.3448,-0.6804,770c4b77e723d10e3fc7eac0bf25d2edea12583ec46080e445a7bd753ffcc931,764c23fbcb553a3b809181e86d6aa3df0813c84df968990c56a73cd794f55882,dbda450579b8c70a4b4ee3ae012117c710a3c973008ac0ee9b44a5501aaac5dc,257ff2ea900b90cd6f1edf3c9f0fcea5d2891c746c94440d744f6968dd817979,52a544f29742e08ab83038c7611ba7f6356f8a9b6e6e34a88b0d1e1ff762f8ee,f0cab1230496b6acde20f9e329455b99f07f82f0
pretrained-property-a-transformer-tasks02-seed42-adjacencies,pretrained,r1,a,property-a-transformer-tasks02-seed42,2,42,adjacencies,local,20,property_source_shard_199,2500,5000,3.517349740600586,0.5536,0.1072,4.494936441040039,0.544,0.088,0.9775867004394532,0.009599999999999942,0.01920000000000001,-1.512223733520508,-0.10240000000000005,-0.2056,c8da0a873e0570e42611fe56d51691a534782c801f7543fb7dd2ebd371e8917a,764c23fbcb553a3b809181e86d6aa3df0813c84df968990c56a73cd794f55882,dbda450579b8c70a4b4ee3ae012117c710a3c973008ac0ee9b44a5501aaac5dc,257ff2ea900b90cd6f1edf3c9f0fcea5d2891c746c94440d744f6968dd817979,52a544f29742e08ab83038c7611ba7f6356f8a9b6e6e34a88b0d1e1ff762f8ee,f0cab1230496b6acde20f9e329455b99f07f82f0
pretrained-property-a-transformer-tasks02-seed42-right_to_left_maxima,pretrained,r1,a,property-a-transformer-tasks02-seed42,2,42,right_to_left_maxima,positional,20,property_source_shard_199,2500,5000,2.3219001892089843,0.592,0.184,3.221504357910156,0.5656,0.1312,0.8996041687011718,0.02639999999999998,0.052799999999999986,0.14097910156249993,-0.032200000000000006,-0.06440000000000001,761b2e1bb6858c9373b3388c8f6f6cb3783386b0aa47cd094205d12d7275f0f7,764c23fbcb553a3b809181e86d6aa3df0813c84df968990c56a73cd794f55882,dbda450579b8c70a4b4ee3ae012117c710a3c973008ac0ee9b44a5501aaac5dc,257ff2ea900b90cd6f1edf3c9f0fcea5d2891c746c94440d744f6968dd817979,52a544f29742e08ab83038c7611ba7f6356f8a9b6e6e34a88b0d1e1ff762f8ee,f0cab1230496b6acde20f9e329455b99f07f82f0
pretrained-property-a-transformer-tasks02-seed42-two_cycle_count,pretrained,r1,a,property-a-transformer-tasks02-seed42,2,42,two_cycle_count,cycle,20,property_source_shard_199,2500,5000,4.041385219573975,0.5504,0.1008,5.543899975585937,0.537,0.074,1.502514756011962,0.013399999999999967,0.026800000000000004,-2.7132996177673343,-0.2136,-0.4272,51b065407eb35be9ebe27d9b61e37dc8b0186d6214c890602694e54a412a765c,764c23fbcb553a3b809181e86d6aa3df0813c84df968990c56a73cd794f55882,dbda450579b8c70a4b4ee3ae012117c710a3c973008ac0ee9b44a5501aaac5dc,257ff2ea900b90cd6f1edf3c9f0fcea5d2891c746c94440d744f6968dd817979,52a544f29742e08ab83038c7611ba7f6356f8a9b6e6e34a88b0d1e1ff762f8ee,f0cab1230496b6acde20f9e329455b99f07f82f0
pretrained-property-a-transformer-tasks02-seed42-global_descents,pretrained,r1,a,property-a-transformer-tasks02-seed42,2,42,global_descents,global_run,20,property_source_shard_199,2500,5000,4.193012831115722,0.5442,0.0884,5.974104730987549,0.534,0.068,1.7810918998718268,0.010199999999999987,0.0204,-3.456493663024902,-0.3268,-0.6632,ea3b1c6bee97ccda42f2fb883156938558662ce09288bd93e029d1535f65fc09,764c23fbcb553a3b809181e86d6aa3df0813c84df968990c56a73cd794f55882,dbda450579b8c70a4b4ee3ae012117c710a3c973008ac0ee9b44a5501aaac5dc,257ff2ea900b90cd6f1edf3c9f0fcea5d2891c746c94440d744f6968dd817979,52a544f29742e08ab83038c7611ba7f6356f8a9b6e6e34a88b0d1e1ff762f8ee,f0cab1230496b6acde20f9e329455b99f07f82f0
pretrained-property-a-transformer-tasks04-seed42-adjacencies,pretrained,r1,a,property-a-transformer-tasks04-seed42,4,42,adjacencies,local,20,property_source_shard_199,2500,5000,1.86495986328125,0.6278,0.2556,4.6756823516845705,0.5584,0.1168,2.8107224884033206,0.06940000000000002,0.13879999999999998,0.14016614379882797,-0.028200000000000003,-0.05720000000000003,9394f47aff0be2e9fb38fe72b69939c20733dc29aa8383939585daa4220a10e6,764c23fbcb553a3b809181e86d6aa3df0813c84df968990c56a73cd794f55882,dbda450579b8c70a4b4ee3ae012117c710a3c973008ac0ee9b44a5501aaac5dc,257ff2ea900b90cd6f1edf3c9f0fcea5d2891c746c94440d744f6968dd817979,52a544f29742e08ab83038c7611ba7f6356f8a9b6e6e34a88b0d1e1ff762f8ee,f0cab1230496b6acde20f9e329455b99f07f82f0
pretrained-property-a-transformer-tasks04-seed42-right_to_left_maxima,pretrained,r1,a,property-a-transformer-tasks04-seed42,4,42,right_to_left_maxima,positional,20,property_source_shard_199,2500,5000,2.0993602462768557,0.6042,0.2084,3.5534577331542967,0.5738,0.1476,1.454097486877441,0.030399999999999983,0.06079999999999999,0.3635190444946286,-0.020000000000000018,-0.04000000000000001,a7487de7e262b585616f3b668d096484be841b80c96f43ee427ea410b89b263f,764c23fbcb553a3b809181e86d6aa3df0813c84df968990c56a73cd794f55882,dbda450579b8c70a4b4ee3ae012117c710a3c973008ac0ee9b44a5501aaac5dc,257ff2ea900b90cd6f1edf3c9f0fcea5d2891c746c94440d744f6968dd817979,52a544f29742e08ab83038c7611ba7f6356f8a9b6e6e34a88b0d1e1ff762f8ee,f0cab1230496b6acde20f9e329455b99f07f82f0
pretrained-property-a-transformer-tasks04-seed42-two_cycle_count,pretrained,r1,a,property-a-transformer-tasks04-seed42,4,42,two_cycle_count,cycle,20,property_source_shard_199,2500,5000,1.421594150161743,0.6374,0.2748,5.219208734130859,0.5522,0.1044,3.797614583969116,0.08519999999999994,0.1704,-0.09350854835510236,-0.12660000000000005,-0.25320000000000004,fc4a9ee1a8c25c1d0f79ed18941d226595a1ae51a1944b110a833b0741a3d4c1,764c23fbcb553a3b809181e86d6aa3df0813c84df968990c56a73cd794f55882,dbda450579b8c70a4b4ee3ae012117c710a3c973008ac0ee9b44a5501aaac5dc,257ff2ea900b90cd6f1edf3c9f0fcea5d2891c746c94440d744f6968dd817979,52a544f29742e08ab83038c7611ba7f6356f8a9b6e6e34a88b0d1e1ff762f8ee,f0cab1230496b6acde20f9e329455b99f07f82f0
pretrained-property-a-transformer-tasks04-seed42-global_descents,pretrained,r1,a,property-a-transformer-tasks04-seed42,4,42,global_descents,global_run,20,property_source_shard_199,2500,5000,1.4763604122161864,0.6552,0.3104,5.698937031555176,0.541,0.082,4.22257661933899,0.11419999999999997,0.2284,-0.7398412441253661,-0.2158,-0.44120000000000004,b636534ac73dc21636a7b97d34ac7faaf662ff42a3e67579b9a2554a2d166b7d,764c23fbcb553a3b809181e86d6aa3df0813c84df968990c56a73cd794f55882,dbda450579b8c70a4b4ee3ae012117c710a3c973008ac0ee9b44a5501aaac5dc,257ff2ea900b90cd6f1edf3c9f0fcea5d2891c746c94440d744f6968dd817979,52a544f29742e08ab83038c7611ba7f6356f8a9b6e6e34a88b0d1e1ff762f8ee,f0cab1230496b6acde20f9e329455b99f07f82f0
pretrained-property-a-transformer-tasks08-seed42-adjacencies,pretrained,r1,a,property-a-transformer-tasks08-seed42,8,42,adjacencies,local,20,property_source_shard_199,2500,5000,1.1751127883911132,0.6532,0.3064,1.6214252426147462,0.5984,0.1968,0.44631245422363297,0.05479999999999996,0.1096,0.8300132186889648,-0.0028000000000000247,-0.006400000000000017,9c72f49b51963ef4d9897c472ad0a52e7c0969848f81d8a128539cbbc28ba3d8,764c23fbcb553a3b809181e86d6aa3df0813c84df968990c56a73cd794f55882,dbda450579b8c70a4b4ee3ae012117c710a3c973008ac0ee9b44a5501aaac5dc,257ff2ea900b90cd6f1edf3c9f0fcea5d2891c746c94440d744f6968dd817979,52a544f29742e08ab83038c7611ba7f6356f8a9b6e6e34a88b0d1e1ff762f8ee,f0cab1230496b6acde20f9e329455b99f07f82f0
pretrained-property-a-transformer-tasks08-seed42-right_to_left_maxima,pretrained,r1,a,property-a-transformer-tasks08-seed42,8,42,right_to_left_maxima,positional,20,property_source_shard_199,2500,5000,1.3605040802955628,0.6306,0.2612,1.5076131759643554,0.5958,0.1916,0.1471090956687926,0.03480000000000005,0.0696,1.1023752104759215,0.006400000000000072,0.012799999999999978,21de567c2ebac875a761f68449f8dd50c54285760966b4b0e5cbdbc1c15b89c0,764c23fbcb553a3b809181e86d6aa3df0813c84df968990c56a73cd794f55882,dbda450579b8c70a4b4ee3ae012117c710a3c973008ac0ee9b44a5501aaac5dc,257ff2ea900b90cd6f1edf3c9f0fcea5d2891c746c94440d744f6968dd817979,52a544f29742e08ab83038c7611ba7f6356f8a9b6e6e34a88b0d1e1ff762f8ee,f0cab1230496b6acde20f9e329455b99f07f82f0
pretrained-property-a-transformer-tasks08-seed42-two_cycle_count,pretrained,r1,a,property-a-transformer-tasks08-seed42,8,42,two_cycle_count,cycle,20,property_source_shard_199,2500,5000,0.5868503113746643,0.7382,0.4764,2.7720053897857664,0.5454,0.0908,2.185155078411102,0.19279999999999997,0.3856,0.7412352904319764,-0.025800000000000045,-0.051600000000000035,64887202cd30873ec43f7a32b8d708c1f8b3d4a4e64a4bb3b25cd6b4c3e8c6d2,764c23fbcb553a3b809181e86d6aa3df0813c84df968990c56a73cd794f55882,dbda450579b8c70a4b4ee3ae012117c710a3c973008ac0ee9b44a5501aaac5dc,257ff2ea900b90cd6f1edf3c9f0fcea5d2891c746c94440d744f6968dd817979,52a544f29742e08ab83038c7611ba7f6356f8a9b6e6e34a88b0d1e1ff762f8ee,f0cab1230496b6acde20f9e329455b99f07f82f0
pretrained-property-a-transformer-tasks08-seed42-global_descents,pretrained,r1,a,property-a-transformer-tasks08-seed42,8,42,global_descents,global_run,20,property_source_shard_199,2500,5000,0.5893641061782837,0.7992,0.5984,3.4463617431640623,0.5406,0.0812,2.8569976369857786,0.25860000000000005,0.5172000000000001,0.14715506191253658,-0.07179999999999997,-0.1532,0939ea6a3d58f4ebba71744d7359a66e256962c7124f47c856b8553f52536a63,764c23fbcb553a3b809181e86d6aa3df0813c84df968990c56a73cd794f55882,dbda450579b8c70a4b4ee3ae012117c710a3c973008ac0ee9b44a5501aaac5dc,257ff2ea900b90cd6f1edf3c9f0fcea5d2891c746c94440d744f6968dd817979,52a544f29742e08ab83038c7611ba7f6356f8a9b6e6e34a88b0d1e1ff762f8ee,f0cab1230496b6acde20f9e329455b99f07f82f0
pretrained-property-a-transformer-tasks16-seed42-adjacencies,pretrained,r1,a,property-a-transformer-tasks16-seed42,16,42,adjacencies,local,20,property_source_shard_199,2500,5000,0.9480171394348145,0.6558,0.3116,1.2966840072631836,0.619,0.238,0.3486668678283691,0.036800000000000055,0.0736,1.0571088676452636,-0.00019999999999997797,-0.0012000000000000344,f376be48f6c5f7779b335f4f049e12440dde1578e026d99f4b1309258f3e3c7b,764c23fbcb553a3b809181e86d6aa3df0813c84df968990c56a73cd794f55882,dbda450579b8c70a4b4ee3ae012117c710a3c973008ac0ee9b44a5501aaac5dc,257ff2ea900b90cd6f1edf3c9f0fcea5d2891c746c94440d744f6968dd817979,52a544f29742e08ab83038c7611ba7f6356f8a9b6e6e34a88b0d1e1ff762f8ee,f0cab1230496b6acde20f9e329455b99f07f82f0
pretrained-property-a-transformer-tasks16-seed42-right_to_left_maxima,pretrained,r1,a,property-a-transformer-tasks16-seed42,16,42,right_to_left_maxima,positional,20,property_source_shard_199,2500,5000,1.03056806640625,0.6408,0.2816,1.2282663787841797,0.62,0.24,0.19769831237792967,0.02080000000000004,0.041600000000000026,1.4323112243652343,0.01660000000000006,0.03320000000000001,68d64f6b21e4eaa367dfc6dca740ec1f7609f1e27685b5cee1eee4d3c7f00942,764c23fbcb553a3b809181e86d6aa3df0813c84df968990c56a73cd794f55882,dbda450579b8c70a4b4ee3ae012117c710a3c973008ac0ee9b44a5501aaac5dc,257ff2ea900b90cd6f1edf3c9f0fcea5d2891c746c94440d744f6968dd817979,52a544f29742e08ab83038c7611ba7f6356f8a9b6e6e34a88b0d1e1ff762f8ee,f0cab1230496b6acde20f9e329455b99f07f82f0
pretrained-property-a-transformer-tasks16-seed42-two_cycle_count,pretrained,r1,a,property-a-transformer-tasks16-seed42,16,42,two_cycle_count,cycle,20,property_source_shard_199,2500,5000,0.71461298828125,0.718,0.436,2.4364965713500975,0.537,0.074,1.7218835830688475,0.18099999999999994,0.362,0.6134726135253907,-0.04600000000000004,-0.09200000000000003,bd1df64ad9a907707beb879d87cc29f26c608be24b355c39c18a12dfa23bc981,764c23fbcb553a3b809181e86d6aa3df0813c84df968990c56a73cd794f55882,dbda450579b8c70a4b4ee3ae012117c710a3c973008ac0ee9b44a5501aaac5dc,257ff2ea900b90cd6f1edf3c9f0fcea5d2891c746c94440d744f6968dd817979,52a544f29742e08ab83038c7611ba7f6356f8a9b6e6e34a88b0d1e1ff762f8ee,f0cab1230496b6acde20f9e329455b99f07f82f0
pretrained-property-a-transformer-tasks16-seed42-global_descents,pretrained,r1,a,property-a-transformer-tasks16-seed42,16,42,global_descents,global_run,20,property_source_shard_199,2500,5000,0.6402186698913575,0.8134,0.6268,3.0946787841796874,0.5314,0.0628,2.45446011428833,0.28200000000000003,0.5640000000000001,0.09630049819946285,-0.057599999999999985,-0.12480000000000002,6e4308276d5e2a521ede39ffc3a77ac1e43b6e3b153ddc0841f48e01a142aea3,764c23fbcb553a3b809181e86d6aa3df0813c84df968990c56a73cd794f55882,dbda450579b8c70a4b4ee3ae012117c710a3c973008ac0ee9b44a5501aaac5dc,257ff2ea900b90cd6f1edf3c9f0fcea5d2891c746c94440d744f6968dd817979,52a544f29742e08ab83038c7611ba7f6356f8a9b6e6e34a88b0d1e1ff762f8ee,f0cab1230496b6acde20f9e329455b99f07f82f0
pretrained-property-b-transformer-tasks01-seed42-peaks,pretrained,r1,b,property-b-transformer-tasks01-seed42,1,42,peaks,local,20,property_source_shard_199,2500,5000,2.3921897953033446,0.5462,0.1048,2.980421527862549,0.539,0.0904,0.5882317325592044,0.007199999999999984,0.01440000000000001,-0.5573013004302978,-0.10319999999999996,-0.194,efb008858a1900e5f64137a0631909b6fc64d4f2ec2abce5349e9908c5ca860b,764c23fbcb553a3b809181e86d6aa3df0813c84df968990c56a73cd794f55882,dbda450579b8c70a4b4ee3ae012117c710a3c973008ac0ee9b44a5501aaac5dc,257ff2ea900b90cd6f1edf3c9f0fcea5d2891c746c94440d744f6968dd817979,52a544f29742e08ab83038c7611ba7f6356f8a9b6e6e34a88b0d1e1ff762f8ee,f0cab1230496b6acde20f9e329455b99f07f82f0
pretrained-property-b-transformer-tasks01-seed42-left_to_right_minima,pretrained,r1,b,property-b-transformer-tasks01-seed42,1,42,left_to_right_minima,positional,20,property_source_shard_199,2500,5000,1.3276593301773072,0.6016,0.2032,1.6540430711746217,0.5734,0.1468,0.3263837409973145,0.028200000000000003,0.05639999999999998,0.7184450826644897,-0.02639999999999998,-0.052800000000000014,bcef866c3e2766fea01949ca040d6fd8ef1dfc4815ec7732bac504b1b1a0c9c6,764c23fbcb553a3b809181e86d6aa3df0813c84df968990c56a73cd794f55882,dbda450579b8c70a4b4ee3ae012117c710a3c973008ac0ee9b44a5501aaac5dc,257ff2ea900b90cd6f1edf3c9f0fcea5d2891c746c94440d744f6968dd817979,52a544f29742e08ab83038c7611ba7f6356f8a9b6e6e34a88b0d1e1ff762f8ee,f0cab1230496b6acde20f9e329455b99f07f82f0
pretrained-property-b-transformer-tasks01-seed42-even_cycle_count,pretrained,r1,b,property-b-transformer-tasks01-seed42,1,42,even_cycle_count,cycle,20,property_source_shard_199,2500,5000,1.0605324122428894,0.6672,0.3344,1.4432225264549254,0.6576,0.3152,0.382690114212036,0.009600000000000053,0.019199999999999995,0.8108571385383605,0.0026000000000000467,0.005199999999999982,6c676ab4e367e1bd1a11728ef3970c7940548417122a26064a72c03ac3719459,764c23fbcb553a3b809181e86d6aa3df0813c84df968990c56a73cd794f55882,dbda450579b8c70a4b4ee3ae012117c710a3c973008ac0ee9b44a5501aaac5dc,257ff2ea900b90cd6f1edf3c9f0fcea5d2891c746c94440d744f6968dd817979,52a544f29742e08ab83038c7611ba7f6356f8a9b6e6e34a88b0d1e1ff762f8ee,f0cab1230496b6acde20f9e329455b99f07f82f0
pretrained-property-b-transformer-tasks01-seed42-longest_increasing_run,pretrained,r1,b,property-b-transformer-tasks01-seed42,1,42,longest_increasing_run,global_run,20,property_source_shard_199,2500,5000,0.9351069869995117,0.6914,0.3828,1.548802906036377,0.5536,0.1072,0.6136959190368654,0.13780000000000003,0.27559999999999996,0.6692114028930665,0.0050000000000000044,0.009999999999999953,6bded0db8d513181c87f57a7dff3ad029defd75acc35e3d4f7f9bcaf76182f96,764c23fbcb553a3b809181e86d6aa3df0813c84df968990c56a73cd794f55882,dbda450579b8c70a4b4ee3ae012117c710a3c973008ac0ee9b44a5501aaac5dc,257ff2ea900b90cd6f1edf3c9f0fcea5d2891c746c94440d744f6968dd817979,52a544f29742e08ab83038c7611ba7f6356f8a9b6e6e34a88b0d1e1ff762f8ee,f0cab1230496b6acde20f9e329455b99f07f82f0
pretrained-property-b-transformer-tasks02-seed42-peaks,pretrained,r1,b,property-b-transformer-tasks02-seed42,2,42,peaks,local,20,property_source_shard_199,2500,5000,3.6456598236083986,0.5816,0.1632,4.729479050445557,0.5604,0.122,1.083819226837158,0.021199999999999997,0.041200000000000014,-1.8107713287353517,-0.06779999999999997,-0.1356,6765e3b57881d592a0e67fbe7ea298babc64f8ab050fc325afa58b50e7380fa5,764c23fbcb553a3b809181e86d6aa3df0813c84df968990c56a73cd794f55882,dbda450579b8c70a4b4ee3ae012117c710a3c973008ac0ee9b44a5501aaac5dc,257ff2ea900b90cd6f1edf3c9f0fcea5d2891c746c94440d744f6968dd817979,52a544f29742e08ab83038c7611ba7f6356f8a9b6e6e34a88b0d1e1ff762f8ee,f0cab1230496b6acde20f9e329455b99f07f82f0
pretrained-property-b-transformer-tasks02-seed42-left_to_right_minima,pretrained,r1,b,property-b-transformer-tasks02-seed42,2,42,left_to_right_minima,positional,20,property_source_shard_199,2500,5000,2.8982572631835937,0.6388,0.282,3.288260624885559,0.6382,0.2784,0.39000336170196537,0.0006000000000000449,0.003599999999999992,-0.8521528503417968,0.010800000000000032,0.025999999999999968,9791bab0b704d99e78f743ec6a2818c619665bf541e9115af78ad3e58a150264,764c23fbcb553a3b809181e86d6aa3df0813c84df968990c56a73cd794f55882,dbda450579b8c70a4b4ee3ae012117c710a3c973008ac0ee9b44a5501aaac5dc,257ff2ea900b90cd6f1edf3c9f0fcea5d2891c746c94440d744f6968dd817979,52a544f29742e08ab83038c7611ba7f6356f8a9b6e6e34a88b0d1e1ff762f8ee,f0cab1230496b6acde20f9e329455b99f07f82f0
pretrained-property-b-transformer-tasks02-seed42-even_cycle_count,pretrained,r1,b,property-b-transformer-tasks02-seed42,2,42,even_cycle_count,cycle,20,property_source_shard_199,2500,5000,1.9530193561553955,0.6174,0.2348,4.274122419738769,0.573,0.1504,2.321103063583374,0.044399999999999995,0.0844,-0.08162980537414555,-0.04720000000000002,-0.09439999999999998,a3780711475ba184194a049add6b09bdf772d1e4128230b9fef8b90f6f32f676,764c23fbcb553a3b809181e86d6aa3df0813c84df968990c56a73cd794f55882,dbda450579b8c70a4b4ee3ae012117c710a3c973008ac0ee9b44a5501aaac5dc,257ff2ea900b90cd6f1edf3c9f0fcea5d2891c746c94440d744f6968dd817979,52a544f29742e08ab83038c7611ba7f6356f8a9b6e6e34a88b0d1e1ff762f8ee,f0cab1230496b6acde20f9e329455b99f07f82f0
pretrained-property-b-transformer-tasks02-seed42-longest_increasing_run,pretrained,r1,b,property-b-transformer-tasks02-seed42,2,42,longest_increasing_run,global_run,20,property_source_shard_199,2500,5000,2.277231846380234,0.6388,0.2828,3.3038450380325317,0.6288,0.2588,1.0266131916522978,0.010000000000000009,0.02400000000000002,-0.6729134564876558,-0.047599999999999976,-0.09000000000000002,6d964339815b05c3b25e971408e8f220e00634fa19eefadf5e1a6c64f75e5811,764c23fbcb553a3b809181e86d6aa3df0813c84df968990c56a73cd794f55882,dbda450579b8c70a4b4ee3ae012117c710a3c973008ac0ee9b44a5501aaac5dc,257ff2ea900b90cd6f1edf3c9f0fcea5d2891c746c94440d744f6968dd817979,52a544f29742e08ab83038c7611ba7f6356f8a9b6e6e34a88b0d1e1ff762f8ee,f0cab1230496b6acde20f9e329455b99f07f82f0
pretrained-property-b-transformer-tasks04-seed42-peaks,pretrained,r1,b,property-b-transformer-tasks04-seed42,4,42,peaks,local,20,property_source_shard_199,2500,5000,2.5927233352661134,0.5498,0.0996,3.644178610229492,0.54,0.08,1.0514552749633785,0.00979999999999992,0.019599999999999992,-0.7578348403930666,-0.09960000000000002,-0.19920000000000002,dd29a48c0174be3581259e82d52aef7cc4954bf26ab5b7cf1bd987d6dc09f19c,764c23fbcb553a3b809181e86d6aa3df0813c84df968990c56a73cd794f55882,dbda450579b8c70a4b4ee3ae012117c710a3c973008ac0ee9b44a5501aaac5dc,257ff2ea900b90cd6f1edf3c9f0fcea5d2891c746c94440d744f6968dd817979,52a544f29742e08ab83038c7611ba7f6356f8a9b6e6e34a88b0d1e1ff762f8ee,f0cab1230496b6acde20f9e329455b99f07f82f0
pretrained-property-b-transformer-tasks04-seed42-left_to_right_minima,pretrained,r1,b,property-b-transformer-tasks04-seed42,4,42,left_to_right_minima,positional,20,property_source_shard_199,2500,5000,1.4311383888244629,0.6212,0.2424,2.4896679107666015,0.5774,0.1548,1.0585295219421387,0.04379999999999995,0.08760000000000001,0.614966024017334,-0.006800000000000028,-0.013600000000000001,86cc40ea1f20a845c8679d3f2c2791ef099d657751ecb9e636e69933491fa06d,764c23fbcb553a3b809181e86d6aa3df0813c84df968990c56a73cd794f55882,dbda450579b8c70a4b4ee3ae012117c710a3c973008ac0ee9b44a5501aaac5dc,257ff2ea900b90cd6f1edf3c9f0fcea5d2891c746c94440d744f6968dd817979,52a544f29742e08ab83038c7611ba7f6356f8a9b6e6e34a88b0d1e1ff762f8ee,f0cab1230496b6acde20f9e329455b99f07f82f0
pretrained-property-b-transformer-tasks04-seed42-even_cycle_count,pretrained,r1,b,property-b-transformer-tasks04-seed42,4,42,even_cycle_count,cycle,20,property_source_shard_199,2500,5000,1.2110023094177247,0.6692,0.3384,1.4963488388061523,0.6302,0.2604,0.28534652938842764,0.039000000000000035,0.07799999999999996,0.6603872413635252,0.0046000000000000485,0.009199999999999986,b95f327d36e5f73e7f71f4f6479b507e9735a56547e31e09acc1a6ecb7955c97,764c23fbcb553a3b809181e86d6aa3df0813c84df968990c56a73cd794f55882,dbda450579b8c70a4b4ee3ae012117c710a3c973008ac0ee9b44a5501aaac5dc,257ff2ea900b90cd6f1edf3c9f0fcea5d2891c746c94440d744f6968dd817979,52a544f29742e08ab83038c7611ba7f6356f8a9b6e6e34a88b0d1e1ff762f8ee,f0cab1230496b6acde20f9e329455b99f07f82f0
pretrained-property-b-transformer-tasks04-seed42-longest_increasing_run,pretrained,r1,b,property-b-transformer-tasks04-seed42,4,42,longest_increasing_run,global_run,20,property_source_shard_199,2500,5000,1.2282161400318146,0.6748,0.3496,2.382628094482422,0.5734,0.1468,1.1544119544506073,0.10139999999999993,0.2028,0.37610224986076357,-0.011600000000000055,-0.0232,4dfbdd4babb46e3a6833867fbfafe622e9194cefb1a4d4d7276711acf9193fba,764c23fbcb553a3b809181e86d6aa3df0813c84df968990c56a73cd794f55882,dbda450579b8c70a4b4ee3ae012117c710a3c973008ac0ee9b44a5501aaac5dc,257ff2ea900b90cd6f1edf3c9f0fcea5d2891c746c94440d744f6968dd817979,52a544f29742e08ab83038c7611ba7f6356f8a9b6e6e34a88b0d1e1ff762f8ee,f0cab1230496b6acde20f9e329455b99f07f82f0
pretrained-property-b-transformer-tasks08-seed42-peaks,pretrained,r1,b,property-b-transformer-tasks08-seed42,8,42,peaks,local,20,property_source_shard_199,2500,5000,1.5819882345199585,0.6254,0.2508,2.8374876651763916,0.564,0.128,1.255499430656433,0.06140000000000001,0.12280000000000002,0.2529002603530883,-0.02400000000000002,-0.04799999999999999,b26c4e3eccdfe4b6b6139237fa0f552601d6371b28ee8888e15e5694266a3046,764c23fbcb553a3b809181e86d6aa3df0813c84df968990c56a73cd794f55882,dbda450579b8c70a4b4ee3ae012117c710a3c973008ac0ee9b44a5501aaac5dc,257ff2ea900b90cd6f1edf3c9f0fcea5d2891c746c94440d744f6968dd817979,52a544f29742e08ab83038c7611ba7f6356f8a9b6e6e34a88b0d1e1ff762f8ee,f0cab1230496b6acde20f9e329455b99f07f82f0
pretrained-property-b-transformer-tasks08-seed42-left_to_right_minima,pretrained,r1,b,property-b-transformer-tasks08-seed42,8,42,left_to_right_minima,positional,20,property_source_shard_199,2500,5000,1.3989010887145996,0.6618,0.3236,1.765666032409668,0.6484,0.2968,0.3667649436950684,0.013400000000000079,0.02679999999999999,0.6472033241271973,0.03380000000000005,0.0676,dcf43a2cf9a38d1a728c253de0966a965357808000310476b4d70b87091385f0,764c23fbcb553a3b809181e86d6aa3df0813c84df968990c56a73cd794f55882,dbda450579b8c70a4b4ee3ae012117c710a3c973008ac0ee9b44a5501aaac5dc,257ff2ea900b90cd6f1edf3c9f0fcea5d2891c746c94440d744f6968dd817979,52a544f29742e08ab83038c7611ba7f6356f8a9b6e6e34a88b0d1e1ff762f8ee,f0cab1230496b6acde20f9e329455b99f07f82f0
pretrained-property-b-transformer-tasks08-seed42-even_cycle_count,pretrained,r1,b,property-b-transformer-tasks08-seed42,8,42,even_cycle_count,cycle,20,property_source_shard_199,2500,5000,1.0404669235229491,0.6598,0.3196,2.9823558197021485,0.5674,0.1348,1.9418888961791994,0.09240000000000004,0.1848,0.8309226272583008,-0.0047999999999999154,-0.009599999999999997,2d64c3477c678f1d00c1c653ce960b1900eaea044dbd81525b64fce9d8f8cb0d,764c23fbcb553a3b809181e86d6aa3df0813c84df968990c56a73cd794f55882,dbda450579b8c70a4b4ee3ae012117c710a3c973008ac0ee9b44a5501aaac5dc,257ff2ea900b90cd6f1edf3c9f0fcea5d2891c746c94440d744f6968dd817979,52a544f29742e08ab83038c7611ba7f6356f8a9b6e6e34a88b0d1e1ff762f8ee,f0cab1230496b6acde20f9e329455b99f07f82f0
pretrained-property-b-transformer-tasks08-seed42-longest_increasing_run,pretrained,r1,b,property-b-transformer-tasks08-seed42,8,42,longest_increasing_run,global_run,20,property_source_shard_199,2500,5000,1.073064446258545,0.7022,0.4044,1.5812259216308593,0.6544,0.3088,0.5081614753723143,0.047800000000000065,0.09559999999999996,0.5312539436340331,0.015800000000000036,0.03159999999999996,cedc70d19a23bf9af4c10ae094001cd9c8bae6c877c826e11bdd672add3dc3ac,764c23fbcb553a3b809181e86d6aa3df0813c84df968990c56a73cd794f55882,dbda450579b8c70a4b4ee3ae012117c710a3c973008ac0ee9b44a5501aaac5dc,257ff2ea900b90cd6f1edf3c9f0fcea5d2891c746c94440d744f6968dd817979,52a544f29742e08ab83038c7611ba7f6356f8a9b6e6e34a88b0d1e1ff762f8ee,f0cab1230496b6acde20f9e329455b99f07f82f0
pretrained-property-b-transformer-tasks16-seed42-peaks,pretrained,r1,b,property-b-transformer-tasks16-seed42,16,42,peaks,local,20,property_source_shard_199,2500,5000,0.986943228149414,0.6478,0.2956,2.65879140625,0.5454,0.0908,1.671848178100586,0.10240000000000005,0.20479999999999998,0.8479452667236328,-0.0015999999999999348,-0.003200000000000036,d06c54dcef6668a2e03a9c01f2891be7da2a321c638628719189abc59452c66a,764c23fbcb553a3b809181e86d6aa3df0813c84df968990c56a73cd794f55882,dbda450579b8c70a4b4ee3ae012117c710a3c973008ac0ee9b44a5501aaac5dc,257ff2ea900b90cd6f1edf3c9f0fcea5d2891c746c94440d744f6968dd817979,52a544f29742e08ab83038c7611ba7f6356f8a9b6e6e34a88b0d1e1ff762f8ee,f0cab1230496b6acde20f9e329455b99f07f82f0
pretrained-property-b-transformer-tasks16-seed42-left_to_right_minima,pretrained,r1,b,property-b-transformer-tasks16-seed42,16,42,left_to_right_minima,positional,20,property_source_shard_199,2500,5000,1.019074169921875,0.6448,0.2896,1.7905258773803712,0.5332,0.0664,0.7714517074584961,0.11160000000000003,0.2232,1.0270302429199218,0.016800000000000037,0.03360000000000002,7aebcdb84492cc7eaf3ea10019f243aa0e74807195a406cfa0ab1569bcbe3e87,764c23fbcb553a3b809181e86d6aa3df0813c84df968990c56a73cd794f55882,dbda450579b8c70a4b4ee3ae012117c710a3c973008ac0ee9b44a5501aaac5dc,257ff2ea900b90cd6f1edf3c9f0fcea5d2891c746c94440d744f6968dd817979,52a544f29742e08ab83038c7611ba7f6356f8a9b6e6e34a88b0d1e1ff762f8ee,f0cab1230496b6acde20f9e329455b99f07f82f0
pretrained-property-b-transformer-tasks16-seed42-even_cycle_count,pretrained,r1,b,property-b-transformer-tasks16-seed42,16,42,even_cycle_count,cycle,20,property_source_shard_199,2500,5000,0.901340705871582,0.6258,0.2516,0.8169866157531738,0.6274,0.2548,-0.08435409011840822,-0.0015999999999999348,-0.003200000000000036,0.9700488449096679,-0.038799999999999946,-0.0776,f11ba692db5b4e677dd9036769548ec12c33b4a1b6db68fd9cc5ebaa3c65361c,764c23fbcb553a3b809181e86d6aa3df0813c84df968990c56a73cd794f55882,dbda450579b8c70a4b4ee3ae012117c710a3c973008ac0ee9b44a5501aaac5dc,257ff2ea900b90cd6f1edf3c9f0fcea5d2891c746c94440d744f6968dd817979,52a544f29742e08ab83038c7611ba7f6356f8a9b6e6e34a88b0d1e1ff762f8ee,f0cab1230496b6acde20f9e329455b99f07f82f0
pretrained-property-b-transformer-tasks16-seed42-longest_increasing_run,pretrained,r1,b,property-b-transformer-tasks16-seed42,16,42,longest_increasing_run,global_run,20,property_source_shard_199,2500,5000,0.7827137237548828,0.7226,0.4452,1.7649184036254884,0.5178,0.0356,0.9822046798706056,0.20479999999999998,0.40959999999999996,0.8216046661376953,0.03620000000000001,0.07239999999999996,79b5677ac7e13056b290f1ca19a950fcb4ac3fdb4fa7dbf3d20638b65c483edf,764c23fbcb553a3b809181e86d6aa3df0813c84df968990c56a73cd794f55882,dbda450579b8c70a4b4ee3ae012117c710a3c973008ac0ee9b44a5501aaac5dc,257ff2ea900b90cd6f1edf3c9f0fcea5d2891c746c94440d744f6968dd817979,52a544f29742e08ab83038c7611ba7f6356f8a9b6e6e34a88b0d1e1ff762f8ee,f0cab1230496b6acde20f9e329455b99f07f82f0
pretrained-property-a-transformer-tasks01-seed101-descents,pretrained,r2,a,property-a-transformer-tasks01-seed101,1,101,descents,local,20,property_source_shard_199,2500,5000,6.460926579284668,0.4206,0.0344,8.042996339416504,0.3112,0.0344,1.5820697601318363,0.1094,0.0,-4.000234074401856,-0.19479999999999997,-0.21600000000000003,d7924cdfd7721cba07c6b3ff61a00bf5e30ca0a58022f9bc9ed713769fb77989,764c23fbcb553a3b809181e86d6aa3df0813c84df968990c56a73cd794f55882,dbda450579b8c70a4b4ee3ae012117c710a3c973008ac0ee9b44a5501aaac5dc,257ff2ea900b90cd6f1edf3c9f0fcea5d2891c746c94440d744f6968dd817979,52a544f29742e08ab83038c7611ba7f6356f8a9b6e6e34a88b0d1e1ff762f8ee,f0cab1230496b6acde20f9e329455b99f07f82f0
pretrained-property-a-transformer-tasks01-seed101-left_to_right_maxima,pretrained,r2,a,property-a-transformer-tasks01-seed101,1,101,left_to_right_maxima,positional,20,property_source_shard_199,2500,5000,2.364003832626343,0.5346,0.0736,3.5526702976226807,0.5264,0.0572,1.1886664649963379,0.008199999999999985,0.016399999999999998,-0.16673761558532707,-0.10060000000000002,-0.19679999999999997,ea35cee625762eaa9ef408808e5d1936810f6ab5519998db9bcc8af022c1b559,764c23fbcb553a3b809181e86d6aa3df0813c84df968990c56a73cd794f55882,dbda450579b8c70a4b4ee3ae012117c710a3c973008ac0ee9b44a5501aaac5dc,257ff2ea900b90cd6f1edf3c9f0fcea5d2891c746c94440d744f6968dd817979,52a544f29742e08ab83038c7611ba7f6356f8a9b6e6e34a88b0d1e1ff762f8ee,f0cab1230496b6acde20f9e329455b99f07f82f0
pretrained-property-a-transformer-tasks01-seed101-three_cycle_count,pretrained,r2,a,property-a-transformer-tasks01-seed101,1,101,three_cycle_count,cycle,20,property_source_shard_199,2500,5000,1.5214980575561523,0.7456,0.4912,1.997446090698242,0.7452,0.4904,0.4759480331420898,0.00040000000000006697,0.0008000000000000229,-0.43125474090576166,-0.09599999999999997,-0.194,6209638d0ea5923d809cd6cbbde1920ab1a3e226e3f7dd7a8a30aeca16c7bfec,764c23fbcb553a3b809181e86d6aa3df0813c84df968990c56a73cd794f55882,dbda450579b8c70a4b4ee3ae012117c710a3c973008ac0ee9b44a5501aaac5dc,257ff2ea900b90cd6f1edf3c9f0fcea5d2891c746c94440d744f6968dd817979,52a544f29742e08ab83038c7611ba7f6356f8a9b6e6e34a88b0d1e1ff762f8ee,f0cab1230496b6acde20f9e329455b99f07f82f0
pretrained-property-a-transformer-tasks01-seed101-lis_length,pretrained,r2,a,property-a-transformer-tasks01-seed101,1,101,lis_length,global_run,20,property_source_shard_199,2500,5000,4.771027641296387,0.4934,0.0036,5.80061050567627,0.4554,0.0032,1.0295828643798828,0.03799999999999998,0.00039999999999999975,-3.060149546813965,-0.1478,-0.2788,744b99e0ced6b7737388cc57e85dac2764c7ab5ef4b49d69b0f8188fd7ce312d,764c23fbcb553a3b809181e86d6aa3df0813c84df968990c56a73cd794f55882,dbda450579b8c70a4b4ee3ae012117c710a3c973008ac0ee9b44a5501aaac5dc,257ff2ea900b90cd6f1edf3c9f0fcea5d2891c746c94440d744f6968dd817979,52a544f29742e08ab83038c7611ba7f6356f8a9b6e6e34a88b0d1e1ff762f8ee,f0cab1230496b6acde20f9e329455b99f07f82f0
pretrained-property-a-transformer-tasks02-seed101-descents,pretrained,r2,a,property-a-transformer-tasks02-seed101,2,101,descents,local,20,property_source_shard_199,2500,5000,3.6477910888671876,0.6598,0.3196,3.8979920471191405,0.656,0.312,0.2502009582519529,0.0038000000000000256,0.007599999999999996,-1.1870985839843753,0.044400000000000106,0.06919999999999998,bc60e2e2c04d0e83aaa524a569acb76c9c2b7567d75a78f1a28dd4a8b2d54cf2,764c23fbcb553a3b809181e86d6aa3df0813c84df968990c56a73cd794f55882,dbda450579b8c70a4b4ee3ae012117c710a3c973008ac0ee9b44a5501aaac5dc,257ff2ea900b90cd6f1edf3c9f0fcea5d2891c746c94440d744f6968dd817979,52a544f29742e08ab83038c7611ba7f6356f8a9b6e6e34a88b0d1e1ff762f8ee,f0cab1230496b6acde20f9e329455b99f07f82f0
pretrained-property-a-transformer-tasks02-seed101-left_to_right_maxima,pretrained,r2,a,property-a-transformer-tasks02-seed101,2,101,left_to_right_maxima,positional,20,property_source_shard_199,2500,5000,2.978501887512207,0.5498,0.0996,5.2566814163208,0.5442,0.0884,2.2781795288085935,0.005599999999999938,0.011199999999999988,-0.7812356704711911,-0.08540000000000003,-0.17079999999999998,e392c42eb9fdbe39912564b4487d61bba3571c8fe05682a25c6d20f20cf87b5a,764c23fbcb553a3b809181e86d6aa3df0813c84df968990c56a73cd794f55882,dbda450579b8c70a4b4ee3ae012117c710a3c973008ac0ee9b44a5501aaac5dc,257ff2ea900b90cd6f1edf3c9f0fcea5d2891c746c94440d744f6968dd817979,52a544f29742e08ab83038c7611ba7f6356f8a9b6e6e34a88b0d1e1ff762f8ee,f0cab1230496b6acde20f9e329455b99f07f82f0
pretrained-property-a-transformer-tasks02-seed101-three_cycle_count,pretrained,r2,a,property-a-transformer-tasks02-seed101,2,101,three_cycle_count,cycle,20,property_source_shard_199,2500,5000,0.8302221612930298,0.8084,0.6168,5.5124404479980464,0.5232,0.0464,4.682218286705017,0.2852,0.5704,0.2600211553573608,-0.03320000000000001,-0.06840000000000002,502c78efde7436219dd4bcf144e91b1c2d9de8a726f55ddd972c1ad36d38d0f8,764c23fbcb553a3b809181e86d6aa3df0813c84df968990c56a73cd794f55882,dbda450579b8c70a4b4ee3ae012117c710a3c973008ac0ee9b44a5501aaac5dc,257ff2ea900b90cd6f1edf3c9f0fcea5d2891c746c94440d744f6968dd817979,52a544f29742e08ab83038c7611ba7f6356f8a9b6e6e34a88b0d1e1ff762f8ee,f0cab1230496b6acde20f9e329455b99f07f82f0
pretrained-property-a-transformer-tasks02-seed101-lis_length,pretrained,r2,a,property-a-transformer-tasks02-seed101,2,101,lis_length,global_run,20,property_source_shard_199,2500,5000,2.7405789669036866,0.5816,0.1632,4.8432599002838135,0.5848,0.1696,2.102680933380127,-0.0031999999999999806,-0.006399999999999989,-1.0297008724212648,-0.059599999999999986,-0.11919999999999997,20a48057bf3260d1d5be1312bab85f4ce6c64c4c6217a0f6f1d5150105e3e900,764c23fbcb553a3b809181e86d6aa3df0813c84df968990c56a73cd794f55882,dbda450579b8c70a4b4ee3ae012117c710a3c973008ac0ee9b44a5501aaac5dc,257ff2ea900b90cd6f1edf3c9f0fcea5d2891c746c94440d744f6968dd817979,52a544f29742e08ab83038c7611ba7f6356f8a9b6e6e34a88b0d1e1ff762f8ee,f0cab1230496b6acde20f9e329455b99f07f82f0
pretrained-property-a-transformer-tasks04-seed101-descents,pretrained,r2,a,property-a-transformer-tasks04-seed101,4,101,descents,local,20,property_source_shard_199,2500,5000,2.6923942687988283,0.6406,0.2812,3.029074282836914,0.6106,0.2212,0.3366800140380857,0.029999999999999916,0.06,-0.23170176391601593,0.0252,0.030799999999999994,f19c8eb7d341e49092ac664440c17b5f22c18e2a9471f5a025c910ee15f6bfc8,764c23fbcb553a3b809181e86d6aa3df0813c84df968990c56a73cd794f55882,dbda450579b8c70a4b4ee3ae012117c710a3c973008ac0ee9b44a5501aaac5dc,257ff2ea900b90cd6f1edf3c9f0fcea5d2891c746c94440d744f6968dd817979,52a544f29742e08ab83038c7611ba7f6356f8a9b6e6e34a88b0d1e1ff762f8ee,f0cab1230496b6acde20f9e329455b99f07f82f0
pretrained-property-a-transformer-tasks04-seed101-left_to_right_maxima,pretrained,r2,a,property-a-transformer-tasks04-seed101,4,101,left_to_right_maxima,positional,20,property_source_shard_199,2500,5000,1.8570278560638427,0.5736,0.1472,3.9960063514709474,0.538,0.076,2.1389784954071045,0.035599999999999965,0.0712,0.3402383609771731,-0.06159999999999999,-0.12319999999999998,c123445c1563020c3612c0d12402c3f46460e389deff2d1b4efcc20e40024381,764c23fbcb553a3b809181e86d6aa3df0813c84df968990c56a73cd794f55882,dbda450579b8c70a4b4ee3ae012117c710a3c973008ac0ee9b44a5501aaac5dc,257ff2ea900b90cd6f1edf3c9f0fcea5d2891c746c94440d744f6968dd817979,52a544f29742e08ab83038c7611ba7f6356f8a9b6e6e34a88b0d1e1ff762f8ee,f0cab1230496b6acde20f9e329455b99f07f82f0
pretrained-property-a-transformer-tasks04-seed101-three_cycle_count,pretrained,r2,a,property-a-transformer-tasks04-seed101,4,101,three_cycle_count,cycle,20,property_source_shard_199,2500,5000,1.0174378562927247,0.7758,0.5516,4.470487322998047,0.5156,0.0312,3.4530494667053224,0.2602000000000001,0.5204,0.072805460357666,-0.06579999999999997,-0.13360000000000005,e99fba33447338fe4fe13917fe98319851cf912646f3d8ff87dd54074e77cca8,764c23fbcb553a3b809181e86d6aa3df0813c84df968990c56a73cd794f55882,dbda450579b8c70a4b4ee3ae012117c710a3c973008ac0ee9b44a5501aaac5dc,257ff2ea900b90cd6f1edf3c9f0fcea5d2891c746c94440d744f6968dd817979,52a544f29742e08ab83038c7611ba7f6356f8a9b6e6e34a88b0d1e1ff762f8ee,f0cab1230496b6acde20f9e329455b99f07f82f0
pretrained-property-a-transformer-tasks04-seed101-lis_length,pretrained,r2,a,property-a-transformer-tasks04-seed101,4,101,lis_length,global_run,20,property_source_shard_199,2500,5000,2.3391552810668945,0.5792,0.1584,4.09731311340332,0.5588,0.1176,1.7581578323364258,0.020400000000000085,0.04080000000000002,-0.6282771865844727,-0.061999999999999944,-0.12399999999999997,9fde5433db5ee5e56353f29835d59b5095183596e620875e30eb76ac069f5621,764c23fbcb553a3b809181e86d6aa3df0813c84df968990c56a73cd794f55882,dbda450579b8c70a4b4ee3ae012117c710a3c973008ac0ee9b44a5501aaac5dc,257ff2ea900b90cd6f1edf3c9f0fcea5d2891c746c94440d744f6968dd817979,52a544f29742e08ab83038c7611ba7f6356f8a9b6e6e34a88b0d1e1ff762f8ee,f0cab1230496b6acde20f9e329455b99f07f82f0
pretrained-property-a-transformer-tasks08-seed101-descents,pretrained,r2,a,property-a-transformer-tasks08-seed101,8,101,descents,local,20,property_source_shard_199,2500,5000,1.8057978595733644,0.5856,0.1712,4.281955825805664,0.5408,0.0816,2.4761579662322992,0.04480000000000006,0.08959999999999999,0.654894645309448,-0.029799999999999938,-0.07920000000000002,6473a3a72d886ae5ffc794c08eaad375a578ee997e49c3baa664e3c314b9ca14,764c23fbcb553a3b809181e86d6aa3df0813c84df968990c56a73cd794f55882,dbda450579b8c70a4b4ee3ae012117c710a3c973008ac0ee9b44a5501aaac5dc,257ff2ea900b90cd6f1edf3c9f0fcea5d2891c746c94440d744f6968dd817979,52a544f29742e08ab83038c7611ba7f6356f8a9b6e6e34a88b0d1e1ff762f8ee,f0cab1230496b6acde20f9e329455b99f07f82f0
pretrained-property-a-transformer-tasks08-seed101-left_to_right_maxima,pretrained,r2,a,property-a-transformer-tasks08-seed101,8,101,left_to_right_maxima,positional,20,property_source_shard_199,2500,5000,1.2965336685180664,0.635,0.27,2.4255829898834227,0.5326,0.0652,1.1290493213653563,0.10240000000000005,0.20480000000000004,0.9007325485229494,-0.00019999999999997797,-0.00039999999999995595,fd1c7fa1cd90602d6920739e99f18252f24eb63d7feaecf313646fc7a6f236dc,764c23fbcb553a3b809181e86d6aa3df0813c84df968990c56a73cd794f55882,dbda450579b8c70a4b4ee3ae012117c710a3c973008ac0ee9b44a5501aaac5dc,257ff2ea900b90cd6f1edf3c9f0fcea5d2891c746c94440d744f6968dd817979,52a544f29742e08ab83038c7611ba7f6356f8a9b6e6e34a88b0d1e1ff762f8ee,f0cab1230496b6acde20f9e329455b99f07f82f0
pretrained-property-a-transformer-tasks08-seed101-three_cycle_count,pretrained,r2,a,property-a-transformer-tasks08-seed101,8,101,three_cycle_count,cycle,20,property_source_shard_199,2500,5000,0.6777324729204178,0.8408,0.6816,0.8539056621551514,0.7696,0.5392,0.17617318923473357,0.07120000000000004,0.14239999999999997,0.4125108437299728,-0.0008000000000000229,-0.0036000000000000476,f9c5de2576e76e474ca4dc33067c16da8b37256ef1e1ce0d4de0eec5d9ac0c58,764c23fbcb553a3b809181e86d6aa3df0813c84df968990c56a73cd794f55882,dbda450579b8c70a4b4ee3ae012117c710a3c973008ac0ee9b44a5501aaac5dc,257ff2ea900b90cd6f1edf3c9f0fcea5d2891c746c94440d744f6968dd817979,52a544f29742e08ab83038c7611ba7f6356f8a9b6e6e34a88b0d1e1ff762f8ee,f0cab1230496b6acde20f9e329455b99f07f82f0
pretrained-property-a-transformer-tasks08-seed101-lis_length,pretrained,r2,a,property-a-transformer-tasks08-seed101,8,101,lis_length,global_run,20,property_source_shard_199,2500,5000,1.7409646982192992,0.5652,0.1304,4.030873992919922,0.522,0.044,2.2899092947006228,0.043200000000000016,0.08639999999999999,-0.030086603736877437,-0.07599999999999996,-0.152,671f6a49c03cabe5a71550d81bf36c94bc04c28c0fb6036f3876a3f3861f0912,764c23fbcb553a3b809181e86d6aa3df0813c84df968990c56a73cd794f55882,dbda450579b8c70a4b4ee3ae012117c710a3c973008ac0ee9b44a5501aaac5dc,257ff2ea900b90cd6f1edf3c9f0fcea5d2891c746c94440d744f6968dd817979,52a544f29742e08ab83038c7611ba7f6356f8a9b6e6e34a88b0d1e1ff762f8ee,f0cab1230496b6acde20f9e329455b99f07f82f0
pretrained-property-a-transformer-tasks16-seed101-descents,pretrained,r2,a,property-a-transformer-tasks16-seed101,16,101,descents,local,20,property_source_shard_199,2500,5000,1.0929351329803467,0.6538,0.3076,3.8341028106689454,0.5666,0.1332,2.7411676776885985,0.08720000000000006,0.17439999999999997,1.3677573719024656,0.0384000000000001,0.05719999999999997,c2dbb0f79ec12682a6e1ab0ba869d66a0b3b92e12dd12d7dafda1a176092fb2d,764c23fbcb553a3b809181e86d6aa3df0813c84df968990c56a73cd794f55882,dbda450579b8c70a4b4ee3ae012117c710a3c973008ac0ee9b44a5501aaac5dc,257ff2ea900b90cd6f1edf3c9f0fcea5d2891c746c94440d744f6968dd817979,52a544f29742e08ab83038c7611ba7f6356f8a9b6e6e34a88b0d1e1ff762f8ee,f0cab1230496b6acde20f9e329455b99f07f82f0
pretrained-property-a-transformer-tasks16-seed101-left_to_right_maxima,pretrained,r2,a,property-a-transformer-tasks16-seed101,16,101,left_to_right_maxima,positional,20,property_source_shard_199,2500,5000,1.133317017364502,0.6432,0.2864,1.6611373672485352,0.6108,0.2216,0.5278203498840333,0.032399999999999984,0.0648,1.0639491996765138,0.008000000000000007,0.016000000000000014,eb31676aa9deaa8c677b97c0c781774e8a13ff8d1ed3db5d4e215acbfad9bf6d,764c23fbcb553a3b809181e86d6aa3df0813c84df968990c56a73cd794f55882,dbda450579b8c70a4b4ee3ae012117c710a3c973008ac0ee9b44a5501aaac5dc,257ff2ea900b90cd6f1edf3c9f0fcea5d2891c746c94440d744f6968dd817979,52a544f29742e08ab83038c7611ba7f6356f8a9b6e6e34a88b0d1e1ff762f8ee,f0cab1230496b6acde20f9e329455b99f07f82f0
pretrained-property-a-transformer-tasks16-seed101-three_cycle_count,pretrained,r2,a,property-a-transformer-tasks16-seed101,16,101,three_cycle_count,cycle,20,property_source_shard_199,2500,5000,0.4523659278869629,0.8598,0.7196,1.6157958450317382,0.5796,0.1592,1.1634299171447753,0.2802,0.5604,0.6378773887634277,0.018199999999999994,0.034399999999999986,083487e5aad86ff2d4cd54090282db5210d194250668e5325e533a24d162648e,764c23fbcb553a3b809181e86d6aa3df0813c84df968990c56a73cd794f55882,dbda450579b8c70a4b4ee3ae012117c710a3c973008ac0ee9b44a5501aaac5dc,257ff2ea900b90cd6f1edf3c9f0fcea5d2891c746c94440d744f6968dd817979,52a544f29742e08ab83038c7611ba7f6356f8a9b6e6e34a88b0d1e1ff762f8ee,f0cab1230496b6acde20f9e329455b99f07f82f0
pretrained-property-a-transformer-tasks16-seed101-lis_length,pretrained,r2,a,property-a-transformer-tasks16-seed101,16,101,lis_length,global_run,20,property_source_shard_199,2500,5000,1.0591263553142547,0.6558,0.3116,3.254777990913391,0.5444,0.0888,2.1956516355991367,0.11140000000000005,0.2228,0.6517517391681671,0.014600000000000057,0.029200000000000004,7afacf51d640ca392df778c389ed523360aa859d104e40714390bdaded49ca2f,764c23fbcb553a3b809181e86d6aa3df0813c84df968990c56a73cd794f55882,dbda450579b8c70a4b4ee3ae012117c710a3c973008ac0ee9b44a5501aaac5dc,257ff2ea900b90cd6f1edf3c9f0fcea5d2891c746c94440d744f6968dd817979,52a544f29742e08ab83038c7611ba7f6356f8a9b6e6e34a88b0d1e1ff762f8ee,f0cab1230496b6acde20f9e329455b99f07f82f0
pretrained-property-b-transformer-tasks01-seed101-successions,pretrained,r2,b,property-b-transformer-tasks01-seed101,1,101,successions,local,20,property_source_shard_199,2500,5000,5.024101128387451,0.5178,0.0364,8.857013163757324,0.5098,0.0316,3.8329120353698736,0.008000000000000007,0.004799999999999999,-3.3093076225280758,-0.13639999999999997,-0.272,8a3f9ef9f876b2e817ef029eef28cf1e0bc2f055d442716181855bc5b4d107d9,764c23fbcb553a3b809181e86d6aa3df0813c84df968990c56a73cd794f55882,dbda450579b8c70a4b4ee3ae012117c710a3c973008ac0ee9b44a5501aaac5dc,257ff2ea900b90cd6f1edf3c9f0fcea5d2891c746c94440d744f6968dd817979,52a544f29742e08ab83038c7611ba7f6356f8a9b6e6e34a88b0d1e1ff762f8ee,f0cab1230496b6acde20f9e329455b99f07f82f0
pretrained-property-b-transformer-tasks01-seed101-deficiencies,pretrained,r2,b,property-b-transformer-tasks01-seed101,1,101,deficiencies,positional,20,property_source_shard_199,2500,5000,4.713251947021484,0.6498,0.2996,5.695125472259521,0.6562,0.3124,0.9818735252380373,-0.006399999999999961,-0.012800000000000034,-2.563588568115234,0.04180000000000006,0.07159999999999997,11a0bf4813f41bf74364410ae5ddb709c86b3177f52407f546b82f8315fe1e2d,764c23fbcb553a3b809181e86d6aa3df0813c84df968990c56a73cd794f55882,dbda450579b8c70a4b4ee3ae012117c710a3c973008ac0ee9b44a5501aaac5dc,257ff2ea900b90cd6f1edf3c9f0fcea5d2891c746c94440d744f6968dd817979,52a544f29742e08ab83038c7611ba7f6356f8a9b6e6e34a88b0d1e1ff762f8ee,f0cab1230496b6acde20f9e329455b99f07f82f0
pretrained-property-b-transformer-tasks01-seed101-shortest_cycle,pretrained,r2,b,property-b-transformer-tasks01-seed101,1,101,shortest_cycle,cycle,20,property_source_shard_199,2500,5000,4.640667195129395,0.5288,0.058,8.223521812438964,0.5238,0.0484,3.582854617309569,0.0050000000000000044,0.009600000000000004,-3.1972852493286137,-0.2457999999999999,-0.4912,ba5bd441af695a510b3ab7cc4a9531b6b25c6a67f6b6a50057b4b1873a68fac8,764c23fbcb553a3b809181e86d6aa3df0813c84df968990c56a73cd794f55882,dbda450579b8c70a4b4ee3ae012117c710a3c973008ac0ee9b44a5501aaac5dc,257ff2ea900b90cd6f1edf3c9f0fcea5d2891c746c94440d744f6968dd817979,52a544f29742e08ab83038c7611ba7f6356f8a9b6e6e34a88b0d1e1ff762f8ee,f0cab1230496b6acde20f9e329455b99f07f82f0
pretrained-property-b-transformer-tasks01-seed101-max_displacement,pretrained,r2,b,property-b-transformer-tasks01-seed101,1,101,max_displacement,global_run,20,property_source_shard_199,2500,5000,6.102685241699219,0.5454,0.0944,8.598900439453125,0.5418,0.0904,2.496215197753906,0.0036000000000000476,0.0040000000000000036,-3.5974808105468754,-0.034599999999999964,-0.0656,502a5750fd0ae54278ed8699ec23dbcb204396c3afd2adbe266234af648dc77f,764c23fbcb553a3b809181e86d6aa3df0813c84df968990c56a73cd794f55882,dbda450579b8c70a4b4ee3ae012117c710a3c973008ac0ee9b44a5501aaac5dc,257ff2ea900b90cd6f1edf3c9f0fcea5d2891c746c94440d744f6968dd817979,52a544f29742e08ab83038c7611ba7f6356f8a9b6e6e34a88b0d1e1ff762f8ee,f0cab1230496b6acde20f9e329455b99f07f82f0
pretrained-property-b-transformer-tasks02-seed101-successions,pretrained,r2,b,property-b-transformer-tasks02-seed101,2,101,successions,local,20,property_source_shard_199,2500,5000,3.2571818000793455,0.5528,0.1056,6.983348449707031,0.5156,0.0316,3.7261666496276855,0.03720000000000001,0.074,-1.5423882942199705,-0.10140000000000005,-0.2028,e0e853fce27ce8af2c7fd88ee69a17b25c6760f74c4902b5959dda3e56668d87,764c23fbcb553a3b809181e86d6aa3df0813c84df968990c56a73cd794f55882,dbda450579b8c70a4b4ee3ae012117c710a3c973008ac0ee9b44a5501aaac5dc,257ff2ea900b90cd6f1edf3c9f0fcea5d2891c746c94440d744f6968dd817979,52a544f29742e08ab83038c7611ba7f6356f8a9b6e6e34a88b0d1e1ff762f8ee,f0cab1230496b6acde20f9e329455b99f07f82f0
pretrained-property-b-transformer-tasks02-seed101-deficiencies,pretrained,r2,b,property-b-transformer-tasks02-seed101,2,101,deficiencies,positional,20,property_source_shard_199,2500,5000,3.2309065155029297,0.646,0.292,4.123133108520507,0.6566,0.3132,0.8922265930175777,-0.010599999999999943,-0.021199999999999997,-1.08124313659668,0.038000000000000034,0.06399999999999997,3d544cb66ccab1979462e810d34e54d7ab4d81b315fd9f99249d385198176bb5,764c23fbcb553a3b809181e86d6aa3df0813c84df968990c56a73cd794f55882,dbda450579b8c70a4b4ee3ae012117c710a3c973008ac0ee9b44a5501aaac5dc,257ff2ea900b90cd6f1edf3c9f0fcea5d2891c746c94440d744f6968dd817979,52a544f29742e08ab83038c7611ba7f6356f8a9b6e6e34a88b0d1e1ff762f8ee,f0cab1230496b6acde20f9e329455b99f07f82f0
pretrained-property-b-transformer-tasks02-seed101-shortest_cycle,pretrained,r2,b,property-b-transformer-tasks02-seed101,2,101,shortest_cycle,cycle,20,property_source_shard_199,2500,5000,2.8867750186920165,0.5756,0.1556,6.435026159667968,0.5224,0.0488,3.548251140975952,0.053200000000000025,0.10679999999999998,-1.4433930728912352,-0.19899999999999995,-0.39360000000000006,1671a398122b7153809e80cf18c255423f69fec671f0f1bcd42d39343559b755,764c23fbcb553a3b809181e86d6aa3df0813c84df968990c56a73cd794f55882,dbda450579b8c70a4b4ee3ae012117c710a3c973008ac0ee9b44a5501aaac5dc,257ff2ea900b90cd6f1edf3c9f0fcea5d2891c746c94440d744f6968dd817979,52a544f29742e08ab83038c7611ba7f6356f8a9b6e6e34a88b0d1e1ff762f8ee,f0cab1230496b6acde20f9e329455b99f07f82f0
pretrained-property-b-transformer-tasks02-seed101-max_displacement,pretrained,r2,b,property-b-transformer-tasks02-seed101,2,101,max_displacement,global_run,20,property_source_shard_199,2500,5000,3.7091654846191404,0.5504,0.1056,6.560635430908203,0.542,0.0904,2.8514699462890625,0.008399999999999963,0.015200000000000005,-1.2039610534667968,-0.02959999999999996,-0.054400000000000004,009cc16df20c1509c0322dab49875cb845b1f86a440eba1e72e83ddcbd5aa2b8,764c23fbcb553a3b809181e86d6aa3df0813c84df968990c56a73cd794f55882,dbda450579b8c70a4b4ee3ae012117c710a3c973008ac0ee9b44a5501aaac5dc,257ff2ea900b90cd6f1edf3c9f0fcea5d2891c746c94440d744f6968dd817979,52a544f29742e08ab83038c7611ba7f6356f8a9b6e6e34a88b0d1e1ff762f8ee,f0cab1230496b6acde20f9e329455b99f07f82f0
pretrained-property-b-transformer-tasks04-seed101-successions,pretrained,r2,b,property-b-transformer-tasks04-seed101,4,101,successions,local,20,property_source_shard_199,2500,5000,1.471235969543457,0.6456,0.2912,5.205900341796875,0.5138,0.0276,3.734664372253418,0.13179999999999992,0.2636,0.24355753631591814,-0.008600000000000052,-0.017199999999999993,9409ab5c6b6807c808a7dd0420c5160418c8976e19d041db5ff80cfabfd33425,764c23fbcb553a3b809181e86d6aa3df0813c84df968990c56a73cd794f55882,dbda450579b8c70a4b4ee3ae012117c710a3c973008ac0ee9b44a5501aaac5dc,257ff2ea900b90cd6f1edf3c9f0fcea5d2891c746c94440d744f6968dd817979,52a544f29742e08ab83038c7611ba7f6356f8a9b6e6e34a88b0d1e1ff762f8ee,f0cab1230496b6acde20f9e329455b99f07f82f0
pretrained-property-b-transformer-tasks04-seed101-deficiencies,pretrained,r2,b,property-b-transformer-tasks04-seed101,4,101,deficiencies,positional,20,property_source_shard_199,2500,5000,1.7454092834472656,0.6274,0.2548,2.5862015579223634,0.604,0.208,0.8407922744750977,0.023399999999999976,0.046800000000000036,0.40425409545898416,0.019399999999999973,0.026800000000000018,e0539170678e2c822cd7114b3b9aeaaad8e319ef7f00fa98b469bea5aa35995d,764c23fbcb553a3b809181e86d6aa3df0813c84df968990c56a73cd794f55882,dbda450579b8c70a4b4ee3ae012117c710a3c973008ac0ee9b44a5501aaac5dc,257ff2ea900b90cd6f1edf3c9f0fcea5d2891c746c94440d744f6968dd817979,52a544f29742e08ab83038c7611ba7f6356f8a9b6e6e34a88b0d1e1ff762f8ee,f0cab1230496b6acde20f9e329455b99f07f82f0
pretrained-property-b-transformer-tasks04-seed101-shortest_cycle,pretrained,r2,b,property-b-transformer-tasks04-seed101,4,101,shortest_cycle,cycle,20,property_source_shard_199,2500,5000,1.9575691711425782,0.5858,0.1728,4.99377476196289,0.5192,0.0456,3.036205590820312,0.06659999999999999,0.1272,-0.514187225341797,-0.18879999999999997,-0.3764,59f30df9bf9e4faa6a8f50119fd33836a9f3d48975515e766181d8e93e8881b8,764c23fbcb553a3b809181e86d6aa3df0813c84df968990c56a73cd794f55882,dbda450579b8c70a4b4ee3ae012117c710a3c973008ac0ee9b44a5501aaac5dc,257ff2ea900b90cd6f1edf3c9f0fcea5d2891c746c94440d744f6968dd817979,52a544f29742e08ab83038c7611ba7f6356f8a9b6e6e34a88b0d1e1ff762f8ee,f0cab1230496b6acde20f9e329455b99f07f82f0
pretrained-property-b-transformer-tasks04-seed101-max_displacement,pretrained,r2,b,property-b-transformer-tasks04-seed101,4,101,max_displacement,global_run,20,property_source_shard_199,2500,5000,3.32634765625,0.5176,0.1064,6.101602471923828,0.5176,0.0788,2.775254815673828,0.0,0.0276,-0.8211432250976562,-0.06240000000000001,-0.05360000000000001,61a755a42920a26df84dd4110885f702d77f1b30ca03fcbe3a64b200672bc6d1,764c23fbcb553a3b809181e86d6aa3df0813c84df968990c56a73cd794f55882,dbda450579b8c70a4b4ee3ae012117c710a3c973008ac0ee9b44a5501aaac5dc,257ff2ea900b90cd6f1edf3c9f0fcea5d2891c746c94440d744f6968dd817979,52a544f29742e08ab83038c7611ba7f6356f8a9b6e6e34a88b0d1e1ff762f8ee,f0cab1230496b6acde20f9e329455b99f07f82f0
pretrained-property-b-transformer-tasks08-seed101-successions,pretrained,r2,b,property-b-transformer-tasks08-seed101,8,101,successions,local,20,property_source_shard_199,2500,5000,1.2644409515380859,0.653,0.306,2.2425378005981447,0.545,0.09,0.9780968490600588,0.10799999999999998,0.216,0.4503525543212892,-0.0011999999999999789,-0.0024000000000000132,bc7e026575292d937569ff6de4a5ee3c3c0200d3e0b84f20c0ca1beec345b70a,764c23fbcb553a3b809181e86d6aa3df0813c84df968990c56a73cd794f55882,dbda450579b8c70a4b4ee3ae012117c710a3c973008ac0ee9b44a5501aaac5dc,257ff2ea900b90cd6f1edf3c9f0fcea5d2891c746c94440d744f6968dd817979,52a544f29742e08ab83038c7611ba7f6356f8a9b6e6e34a88b0d1e1ff762f8ee,f0cab1230496b6acde20f9e329455b99f07f82f0
pretrained-property-b-transformer-tasks08-seed101-deficiencies,pretrained,r2,b,property-b-transformer-tasks08-seed101,8,101,deficiencies,positional,20,property_source_shard_199,2500,5000,2.1350678604125974,0.5798,0.1608,3.5838622009277343,0.5556,0.1124,1.448794340515137,0.0242,0.0484,0.01459551849365237,-0.028200000000000003,-0.06720000000000001,3ca30db7f451567918865572e5cf7118bfee0b2c08737ac355378e15a0493f64,764c23fbcb553a3b809181e86d6aa3df0813c84df968990c56a73cd794f55882,dbda450579b8c70a4b4ee3ae012117c710a3c973008ac0ee9b44a5501aaac5dc,257ff2ea900b90cd6f1edf3c9f0fcea5d2891c746c94440d744f6968dd817979,52a544f29742e08ab83038c7611ba7f6356f8a9b6e6e34a88b0d1e1ff762f8ee,f0cab1230496b6acde20f9e329455b99f07f82f0
pretrained-property-b-transformer-tasks08-seed101-shortest_cycle,pretrained,r2,b,property-b-transformer-tasks08-seed101,8,101,shortest_cycle,cycle,20,property_source_shard_199,2500,5000,1.5215410224914552,0.7484,0.5192,2.107658694458008,0.5546,0.1316,0.5861176719665526,0.19379999999999997,0.3876,-0.0781590766906739,-0.0262,-0.030000000000000027,41a37640d65958aa217dce5df037b51141e52e85ef81060308dfd76e955179c2,764c23fbcb553a3b809181e86d6aa3df0813c84df968990c56a73cd794f55882,dbda450579b8c70a4b4ee3ae012117c710a3c973008ac0ee9b44a5501aaac5dc,257ff2ea900b90cd6f1edf3c9f0fcea5d2891c746c94440d744f6968dd817979,52a544f29742e08ab83038c7611ba7f6356f8a9b6e6e34a88b0d1e1ff762f8ee,f0cab1230496b6acde20f9e329455b99f07f82f0
pretrained-property-b-transformer-tasks08-seed101-max_displacement,pretrained,r2,b,property-b-transformer-tasks08-seed101,8,101,max_displacement,global_run,20,property_source_shard_199,2500,5000,5.78903464050293,0.3744,0.0584,7.677527667999268,0.3782,0.068,1.888493027496338,-0.00379999999999997,-0.009600000000000004,-3.2838302093505862,-0.20559999999999995,-0.1016,313f0feb5ce253fbe1166624e65dc5692e642019e74e2b3b5a3674fff30591f4,764c23fbcb553a3b809181e86d6aa3df0813c84df968990c56a73cd794f55882,dbda450579b8c70a4b4ee3ae012117c710a3c973008ac0ee9b44a5501aaac5dc,257ff2ea900b90cd6f1edf3c9f0fcea5d2891c746c94440d744f6968dd817979,52a544f29742e08ab83038c7611ba7f6356f8a9b6e6e34a88b0d1e1ff762f8ee,f0cab1230496b6acde20f9e329455b99f07f82f0
pretrained-property-b-transformer-tasks16-seed101-successions,pretrained,r2,b,property-b-transformer-tasks16-seed101,16,101,successions,local,20,property_source_shard_199,2500,5000,1.3026098388671874,0.6542,0.3084,1.2021244270324707,0.6518,0.3036,-0.10048541183471671,0.0023999999999999577,0.0048000000000000265,0.41218366699218767,0.0,0.0,45f396b961acb7b9689b35ebd80841a61e59f19cdf211e1e13a29fe0dcd8e661,764c23fbcb553a3b809181e86d6aa3df0813c84df968990c56a73cd794f55882,dbda450579b8c70a4b4ee3ae012117c710a3c973008ac0ee9b44a5501aaac5dc,257ff2ea900b90cd6f1edf3c9f0fcea5d2891c746c94440d744f6968dd817979,52a544f29742e08ab83038c7611ba7f6356f8a9b6e6e34a88b0d1e1ff762f8ee,f0cab1230496b6acde20f9e329455b99f07f82f0
pretrained-property-b-transformer-tasks16-seed101-deficiencies,pretrained,r2,b,property-b-transformer-tasks16-seed101,16,101,deficiencies,positional,20,property_source_shard_199,2500,5000,1.9046026977539063,0.5932,0.1864,4.601782174682617,0.532,0.064,2.6971794769287105,0.06119999999999992,0.12240000000000001,0.24506068115234347,-0.014800000000000035,-0.0416,936517fbbc9cec24d8eab69dbe882a2a66ae42708641c7180d9a00922e618423,764c23fbcb553a3b809181e86d6aa3df0813c84df968990c56a73cd794f55882,dbda450579b8c70a4b4ee3ae012117c710a3c973008ac0ee9b44a5501aaac5dc,257ff2ea900b90cd6f1edf3c9f0fcea5d2891c746c94440d744f6968dd817979,52a544f29742e08ab83038c7611ba7f6356f8a9b6e6e34a88b0d1e1ff762f8ee,f0cab1230496b6acde20f9e329455b99f07f82f0
pretrained-property-b-transformer-tasks16-seed101-shortest_cycle,pretrained,r2,b,property-b-transformer-tasks16-seed101,16,101,shortest_cycle,cycle,20,property_source_shard_199,2500,5000,1.3083369812011718,0.7698,0.5396,1.6760765213012696,0.647,0.294,0.3677395401000978,0.12280000000000002,0.24559999999999998,0.13504496459960946,-0.0047999999999999154,-0.009600000000000053,b3a474788cbc5a407e6ad69755971e675b9c238c6c58c8f2b252654d73265967,764c23fbcb553a3b809181e86d6aa3df0813c84df968990c56a73cd794f55882,dbda450579b8c70a4b4ee3ae012117c710a3c973008ac0ee9b44a5501aaac5dc,257ff2ea900b90cd6f1edf3c9f0fcea5d2891c746c94440d744f6968dd817979,52a544f29742e08ab83038c7611ba7f6356f8a9b6e6e34a88b0d1e1ff762f8ee,f0cab1230496b6acde20f9e329455b99f07f82f0
pretrained-property-b-transformer-tasks16-seed101-max_displacement,pretrained,r2,b,property-b-transformer-tasks16-seed101,16,101,max_displacement,global_run,20,property_source_shard_199,2500,5000,3.0004114501953123,0.5458,0.0916,5.880162878417969,0.5226,0.0452,2.8797514282226566,0.0232,0.046400000000000004,-0.4952070190429687,-0.03420000000000001,-0.0684,fb41b8630ca0c4e587dec6377435910e1dfa50559916849f05ca2511b6178d7f,764c23fbcb553a3b809181e86d6aa3df0813c84df968990c56a73cd794f55882,dbda450579b8c70a4b4ee3ae012117c710a3c973008ac0ee9b44a5501aaac5dc,257ff2ea900b90cd6f1edf3c9f0fcea5d2891c746c94440d744f6968dd817979,52a544f29742e08ab83038c7611ba7f6356f8a9b6e6e34a88b0d1e1ff762f8ee,f0cab1230496b6acde20f9e329455b99f07f82f0
random-r0-poola-seed17-recoils,random,r0,a,,0,17,recoils,local,20,property_source_shard_199,2500,5000,2.3412684143066405,0.593,0.202,,,,,,,,,,b01e77158ee1992573e2b439ff4ec9742cf29a6403f9222355885f92850851f3,764c23fbcb553a3b809181e86d6aa3df0813c84df968990c56a73cd794f55882,dbda450579b8c70a4b4ee3ae012117c710a3c973008ac0ee9b44a5501aaac5dc,257ff2ea900b90cd6f1edf3c9f0fcea5d2891c746c94440d744f6968dd817979,52a544f29742e08ab83038c7611ba7f6356f8a9b6e6e34a88b0d1e1ff762f8ee,f0cab1230496b6acde20f9e329455b99f07f82f0
random-r0-poola-seed17-anti_fixed_points,random,r0,a,,0,17,anti_fixed_points,positional,20,property_source_shard_199,2500,5000,1.6601834411621095,0.664,0.328,,,,,,,,,,c02c716cd806a6490520e0619ee3f3f2b3792f6f253edcb974fb99ee985b4af7,764c23fbcb553a3b809181e86d6aa3df0813c84df968990c56a73cd794f55882,dbda450579b8c70a4b4ee3ae012117c710a3c973008ac0ee9b44a5501aaac5dc,257ff2ea900b90cd6f1edf3c9f0fcea5d2891c746c94440d744f6968dd817979,52a544f29742e08ab83038c7611ba7f6356f8a9b6e6e34a88b0d1e1ff762f8ee,f0cab1230496b6acde20f9e329455b99f07f82f0
random-r0-poola-seed17-two_cycle_count,random,r0,a,,0,17,two_cycle_count,cycle,20,property_source_shard_199,2500,5000,1.4462248046875,0.7718,0.5688,,,,,,,,,,3a39e74fab0c7e824c4e3c1f9132334c7884f175161b3412af0244eb2a97ef3e,764c23fbcb553a3b809181e86d6aa3df0813c84df968990c56a73cd794f55882,dbda450579b8c70a4b4ee3ae012117c710a3c973008ac0ee9b44a5501aaac5dc,257ff2ea900b90cd6f1edf3c9f0fcea5d2891c746c94440d744f6968dd817979,52a544f29742e08ab83038c7611ba7f6356f8a9b6e6e34a88b0d1e1ff762f8ee,f0cab1230496b6acde20f9e329455b99f07f82f0
random-r0-poola-seed17-lds_length,random,r0,a,,0,17,lds_length,global_run,20,property_source_shard_199,2500,5000,2.3091416931152344,0.6354,0.2708,,,,,,,,,,13f9d5712b576df7fd91aa2adf94020ccb09ccca3b7ed8682c5f8406094c6e61,764c23fbcb553a3b809181e86d6aa3df0813c84df968990c56a73cd794f55882,dbda450579b8c70a4b4ee3ae012117c710a3c973008ac0ee9b44a5501aaac5dc,257ff2ea900b90cd6f1edf3c9f0fcea5d2891c746c94440d744f6968dd817979,52a544f29742e08ab83038c7611ba7f6356f8a9b6e6e34a88b0d1e1ff762f8ee,f0cab1230496b6acde20f9e329455b99f07f82f0
random-r0-poolb-seed17-descents,random,r0,b,,0,17,descents,local,20,property_source_shard_199,2500,5000,2.3004499633789064,0.5876,0.1972,,,,,,,,,,5dbe1de7a5b3536c4eb7d3cb0cbc47706fd778305b378bd7de1def14adc160a9,764c23fbcb553a3b809181e86d6aa3df0813c84df968990c56a73cd794f55882,dbda450579b8c70a4b4ee3ae012117c710a3c973008ac0ee9b44a5501aaac5dc,257ff2ea900b90cd6f1edf3c9f0fcea5d2891c746c94440d744f6968dd817979,52a544f29742e08ab83038c7611ba7f6356f8a9b6e6e34a88b0d1e1ff762f8ee,f0cab1230496b6acde20f9e329455b99f07f82f0
random-r0-poolb-seed17-fixed_points,random,r0,b,,0,17,fixed_points,positional,20,property_source_shard_199,2500,5000,1.7302387084960937,0.6792,0.3584,,,,,,,,,,5c2b9b6268eafade12725f0f49cf5b8e0818dfb7fa79b5bca12213de8e467e71,764c23fbcb553a3b809181e86d6aa3df0813c84df968990c56a73cd794f55882,dbda450579b8c70a4b4ee3ae012117c710a3c973008ac0ee9b44a5501aaac5dc,257ff2ea900b90cd6f1edf3c9f0fcea5d2891c746c94440d744f6968dd817979,52a544f29742e08ab83038c7611ba7f6356f8a9b6e6e34a88b0d1e1ff762f8ee,f0cab1230496b6acde20f9e329455b99f07f82f0
random-r0-poolb-seed17-cycle_count,random,r0,b,,0,17,cycle_count,cycle,20,property_source_shard_199,2500,5000,2.001748004150391,0.6104,0.2208,,,,,,,,,,5263f03a016c2900eb9dca7fb4f71548e767e1a4b3f142fde3c4d4f60cff6e90,764c23fbcb553a3b809181e86d6aa3df0813c84df968990c56a73cd794f55882,dbda450579b8c70a4b4ee3ae012117c710a3c973008ac0ee9b44a5501aaac5dc,257ff2ea900b90cd6f1edf3c9f0fcea5d2891c746c94440d744f6968dd817979,52a544f29742e08ab83038c7611ba7f6356f8a9b6e6e34a88b0d1e1ff762f8ee,f0cab1230496b6acde20f9e329455b99f07f82f0
random-r0-poolb-seed17-lis_length,random,r0,b,,0,17,lis_length,global_run,20,property_source_shard_199,2500,5000,2.327762091064453,0.6252,0.2504,,,,,,,,,,481be40d67e58d5af6e656a7e4d1f7fc6713218b93e377e39fcf27014efbab37,764c23fbcb553a3b809181e86d6aa3df0813c84df968990c56a73cd794f55882,dbda450579b8c70a4b4ee3ae012117c710a3c973008ac0ee9b44a5501aaac5dc,257ff2ea900b90cd6f1edf3c9f0fcea5d2891c746c94440d744f6968dd817979,52a544f29742e08ab83038c7611ba7f6356f8a9b6e6e34a88b0d1e1ff762f8ee,f0cab1230496b6acde20f9e329455b99f07f82f0
random-r1-poola-seed42-adjacencies,random,r1,a,,0,42,adjacencies,local,20,property_source_shard_199,2500,5000,2.005126007080078,0.656,0.3128,,,,,,,,,,e91baffbef8c4fa604a9829568c81cad124df45fecbd75112833b908cfca7341,764c23fbcb553a3b809181e86d6aa3df0813c84df968990c56a73cd794f55882,dbda450579b8c70a4b4ee3ae012117c710a3c973008ac0ee9b44a5501aaac5dc,257ff2ea900b90cd6f1edf3c9f0fcea5d2891c746c94440d744f6968dd817979,52a544f29742e08ab83038c7611ba7f6356f8a9b6e6e34a88b0d1e1ff762f8ee,f0cab1230496b6acde20f9e329455b99f07f82f0
random-r1-poola-seed42-right_to_left_maxima,random,r1,a,,0,42,right_to_left_maxima,positional,20,property_source_shard_199,2500,5000,2.4628792907714843,0.6242,0.2484,,,,,,,,,,b8cfae142d1b0c33b9c321c291ccaddee8d38576e489baf8d656e9359ec6b867,764c23fbcb553a3b809181e86d6aa3df0813c84df968990c56a73cd794f55882,dbda450579b8c70a4b4ee3ae012117c710a3c973008ac0ee9b44a5501aaac5dc,257ff2ea900b90cd6f1edf3c9f0fcea5d2891c746c94440d744f6968dd817979,52a544f29742e08ab83038c7611ba7f6356f8a9b6e6e34a88b0d1e1ff762f8ee,f0cab1230496b6acde20f9e329455b99f07f82f0
random-r1-poola-seed42-two_cycle_count,random,r1,a,,0,42,two_cycle_count,cycle,20,property_source_shard_199,2500,5000,1.3280856018066407,0.764,0.528,,,,,,,,,,9889bc65c8ca0e1172eccd0d099dd4f3951fa2f61e2960bdcbb0a5acce51f2a1,764c23fbcb553a3b809181e86d6aa3df0813c84df968990c56a73cd794f55882,dbda450579b8c70a4b4ee3ae012117c710a3c973008ac0ee9b44a5501aaac5dc,257ff2ea900b90cd6f1edf3c9f0fcea5d2891c746c94440d744f6968dd817979,52a544f29742e08ab83038c7611ba7f6356f8a9b6e6e34a88b0d1e1ff762f8ee,f0cab1230496b6acde20f9e329455b99f07f82f0
random-r1-poola-seed42-global_descents,random,r1,a,,0,42,global_descents,global_run,20,property_source_shard_199,2500,5000,0.7365191680908203,0.871,0.7516,,,,,,,,,,f0d6d431b6628fea364841d88882504542da6d68b4527f455d9332d31462811e,764c23fbcb553a3b809181e86d6aa3df0813c84df968990c56a73cd794f55882,dbda450579b8c70a4b4ee3ae012117c710a3c973008ac0ee9b44a5501aaac5dc,257ff2ea900b90cd6f1edf3c9f0fcea5d2891c746c94440d744f6968dd817979,52a544f29742e08ab83038c7611ba7f6356f8a9b6e6e34a88b0d1e1ff762f8ee,f0cab1230496b6acde20f9e329455b99f07f82f0
random-r1-poolb-seed42-peaks,random,r1,b,,0,42,peaks,local,20,property_source_shard_199,2500,5000,1.8348884948730468,0.6494,0.2988,,,,,,,,,,ba7feb8c8e9cd226ebfbff636f6e8cffba0f62dd4e429b655521c0fd30f8feb2,764c23fbcb553a3b809181e86d6aa3df0813c84df968990c56a73cd794f55882,dbda450579b8c70a4b4ee3ae012117c710a3c973008ac0ee9b44a5501aaac5dc,257ff2ea900b90cd6f1edf3c9f0fcea5d2891c746c94440d744f6968dd817979,52a544f29742e08ab83038c7611ba7f6356f8a9b6e6e34a88b0d1e1ff762f8ee,f0cab1230496b6acde20f9e329455b99f07f82f0
random-r1-poolb-seed42-left_to_right_minima,random,r1,b,,0,42,left_to_right_minima,positional,20,property_source_shard_199,2500,5000,2.046104412841797,0.628,0.256,,,,,,,,,,96553d2d7178036cbbe760804ae6ec7793aee848be1cd130afabb67f8df838af,764c23fbcb553a3b809181e86d6aa3df0813c84df968990c56a73cd794f55882,dbda450579b8c70a4b4ee3ae012117c710a3c973008ac0ee9b44a5501aaac5dc,257ff2ea900b90cd6f1edf3c9f0fcea5d2891c746c94440d744f6968dd817979,52a544f29742e08ab83038c7611ba7f6356f8a9b6e6e34a88b0d1e1ff762f8ee,f0cab1230496b6acde20f9e329455b99f07f82f0
random-r1-poolb-seed42-even_cycle_count,random,r1,b,,0,42,even_cycle_count,cycle,20,property_source_shard_199,2500,5000,1.87138955078125,0.6646,0.3292,,,,,,,,,,a653c07541470001cfd9900b7defed041c51fad8afd454300c19e13a3e3b20d2,764c23fbcb553a3b809181e86d6aa3df0813c84df968990c56a73cd794f55882,dbda450579b8c70a4b4ee3ae012117c710a3c973008ac0ee9b44a5501aaac5dc,257ff2ea900b90cd6f1edf3c9f0fcea5d2891c746c94440d744f6968dd817979,52a544f29742e08ab83038c7611ba7f6356f8a9b6e6e34a88b0d1e1ff762f8ee,f0cab1230496b6acde20f9e329455b99f07f82f0
random-r1-poolb-seed42-longest_increasing_run,random,r1,b,,0,42,longest_increasing_run,global_run,20,property_source_shard_199,2500,5000,1.6043183898925781,0.6864,0.3728,,,,,,,,,,9b0a5bb6b56a13b924218499735722435d3109c342becb67b523464373201033,764c23fbcb553a3b809181e86d6aa3df0813c84df968990c56a73cd794f55882,dbda450579b8c70a4b4ee3ae012117c710a3c973008ac0ee9b44a5501aaac5dc,257ff2ea900b90cd6f1edf3c9f0fcea5d2891c746c94440d744f6968dd817979,52a544f29742e08ab83038c7611ba7f6356f8a9b6e6e34a88b0d1e1ff762f8ee,f0cab1230496b6acde20f9e329455b99f07f82f0
random-r2-poola-seed101-descents,random,r2,a,,0,101,descents,local,20,property_source_shard_199,2500,5000,2.4606925048828123,0.6154,0.2504,,,,,,,,,,339cd67951f30e0d92f21ac878b5a88f17c7834a0c8bb9c4c374f26ea1332143,764c23fbcb553a3b809181e86d6aa3df0813c84df968990c56a73cd794f55882,dbda450579b8c70a4b4ee3ae012117c710a3c973008ac0ee9b44a5501aaac5dc,257ff2ea900b90cd6f1edf3c9f0fcea5d2891c746c94440d744f6968dd817979,52a544f29742e08ab83038c7611ba7f6356f8a9b6e6e34a88b0d1e1ff762f8ee,f0cab1230496b6acde20f9e329455b99f07f82f0
random-r2-poola-seed101-left_to_right_maxima,random,r2,a,,0,101,left_to_right_maxima,positional,20,property_source_shard_199,2500,5000,2.1972662170410158,0.6352,0.2704,,,,,,,,,,e5aaa450c41c2c37e17408d4e7aa758fc6ac80ef88d15c77da154d33335e8bc7,764c23fbcb553a3b809181e86d6aa3df0813c84df968990c56a73cd794f55882,dbda450579b8c70a4b4ee3ae012117c710a3c973008ac0ee9b44a5501aaac5dc,257ff2ea900b90cd6f1edf3c9f0fcea5d2891c746c94440d744f6968dd817979,52a544f29742e08ab83038c7611ba7f6356f8a9b6e6e34a88b0d1e1ff762f8ee,f0cab1230496b6acde20f9e329455b99f07f82f0
random-r2-poola-seed101-three_cycle_count,random,r2,a,,0,101,three_cycle_count,cycle,20,property_source_shard_199,2500,5000,1.0902433166503906,0.8416,0.6852,,,,,,,,,,4c84be223723b4fb5afc6d39cfff57c5f61c87f1a40dd12b2098f1a2c1b714d3,764c23fbcb553a3b809181e86d6aa3df0813c84df968990c56a73cd794f55882,dbda450579b8c70a4b4ee3ae012117c710a3c973008ac0ee9b44a5501aaac5dc,257ff2ea900b90cd6f1edf3c9f0fcea5d2891c746c94440d744f6968dd817979,52a544f29742e08ab83038c7611ba7f6356f8a9b6e6e34a88b0d1e1ff762f8ee,f0cab1230496b6acde20f9e329455b99f07f82f0
random-r2-poola-seed101-lis_length,random,r2,a,,0,101,lis_length,global_run,20,property_source_shard_199,2500,5000,1.7108780944824218,0.6412,0.2824,,,,,,,,,,de03f4579da8664075e739ea9c14fc66148a7615afc22b7f7bb5a079d94204f6,764c23fbcb553a3b809181e86d6aa3df0813c84df968990c56a73cd794f55882,dbda450579b8c70a4b4ee3ae012117c710a3c973008ac0ee9b44a5501aaac5dc,257ff2ea900b90cd6f1edf3c9f0fcea5d2891c746c94440d744f6968dd817979,52a544f29742e08ab83038c7611ba7f6356f8a9b6e6e34a88b0d1e1ff762f8ee,f0cab1230496b6acde20f9e329455b99f07f82f0
random-r2-poolb-seed101-successions,random,r2,b,,0,101,successions,local,20,property_source_shard_199,2500,5000,1.714793505859375,0.6542,0.3084,,,,,,,,,,c8aedd538da3f1f01e82e51ddcf00035389b0816e11a5a81d56c364d3ee5fac9,764c23fbcb553a3b809181e86d6aa3df0813c84df968990c56a73cd794f55882,dbda450579b8c70a4b4ee3ae012117c710a3c973008ac0ee9b44a5501aaac5dc,257ff2ea900b90cd6f1edf3c9f0fcea5d2891c746c94440d744f6968dd817979,52a544f29742e08ab83038c7611ba7f6356f8a9b6e6e34a88b0d1e1ff762f8ee,f0cab1230496b6acde20f9e329455b99f07f82f0
random-r2-poolb-seed101-deficiencies,random,r2,b,,0,101,deficiencies,positional,20,property_source_shard_199,2500,5000,2.14966337890625,0.608,0.228,,,,,,,,,,59b605b4dce4a05812c2309a8daa201cc2356e748e5c71778c18d2e96c45881f,764c23fbcb553a3b809181e86d6aa3df0813c84df968990c56a73cd794f55882,dbda450579b8c70a4b4ee3ae012117c710a3c973008ac0ee9b44a5501aaac5dc,257ff2ea900b90cd6f1edf3c9f0fcea5d2891c746c94440d744f6968dd817979,52a544f29742e08ab83038c7611ba7f6356f8a9b6e6e34a88b0d1e1ff762f8ee,f0cab1230496b6acde20f9e329455b99f07f82f0
random-r2-poolb-seed101-shortest_cycle,random,r2,b,,0,101,shortest_cycle,cycle,20,property_source_shard_199,2500,5000,1.4433819458007813,0.7746,0.5492,,,,,,,,,,9fe35340197d00500e5070c41f28679c230357f700c0a6f20a56989e6e7b986c,764c23fbcb553a3b809181e86d6aa3df0813c84df968990c56a73cd794f55882,dbda450579b8c70a4b4ee3ae012117c710a3c973008ac0ee9b44a5501aaac5dc,257ff2ea900b90cd6f1edf3c9f0fcea5d2891c746c94440d744f6968dd817979,52a544f29742e08ab83038c7611ba7f6356f8a9b6e6e34a88b0d1e1ff762f8ee,f0cab1230496b6acde20f9e329455b99f07f82f0
random-r2-poolb-seed101-max_displacement,random,r2,b,,0,101,max_displacement,global_run,20,property_source_shard_199,2500,5000,2.5052044311523436,0.58,0.16,,,,,,,,,,9fc2d9d37281e66f8fa335c9e8eeaf64cd8fcdf7ca88760219c2205810d8dc10,764c23fbcb553a3b809181e86d6aa3df0813c84df968990c56a73cd794f55882,dbda450579b8c70a4b4ee3ae012117c710a3c973008ac0ee9b44a5501aaac5dc,257ff2ea900b90cd6f1edf3c9f0fcea5d2891c746c94440d744f6968dd817979,52a544f29742e08ab83038c7611ba7f6356f8a9b6e6e34a88b0d1e1ff762f8ee,f0cab1230496b6acde20f9e329455b99f07f82f0
