comparison,task_a,task_b,seed_a,seed_b,same_seed,layer,linear_cka
same_task,descents,descents,17,42,False,embedding,0.9578148344944051
same_task,descents,descents,17,42,False,block_01,0.8178686234915968
same_task,descents,descents,17,42,False,block_02,0.7658080856070658
same_task,descents,descents,17,42,False,block_03,0.8097604082112402
same_task,descents,descents,17,42,False,block_04,0.7620232522010821
same_task,descents,descents,17,42,False,final_norm,0.7682236431353973
same_task,descents,descents,17,101,False,embedding,0.9428672144113326
same_task,descents,descents,17,101,False,block_01,0.7982001033074223
same_task,descents,descents,17,101,False,block_02,0.7610431140925494
same_task,descents,descents,17,101,False,block_03,0.8099062396886769
same_task,descents,descents,17,101,False,block_04,0.6956712371319023
same_task,descents,descents,17,101,False,final_norm,0.7189941311901177
same_task,descents,descents,42,101,False,embedding,0.9383085006416682
same_task,descents,descents,42,101,False,block_01,0.7559540305288035
same_task,descents,descents,42,101,False,block_02,0.8887428044780853
same_task,descents,descents,42,101,False,block_03,0.9075573147542263
same_task,descents,descents,42,101,False,block_04,0.7485265253272524
same_task,descents,descents,42,101,False,final_norm,0.7608282853643409
same_task,recoils,recoils,17,42,False,embedding,0.8920424359015807
same_task,recoils,recoils,17,42,False,block_01,0.20813427397820689
same_task,recoils,recoils,17,42,False,block_02,0.3146681932399509
same_task,recoils,recoils,17,42,False,block_03,0.31026278764014065
same_task,recoils,recoils,17,42,False,block_04,0.19346489495168623
same_task,recoils,recoils,17,42,False,final_norm,0.23061056397036833
same_task,recoils,recoils,17,101,False,embedding,0.9229262759808576
same_task,recoils,recoils,17,101,False,block_01,0.522633784227615
same_task,recoils,recoils,17,101,False,block_02,0.4999538345047502
same_task,recoils,recoils,17,101,False,block_03,0.4855720274725885
same_task,recoils,recoils,17,101,False,block_04,0.5166887810300459
same_task,recoils,recoils,17,101,False,final_norm,0.5893581567999009
same_task,recoils,recoils,42,101,False,embedding,0.9048214849686494
same_task,recoils,recoils,42,101,False,block_01,0.42219749620051694
same_task,recoils,recoils,42,101,False,block_02,0.4578519273949064
same_task,recoils,recoils,42,101,False,block_03,0.5729828734989771
same_task,recoils,recoils,42,101,False,block_04,0.2805205333923613
same_task,recoils,recoils,42,101,False,final_norm,0.31290903327075315
same_task,peaks,peaks,17,42,False,embedding,0.8503165212736398
same_task,peaks,peaks,17,42,False,block_01,0.6441402711449357
same_task,peaks,peaks,17,42,False,block_02,0.6506767792937864
same_task,peaks,peaks,17,42,False,block_03,0.640203569186099
same_task,peaks,peaks,17,42,False,block_04,0.696075577627282
same_task,peaks,peaks,17,42,False,final_norm,0.7265634485318163
same_task,peaks,peaks,17,101,False,embedding,0.8419399819993912
same_task,peaks,peaks,17,101,False,block_01,0.525782503060354
same_task,peaks,peaks,17,101,False,block_02,0.5439017944900083
same_task,peaks,peaks,17,101,False,block_03,0.5586380285297216
same_task,peaks,peaks,17,101,False,block_04,0.6853694569722176
same_task,peaks,peaks,17,101,False,final_norm,0.724912963261391
same_task,peaks,peaks,42,101,False,embedding,0.8520027432255404
same_task,peaks,peaks,42,101,False,block_01,0.6203361120983422
same_task,peaks,peaks,42,101,False,block_02,0.6347158111427127
same_task,peaks,peaks,42,101,False,block_03,0.7248925748678307
same_task,peaks,peaks,42,101,False,block_04,0.770183552411238
same_task,peaks,peaks,42,101,False,final_norm,0.7844677475735762
same_task,valleys,valleys,17,42,False,embedding,0.8113339873461866
same_task,valleys,valleys,17,42,False,block_01,0.635244059446742
same_task,valleys,valleys,17,42,False,block_02,0.6460456675885761
same_task,valleys,valleys,17,42,False,block_03,0.7614520173090165
same_task,valleys,valleys,17,42,False,block_04,0.8054455424490657
same_task,valleys,valleys,17,42,False,final_norm,0.8486452754892996
same_task,valleys,valleys,17,101,False,embedding,0.8077443177874069
same_task,valleys,valleys,17,101,False,block_01,0.38784836379440163
same_task,valleys,valleys,17,101,False,block_02,0.45756755680531275
same_task,valleys,valleys,17,101,False,block_03,0.6518138563163897
same_task,valleys,valleys,17,101,False,block_04,0.7120230731318112
same_task,valleys,valleys,17,101,False,final_norm,0.760729551647209
same_task,valleys,valleys,42,101,False,embedding,0.8166935489881408
same_task,valleys,valleys,42,101,False,block_01,0.39793665311191606
same_task,valleys,valleys,42,101,False,block_02,0.486702431607265
same_task,valleys,valleys,42,101,False,block_03,0.6743134563238744
same_task,valleys,valleys,42,101,False,block_04,0.7432568433985579
same_task,valleys,valleys,42,101,False,final_norm,0.7698860397275669
same_task,fixed_points,fixed_points,17,42,False,embedding,0.7958688410052853
same_task,fixed_points,fixed_points,17,42,False,block_01,0.38993401167108305
same_task,fixed_points,fixed_points,17,42,False,block_02,0.7442279422389665
same_task,fixed_points,fixed_points,17,42,False,block_03,0.8574309822267454
same_task,fixed_points,fixed_points,17,42,False,block_04,0.9632844529607075
same_task,fixed_points,fixed_points,17,42,False,final_norm,0.9651085234824954
same_task,fixed_points,fixed_points,17,101,False,embedding,0.770625826130781
same_task,fixed_points,fixed_points,17,101,False,block_01,0.21597980248202542
same_task,fixed_points,fixed_points,17,101,False,block_02,0.24360670075279525
same_task,fixed_points,fixed_points,17,101,False,block_03,0.21324646475686998
same_task,fixed_points,fixed_points,17,101,False,block_04,0.1318187006604221
same_task,fixed_points,fixed_points,17,101,False,final_norm,0.11059540511022929
same_task,fixed_points,fixed_points,42,101,False,embedding,0.7629531408013113
same_task,fixed_points,fixed_points,42,101,False,block_01,0.2497505025274458
same_task,fixed_points,fixed_points,42,101,False,block_02,0.1838488401138419
same_task,fixed_points,fixed_points,42,101,False,block_03,0.16968521275913256
same_task,fixed_points,fixed_points,42,101,False,block_04,0.12559148021606456
same_task,fixed_points,fixed_points,42,101,False,final_norm,0.11088150755139359
same_task,anti_fixed_points,anti_fixed_points,17,42,False,embedding,0.7687795750207083
same_task,anti_fixed_points,anti_fixed_points,17,42,False,block_01,0.36037424844726185
same_task,anti_fixed_points,anti_fixed_points,17,42,False,block_02,0.31988063566996994
same_task,anti_fixed_points,anti_fixed_points,17,42,False,block_03,0.4052278675848888
same_task,anti_fixed_points,anti_fixed_points,17,42,False,block_04,0.340887777959427
same_task,anti_fixed_points,anti_fixed_points,17,42,False,final_norm,0.35379841147169677
same_task,anti_fixed_points,anti_fixed_points,17,101,False,embedding,0.7308172323317349
same_task,anti_fixed_points,anti_fixed_points,17,101,False,block_01,0.2792219691647139
same_task,anti_fixed_points,anti_fixed_points,17,101,False,block_02,0.23113963879761365
same_task,anti_fixed_points,anti_fixed_points,17,101,False,block_03,0.2891131378819929
same_task,anti_fixed_points,anti_fixed_points,17,101,False,block_04,0.20870996267244613
same_task,anti_fixed_points,anti_fixed_points,17,101,False,final_norm,0.21987970493593711
same_task,anti_fixed_points,anti_fixed_points,42,101,False,embedding,0.7347781203690624
same_task,anti_fixed_points,anti_fixed_points,42,101,False,block_01,0.24395786009779305
same_task,anti_fixed_points,anti_fixed_points,42,101,False,block_02,0.221543494011115
same_task,anti_fixed_points,anti_fixed_points,42,101,False,block_03,0.30397741031506736
same_task,anti_fixed_points,anti_fixed_points,42,101,False,block_04,0.26609330872002107
same_task,anti_fixed_points,anti_fixed_points,42,101,False,final_norm,0.2738391975289859
same_task,exceedances,exceedances,17,42,False,embedding,0.9456314794530352
same_task,exceedances,exceedances,17,42,False,block_01,0.8452921013264615
same_task,exceedances,exceedances,17,42,False,block_02,0.8674724195800866
same_task,exceedances,exceedances,17,42,False,block_03,0.8778678368989451
same_task,exceedances,exceedances,17,42,False,block_04,0.7879281021901755
same_task,exceedances,exceedances,17,42,False,final_norm,0.8135386739250362
same_task,exceedances,exceedances,17,101,False,embedding,0.9310119520453611
same_task,exceedances,exceedances,17,101,False,block_01,0.882608674361046
same_task,exceedances,exceedances,17,101,False,block_02,0.8880766317663094
same_task,exceedances,exceedances,17,101,False,block_03,0.8711655233009551
same_task,exceedances,exceedances,17,101,False,block_04,0.7566765358262724
same_task,exceedances,exceedances,17,101,False,final_norm,0.7957618279271034
same_task,exceedances,exceedances,42,101,False,embedding,0.9387625007673966
same_task,exceedances,exceedances,42,101,False,block_01,0.8493785628495879
same_task,exceedances,exceedances,42,101,False,block_02,0.905588136183587
same_task,exceedances,exceedances,42,101,False,block_03,0.8881923264325332
same_task,exceedances,exceedances,42,101,False,block_04,0.7455494811128027
same_task,exceedances,exceedances,42,101,False,final_norm,0.7785582707383865
same_task,deficiencies,deficiencies,17,42,False,embedding,0.949767491963293
same_task,deficiencies,deficiencies,17,42,False,block_01,0.7987812459100644
same_task,deficiencies,deficiencies,17,42,False,block_02,0.8618761597351016
same_task,deficiencies,deficiencies,17,42,False,block_03,0.8937530539711448
same_task,deficiencies,deficiencies,17,42,False,block_04,0.7415981809210381
same_task,deficiencies,deficiencies,17,42,False,final_norm,0.7779161034349615
same_task,deficiencies,deficiencies,17,101,False,embedding,0.940991389654057
same_task,deficiencies,deficiencies,17,101,False,block_01,0.8689306535993144
same_task,deficiencies,deficiencies,17,101,False,block_02,0.9154188385504374
same_task,deficiencies,deficiencies,17,101,False,block_03,0.9263739333950873
same_task,deficiencies,deficiencies,17,101,False,block_04,0.836292108621478
same_task,deficiencies,deficiencies,17,101,False,final_norm,0.8542075721072859
same_task,deficiencies,deficiencies,42,101,False,embedding,0.9319453944253258
same_task,deficiencies,deficiencies,42,101,False,block_01,0.7480990942815815
same_task,deficiencies,deficiencies,42,101,False,block_02,0.8620854932258375
same_task,deficiencies,deficiencies,42,101,False,block_03,0.8669550594172081
same_task,deficiencies,deficiencies,42,101,False,block_04,0.7594610946657999
same_task,deficiencies,deficiencies,42,101,False,final_norm,0.7914183222958662
same_task,lis_length,lis_length,17,42,False,embedding,0.930387508812376
same_task,lis_length,lis_length,17,42,False,block_01,0.5469914930220565
same_task,lis_length,lis_length,17,42,False,block_02,0.7674905906594548
same_task,lis_length,lis_length,17,42,False,block_03,0.8356434886378132
same_task,lis_length,lis_length,17,42,False,block_04,0.6826831596629316
same_task,lis_length,lis_length,17,42,False,final_norm,0.7142876137087312
same_task,lis_length,lis_length,17,101,False,embedding,0.9359594178938498
same_task,lis_length,lis_length,17,101,False,block_01,0.7330089689863639
same_task,lis_length,lis_length,17,101,False,block_02,0.8177985464806721
same_task,lis_length,lis_length,17,101,False,block_03,0.8309252548446823
same_task,lis_length,lis_length,17,101,False,block_04,0.5431726416867655
same_task,lis_length,lis_length,17,101,False,final_norm,0.48378638530325185
same_task,lis_length,lis_length,42,101,False,embedding,0.9416706841820571
same_task,lis_length,lis_length,42,101,False,block_01,0.5354452976029628
same_task,lis_length,lis_length,42,101,False,block_02,0.8088880983382946
same_task,lis_length,lis_length,42,101,False,block_03,0.8041665874211223
same_task,lis_length,lis_length,42,101,False,block_04,0.6536194208747922
same_task,lis_length,lis_length,42,101,False,final_norm,0.6435380567720315
same_task,lds_length,lds_length,17,42,False,embedding,0.9069858914010351
same_task,lds_length,lds_length,17,42,False,block_01,0.8905078342516739
same_task,lds_length,lds_length,17,42,False,block_02,0.8240020318860959
same_task,lds_length,lds_length,17,42,False,block_03,0.838934815739388
same_task,lds_length,lds_length,17,42,False,block_04,0.9087310843861164
same_task,lds_length,lds_length,17,42,False,final_norm,0.9305872312448458
same_task,lds_length,lds_length,17,101,False,embedding,0.9180825160081579
same_task,lds_length,lds_length,17,101,False,block_01,0.913216007791526
same_task,lds_length,lds_length,17,101,False,block_02,0.8058127308239812
same_task,lds_length,lds_length,17,101,False,block_03,0.8320109492801442
same_task,lds_length,lds_length,17,101,False,block_04,0.9192740030224409
same_task,lds_length,lds_length,17,101,False,final_norm,0.9317196356807332
same_task,lds_length,lds_length,42,101,False,embedding,0.9432837655947017
same_task,lds_length,lds_length,42,101,False,block_01,0.9493348975748257
same_task,lds_length,lds_length,42,101,False,block_02,0.927039090790213
same_task,lds_length,lds_length,42,101,False,block_03,0.9390109050177063
same_task,lds_length,lds_length,42,101,False,block_04,0.9227247570691379
same_task,lds_length,lds_length,42,101,False,final_norm,0.936261156353686
same_task,longest_increasing_run,longest_increasing_run,17,42,False,embedding,0.7545416425133076
same_task,longest_increasing_run,longest_increasing_run,17,42,False,block_01,0.5489499923367143
same_task,longest_increasing_run,longest_increasing_run,17,42,False,block_02,0.6805776286809115
same_task,longest_increasing_run,longest_increasing_run,17,42,False,block_03,0.32888781677403606
same_task,longest_increasing_run,longest_increasing_run,17,42,False,block_04,0.8508503581132182
same_task,longest_increasing_run,longest_increasing_run,17,42,False,final_norm,0.8779592470104206
same_task,longest_increasing_run,longest_increasing_run,17,101,False,embedding,0.7503547106187781
same_task,longest_increasing_run,longest_increasing_run,17,101,False,block_01,0.6173830853854358
same_task,longest_increasing_run,longest_increasing_run,17,101,False,block_02,0.7834414074771144
same_task,longest_increasing_run,longest_increasing_run,17,101,False,block_03,0.6511704380533971
same_task,longest_increasing_run,longest_increasing_run,17,101,False,block_04,0.8503043598033896
same_task,longest_increasing_run,longest_increasing_run,17,101,False,final_norm,0.8947518829660872
same_task,longest_increasing_run,longest_increasing_run,42,101,False,embedding,0.7904179955422165
same_task,longest_increasing_run,longest_increasing_run,42,101,False,block_01,0.8150112632906118
same_task,longest_increasing_run,longest_increasing_run,42,101,False,block_02,0.8802149184137148
same_task,longest_increasing_run,longest_increasing_run,42,101,False,block_03,0.6672447764931467
same_task,longest_increasing_run,longest_increasing_run,42,101,False,block_04,0.9299976124182003
same_task,longest_increasing_run,longest_increasing_run,42,101,False,final_norm,0.9332651087710261
same_task,longest_decreasing_run,longest_decreasing_run,17,42,False,embedding,0.8325029514038945
same_task,longest_decreasing_run,longest_decreasing_run,17,42,False,block_01,0.609316523226825
same_task,longest_decreasing_run,longest_decreasing_run,17,42,False,block_02,0.7320927991269756
same_task,longest_decreasing_run,longest_decreasing_run,17,42,False,block_03,0.874701523837864
same_task,longest_decreasing_run,longest_decreasing_run,17,42,False,block_04,0.9668358337705231
same_task,longest_decreasing_run,longest_decreasing_run,17,42,False,final_norm,0.9756926889747389
same_task,longest_decreasing_run,longest_decreasing_run,17,101,False,embedding,0.8242540742399248
same_task,longest_decreasing_run,longest_decreasing_run,17,101,False,block_01,0.5636746661907164
same_task,longest_decreasing_run,longest_decreasing_run,17,101,False,block_02,0.7711652531831834
same_task,longest_decreasing_run,longest_decreasing_run,17,101,False,block_03,0.8098443648994589
same_task,longest_decreasing_run,longest_decreasing_run,17,101,False,block_04,0.9486539930167985
same_task,longest_decreasing_run,longest_decreasing_run,17,101,False,final_norm,0.979811705073881
same_task,longest_decreasing_run,longest_decreasing_run,42,101,False,embedding,0.7915861438595267
same_task,longest_decreasing_run,longest_decreasing_run,42,101,False,block_01,0.7114660529133353
same_task,longest_decreasing_run,longest_decreasing_run,42,101,False,block_02,0.8184716268067832
same_task,longest_decreasing_run,longest_decreasing_run,42,101,False,block_03,0.8608934441619711
same_task,longest_decreasing_run,longest_decreasing_run,42,101,False,block_04,0.9581883861256079
same_task,longest_decreasing_run,longest_decreasing_run,42,101,False,final_norm,0.9768323946664009
same_task,left_to_right_maxima,left_to_right_maxima,17,42,False,embedding,0.7569861248435116
same_task,left_to_right_maxima,left_to_right_maxima,17,42,False,block_01,0.8577327245487969
same_task,left_to_right_maxima,left_to_right_maxima,17,42,False,block_02,0.8668735548830325
same_task,left_to_right_maxima,left_to_right_maxima,17,42,False,block_03,0.8601840182412489
same_task,left_to_right_maxima,left_to_right_maxima,17,42,False,block_04,0.8341793826014138
same_task,left_to_right_maxima,left_to_right_maxima,17,42,False,final_norm,0.8825392809678567
same_task,left_to_right_maxima,left_to_right_maxima,17,101,False,embedding,0.5978149964079388
same_task,left_to_right_maxima,left_to_right_maxima,17,101,False,block_01,0.7307753661684528
same_task,left_to_right_maxima,left_to_right_maxima,17,101,False,block_02,0.5843748441830006
same_task,left_to_right_maxima,left_to_right_maxima,17,101,False,block_03,0.5403742265444376
same_task,left_to_right_maxima,left_to_right_maxima,17,101,False,block_04,0.6422636193300112
same_task,left_to_right_maxima,left_to_right_maxima,17,101,False,final_norm,0.7001436923698193
same_task,left_to_right_maxima,left_to_right_maxima,42,101,False,embedding,0.6725091514566487
same_task,left_to_right_maxima,left_to_right_maxima,42,101,False,block_01,0.6594703038968904
same_task,left_to_right_maxima,left_to_right_maxima,42,101,False,block_02,0.5999705555858139
same_task,left_to_right_maxima,left_to_right_maxima,42,101,False,block_03,0.5403781902461359
same_task,left_to_right_maxima,left_to_right_maxima,42,101,False,block_04,0.5974079530775993
same_task,left_to_right_maxima,left_to_right_maxima,42,101,False,final_norm,0.6692458632095124
same_task,left_to_right_minima,left_to_right_minima,17,42,False,embedding,0.8120996823956093
same_task,left_to_right_minima,left_to_right_minima,17,42,False,block_01,0.2997094127620604
same_task,left_to_right_minima,left_to_right_minima,17,42,False,block_02,0.44473604691129404
same_task,left_to_right_minima,left_to_right_minima,17,42,False,block_03,0.6377780572313928
same_task,left_to_right_minima,left_to_right_minima,17,42,False,block_04,0.7034584783202126
same_task,left_to_right_minima,left_to_right_minima,17,42,False,final_norm,0.81109652197812
same_task,left_to_right_minima,left_to_right_minima,17,101,False,embedding,0.7532948876964162
same_task,left_to_right_minima,left_to_right_minima,17,101,False,block_01,0.11039944476264696
same_task,left_to_right_minima,left_to_right_minima,17,101,False,block_02,0.4433903730439292
same_task,left_to_right_minima,left_to_right_minima,17,101,False,block_03,0.5872156598371083
same_task,left_to_right_minima,left_to_right_minima,17,101,False,block_04,0.6342938966661855
same_task,left_to_right_minima,left_to_right_minima,17,101,False,final_norm,0.7056018885480777
same_task,left_to_right_minima,left_to_right_minima,42,101,False,embedding,0.7737913188417871
same_task,left_to_right_minima,left_to_right_minima,42,101,False,block_01,0.13679377892021716
same_task,left_to_right_minima,left_to_right_minima,42,101,False,block_02,0.3100218149534634
same_task,left_to_right_minima,left_to_right_minima,42,101,False,block_03,0.6179553215658184
same_task,left_to_right_minima,left_to_right_minima,42,101,False,block_04,0.7197841163895822
same_task,left_to_right_minima,left_to_right_minima,42,101,False,final_norm,0.7534541456126578
same_task,global_descents,global_descents,17,42,False,embedding,0.6835730852020548
same_task,global_descents,global_descents,17,42,False,block_01,0.24530524225297753
same_task,global_descents,global_descents,17,42,False,block_02,0.29020115266405505
same_task,global_descents,global_descents,17,42,False,block_03,0.321927393326748
same_task,global_descents,global_descents,17,42,False,block_04,0.38345837135955446
same_task,global_descents,global_descents,17,42,False,final_norm,0.31004107155197197
same_task,global_descents,global_descents,17,101,False,embedding,0.6458868934642359
same_task,global_descents,global_descents,17,101,False,block_01,0.04368220373663426
same_task,global_descents,global_descents,17,101,False,block_02,0.19873346004448425
same_task,global_descents,global_descents,17,101,False,block_03,0.3492871400118453
same_task,global_descents,global_descents,17,101,False,block_04,0.373099101450149
same_task,global_descents,global_descents,17,101,False,final_norm,0.3608306089585785
same_task,global_descents,global_descents,42,101,False,embedding,0.6842427576876213
same_task,global_descents,global_descents,42,101,False,block_01,0.8106787875087468
same_task,global_descents,global_descents,42,101,False,block_02,0.8020399290363268
same_task,global_descents,global_descents,42,101,False,block_03,0.87191317428027
same_task,global_descents,global_descents,42,101,False,block_04,0.8807598638865322
same_task,global_descents,global_descents,42,101,False,final_norm,0.8825698858982082
same_task,components,components,17,42,False,embedding,0.8233044467931435
same_task,components,components,17,42,False,block_01,0.15978548686359278
same_task,components,components,17,42,False,block_02,0.9473502006873668
same_task,components,components,17,42,False,block_03,0.9300770775106643
same_task,components,components,17,42,False,block_04,0.9445168291450008
same_task,components,components,17,42,False,final_norm,0.9465449636178581
same_task,components,components,17,101,False,embedding,0.8350989815485224
same_task,components,components,17,101,False,block_01,0.20598012823260428
same_task,components,components,17,101,False,block_02,0.9312686897884738
same_task,components,components,17,101,False,block_03,0.9242258936250064
same_task,components,components,17,101,False,block_04,0.9425088679509044
same_task,components,components,17,101,False,final_norm,0.9412700017052806
same_task,components,components,42,101,False,embedding,0.8439057693350451
same_task,components,components,42,101,False,block_01,0.10242139719386328
same_task,components,components,42,101,False,block_02,0.9162476597893279
same_task,components,components,42,101,False,block_03,0.9181382583209035
same_task,components,components,42,101,False,block_04,0.9674327176284286
same_task,components,components,42,101,False,final_norm,0.9750063565662217
direct_relation,descents,recoils,17,17,True,embedding,0.9217755322317656
direct_relation,descents,recoils,17,17,True,block_01,0.5740681750835891
direct_relation,descents,recoils,17,17,True,block_02,0.5503488914245278
direct_relation,descents,recoils,17,17,True,block_03,0.442355051439118
direct_relation,descents,recoils,17,17,True,block_04,0.204138817053796
direct_relation,descents,recoils,17,17,True,final_norm,0.20691459568315013
direct_relation,descents,recoils,17,42,False,embedding,0.8845685702315532
direct_relation,descents,recoils,17,42,False,block_01,0.5724816401654697
direct_relation,descents,recoils,17,42,False,block_02,0.5892743849136604
direct_relation,descents,recoils,17,42,False,block_03,0.5887167562109488
direct_relation,descents,recoils,17,42,False,block_04,0.13005310008399867
direct_relation,descents,recoils,17,42,False,final_norm,0.09622528543555667
direct_relation,descents,recoils,17,101,False,embedding,0.9227397562466112
direct_relation,descents,recoils,17,101,False,block_01,0.6722506775889232
direct_relation,descents,recoils,17,101,False,block_02,0.5060519310502308
direct_relation,descents,recoils,17,101,False,block_03,0.5490176189973672
direct_relation,descents,recoils,17,101,False,block_04,0.2074698765739073
direct_relation,descents,recoils,17,101,False,final_norm,0.18754367212396622
direct_relation,descents,recoils,42,17,False,embedding,0.9103178216320579
direct_relation,descents,recoils,42,17,False,block_01,0.5881800155277364
direct_relation,descents,recoils,42,17,False,block_02,0.5152807765987465
direct_relation,descents,recoils,42,17,False,block_03,0.41535155230114373
direct_relation,descents,recoils,42,17,False,block_04,0.20741152866375553
direct_relation,descents,recoils,42,17,False,final_norm,0.21633022658035264
direct_relation,descents,recoils,42,42,True,embedding,0.8884250881499729
direct_relation,descents,recoils,42,42,True,block_01,0.5426748620976839
direct_relation,descents,recoils,42,42,True,block_02,0.6150711750070456
direct_relation,descents,recoils,42,42,True,block_03,0.677145890195477
direct_relation,descents,recoils,42,42,True,block_04,0.15367145401282595
direct_relation,descents,recoils,42,42,True,final_norm,0.12306268902352709
direct_relation,descents,recoils,42,101,False,embedding,0.9063223300565691
direct_relation,descents,recoils,42,101,False,block_01,0.555245685037826
direct_relation,descents,recoils,42,101,False,block_02,0.5125275616245957
direct_relation,descents,recoils,42,101,False,block_03,0.5764619497363942
direct_relation,descents,recoils,42,101,False,block_04,0.20848788436067936
direct_relation,descents,recoils,42,101,False,final_norm,0.20269551886462525
direct_relation,descents,recoils,101,17,False,embedding,0.888570757840443
direct_relation,descents,recoils,101,17,False,block_01,0.6481781845536292
direct_relation,descents,recoils,101,17,False,block_02,0.5536453311235849
direct_relation,descents,recoils,101,17,False,block_03,0.3785289330671401
direct_relation,descents,recoils,101,17,False,block_04,0.1896639242538106
direct_relation,descents,recoils,101,17,False,final_norm,0.22992162871482502
direct_relation,descents,recoils,101,42,False,embedding,0.9181954554440621
direct_relation,descents,recoils,101,42,False,block_01,0.514459635765542
direct_relation,descents,recoils,101,42,False,block_02,0.6080503928081401
direct_relation,descents,recoils,101,42,False,block_03,0.6876531668563197
direct_relation,descents,recoils,101,42,False,block_04,0.19352544710507372
direct_relation,descents,recoils,101,42,False,final_norm,0.15737819872700673
direct_relation,descents,recoils,101,101,True,embedding,0.9089734936316276
direct_relation,descents,recoils,101,101,True,block_01,0.661049950244104
direct_relation,descents,recoils,101,101,True,block_02,0.5801251572420353
direct_relation,descents,recoils,101,101,True,block_03,0.6027313259726808
direct_relation,descents,recoils,101,101,True,block_04,0.22004636531254668
direct_relation,descents,recoils,101,101,True,final_norm,0.2342892727166387
no_direct_relation,descents,peaks,17,17,True,embedding,0.8836622139580733
no_direct_relation,descents,peaks,17,17,True,block_01,0.5351193917994538
no_direct_relation,descents,peaks,17,17,True,block_02,0.41437490285304474
no_direct_relation,descents,peaks,17,17,True,block_03,0.3561736417953923
no_direct_relation,descents,peaks,17,17,True,block_04,0.16849572103260535
no_direct_relation,descents,peaks,17,17,True,final_norm,0.15688874957272503
no_direct_relation,descents,peaks,17,42,False,embedding,0.8346178299279104
no_direct_relation,descents,peaks,17,42,False,block_01,0.6332546996398852
no_direct_relation,descents,peaks,17,42,False,block_02,0.5649113371731482
no_direct_relation,descents,peaks,17,42,False,block_03,0.5082786976607436
no_direct_relation,descents,peaks,17,42,False,block_04,0.22337906938013893
no_direct_relation,descents,peaks,17,42,False,final_norm,0.1838015427499383
no_direct_relation,descents,peaks,17,101,False,embedding,0.8341214010102023
no_direct_relation,descents,peaks,17,101,False,block_01,0.46332468161765716
no_direct_relation,descents,peaks,17,101,False,block_02,0.4963560856555228
no_direct_relation,descents,peaks,17,101,False,block_03,0.5227360948657255
no_direct_relation,descents,peaks,17,101,False,block_04,0.23191721853687255
no_direct_relation,descents,peaks,17,101,False,final_norm,0.17324486087710508
no_direct_relation,descents,peaks,42,17,False,embedding,0.8777039894592514
no_direct_relation,descents,peaks,42,17,False,block_01,0.5018781355567482
no_direct_relation,descents,peaks,42,17,False,block_02,0.4500641945985702
no_direct_relation,descents,peaks,42,17,False,block_03,0.37715845645909507
no_direct_relation,descents,peaks,42,17,False,block_04,0.21265510427100492
no_direct_relation,descents,peaks,42,17,False,final_norm,0.202328680956999
no_direct_relation,descents,peaks,42,42,True,embedding,0.8533900396549771
no_direct_relation,descents,peaks,42,42,True,block_01,0.6028602455197161
no_direct_relation,descents,peaks,42,42,True,block_02,0.5375284284672951
no_direct_relation,descents,peaks,42,42,True,block_03,0.6063359145422814
no_direct_relation,descents,peaks,42,42,True,block_04,0.26723261905601214
no_direct_relation,descents,peaks,42,42,True,final_norm,0.23134116381599207
no_direct_relation,descents,peaks,42,101,False,embedding,0.841223059150301
no_direct_relation,descents,peaks,42,101,False,block_01,0.48460985542419915
no_direct_relation,descents,peaks,42,101,False,block_02,0.5464111443912213
no_direct_relation,descents,peaks,42,101,False,block_03,0.6269206331752992
no_direct_relation,descents,peaks,42,101,False,block_04,0.28591946157296094
no_direct_relation,descents,peaks,42,101,False,final_norm,0.2105560326328969
no_direct_relation,descents,peaks,101,17,False,embedding,0.8617137699940808
no_direct_relation,descents,peaks,101,17,False,block_01,0.6378245386402968
no_direct_relation,descents,peaks,101,17,False,block_02,0.5019561050915466
no_direct_relation,descents,peaks,101,17,False,block_03,0.3489048670031578
no_direct_relation,descents,peaks,101,17,False,block_04,0.21516030980489192
no_direct_relation,descents,peaks,101,17,False,final_norm,0.21535751476219328
no_direct_relation,descents,peaks,101,42,False,embedding,0.8267327032095039
no_direct_relation,descents,peaks,101,42,False,block_01,0.6692576942417059
no_direct_relation,descents,peaks,101,42,False,block_02,0.5794036751685384
no_direct_relation,descents,peaks,101,42,False,block_03,0.5480908805490956
no_direct_relation,descents,peaks,101,42,False,block_04,0.2718297365554584
no_direct_relation,descents,peaks,101,42,False,final_norm,0.24538588136109687
no_direct_relation,descents,peaks,101,101,True,embedding,0.851676196413983
no_direct_relation,descents,peaks,101,101,True,block_01,0.5619821947612381
no_direct_relation,descents,peaks,101,101,True,block_02,0.5819088497761385
no_direct_relation,descents,peaks,101,101,True,block_03,0.5979280449934569
no_direct_relation,descents,peaks,101,101,True,block_04,0.3097628132913215
no_direct_relation,descents,peaks,101,101,True,final_norm,0.22360544186521972
no_direct_relation,descents,valleys,17,17,True,embedding,0.7973760295375184
no_direct_relation,descents,valleys,17,17,True,block_01,0.48531201908679045
no_direct_relation,descents,valleys,17,17,True,block_02,0.5279255676784651
no_direct_relation,descents,valleys,17,17,True,block_03,0.6086927215774603
no_direct_relation,descents,valleys,17,17,True,block_04,0.1921404803611607
no_direct_relation,descents,valleys,17,17,True,final_norm,0.15826680325073003
no_direct_relation,descents,valleys,17,42,False,embedding,0.8429282038905773
no_direct_relation,descents,valleys,17,42,False,block_01,0.3460403042060685
no_direct_relation,descents,valleys,17,42,False,block_02,0.3593778647719923
no_direct_relation,descents,valleys,17,42,False,block_03,0.5263838310084055
no_direct_relation,descents,valleys,17,42,False,block_04,0.1985810453018164
no_direct_relation,descents,valleys,17,42,False,final_norm,0.13991285292994426
no_direct_relation,descents,valleys,17,101,False,embedding,0.8318541254353198
no_direct_relation,descents,valleys,17,101,False,block_01,0.4181021076769231
no_direct_relation,descents,valleys,17,101,False,block_02,0.3574044278209752
no_direct_relation,descents,valleys,17,101,False,block_03,0.4877667752503384
no_direct_relation,descents,valleys,17,101,False,block_04,0.2283457841895437
no_direct_relation,descents,valleys,17,101,False,final_norm,0.16208123815698547
no_direct_relation,descents,valleys,42,17,False,embedding,0.794821764234187
no_direct_relation,descents,valleys,42,17,False,block_01,0.46649623065747425
no_direct_relation,descents,valleys,42,17,False,block_02,0.5348065243679181
no_direct_relation,descents,valleys,42,17,False,block_03,0.6435083434449059
no_direct_relation,descents,valleys,42,17,False,block_04,0.2161907177378125
no_direct_relation,descents,valleys,42,17,False,final_norm,0.18355210710855407
no_direct_relation,descents,valleys,42,42,True,embedding,0.8454056610767611
no_direct_relation,descents,valleys,42,42,True,block_01,0.3008630447899936
no_direct_relation,descents,valleys,42,42,True,block_02,0.4364537700459718
no_direct_relation,descents,valleys,42,42,True,block_03,0.614121015856256
no_direct_relation,descents,valleys,42,42,True,block_04,0.24509059193780144
no_direct_relation,descents,valleys,42,42,True,final_norm,0.16957259386818102
no_direct_relation,descents,valleys,42,101,False,embedding,0.8177501723904469
no_direct_relation,descents,valleys,42,101,False,block_01,0.3786045917279151
no_direct_relation,descents,valleys,42,101,False,block_02,0.4455434377334831
no_direct_relation,descents,valleys,42,101,False,block_03,0.5858384014932607
no_direct_relation,descents,valleys,42,101,False,block_04,0.2886024119863652
no_direct_relation,descents,valleys,42,101,False,final_norm,0.19607168501554184
no_direct_relation,descents,valleys,101,17,False,embedding,0.8127598702516766
no_direct_relation,descents,valleys,101,17,False,block_01,0.5257815819330687
no_direct_relation,descents,valleys,101,17,False,block_02,0.5639114073561342
no_direct_relation,descents,valleys,101,17,False,block_03,0.6075712625111779
no_direct_relation,descents,valleys,101,17,False,block_04,0.22870648202965335
no_direct_relation,descents,valleys,101,17,False,final_norm,0.2020631024842524
no_direct_relation,descents,valleys,101,42,False,embedding,0.8426425763331629
no_direct_relation,descents,valleys,101,42,False,block_01,0.44429986046248726
no_direct_relation,descents,valleys,101,42,False,block_02,0.4675327060245775
no_direct_relation,descents,valleys,101,42,False,block_03,0.5571227355095757
no_direct_relation,descents,valleys,101,42,False,block_04,0.2625768275266788
no_direct_relation,descents,valleys,101,42,False,final_norm,0.18132658213012418
no_direct_relation,descents,valleys,101,101,True,embedding,0.8331848758513963
no_direct_relation,descents,valleys,101,101,True,block_01,0.5232451927746479
no_direct_relation,descents,valleys,101,101,True,block_02,0.48977777666746086
no_direct_relation,descents,valleys,101,101,True,block_03,0.57475793541706
no_direct_relation,descents,valleys,101,101,True,block_04,0.31440975686668515
no_direct_relation,descents,valleys,101,101,True,final_norm,0.21048643286591417
no_direct_relation,descents,fixed_points,17,17,True,embedding,0.5883249438153655
no_direct_relation,descents,fixed_points,17,17,True,block_01,0.06939226843715904
no_direct_relation,descents,fixed_points,17,17,True,block_02,0.04188664789270361
no_direct_relation,descents,fixed_points,17,17,True,block_03,0.017741193844001246
no_direct_relation,descents,fixed_points,17,17,True,block_04,0.010772406788782041
no_direct_relation,descents,fixed_points,17,17,True,final_norm,0.006296263191494357
no_direct_relation,descents,fixed_points,17,42,False,embedding,0.5005360781997019
no_direct_relation,descents,fixed_points,17,42,False,block_01,0.03446462596230792
no_direct_relation,descents,fixed_points,17,42,False,block_02,0.027395092666107353
no_direct_relation,descents,fixed_points,17,42,False,block_03,0.024222697409501198
no_direct_relation,descents,fixed_points,17,42,False,block_04,0.009524730239642157
no_direct_relation,descents,fixed_points,17,42,False,final_norm,0.005231172994183409
no_direct_relation,descents,fixed_points,17,101,False,embedding,0.5716681817161547
no_direct_relation,descents,fixed_points,17,101,False,block_01,0.09064629151603669
no_direct_relation,descents,fixed_points,17,101,False,block_02,0.1473267759331432
no_direct_relation,descents,fixed_points,17,101,False,block_03,0.19773471237599424
no_direct_relation,descents,fixed_points,17,101,False,block_04,0.100371579969268
no_direct_relation,descents,fixed_points,17,101,False,final_norm,0.0621363562610858
no_direct_relation,descents,fixed_points,42,17,False,embedding,0.5790004599760875
no_direct_relation,descents,fixed_points,42,17,False,block_01,0.08068857063431789
no_direct_relation,descents,fixed_points,42,17,False,block_02,0.04751217220829608
no_direct_relation,descents,fixed_points,42,17,False,block_03,0.01930113789041351
no_direct_relation,descents,fixed_points,42,17,False,block_04,0.009206771523597794
no_direct_relation,descents,fixed_points,42,17,False,final_norm,0.00573302981668838
no_direct_relation,descents,fixed_points,42,42,True,embedding,0.5081231673542926
no_direct_relation,descents,fixed_points,42,42,True,block_01,0.03934370477374774
no_direct_relation,descents,fixed_points,42,42,True,block_02,0.025421458467783764
no_direct_relation,descents,fixed_points,42,42,True,block_03,0.02120024399487178
no_direct_relation,descents,fixed_points,42,42,True,block_04,0.008551055273676443
no_direct_relation,descents,fixed_points,42,42,True,final_norm,0.004771087901645218
no_direct_relation,descents,fixed_points,42,101,False,embedding,0.5924627609620189
no_direct_relation,descents,fixed_points,42,101,False,block_01,0.1079448258001199
no_direct_relation,descents,fixed_points,42,101,False,block_02,0.30281428154879225
no_direct_relation,descents,fixed_points,42,101,False,block_03,0.4079454232731705
no_direct_relation,descents,fixed_points,42,101,False,block_04,0.20357374459336847
no_direct_relation,descents,fixed_points,42,101,False,final_norm,0.10400753937780097
no_direct_relation,descents,fixed_points,101,17,False,embedding,0.62117723931232
no_direct_relation,descents,fixed_points,101,17,False,block_01,0.07759303908682244
no_direct_relation,descents,fixed_points,101,17,False,block_02,0.04669110609107196
no_direct_relation,descents,fixed_points,101,17,False,block_03,0.018689787769659707
no_direct_relation,descents,fixed_points,101,17,False,block_04,0.014191300308392944
no_direct_relation,descents,fixed_points,101,17,False,final_norm,0.007422472136095976
no_direct_relation,descents,fixed_points,101,42,False,embedding,0.5438044470272724
no_direct_relation,descents,fixed_points,101,42,False,block_01,0.03363844088721404
no_direct_relation,descents,fixed_points,101,42,False,block_02,0.02772388759275084
no_direct_relation,descents,fixed_points,101,42,False,block_03,0.023347449782508925
no_direct_relation,descents,fixed_points,101,42,False,block_04,0.013556531571625164
no_direct_relation,descents,fixed_points,101,42,False,final_norm,0.006201878136275409
no_direct_relation,descents,fixed_points,101,101,True,embedding,0.6195451683559225
no_direct_relation,descents,fixed_points,101,101,True,block_01,0.11050548331141706
no_direct_relation,descents,fixed_points,101,101,True,block_02,0.27791779015538814
no_direct_relation,descents,fixed_points,101,101,True,block_03,0.3966395262520901
no_direct_relation,descents,fixed_points,101,101,True,block_04,0.25848308347825066
no_direct_relation,descents,fixed_points,101,101,True,final_norm,0.12703909001061914
no_direct_relation,descents,anti_fixed_points,17,17,True,embedding,0.4106868448891135
no_direct_relation,descents,anti_fixed_points,17,17,True,block_01,0.29026973293317687
no_direct_relation,descents,anti_fixed_points,17,17,True,block_02,0.2341311624279997
no_direct_relation,descents,anti_fixed_points,17,17,True,block_03,0.27708593926794334
no_direct_relation,descents,anti_fixed_points,17,17,True,block_04,0.1048292316427753
no_direct_relation,descents,anti_fixed_points,17,17,True,final_norm,0.07206556205693675
no_direct_relation,descents,anti_fixed_points,17,42,False,embedding,0.3993171462035559
no_direct_relation,descents,anti_fixed_points,17,42,False,block_01,0.2822365563298755
no_direct_relation,descents,anti_fixed_points,17,42,False,block_02,0.2221136118246707
no_direct_relation,descents,anti_fixed_points,17,42,False,block_03,0.17345409825401994
no_direct_relation,descents,anti_fixed_points,17,42,False,block_04,0.056377902068693274
no_direct_relation,descents,anti_fixed_points,17,42,False,final_norm,0.03983544389653997
no_direct_relation,descents,anti_fixed_points,17,101,False,embedding,0.4563116721547874
no_direct_relation,descents,anti_fixed_points,17,101,False,block_01,0.26833091216608296
no_direct_relation,descents,anti_fixed_points,17,101,False,block_02,0.37393424843745227
no_direct_relation,descents,anti_fixed_points,17,101,False,block_03,0.2664498784787324
no_direct_relation,descents,anti_fixed_points,17,101,False,block_04,0.08690082931749844
no_direct_relation,descents,anti_fixed_points,17,101,False,final_norm,0.05357382581329605
no_direct_relation,descents,anti_fixed_points,42,17,False,embedding,0.43591941414100543
no_direct_relation,descents,anti_fixed_points,42,17,False,block_01,0.37230521962327806
no_direct_relation,descents,anti_fixed_points,42,17,False,block_02,0.24572749813372352
no_direct_relation,descents,anti_fixed_points,42,17,False,block_03,0.3072803523329955
no_direct_relation,descents,anti_fixed_points,42,17,False,block_04,0.10679064049708743
no_direct_relation,descents,anti_fixed_points,42,17,False,final_norm,0.08042373110111317
no_direct_relation,descents,anti_fixed_points,42,42,True,embedding,0.4318055297077964
no_direct_relation,descents,anti_fixed_points,42,42,True,block_01,0.31829466309757726
no_direct_relation,descents,anti_fixed_points,42,42,True,block_02,0.26156925841533873
no_direct_relation,descents,anti_fixed_points,42,42,True,block_03,0.20239572167932726
no_direct_relation,descents,anti_fixed_points,42,42,True,block_04,0.051585107655516535
no_direct_relation,descents,anti_fixed_points,42,42,True,final_norm,0.03766207791464774
no_direct_relation,descents,anti_fixed_points,42,101,False,embedding,0.47277538405467234
no_direct_relation,descents,anti_fixed_points,42,101,False,block_01,0.37242547059802306
no_direct_relation,descents,anti_fixed_points,42,101,False,block_02,0.37940821117110846
no_direct_relation,descents,anti_fixed_points,42,101,False,block_03,0.3031349213682206
no_direct_relation,descents,anti_fixed_points,42,101,False,block_04,0.08527827897845097
no_direct_relation,descents,anti_fixed_points,42,101,False,final_norm,0.051619017173585954
no_direct_relation,descents,anti_fixed_points,101,17,False,embedding,0.4522208974205494
no_direct_relation,descents,anti_fixed_points,101,17,False,block_01,0.3018015104756288
no_direct_relation,descents,anti_fixed_points,101,17,False,block_02,0.22787615717071247
no_direct_relation,descents,anti_fixed_points,101,17,False,block_03,0.28825974406682914
no_direct_relation,descents,anti_fixed_points,101,17,False,block_04,0.12644191582549466
no_direct_relation,descents,anti_fixed_points,101,17,False,final_norm,0.0897960625930492
no_direct_relation,descents,anti_fixed_points,101,42,False,embedding,0.43471741765801236
no_direct_relation,descents,anti_fixed_points,101,42,False,block_01,0.3213114485704211
no_direct_relation,descents,anti_fixed_points,101,42,False,block_02,0.23609887334802795
no_direct_relation,descents,anti_fixed_points,101,42,False,block_03,0.18545028315471634
no_direct_relation,descents,anti_fixed_points,101,42,False,block_04,0.06472104540807475
no_direct_relation,descents,anti_fixed_points,101,42,False,final_norm,0.043528624434433574
no_direct_relation,descents,anti_fixed_points,101,101,True,embedding,0.5131356273994271
no_direct_relation,descents,anti_fixed_points,101,101,True,block_01,0.268290354054278
no_direct_relation,descents,anti_fixed_points,101,101,True,block_02,0.3137671727735531
no_direct_relation,descents,anti_fixed_points,101,101,True,block_03,0.2293832757759386
no_direct_relation,descents,anti_fixed_points,101,101,True,block_04,0.0831101106160459
no_direct_relation,descents,anti_fixed_points,101,101,True,final_norm,0.05366026203989408
no_direct_relation,descents,exceedances,17,17,True,embedding,0.8679940753606001
no_direct_relation,descents,exceedances,17,17,True,block_01,0.8179038101442366
no_direct_relation,descents,exceedances,17,17,True,block_02,0.6838579293710031
no_direct_relation,descents,exceedances,17,17,True,block_03,0.5188071371000498
no_direct_relation,descents,exceedances,17,17,True,block_04,0.13495201099185303
no_direct_relation,descents,exceedances,17,17,True,final_norm,0.10920800524883625
no_direct_relation,descents,exceedances,17,42,False,embedding,0.8726424350425087
no_direct_relation,descents,exceedances,17,42,False,block_01,0.7806222906552978
no_direct_relation,descents,exceedances,17,42,False,block_02,0.5933859332488844
no_direct_relation,descents,exceedances,17,42,False,block_03,0.4466547284276925
no_direct_relation,descents,exceedances,17,42,False,block_04,0.1424884907757272
no_direct_relation,descents,exceedances,17,42,False,final_norm,0.11532373655435976
no_direct_relation,descents,exceedances,17,101,False,embedding,0.9052749511422675
no_direct_relation,descents,exceedances,17,101,False,block_01,0.7746435889779999
no_direct_relation,descents,exceedances,17,101,False,block_02,0.6398593244297378
no_direct_relation,descents,exceedances,17,101,False,block_03,0.48666234682040066
no_direct_relation,descents,exceedances,17,101,False,block_04,0.16913984697587597
no_direct_relation,descents,exceedances,17,101,False,final_norm,0.12821462043864734
no_direct_relation,descents,exceedances,42,17,False,embedding,0.8804055740944478
no_direct_relation,descents,exceedances,42,17,False,block_01,0.8504817559877015
no_direct_relation,descents,exceedances,42,17,False,block_02,0.7564458850946537
no_direct_relation,descents,exceedances,42,17,False,block_03,0.5831538642304364
no_direct_relation,descents,exceedances,42,17,False,block_04,0.17893301337465714
no_direct_relation,descents,exceedances,42,17,False,final_norm,0.15248474213502133
no_direct_relation,descents,exceedances,42,42,True,embedding,0.8765704201856243
no_direct_relation,descents,exceedances,42,42,True,block_01,0.6780037481424254
no_direct_relation,descents,exceedances,42,42,True,block_02,0.5934527401351058
no_direct_relation,descents,exceedances,42,42,True,block_03,0.46088919460311295
no_direct_relation,descents,exceedances,42,42,True,block_04,0.1687864732185751
no_direct_relation,descents,exceedances,42,42,True,final_norm,0.14796740590101873
no_direct_relation,descents,exceedances,42,101,False,embedding,0.9078657001756163
no_direct_relation,descents,exceedances,42,101,False,block_01,0.7226842438388626
no_direct_relation,descents,exceedances,42,101,False,block_02,0.6889687297118805
no_direct_relation,descents,exceedances,42,101,False,block_03,0.5243101240505027
no_direct_relation,descents,exceedances,42,101,False,block_04,0.20681017680965896
no_direct_relation,descents,exceedances,42,101,False,final_norm,0.16525181751461393
no_direct_relation,descents,exceedances,101,17,False,embedding,0.8466311632224072
no_direct_relation,descents,exceedances,101,17,False,block_01,0.8569597910375253
no_direct_relation,descents,exceedances,101,17,False,block_02,0.7485775266913136
no_direct_relation,descents,exceedances,101,17,False,block_03,0.5455564199600763
no_direct_relation,descents,exceedances,101,17,False,block_04,0.2038239255586573
no_direct_relation,descents,exceedances,101,17,False,final_norm,0.174875733019945
no_direct_relation,descents,exceedances,101,42,False,embedding,0.8697834301040737
no_direct_relation,descents,exceedances,101,42,False,block_01,0.7809102065336467
no_direct_relation,descents,exceedances,101,42,False,block_02,0.6516631769806087
no_direct_relation,descents,exceedances,101,42,False,block_03,0.44161463014053665
no_direct_relation,descents,exceedances,101,42,False,block_04,0.18560995716957396
no_direct_relation,descents,exceedances,101,42,False,final_norm,0.16985660877677672
no_direct_relation,descents,exceedances,101,101,True,embedding,0.922900757055966
no_direct_relation,descents,exceedances,101,101,True,block_01,0.8306920866819764
no_direct_relation,descents,exceedances,101,101,True,block_02,0.7088495945542004
no_direct_relation,descents,exceedances,101,101,True,block_03,0.5067056510114202
no_direct_relation,descents,exceedances,101,101,True,block_04,0.24127771446005017
no_direct_relation,descents,exceedances,101,101,True,final_norm,0.193862121721441
no_direct_relation,descents,deficiencies,17,17,True,embedding,0.7994855910147489
no_direct_relation,descents,deficiencies,17,17,True,block_01,0.7789312813386353
no_direct_relation,descents,deficiencies,17,17,True,block_02,0.6331477871168594
no_direct_relation,descents,deficiencies,17,17,True,block_03,0.4724570418170753
no_direct_relation,descents,deficiencies,17,17,True,block_04,0.1564924820228934
no_direct_relation,descents,deficiencies,17,17,True,final_norm,0.10453907194870586
no_direct_relation,descents,deficiencies,17,42,False,embedding,0.7925717446950519
no_direct_relation,descents,deficiencies,17,42,False,block_01,0.612264025611404
no_direct_relation,descents,deficiencies,17,42,False,block_02,0.6130368978937528
no_direct_relation,descents,deficiencies,17,42,False,block_03,0.4235915314278052
no_direct_relation,descents,deficiencies,17,42,False,block_04,0.13075551795204396
no_direct_relation,descents,deficiencies,17,42,False,final_norm,0.09276518570460673
no_direct_relation,descents,deficiencies,17,101,False,embedding,0.8425310616608394
no_direct_relation,descents,deficiencies,17,101,False,block_01,0.7644693335916185
no_direct_relation,descents,deficiencies,17,101,False,block_02,0.7067639431956628
no_direct_relation,descents,deficiencies,17,101,False,block_03,0.5496332541034672
no_direct_relation,descents,deficiencies,17,101,False,block_04,0.1573380329135482
no_direct_relation,descents,deficiencies,17,101,False,final_norm,0.11440133832358605
no_direct_relation,descents,deficiencies,42,17,False,embedding,0.808007172522328
no_direct_relation,descents,deficiencies,42,17,False,block_01,0.8056856941064253
no_direct_relation,descents,deficiencies,42,17,False,block_02,0.6677966298805537
no_direct_relation,descents,deficiencies,42,17,False,block_03,0.49230148764161236
no_direct_relation,descents,deficiencies,42,17,False,block_04,0.1806052387087129
no_direct_relation,descents,deficiencies,42,17,False,final_norm,0.1336507844604904
no_direct_relation,descents,deficiencies,42,42,True,embedding,0.8069237693066966
no_direct_relation,descents,deficiencies,42,42,True,block_01,0.5961162071264808
no_direct_relation,descents,deficiencies,42,42,True,block_02,0.6916014102112542
no_direct_relation,descents,deficiencies,42,42,True,block_03,0.47429123607339996
no_direct_relation,descents,deficiencies,42,42,True,block_04,0.15129318678679046
no_direct_relation,descents,deficiencies,42,42,True,final_norm,0.11407947064795018
no_direct_relation,descents,deficiencies,42,101,False,embedding,0.8475507492629206
no_direct_relation,descents,deficiencies,42,101,False,block_01,0.8448981628790667
no_direct_relation,descents,deficiencies,42,101,False,block_02,0.800570059502807
no_direct_relation,descents,deficiencies,42,101,False,block_03,0.6215627202964962
no_direct_relation,descents,deficiencies,42,101,False,block_04,0.19848853921047033
no_direct_relation,descents,deficiencies,42,101,False,final_norm,0.15478985059799857
no_direct_relation,descents,deficiencies,101,17,False,embedding,0.7920911086623358
no_direct_relation,descents,deficiencies,101,17,False,block_01,0.7367696155830576
no_direct_relation,descents,deficiencies,101,17,False,block_02,0.6587513784937233
no_direct_relation,descents,deficiencies,101,17,False,block_03,0.43977757153941077
no_direct_relation,descents,deficiencies,101,17,False,block_04,0.2098783575718731
no_direct_relation,descents,deficiencies,101,17,False,final_norm,0.15489342701258726
no_direct_relation,descents,deficiencies,101,42,False,embedding,0.7904803382847977
no_direct_relation,descents,deficiencies,101,42,False,block_01,0.6801003404809094
no_direct_relation,descents,deficiencies,101,42,False,block_02,0.7164647980302663
no_direct_relation,descents,deficiencies,101,42,False,block_03,0.430608009581204
no_direct_relation,descents,deficiencies,101,42,False,block_04,0.17945897765398985
no_direct_relation,descents,deficiencies,101,42,False,final_norm,0.13189547813669708
no_direct_relation,descents,deficiencies,101,101,True,embedding,0.8229536120282471
no_direct_relation,descents,deficiencies,101,101,True,block_01,0.8260310316020136
no_direct_relation,descents,deficiencies,101,101,True,block_02,0.7416074299584385
no_direct_relation,descents,deficiencies,101,101,True,block_03,0.5569455579318783
no_direct_relation,descents,deficiencies,101,101,True,block_04,0.22816731771874027
no_direct_relation,descents,deficiencies,101,101,True,final_norm,0.18047703685611938
no_direct_relation,descents,lis_length,17,17,True,embedding,0.6745060010639686
no_direct_relation,descents,lis_length,17,17,True,block_01,0.7263266945951722
no_direct_relation,descents,lis_length,17,17,True,block_02,0.3843805269035439
no_direct_relation,descents,lis_length,17,17,True,block_03,0.44739036545079974
no_direct_relation,descents,lis_length,17,17,True,block_04,0.19697628266809808
no_direct_relation,descents,lis_length,17,17,True,final_norm,0.1343203628039706
no_direct_relation,descents,lis_length,17,42,False,embedding,0.7061307918522959
no_direct_relation,descents,lis_length,17,42,False,block_01,0.4048418254053367
no_direct_relation,descents,lis_length,17,42,False,block_02,0.274972959856845
no_direct_relation,descents,lis_length,17,42,False,block_03,0.4920805891470578
no_direct_relation,descents,lis_length,17,42,False,block_04,0.17261419428345365
no_direct_relation,descents,lis_length,17,42,False,final_norm,0.11451801220393062
no_direct_relation,descents,lis_length,17,101,False,embedding,0.6791446396232204
no_direct_relation,descents,lis_length,17,101,False,block_01,0.6611059089161583
no_direct_relation,descents,lis_length,17,101,False,block_02,0.2962763103344071
no_direct_relation,descents,lis_length,17,101,False,block_03,0.4410562320707656
no_direct_relation,descents,lis_length,17,101,False,block_04,0.12294971511781819
no_direct_relation,descents,lis_length,17,101,False,final_norm,0.09359971633184937
no_direct_relation,descents,lis_length,42,17,False,embedding,0.6660996982430487
no_direct_relation,descents,lis_length,42,17,False,block_01,0.6084697135192031
no_direct_relation,descents,lis_length,42,17,False,block_02,0.44451023659792144
no_direct_relation,descents,lis_length,42,17,False,block_03,0.5717128072375244
no_direct_relation,descents,lis_length,42,17,False,block_04,0.23635399863474432
no_direct_relation,descents,lis_length,42,17,False,final_norm,0.15940713418848776
no_direct_relation,descents,lis_length,42,42,True,embedding,0.6949036492254471
no_direct_relation,descents,lis_length,42,42,True,block_01,0.34401124961994495
no_direct_relation,descents,lis_length,42,42,True,block_02,0.3850060341561412
no_direct_relation,descents,lis_length,42,42,True,block_03,0.5906736446729907
no_direct_relation,descents,lis_length,42,42,True,block_04,0.1957965769797476
no_direct_relation,descents,lis_length,42,42,True,final_norm,0.138846621446862
no_direct_relation,descents,lis_length,42,101,False,embedding,0.6736404626114068
no_direct_relation,descents,lis_length,42,101,False,block_01,0.5567248218446154
no_direct_relation,descents,lis_length,42,101,False,block_02,0.357413621329211
no_direct_relation,descents,lis_length,42,101,False,block_03,0.5358424875051616
no_direct_relation,descents,lis_length,42,101,False,block_04,0.13881644144172658
no_direct_relation,descents,lis_length,42,101,False,final_norm,0.10685784174421548
no_direct_relation,descents,lis_length,101,17,False,embedding,0.718788061183688
no_direct_relation,descents,lis_length,101,17,False,block_01,0.68064202856328
no_direct_relation,descents,lis_length,101,17,False,block_02,0.44902437590513566
no_direct_relation,descents,lis_length,101,17,False,block_03,0.5230854977709978
no_direct_relation,descents,lis_length,101,17,False,block_04,0.25732242357500196
no_direct_relation,descents,lis_length,101,17,False,final_norm,0.17662982199198526
no_direct_relation,descents,lis_length,101,42,False,embedding,0.7314258620444365
no_direct_relation,descents,lis_length,101,42,False,block_01,0.445044766865151
no_direct_relation,descents,lis_length,101,42,False,block_02,0.39517359699638793
no_direct_relation,descents,lis_length,101,42,False,block_03,0.5426730144366702
no_direct_relation,descents,lis_length,101,42,False,block_04,0.2234774411980336
no_direct_relation,descents,lis_length,101,42,False,final_norm,0.14912645009285597
no_direct_relation,descents,lis_length,101,101,True,embedding,0.7282304729959608
no_direct_relation,descents,lis_length,101,101,True,block_01,0.6445320910974541
no_direct_relation,descents,lis_length,101,101,True,block_02,0.3758340567163568
no_direct_relation,descents,lis_length,101,101,True,block_03,0.45986853944200345
no_direct_relation,descents,lis_length,101,101,True,block_04,0.1475145746014799
no_direct_relation,descents,lis_length,101,101,True,final_norm,0.11824716859034892
no_direct_relation,descents,lds_length,17,17,True,embedding,0.6590019924364215
no_direct_relation,descents,lds_length,17,17,True,block_01,0.786997013651639
no_direct_relation,descents,lds_length,17,17,True,block_02,0.7190212202475197
no_direct_relation,descents,lds_length,17,17,True,block_03,0.5800361387087953
no_direct_relation,descents,lds_length,17,17,True,block_04,0.19510376137526603
no_direct_relation,descents,lds_length,17,17,True,final_norm,0.14552623443508617
no_direct_relation,descents,lds_length,17,42,False,embedding,0.6492057176807506
no_direct_relation,descents,lds_length,17,42,False,block_01,0.7094367657980611
no_direct_relation,descents,lds_length,17,42,False,block_02,0.7529058589444769
no_direct_relation,descents,lds_length,17,42,False,block_03,0.6236381600627446
no_direct_relation,descents,lds_length,17,42,False,block_04,0.19898511013793915
no_direct_relation,descents,lds_length,17,42,False,final_norm,0.15033570822048614
no_direct_relation,descents,lds_length,17,101,False,embedding,0.6276507813525126
no_direct_relation,descents,lds_length,17,101,False,block_01,0.7748181775482836
no_direct_relation,descents,lds_length,17,101,False,block_02,0.7608825439119986
no_direct_relation,descents,lds_length,17,101,False,block_03,0.631051369498888
no_direct_relation,descents,lds_length,17,101,False,block_04,0.20315540645455
no_direct_relation,descents,lds_length,17,101,False,final_norm,0.15395222818042467
no_direct_relation,descents,lds_length,42,17,False,embedding,0.6510363619658054
no_direct_relation,descents,lds_length,42,17,False,block_01,0.8035982251196769
no_direct_relation,descents,lds_length,42,17,False,block_02,0.7123531266932899
no_direct_relation,descents,lds_length,42,17,False,block_03,0.6559842724325966
no_direct_relation,descents,lds_length,42,17,False,block_04,0.22799561769415003
no_direct_relation,descents,lds_length,42,17,False,final_norm,0.19711611884784036
no_direct_relation,descents,lds_length,42,42,True,embedding,0.6431958434811625
no_direct_relation,descents,lds_length,42,42,True,block_01,0.8053502741737981
no_direct_relation,descents,lds_length,42,42,True,block_02,0.8194975137714997
no_direct_relation,descents,lds_length,42,42,True,block_03,0.7405952290380423
no_direct_relation,descents,lds_length,42,42,True,block_04,0.23700447128422292
no_direct_relation,descents,lds_length,42,42,True,final_norm,0.19653430131082258
no_direct_relation,descents,lds_length,42,101,False,embedding,0.6250734139093546
no_direct_relation,descents,lds_length,42,101,False,block_01,0.8339369326993595
no_direct_relation,descents,lds_length,42,101,False,block_02,0.8401306602364613
no_direct_relation,descents,lds_length,42,101,False,block_03,0.7306078023034884
no_direct_relation,descents,lds_length,42,101,False,block_04,0.24109035898439132
no_direct_relation,descents,lds_length,42,101,False,final_norm,0.208714031495325
no_direct_relation,descents,lds_length,101,17,False,embedding,0.6949702486534401
no_direct_relation,descents,lds_length,101,17,False,block_01,0.7223011865873992
no_direct_relation,descents,lds_length,101,17,False,block_02,0.6469062340054587
no_direct_relation,descents,lds_length,101,17,False,block_03,0.6273505357067061
no_direct_relation,descents,lds_length,101,17,False,block_04,0.2575145152632537
no_direct_relation,descents,lds_length,101,17,False,final_norm,0.22413282427790118
no_direct_relation,descents,lds_length,101,42,False,embedding,0.7077613215625972
no_direct_relation,descents,lds_length,101,42,False,block_01,0.6890809420119788
no_direct_relation,descents,lds_length,101,42,False,block_02,0.8023801931954135
no_direct_relation,descents,lds_length,101,42,False,block_03,0.690515784228366
no_direct_relation,descents,lds_length,101,42,False,block_04,0.27497083131841765
no_direct_relation,descents,lds_length,101,42,False,final_norm,0.22270191639488784
no_direct_relation,descents,lds_length,101,101,True,embedding,0.6866258050332851
no_direct_relation,descents,lds_length,101,101,True,block_01,0.7470705463432686
no_direct_relation,descents,lds_length,101,101,True,block_02,0.8111008185552901
no_direct_relation,descents,lds_length,101,101,True,block_03,0.6976500188878679
no_direct_relation,descents,lds_length,101,101,True,block_04,0.2797025959199299
no_direct_relation,descents,lds_length,101,101,True,final_norm,0.24014742821387972
no_direct_relation,descents,longest_increasing_run,17,17,True,embedding,0.6410244043174093
no_direct_relation,descents,longest_increasing_run,17,17,True,block_01,0.3554485651188596
no_direct_relation,descents,longest_increasing_run,17,17,True,block_02,0.4735432966541557
no_direct_relation,descents,longest_increasing_run,17,17,True,block_03,0.34677671128574533
no_direct_relation,descents,longest_increasing_run,17,17,True,block_04,0.0535482659648305
no_direct_relation,descents,longest_increasing_run,17,17,True,final_norm,0.0469472795471592
no_direct_relation,descents,longest_increasing_run,17,42,False,embedding,0.4776484751729875
no_direct_relation,descents,longest_increasing_run,17,42,False,block_01,0.5340404765072801
no_direct_relation,descents,longest_increasing_run,17,42,False,block_02,0.568030925697839
no_direct_relation,descents,longest_increasing_run,17,42,False,block_03,0.2603490169896728
no_direct_relation,descents,longest_increasing_run,17,42,False,block_04,0.08732443876420767
no_direct_relation,descents,longest_increasing_run,17,42,False,final_norm,0.06420603731177059
no_direct_relation,descents,longest_increasing_run,17,101,False,embedding,0.49728219481064234
no_direct_relation,descents,longest_increasing_run,17,101,False,block_01,0.5118249997910552
no_direct_relation,descents,longest_increasing_run,17,101,False,block_02,0.5840686353903417
no_direct_relation,descents,longest_increasing_run,17,101,False,block_03,0.385537814525539
no_direct_relation,descents,longest_increasing_run,17,101,False,block_04,0.08622549673315635
no_direct_relation,descents,longest_increasing_run,17,101,False,final_norm,0.056916753259758035
no_direct_relation,descents,longest_increasing_run,42,17,False,embedding,0.6148633470162875
no_direct_relation,descents,longest_increasing_run,42,17,False,block_01,0.39579035263742285
no_direct_relation,descents,longest_increasing_run,42,17,False,block_02,0.6787499033027689
no_direct_relation,descents,longest_increasing_run,42,17,False,block_03,0.4695928484875376
no_direct_relation,descents,longest_increasing_run,42,17,False,block_04,0.06719923273961063
no_direct_relation,descents,longest_increasing_run,42,17,False,final_norm,0.06019933716655221
no_direct_relation,descents,longest_increasing_run,42,42,True,embedding,0.482414026367419
no_direct_relation,descents,longest_increasing_run,42,42,True,block_01,0.6532284595347716
no_direct_relation,descents,longest_increasing_run,42,42,True,block_02,0.6776902983056122
no_direct_relation,descents,longest_increasing_run,42,42,True,block_03,0.32067009860819506
no_direct_relation,descents,longest_increasing_run,42,42,True,block_04,0.09856985542715162
no_direct_relation,descents,longest_increasing_run,42,42,True,final_norm,0.07137915587368218
no_direct_relation,descents,longest_increasing_run,42,101,False,embedding,0.5013164248352661
no_direct_relation,descents,longest_increasing_run,42,101,False,block_01,0.6153781274330403
no_direct_relation,descents,longest_increasing_run,42,101,False,block_02,0.769962476806478
no_direct_relation,descents,longest_increasing_run,42,101,False,block_03,0.5730656076500742
no_direct_relation,descents,longest_increasing_run,42,101,False,block_04,0.10258537143287362
no_direct_relation,descents,longest_increasing_run,42,101,False,final_norm,0.06590215403933214
no_direct_relation,descents,longest_increasing_run,101,17,False,embedding,0.6444767033209964
no_direct_relation,descents,longest_increasing_run,101,17,False,block_01,0.5042567771882507
no_direct_relation,descents,longest_increasing_run,101,17,False,block_02,0.6546668858143078
no_direct_relation,descents,longest_increasing_run,101,17,False,block_03,0.3911434465019455
no_direct_relation,descents,longest_increasing_run,101,17,False,block_04,0.06442088449880602
no_direct_relation,descents,longest_increasing_run,101,17,False,final_norm,0.056617169088770375
no_direct_relation,descents,longest_increasing_run,101,42,False,embedding,0.5538167075727448
no_direct_relation,descents,longest_increasing_run,101,42,False,block_01,0.6021280656978193
no_direct_relation,descents,longest_increasing_run,101,42,False,block_02,0.6179903366915838
no_direct_relation,descents,longest_increasing_run,101,42,False,block_03,0.2887661363162772
no_direct_relation,descents,longest_increasing_run,101,42,False,block_04,0.09962104721165453
no_direct_relation,descents,longest_increasing_run,101,42,False,final_norm,0.06822991554131097
no_direct_relation,descents,longest_increasing_run,101,101,True,embedding,0.5812636641662331
no_direct_relation,descents,longest_increasing_run,101,101,True,block_01,0.6788314060424385
no_direct_relation,descents,longest_increasing_run,101,101,True,block_02,0.6908329018093761
no_direct_relation,descents,longest_increasing_run,101,101,True,block_03,0.49247983085404246
no_direct_relation,descents,longest_increasing_run,101,101,True,block_04,0.10088253962104694
no_direct_relation,descents,longest_increasing_run,101,101,True,final_norm,0.06167703324870281
no_direct_relation,descents,longest_decreasing_run,17,17,True,embedding,0.5621110860446557
no_direct_relation,descents,longest_decreasing_run,17,17,True,block_01,0.44681112414525664
no_direct_relation,descents,longest_decreasing_run,17,17,True,block_02,0.5661935181269405
no_direct_relation,descents,longest_decreasing_run,17,17,True,block_03,0.3418188463488589
no_direct_relation,descents,longest_decreasing_run,17,17,True,block_04,0.0873158361135392
no_direct_relation,descents,longest_decreasing_run,17,17,True,final_norm,0.06497865163407056
no_direct_relation,descents,longest_decreasing_run,17,42,False,embedding,0.576005457885788
no_direct_relation,descents,longest_decreasing_run,17,42,False,block_01,0.39971194197056803
no_direct_relation,descents,longest_decreasing_run,17,42,False,block_02,0.5277750824249947
no_direct_relation,descents,longest_decreasing_run,17,42,False,block_03,0.4104575842274935
no_direct_relation,descents,longest_decreasing_run,17,42,False,block_04,0.09389386051944792
no_direct_relation,descents,longest_decreasing_run,17,42,False,final_norm,0.06936686965571125
no_direct_relation,descents,longest_decreasing_run,17,101,False,embedding,0.5704189414203531
no_direct_relation,descents,longest_decreasing_run,17,101,False,block_01,0.5048223474972564
no_direct_relation,descents,longest_decreasing_run,17,101,False,block_02,0.5772949224635986
no_direct_relation,descents,longest_decreasing_run,17,101,False,block_03,0.4649835117965597
no_direct_relation,descents,longest_decreasing_run,17,101,False,block_04,0.11136268541446669
no_direct_relation,descents,longest_decreasing_run,17,101,False,final_norm,0.06514375897052385
no_direct_relation,descents,longest_decreasing_run,42,17,False,embedding,0.551319286707839
no_direct_relation,descents,longest_decreasing_run,42,17,False,block_01,0.5509236473201754
no_direct_relation,descents,longest_decreasing_run,42,17,False,block_02,0.6045042639123122
no_direct_relation,descents,longest_decreasing_run,42,17,False,block_03,0.396688726670548
no_direct_relation,descents,longest_decreasing_run,42,17,False,block_04,0.09353414573980602
no_direct_relation,descents,longest_decreasing_run,42,17,False,final_norm,0.07800415086508206
no_direct_relation,descents,longest_decreasing_run,42,42,True,embedding,0.5820479078098768
no_direct_relation,descents,longest_decreasing_run,42,42,True,block_01,0.5029380251507954
no_direct_relation,descents,longest_decreasing_run,42,42,True,block_02,0.6057104634911157
no_direct_relation,descents,longest_decreasing_run,42,42,True,block_03,0.48722004231821503
no_direct_relation,descents,longest_decreasing_run,42,42,True,block_04,0.10719886928374797
no_direct_relation,descents,longest_decreasing_run,42,42,True,final_norm,0.08499936351847927
no_direct_relation,descents,longest_decreasing_run,42,101,False,embedding,0.5652904138078645
no_direct_relation,descents,longest_decreasing_run,42,101,False,block_01,0.5620336973905706
no_direct_relation,descents,longest_decreasing_run,42,101,False,block_02,0.6889563338073939
no_direct_relation,descents,longest_decreasing_run,42,101,False,block_03,0.5362566909055593
no_direct_relation,descents,longest_decreasing_run,42,101,False,block_04,0.11255094978413624
no_direct_relation,descents,longest_decreasing_run,42,101,False,final_norm,0.07673675496467942
no_direct_relation,descents,longest_decreasing_run,101,17,False,embedding,0.598383169849833
no_direct_relation,descents,longest_decreasing_run,101,17,False,block_01,0.47931239840395107
no_direct_relation,descents,longest_decreasing_run,101,17,False,block_02,0.5997175553176901
no_direct_relation,descents,longest_decreasing_run,101,17,False,block_03,0.427193720278358
no_direct_relation,descents,longest_decreasing_run,101,17,False,block_04,0.12519416509927572
no_direct_relation,descents,longest_decreasing_run,101,17,False,final_norm,0.10428923123914555
no_direct_relation,descents,longest_decreasing_run,101,42,False,embedding,0.608107635101812
no_direct_relation,descents,longest_decreasing_run,101,42,False,block_01,0.4873770441702119
no_direct_relation,descents,longest_decreasing_run,101,42,False,block_02,0.6055641277113943
no_direct_relation,descents,longest_decreasing_run,101,42,False,block_03,0.5431709483940141
no_direct_relation,descents,longest_decreasing_run,101,42,False,block_04,0.14149557349441275
no_direct_relation,descents,longest_decreasing_run,101,42,False,final_norm,0.1128233417142015
no_direct_relation,descents,longest_decreasing_run,101,101,True,embedding,0.6490881676547889
no_direct_relation,descents,longest_decreasing_run,101,101,True,block_01,0.5707705423736179
no_direct_relation,descents,longest_decreasing_run,101,101,True,block_02,0.6891597674085266
no_direct_relation,descents,longest_decreasing_run,101,101,True,block_03,0.5983838683231483
no_direct_relation,descents,longest_decreasing_run,101,101,True,block_04,0.1547785220287783
no_direct_relation,descents,longest_decreasing_run,101,101,True,final_norm,0.1033270396096505
no_direct_relation,descents,left_to_right_maxima,17,17,True,embedding,0.37051363599889325
no_direct_relation,descents,left_to_right_maxima,17,17,True,block_01,0.22275685110422366
no_direct_relation,descents,left_to_right_maxima,17,17,True,block_02,0.23899567712048678
no_direct_relation,descents,left_to_right_maxima,17,17,True,block_03,0.1394762144852657
no_direct_relation,descents,left_to_right_maxima,17,17,True,block_04,0.04155426495194049
no_direct_relation,descents,left_to_right_maxima,17,17,True,final_norm,0.03345427450287702
no_direct_relation,descents,left_to_right_maxima,17,42,False,embedding,0.3935261561742606
no_direct_relation,descents,left_to_right_maxima,17,42,False,block_01,0.24979432588323763
no_direct_relation,descents,left_to_right_maxima,17,42,False,block_02,0.28895250348878854
no_direct_relation,descents,left_to_right_maxima,17,42,False,block_03,0.15723041622737863
no_direct_relation,descents,left_to_right_maxima,17,42,False,block_04,0.043225357876599216
no_direct_relation,descents,left_to_right_maxima,17,42,False,final_norm,0.03658394806778052
no_direct_relation,descents,left_to_right_maxima,17,101,False,embedding,0.5719675624691164
no_direct_relation,descents,left_to_right_maxima,17,101,False,block_01,0.14827452689761014
no_direct_relation,descents,left_to_right_maxima,17,101,False,block_02,0.15711565378307354
no_direct_relation,descents,left_to_right_maxima,17,101,False,block_03,0.09639845183464754
no_direct_relation,descents,left_to_right_maxima,17,101,False,block_04,0.031164960981188535
no_direct_relation,descents,left_to_right_maxima,17,101,False,final_norm,0.025454032018613456
no_direct_relation,descents,left_to_right_maxima,42,17,False,embedding,0.4027002571443845
no_direct_relation,descents,left_to_right_maxima,42,17,False,block_01,0.2518265663600269
no_direct_relation,descents,left_to_right_maxima,42,17,False,block_02,0.27787882177797674
no_direct_relation,descents,left_to_right_maxima,42,17,False,block_03,0.1780682510974252
no_direct_relation,descents,left_to_right_maxima,42,17,False,block_04,0.05096306458962514
no_direct_relation,descents,left_to_right_maxima,42,17,False,final_norm,0.04088334705608124
no_direct_relation,descents,left_to_right_maxima,42,42,True,embedding,0.420219731656619
no_direct_relation,descents,left_to_right_maxima,42,42,True,block_01,0.25958927182911273
no_direct_relation,descents,left_to_right_maxima,42,42,True,block_02,0.3252113246025479
no_direct_relation,descents,left_to_right_maxima,42,42,True,block_03,0.19828454186624453
no_direct_relation,descents,left_to_right_maxima,42,42,True,block_04,0.055472514546362664
no_direct_relation,descents,left_to_right_maxima,42,42,True,final_norm,0.04414439903566269
no_direct_relation,descents,left_to_right_maxima,42,101,False,embedding,0.5795162463141539
no_direct_relation,descents,left_to_right_maxima,42,101,False,block_01,0.1468825029908286
no_direct_relation,descents,left_to_right_maxima,42,101,False,block_02,0.14329039243201203
no_direct_relation,descents,left_to_right_maxima,42,101,False,block_03,0.10587163838645411
no_direct_relation,descents,left_to_right_maxima,42,101,False,block_04,0.03267777841928545
no_direct_relation,descents,left_to_right_maxima,42,101,False,final_norm,0.026564280638003
no_direct_relation,descents,left_to_right_maxima,101,17,False,embedding,0.42565437819323515
no_direct_relation,descents,left_to_right_maxima,101,17,False,block_01,0.23773034492807163
no_direct_relation,descents,left_to_right_maxima,101,17,False,block_02,0.2638893510640012
no_direct_relation,descents,left_to_right_maxima,101,17,False,block_03,0.15580889983691157
no_direct_relation,descents,left_to_right_maxima,101,17,False,block_04,0.05673444860110027
no_direct_relation,descents,left_to_right_maxima,101,17,False,final_norm,0.044214977940490695
no_direct_relation,descents,left_to_right_maxima,101,42,False,embedding,0.4579934600137162
no_direct_relation,descents,left_to_right_maxima,101,42,False,block_01,0.26403498119490537
no_direct_relation,descents,left_to_right_maxima,101,42,False,block_02,0.31642586513538884
no_direct_relation,descents,left_to_right_maxima,101,42,False,block_03,0.1784404206590608
no_direct_relation,descents,left_to_right_maxima,101,42,False,block_04,0.06209687773547581
no_direct_relation,descents,left_to_right_maxima,101,42,False,final_norm,0.04922094651604439
no_direct_relation,descents,left_to_right_maxima,101,101,True,embedding,0.6245222174628184
no_direct_relation,descents,left_to_right_maxima,101,101,True,block_01,0.1338401558241827
no_direct_relation,descents,left_to_right_maxima,101,101,True,block_02,0.14025710896203522
no_direct_relation,descents,left_to_right_maxima,101,101,True,block_03,0.08652657939567976
no_direct_relation,descents,left_to_right_maxima,101,101,True,block_04,0.03760718321950656
no_direct_relation,descents,left_to_right_maxima,101,101,True,final_norm,0.027714918447126292
no_direct_relation,descents,left_to_right_minima,17,17,True,embedding,0.5318657764715259
no_direct_relation,descents,left_to_right_minima,17,17,True,block_01,0.14622856500844808
no_direct_relation,descents,left_to_right_minima,17,17,True,block_02,0.13216786477161946
no_direct_relation,descents,left_to_right_minima,17,17,True,block_03,0.1325985031210444
no_direct_relation,descents,left_to_right_minima,17,17,True,block_04,0.05531351512157281
no_direct_relation,descents,left_to_right_minima,17,17,True,final_norm,0.047840535665210245
no_direct_relation,descents,left_to_right_minima,17,42,False,embedding,0.547044215787491
no_direct_relation,descents,left_to_right_minima,17,42,False,block_01,0.13147591884901
no_direct_relation,descents,left_to_right_minima,17,42,False,block_02,0.12085837538843583
no_direct_relation,descents,left_to_right_minima,17,42,False,block_03,0.12531205789550287
no_direct_relation,descents,left_to_right_minima,17,42,False,block_04,0.0538609557030449
no_direct_relation,descents,left_to_right_minima,17,42,False,final_norm,0.033060039561696085
no_direct_relation,descents,left_to_right_minima,17,101,False,embedding,0.49702044502519716
no_direct_relation,descents,left_to_right_minima,17,101,False,block_01,0.060033171282601924
no_direct_relation,descents,left_to_right_minima,17,101,False,block_02,0.09888374646666769
no_direct_relation,descents,left_to_right_minima,17,101,False,block_03,0.15260477914102705
no_direct_relation,descents,left_to_right_minima,17,101,False,block_04,0.06609841692591824
no_direct_relation,descents,left_to_right_minima,17,101,False,final_norm,0.04289030711381649
no_direct_relation,descents,left_to_right_minima,42,17,False,embedding,0.5562230879062883
no_direct_relation,descents,left_to_right_minima,42,17,False,block_01,0.19893249997790302
no_direct_relation,descents,left_to_right_minima,42,17,False,block_02,0.23576154826231432
no_direct_relation,descents,left_to_right_minima,42,17,False,block_03,0.20369098750272768
no_direct_relation,descents,left_to_right_minima,42,17,False,block_04,0.09513936797694614
no_direct_relation,descents,left_to_right_minima,42,17,False,final_norm,0.07314255811692531
no_direct_relation,descents,left_to_right_minima,42,42,True,embedding,0.5797543733371688
no_direct_relation,descents,left_to_right_minima,42,42,True,block_01,0.17551771765948326
no_direct_relation,descents,left_to_right_minima,42,42,True,block_02,0.1895982562976924
no_direct_relation,descents,left_to_right_minima,42,42,True,block_03,0.15990682350359747
no_direct_relation,descents,left_to_right_minima,42,42,True,block_04,0.05845143597051432
no_direct_relation,descents,left_to_right_minima,42,42,True,final_norm,0.03855800556347772
no_direct_relation,descents,left_to_right_minima,42,101,False,embedding,0.5079516538516956
no_direct_relation,descents,left_to_right_minima,42,101,False,block_01,0.08064817663480232
no_direct_relation,descents,left_to_right_minima,42,101,False,block_02,0.17083411391895167
no_direct_relation,descents,left_to_right_minima,42,101,False,block_03,0.2081100923260083
no_direct_relation,descents,left_to_right_minima,42,101,False,block_04,0.08526421266444817
no_direct_relation,descents,left_to_right_minima,42,101,False,final_norm,0.05764244780276113
no_direct_relation,descents,left_to_right_minima,101,17,False,embedding,0.580529039196534
no_direct_relation,descents,left_to_right_minima,101,17,False,block_01,0.27809845460566035
no_direct_relation,descents,left_to_right_minima,101,17,False,block_02,0.22514019708054248
no_direct_relation,descents,left_to_right_minima,101,17,False,block_03,0.20421725702074017
no_direct_relation,descents,left_to_right_minima,101,17,False,block_04,0.11820746029308875
no_direct_relation,descents,left_to_right_minima,101,17,False,final_norm,0.0911603433715685
no_direct_relation,descents,left_to_right_minima,101,42,False,embedding,0.5875365734650274
no_direct_relation,descents,left_to_right_minima,101,42,False,block_01,0.20093366653381828
no_direct_relation,descents,left_to_right_minima,101,42,False,block_02,0.18918603981488674
no_direct_relation,descents,left_to_right_minima,101,42,False,block_03,0.1736353447777174
no_direct_relation,descents,left_to_right_minima,101,42,False,block_04,0.08139909866044266
no_direct_relation,descents,left_to_right_minima,101,42,False,final_norm,0.05048521115114311
no_direct_relation,descents,left_to_right_minima,101,101,True,embedding,0.538479164723262
no_direct_relation,descents,left_to_right_minima,101,101,True,block_01,0.13152943741012096
no_direct_relation,descents,left_to_right_minima,101,101,True,block_02,0.1914179998729254
no_direct_relation,descents,left_to_right_minima,101,101,True,block_03,0.23671084387566627
no_direct_relation,descents,left_to_right_minima,101,101,True,block_04,0.11939367985277141
no_direct_relation,descents,left_to_right_minima,101,101,True,final_norm,0.07552079150306688
no_direct_relation,descents,global_descents,17,17,True,embedding,0.6212109530957786
no_direct_relation,descents,global_descents,17,17,True,block_01,0.1426158291843498
no_direct_relation,descents,global_descents,17,17,True,block_02,0.1439598342983412
no_direct_relation,descents,global_descents,17,17,True,block_03,0.11467755721629304
no_direct_relation,descents,global_descents,17,17,True,block_04,0.0667918946288287
no_direct_relation,descents,global_descents,17,17,True,final_norm,0.0479566129837633
no_direct_relation,descents,global_descents,17,42,False,embedding,0.5153323675840127
no_direct_relation,descents,global_descents,17,42,False,block_01,0.09434410145084743
no_direct_relation,descents,global_descents,17,42,False,block_02,0.10738157229277552
no_direct_relation,descents,global_descents,17,42,False,block_03,0.0998194248608858
no_direct_relation,descents,global_descents,17,42,False,block_04,0.03837576317161317
no_direct_relation,descents,global_descents,17,42,False,final_norm,0.02155822764050203
no_direct_relation,descents,global_descents,17,101,False,embedding,0.5007568367519258
no_direct_relation,descents,global_descents,17,101,False,block_01,0.06136199231819126
no_direct_relation,descents,global_descents,17,101,False,block_02,0.09543325136137888
no_direct_relation,descents,global_descents,17,101,False,block_03,0.07937954592967696
no_direct_relation,descents,global_descents,17,101,False,block_04,0.030846297812569628
no_direct_relation,descents,global_descents,17,101,False,final_norm,0.026706642617855672
no_direct_relation,descents,global_descents,42,17,False,embedding,0.6208268220706886
no_direct_relation,descents,global_descents,42,17,False,block_01,0.20585334700517252
no_direct_relation,descents,global_descents,42,17,False,block_02,0.2121294779980339
no_direct_relation,descents,global_descents,42,17,False,block_03,0.13835700499958137
no_direct_relation,descents,global_descents,42,17,False,block_04,0.08490508887028898
no_direct_relation,descents,global_descents,42,17,False,final_norm,0.05253215462921875
no_direct_relation,descents,global_descents,42,42,True,embedding,0.5635148404048811
no_direct_relation,descents,global_descents,42,42,True,block_01,0.11097370704778002
no_direct_relation,descents,global_descents,42,42,True,block_02,0.1897383775058799
no_direct_relation,descents,global_descents,42,42,True,block_03,0.1741257990097915
no_direct_relation,descents,global_descents,42,42,True,block_04,0.062412469595166775
no_direct_relation,descents,global_descents,42,42,True,final_norm,0.029244265871769037
no_direct_relation,descents,global_descents,42,101,False,embedding,0.5285930592648407
no_direct_relation,descents,global_descents,42,101,False,block_01,0.07622973354567555
no_direct_relation,descents,global_descents,42,101,False,block_02,0.10258791676739398
no_direct_relation,descents,global_descents,42,101,False,block_03,0.11007242336629916
no_direct_relation,descents,global_descents,42,101,False,block_04,0.04710207107646126
no_direct_relation,descents,global_descents,42,101,False,final_norm,0.031082832678184208
no_direct_relation,descents,global_descents,101,17,False,embedding,0.6455619921901483
no_direct_relation,descents,global_descents,101,17,False,block_01,0.18861221300213735
no_direct_relation,descents,global_descents,101,17,False,block_02,0.21849703549234056
no_direct_relation,descents,global_descents,101,17,False,block_03,0.13316464154819782
no_direct_relation,descents,global_descents,101,17,False,block_04,0.10751136115953615
no_direct_relation,descents,global_descents,101,17,False,final_norm,0.06097764165563407
no_direct_relation,descents,global_descents,101,42,False,embedding,0.5415213926850313
no_direct_relation,descents,global_descents,101,42,False,block_01,0.14021533336597017
no_direct_relation,descents,global_descents,101,42,False,block_02,0.17533464042264008
no_direct_relation,descents,global_descents,101,42,False,block_03,0.15699162895701851
no_direct_relation,descents,global_descents,101,42,False,block_04,0.07420983620357004
no_direct_relation,descents,global_descents,101,42,False,final_norm,0.032053441472381025
no_direct_relation,descents,global_descents,101,101,True,embedding,0.5477332789394402
no_direct_relation,descents,global_descents,101,101,True,block_01,0.07083812712765217
no_direct_relation,descents,global_descents,101,101,True,block_02,0.09983428548216267
no_direct_relation,descents,global_descents,101,101,True,block_03,0.09016542644243469
no_direct_relation,descents,global_descents,101,101,True,block_04,0.051545134660752445
no_direct_relation,descents,global_descents,101,101,True,final_norm,0.033997505687503614
no_direct_relation,descents,components,17,17,True,embedding,0.6206880844445094
no_direct_relation,descents,components,17,17,True,block_01,0.2980013138786147
no_direct_relation,descents,components,17,17,True,block_02,0.10724918885289027
no_direct_relation,descents,components,17,17,True,block_03,0.1429617061613635
no_direct_relation,descents,components,17,17,True,block_04,0.07180553519536965
no_direct_relation,descents,components,17,17,True,final_norm,0.03385515676384146
no_direct_relation,descents,components,17,42,False,embedding,0.6419043533013239
no_direct_relation,descents,components,17,42,False,block_01,0.4812738676283534
no_direct_relation,descents,components,17,42,False,block_02,0.11491947528949824
no_direct_relation,descents,components,17,42,False,block_03,0.15195684929839365
no_direct_relation,descents,components,17,42,False,block_04,0.061440969982064116
no_direct_relation,descents,components,17,42,False,final_norm,0.028754932675684988
no_direct_relation,descents,components,17,101,False,embedding,0.6335540678799442
no_direct_relation,descents,components,17,101,False,block_01,0.21493399582850123
no_direct_relation,descents,components,17,101,False,block_02,0.12544176758585732
no_direct_relation,descents,components,17,101,False,block_03,0.14269764301212892
no_direct_relation,descents,components,17,101,False,block_04,0.0715299558577251
no_direct_relation,descents,components,17,101,False,final_norm,0.0318550953827835
no_direct_relation,descents,components,42,17,False,embedding,0.6371961960587308
no_direct_relation,descents,components,42,17,False,block_01,0.3483141580566007
no_direct_relation,descents,components,42,17,False,block_02,0.12111798513281172
no_direct_relation,descents,components,42,17,False,block_03,0.1215296411210405
no_direct_relation,descents,components,42,17,False,block_04,0.06329355623056677
no_direct_relation,descents,components,42,17,False,final_norm,0.03332237235655727
no_direct_relation,descents,components,42,42,True,embedding,0.6540646997133871
no_direct_relation,descents,components,42,42,True,block_01,0.37546250002376
no_direct_relation,descents,components,42,42,True,block_02,0.13063301680813455
no_direct_relation,descents,components,42,42,True,block_03,0.1476630894355323
no_direct_relation,descents,components,42,42,True,block_04,0.053887079974794076
no_direct_relation,descents,components,42,42,True,final_norm,0.027659197595135486
no_direct_relation,descents,components,42,101,False,embedding,0.642711660041642
no_direct_relation,descents,components,42,101,False,block_01,0.28676888604589945
no_direct_relation,descents,components,42,101,False,block_02,0.14524932223649092
no_direct_relation,descents,components,42,101,False,block_03,0.12672860690014162
no_direct_relation,descents,components,42,101,False,block_04,0.06662979107341732
no_direct_relation,descents,components,42,101,False,final_norm,0.031505881178190316
no_direct_relation,descents,components,101,17,False,embedding,0.6550358004161387
no_direct_relation,descents,components,101,17,False,block_01,0.25970533870705936
no_direct_relation,descents,components,101,17,False,block_02,0.12300213339709855
no_direct_relation,descents,components,101,17,False,block_03,0.13960849684335658
no_direct_relation,descents,components,101,17,False,block_04,0.08562480025530914
no_direct_relation,descents,components,101,17,False,final_norm,0.04234382095636797
no_direct_relation,descents,components,101,42,False,embedding,0.6542696218114079
no_direct_relation,descents,components,101,42,False,block_01,0.5415568376511571
no_direct_relation,descents,components,101,42,False,block_02,0.13394780138956913
no_direct_relation,descents,components,101,42,False,block_03,0.1562763842194577
no_direct_relation,descents,components,101,42,False,block_04,0.07131842725051528
no_direct_relation,descents,components,101,42,False,final_norm,0.03426603957917368
no_direct_relation,descents,components,101,101,True,embedding,0.670362103902698
no_direct_relation,descents,components,101,101,True,block_01,0.2778221105075965
no_direct_relation,descents,components,101,101,True,block_02,0.147508701725601
no_direct_relation,descents,components,101,101,True,block_03,0.13921562522787015
no_direct_relation,descents,components,101,101,True,block_04,0.0842097905066765
no_direct_relation,descents,components,101,101,True,final_norm,0.037509260908074785
no_direct_relation,recoils,peaks,17,17,True,embedding,0.8611645280200881
no_direct_relation,recoils,peaks,17,17,True,block_01,0.6140188274210194
no_direct_relation,recoils,peaks,17,17,True,block_02,0.5726702313508566
no_direct_relation,recoils,peaks,17,17,True,block_03,0.56105618597625
no_direct_relation,recoils,peaks,17,17,True,block_04,0.3272567946388181
no_direct_relation,recoils,peaks,17,17,True,final_norm,0.2705885383448743
no_direct_relation,recoils,peaks,17,42,False,embedding,0.8304471829166968
no_direct_relation,recoils,peaks,17,42,False,block_01,0.658596580853177
no_direct_relation,recoils,peaks,17,42,False,block_02,0.6910795448667142
no_direct_relation,recoils,peaks,17,42,False,block_03,0.5973380528749404
no_direct_relation,recoils,peaks,17,42,False,block_04,0.37819305836470063
no_direct_relation,recoils,peaks,17,42,False,final_norm,0.30974413815281265
no_direct_relation,recoils,peaks,17,101,False,embedding,0.8038000638490919
no_direct_relation,recoils,peaks,17,101,False,block_01,0.5898712788801835
no_direct_relation,recoils,peaks,17,101,False,block_02,0.572035519238842
no_direct_relation,recoils,peaks,17,101,False,block_03,0.5358562108122544
no_direct_relation,recoils,peaks,17,101,False,block_04,0.36180903430707634
no_direct_relation,recoils,peaks,17,101,False,final_norm,0.2918434633258565
no_direct_relation,recoils,peaks,42,17,False,embedding,0.85979315802779
no_direct_relation,recoils,peaks,42,17,False,block_01,0.20070184640470212
no_direct_relation,recoils,peaks,42,17,False,block_02,0.19501139117408164
no_direct_relation,recoils,peaks,42,17,False,block_03,0.18328733355181398
no_direct_relation,recoils,peaks,42,17,False,block_04,0.09739097828076194
no_direct_relation,recoils,peaks,42,17,False,final_norm,0.11992421563593306
no_direct_relation,recoils,peaks,42,42,True,embedding,0.8280601747870975
no_direct_relation,recoils,peaks,42,42,True,block_01,0.26208858084069847
no_direct_relation,recoils,peaks,42,42,True,block_02,0.2508645309619209
no_direct_relation,recoils,peaks,42,42,True,block_03,0.38714364049698735
no_direct_relation,recoils,peaks,42,42,True,block_04,0.14482523291627003
no_direct_relation,recoils,peaks,42,42,True,final_norm,0.14656606624850285
no_direct_relation,recoils,peaks,42,101,False,embedding,0.8293145388952369
no_direct_relation,recoils,peaks,42,101,False,block_01,0.28193197191214187
no_direct_relation,recoils,peaks,42,101,False,block_02,0.36212613421246087
no_direct_relation,recoils,peaks,42,101,False,block_03,0.48458653400753104
no_direct_relation,recoils,peaks,42,101,False,block_04,0.1561628105714075
no_direct_relation,recoils,peaks,42,101,False,final_norm,0.13909554920811565
no_direct_relation,recoils,peaks,101,17,False,embedding,0.8765176046388681
no_direct_relation,recoils,peaks,101,17,False,block_01,0.5012568930273401
no_direct_relation,recoils,peaks,101,17,False,block_02,0.4273799585324832
no_direct_relation,recoils,peaks,101,17,False,block_03,0.37912364157826756
no_direct_relation,recoils,peaks,101,17,False,block_04,0.19915626834538316
no_direct_relation,recoils,peaks,101,17,False,final_norm,0.2173621047834234
no_direct_relation,recoils,peaks,101,42,False,embedding,0.8212347198069977
no_direct_relation,recoils,peaks,101,42,False,block_01,0.4599393558882406
no_direct_relation,recoils,peaks,101,42,False,block_02,0.4436210515040555
no_direct_relation,recoils,peaks,101,42,False,block_03,0.4416643042377429
no_direct_relation,recoils,peaks,101,42,False,block_04,0.2848536163340191
no_direct_relation,recoils,peaks,101,42,False,final_norm,0.26610101661269653
no_direct_relation,recoils,peaks,101,101,True,embedding,0.8077010001977785
no_direct_relation,recoils,peaks,101,101,True,block_01,0.35905727755973993
no_direct_relation,recoils,peaks,101,101,True,block_02,0.4192625827529394
no_direct_relation,recoils,peaks,101,101,True,block_03,0.4864165075812958
no_direct_relation,recoils,peaks,101,101,True,block_04,0.2530641332046002
no_direct_relation,recoils,peaks,101,101,True,final_norm,0.24512145447545736
no_direct_relation,recoils,valleys,17,17,True,embedding,0.7718029655982019
no_direct_relation,recoils,valleys,17,17,True,block_01,0.5251462815960175
no_direct_relation,recoils,valleys,17,17,True,block_02,0.5217114875670198
no_direct_relation,recoils,valleys,17,17,True,block_03,0.4709755211094698
no_direct_relation,recoils,valleys,17,17,True,block_04,0.22708074879374332
no_direct_relation,recoils,valleys,17,17,True,final_norm,0.21029852817919165
no_direct_relation,recoils,valleys,17,42,False,embedding,0.8200469175747687
no_direct_relation,recoils,valleys,17,42,False,block_01,0.3564821968265639
no_direct_relation,recoils,valleys,17,42,False,block_02,0.38483801245443316
no_direct_relation,recoils,valleys,17,42,False,block_03,0.3809795973873406
no_direct_relation,recoils,valleys,17,42,False,block_04,0.20344263894209264
no_direct_relation,recoils,valleys,17,42,False,final_norm,0.18352302899310297
no_direct_relation,recoils,valleys,17,101,False,embedding,0.836324659422164
no_direct_relation,recoils,valleys,17,101,False,block_01,0.42298187831741324
no_direct_relation,recoils,valleys,17,101,False,block_02,0.39035703186957454
no_direct_relation,recoils,valleys,17,101,False,block_03,0.390620997364156
no_direct_relation,recoils,valleys,17,101,False,block_04,0.24957383594063623
no_direct_relation,recoils,valleys,17,101,False,final_norm,0.23002363869180703
no_direct_relation,recoils,valleys,42,17,False,embedding,0.8046670673608629
no_direct_relation,recoils,valleys,42,17,False,block_01,0.2037113115076516
no_direct_relation,recoils,valleys,42,17,False,block_02,0.3430324029321841
no_direct_relation,recoils,valleys,42,17,False,block_03,0.5385402052491933
no_direct_relation,recoils,valleys,42,17,False,block_04,0.11838092409579354
no_direct_relation,recoils,valleys,42,17,False,final_norm,0.09881930816761124
no_direct_relation,recoils,valleys,42,42,True,embedding,0.8338846969455047
no_direct_relation,recoils,valleys,42,42,True,block_01,0.20070571461957074
no_direct_relation,recoils,valleys,42,42,True,block_02,0.28487457264101645
no_direct_relation,recoils,valleys,42,42,True,block_03,0.46671809349805343
no_direct_relation,recoils,valleys,42,42,True,block_04,0.12561527673571
no_direct_relation,recoils,valleys,42,42,True,final_norm,0.09273456689169482
no_direct_relation,recoils,valleys,42,101,False,embedding,0.8429002316127585
no_direct_relation,recoils,valleys,42,101,False,block_01,0.196326335065305
no_direct_relation,recoils,valleys,42,101,False,block_02,0.26205868661568243
no_direct_relation,recoils,valleys,42,101,False,block_03,0.42319426524071885
no_direct_relation,recoils,valleys,42,101,False,block_04,0.15262939549768917
no_direct_relation,recoils,valleys,42,101,False,final_norm,0.11478490375055693
no_direct_relation,recoils,valleys,101,17,False,embedding,0.7873111963024564
no_direct_relation,recoils,valleys,101,17,False,block_01,0.3329145779133806
no_direct_relation,recoils,valleys,101,17,False,block_02,0.40162008343132394
no_direct_relation,recoils,valleys,101,17,False,block_03,0.4806593615737502
no_direct_relation,recoils,valleys,101,17,False,block_04,0.19078296259559063
no_direct_relation,recoils,valleys,101,17,False,final_norm,0.17643611529789863
no_direct_relation,recoils,valleys,101,42,False,embedding,0.8309553396738727
no_direct_relation,recoils,valleys,101,42,False,block_01,0.3280615651421768
no_direct_relation,recoils,valleys,101,42,False,block_02,0.3619757485171189
no_direct_relation,recoils,valleys,101,42,False,block_03,0.4401829730194429
no_direct_relation,recoils,valleys,101,42,False,block_04,0.1826222228760113
no_direct_relation,recoils,valleys,101,42,False,final_norm,0.16120134803430555
no_direct_relation,recoils,valleys,101,101,True,embedding,0.8373094521732937
no_direct_relation,recoils,valleys,101,101,True,block_01,0.41388506623775145
no_direct_relation,recoils,valleys,101,101,True,block_02,0.3864844447427269
no_direct_relation,recoils,valleys,101,101,True,block_03,0.4633673593326005
no_direct_relation,recoils,valleys,101,101,True,block_04,0.21595537832072675
no_direct_relation,recoils,valleys,101,101,True,final_norm,0.2035942498156485
no_direct_relation,recoils,fixed_points,17,17,True,embedding,0.6314753330367137
no_direct_relation,recoils,fixed_points,17,17,True,block_01,0.05333714273481031
no_direct_relation,recoils,fixed_points,17,17,True,block_02,0.03197970650948072
no_direct_relation,recoils,fixed_points,17,17,True,block_03,0.013064201006673203
no_direct_relation,recoils,fixed_points,17,17,True,block_04,0.006556616911461932
no_direct_relation,recoils,fixed_points,17,17,True,final_norm,0.007893760817916757
no_direct_relation,recoils,fixed_points,17,42,False,embedding,0.5902486114850705
no_direct_relation,recoils,fixed_points,17,42,False,block_01,0.021479504631431834
no_direct_relation,recoils,fixed_points,17,42,False,block_02,0.0182172176920155
no_direct_relation,recoils,fixed_points,17,42,False,block_03,0.011673525571068379
no_direct_relation,recoils,fixed_points,17,42,False,block_04,0.004908590197873476
no_direct_relation,recoils,fixed_points,17,42,False,final_norm,0.006234805677645079
no_direct_relation,recoils,fixed_points,17,101,False,embedding,0.6006684667873838
no_direct_relation,recoils,fixed_points,17,101,False,block_01,0.05717690098625255
no_direct_relation,recoils,fixed_points,17,101,False,block_02,0.12032995802664054
no_direct_relation,recoils,fixed_points,17,101,False,block_03,0.1550145834502036
no_direct_relation,recoils,fixed_points,17,101,False,block_04,0.11340872968882104
no_direct_relation,recoils,fixed_points,17,101,False,final_norm,0.10107580143306226
no_direct_relation,recoils,fixed_points,42,17,False,embedding,0.6752632618430408
no_direct_relation,recoils,fixed_points,42,17,False,block_01,0.06262816820869513
no_direct_relation,recoils,fixed_points,42,17,False,block_02,0.03302980388568799
no_direct_relation,recoils,fixed_points,42,17,False,block_03,0.014279480234158226
no_direct_relation,recoils,fixed_points,42,17,False,block_04,0.005453987224582528
no_direct_relation,recoils,fixed_points,42,17,False,final_norm,0.005047225620910014
no_direct_relation,recoils,fixed_points,42,42,True,embedding,0.6653287137357902
no_direct_relation,recoils,fixed_points,42,42,True,block_01,0.031812364466675506
no_direct_relation,recoils,fixed_points,42,42,True,block_02,0.021195571410838943
no_direct_relation,recoils,fixed_points,42,42,True,block_03,0.016819270556269163
no_direct_relation,recoils,fixed_points,42,42,True,block_04,0.004786762647218402
no_direct_relation,recoils,fixed_points,42,42,True,final_norm,0.004239312651971004
no_direct_relation,recoils,fixed_points,42,101,False,embedding,0.6846607560281086
no_direct_relation,recoils,fixed_points,42,101,False,block_01,0.0894003031530018
no_direct_relation,recoils,fixed_points,42,101,False,block_02,0.21675320616606197
no_direct_relation,recoils,fixed_points,42,101,False,block_03,0.3503096717996938
no_direct_relation,recoils,fixed_points,42,101,False,block_04,0.11423560399665772
no_direct_relation,recoils,fixed_points,42,101,False,final_norm,0.10945977499586618
no_direct_relation,recoils,fixed_points,101,17,False,embedding,0.680039415540452
no_direct_relation,recoils,fixed_points,101,17,False,block_01,0.040462950356678296
no_direct_relation,recoils,fixed_points,101,17,False,block_02,0.021533972010978453
no_direct_relation,recoils,fixed_points,101,17,False,block_03,0.011606879507090813
no_direct_relation,recoils,fixed_points,101,17,False,block_04,0.005981722336777352
no_direct_relation,recoils,fixed_points,101,17,False,final_norm,0.006851042421524661
no_direct_relation,recoils,fixed_points,101,42,False,embedding,0.6315801759201445
no_direct_relation,recoils,fixed_points,101,42,False,block_01,0.01971702285838223
no_direct_relation,recoils,fixed_points,101,42,False,block_02,0.014531802216595958
no_direct_relation,recoils,fixed_points,101,42,False,block_03,0.013052370235234891
no_direct_relation,recoils,fixed_points,101,42,False,block_04,0.004608588330384027
no_direct_relation,recoils,fixed_points,101,42,False,final_norm,0.005145798396031409
no_direct_relation,recoils,fixed_points,101,101,True,embedding,0.6465778046996266
no_direct_relation,recoils,fixed_points,101,101,True,block_01,0.07886705848128325
no_direct_relation,recoils,fixed_points,101,101,True,block_02,0.15962449239137752
no_direct_relation,recoils,fixed_points,101,101,True,block_03,0.22949462354722885
no_direct_relation,recoils,fixed_points,101,101,True,block_04,0.11727396979701392
no_direct_relation,recoils,fixed_points,101,101,True,final_norm,0.1344268951383235
no_direct_relation,recoils,anti_fixed_points,17,17,True,embedding,0.44139553996816694
no_direct_relation,recoils,anti_fixed_points,17,17,True,block_01,0.2511290624814742
no_direct_relation,recoils,anti_fixed_points,17,17,True,block_02,0.1861431275381255
no_direct_relation,recoils,anti_fixed_points,17,17,True,block_03,0.22178180874049847
no_direct_relation,recoils,anti_fixed_points,17,17,True,block_04,0.12989699397818466
no_direct_relation,recoils,anti_fixed_points,17,17,True,final_norm,0.1039745118892504
no_direct_relation,recoils,anti_fixed_points,17,42,False,embedding,0.41745148377824814
no_direct_relation,recoils,anti_fixed_points,17,42,False,block_01,0.17971199490786832
no_direct_relation,recoils,anti_fixed_points,17,42,False,block_02,0.18652655624427844
no_direct_relation,recoils,anti_fixed_points,17,42,False,block_03,0.1612759052471175
no_direct_relation,recoils,anti_fixed_points,17,42,False,block_04,0.0615089807667979
no_direct_relation,recoils,anti_fixed_points,17,42,False,final_norm,0.05494660956763155
no_direct_relation,recoils,anti_fixed_points,17,101,False,embedding,0.5039231559911149
no_direct_relation,recoils,anti_fixed_points,17,101,False,block_01,0.27234123476406474
no_direct_relation,recoils,anti_fixed_points,17,101,False,block_02,0.32149514888515257
no_direct_relation,recoils,anti_fixed_points,17,101,False,block_03,0.3046801971596093
no_direct_relation,recoils,anti_fixed_points,17,101,False,block_04,0.16295267908802208
no_direct_relation,recoils,anti_fixed_points,17,101,False,final_norm,0.08689097821785101
no_direct_relation,recoils,anti_fixed_points,42,17,False,embedding,0.49385718791264477
no_direct_relation,recoils,anti_fixed_points,42,17,False,block_01,0.276498136384747
no_direct_relation,recoils,anti_fixed_points,42,17,False,block_02,0.19140248558579595
no_direct_relation,recoils,anti_fixed_points,42,17,False,block_03,0.28687212760259617
no_direct_relation,recoils,anti_fixed_points,42,17,False,block_04,0.07737966018230806
no_direct_relation,recoils,anti_fixed_points,42,17,False,final_norm,0.08456004737278683
no_direct_relation,recoils,anti_fixed_points,42,42,True,embedding,0.49414482266515086
no_direct_relation,recoils,anti_fixed_points,42,42,True,block_01,0.3032780851729524
no_direct_relation,recoils,anti_fixed_points,42,42,True,block_02,0.18960287435751313
no_direct_relation,recoils,anti_fixed_points,42,42,True,block_03,0.1797749024914427
no_direct_relation,recoils,anti_fixed_points,42,42,True,block_04,0.04010233422708313
no_direct_relation,recoils,anti_fixed_points,42,42,True,final_norm,0.04332444848925163
no_direct_relation,recoils,anti_fixed_points,42,101,False,embedding,0.5653618221668048
no_direct_relation,recoils,anti_fixed_points,42,101,False,block_01,0.23420640081326252
no_direct_relation,recoils,anti_fixed_points,42,101,False,block_02,0.26335350416869596
no_direct_relation,recoils,anti_fixed_points,42,101,False,block_03,0.28000379037934414
no_direct_relation,recoils,anti_fixed_points,42,101,False,block_04,0.07036400342618931
no_direct_relation,recoils,anti_fixed_points,42,101,False,final_norm,0.06222386468064261
no_direct_relation,recoils,anti_fixed_points,101,17,False,embedding,0.48269594440600005
no_direct_relation,recoils,anti_fixed_points,101,17,False,block_01,0.173977399176657
no_direct_relation,recoils,anti_fixed_points,101,17,False,block_02,0.1425840191760779
no_direct_relation,recoils,anti_fixed_points,101,17,False,block_03,0.2105633968685655
no_direct_relation,recoils,anti_fixed_points,101,17,False,block_04,0.10328933973769201
no_direct_relation,recoils,anti_fixed_points,101,17,False,final_norm,0.10719015501772411
no_direct_relation,recoils,anti_fixed_points,101,42,False,embedding,0.479518267075357
no_direct_relation,recoils,anti_fixed_points,101,42,False,block_01,0.19693867399218332
no_direct_relation,recoils,anti_fixed_points,101,42,False,block_02,0.12366170840418411
no_direct_relation,recoils,anti_fixed_points,101,42,False,block_03,0.12450498242750134
no_direct_relation,recoils,anti_fixed_points,101,42,False,block_04,0.05326190581068258
no_direct_relation,recoils,anti_fixed_points,101,42,False,final_norm,0.05612139204277148
no_direct_relation,recoils,anti_fixed_points,101,101,True,embedding,0.5523729183729033
no_direct_relation,recoils,anti_fixed_points,101,101,True,block_01,0.15012907629273553
no_direct_relation,recoils,anti_fixed_points,101,101,True,block_02,0.16200931050688538
no_direct_relation,recoils,anti_fixed_points,101,101,True,block_03,0.17315385708412212
no_direct_relation,recoils,anti_fixed_points,101,101,True,block_04,0.12604508178196341
no_direct_relation,recoils,anti_fixed_points,101,101,True,final_norm,0.08271414399977572
no_direct_relation,recoils,exceedances,17,17,True,embedding,0.8801487438371818
no_direct_relation,recoils,exceedances,17,17,True,block_01,0.5861344990786403
no_direct_relation,recoils,exceedances,17,17,True,block_02,0.5488102300330844
no_direct_relation,recoils,exceedances,17,17,True,block_03,0.4268554967574281
no_direct_relation,recoils,exceedances,17,17,True,block_04,0.13311663335753915
no_direct_relation,recoils,exceedances,17,17,True,final_norm,0.1423004960483777
no_direct_relation,recoils,exceedances,17,42,False,embedding,0.8505618172013579
no_direct_relation,recoils,exceedances,17,42,False,block_01,0.5913711991889155
no_direct_relation,recoils,exceedances,17,42,False,block_02,0.5568374184632179
no_direct_relation,recoils,exceedances,17,42,False,block_03,0.3959036218942815
no_direct_relation,recoils,exceedances,17,42,False,block_04,0.1495912485220842
no_direct_relation,recoils,exceedances,17,42,False,final_norm,0.15758209518209346
no_direct_relation,recoils,exceedances,17,101,False,embedding,0.8984062105279983
no_direct_relation,recoils,exceedances,17,101,False,block_01,0.532338852400771
no_direct_relation,recoils,exceedances,17,101,False,block_02,0.5521479488885
no_direct_relation,recoils,exceedances,17,101,False,block_03,0.4346496569495874
no_direct_relation,recoils,exceedances,17,101,False,block_04,0.15353140565901563
no_direct_relation,recoils,exceedances,17,101,False,final_norm,0.17016642946140734
no_direct_relation,recoils,exceedances,42,17,False,embedding,0.8374860500432894
no_direct_relation,recoils,exceedances,42,17,False,block_01,0.5205627694322268
no_direct_relation,recoils,exceedances,42,17,False,block_02,0.5082155030148384
no_direct_relation,recoils,exceedances,42,17,False,block_03,0.42066405581708455
no_direct_relation,recoils,exceedances,42,17,False,block_04,0.0980974698164153
no_direct_relation,recoils,exceedances,42,17,False,final_norm,0.10888840507204806
no_direct_relation,recoils,exceedances,42,42,True,embedding,0.8652874678922865
no_direct_relation,recoils,exceedances,42,42,True,block_01,0.40099684345210684
no_direct_relation,recoils,exceedances,42,42,True,block_02,0.40673309409855163
no_direct_relation,recoils,exceedances,42,42,True,block_03,0.34027045691892377
no_direct_relation,recoils,exceedances,42,42,True,block_04,0.09846597737874263
no_direct_relation,recoils,exceedances,42,42,True,final_norm,0.11110491952741575
no_direct_relation,recoils,exceedances,42,101,False,embedding,0.9015369228147148
no_direct_relation,recoils,exceedances,42,101,False,block_01,0.5090279432522
no_direct_relation,recoils,exceedances,42,101,False,block_02,0.49421297701039235
no_direct_relation,recoils,exceedances,42,101,False,block_03,0.4060858205919452
no_direct_relation,recoils,exceedances,42,101,False,block_04,0.12823340042831957
no_direct_relation,recoils,exceedances,42,101,False,final_norm,0.12890645652188423
no_direct_relation,recoils,exceedances,101,17,False,embedding,0.8937556845828762
no_direct_relation,recoils,exceedances,101,17,False,block_01,0.6011150112911654
no_direct_relation,recoils,exceedances,101,17,False,block_02,0.543125256726965
no_direct_relation,recoils,exceedances,101,17,False,block_03,0.4750417805836842
no_direct_relation,recoils,exceedances,101,17,False,block_04,0.1296324587492168
no_direct_relation,recoils,exceedances,101,17,False,final_norm,0.1486649862573242
no_direct_relation,recoils,exceedances,101,42,False,embedding,0.9052281325970034
no_direct_relation,recoils,exceedances,101,42,False,block_01,0.6050230006278008
no_direct_relation,recoils,exceedances,101,42,False,block_02,0.5024293062378913
no_direct_relation,recoils,exceedances,101,42,False,block_03,0.4256347520206125
no_direct_relation,recoils,exceedances,101,42,False,block_04,0.14507863861547055
no_direct_relation,recoils,exceedances,101,42,False,final_norm,0.15731584274767046
no_direct_relation,recoils,exceedances,101,101,True,embedding,0.9157133246001927
no_direct_relation,recoils,exceedances,101,101,True,block_01,0.6709119879351416
no_direct_relation,recoils,exceedances,101,101,True,block_02,0.5652401727490661
no_direct_relation,recoils,exceedances,101,101,True,block_03,0.4912238547721984
no_direct_relation,recoils,exceedances,101,101,True,block_04,0.17499007223292534
no_direct_relation,recoils,exceedances,101,101,True,final_norm,0.18453938592964264
no_direct_relation,recoils,deficiencies,17,17,True,embedding,0.8190946099325683
no_direct_relation,recoils,deficiencies,17,17,True,block_01,0.5146662840454599
no_direct_relation,recoils,deficiencies,17,17,True,block_02,0.5226974752708675
no_direct_relation,recoils,deficiencies,17,17,True,block_03,0.41682278576567716
no_direct_relation,recoils,deficiencies,17,17,True,block_04,0.14489450856374048
no_direct_relation,recoils,deficiencies,17,17,True,final_norm,0.144093988084579
no_direct_relation,recoils,deficiencies,17,42,False,embedding,0.7938433919947109
no_direct_relation,recoils,deficiencies,17,42,False,block_01,0.3963486743526811
no_direct_relation,recoils,deficiencies,17,42,False,block_02,0.5061579835420109
no_direct_relation,recoils,deficiencies,17,42,False,block_03,0.429539738705474
no_direct_relation,recoils,deficiencies,17,42,False,block_04,0.1197943449407724
no_direct_relation,recoils,deficiencies,17,42,False,final_norm,0.12835187415137317
no_direct_relation,recoils,deficiencies,17,101,False,embedding,0.8280978929024717
no_direct_relation,recoils,deficiencies,17,101,False,block_01,0.4934661732614411
no_direct_relation,recoils,deficiencies,17,101,False,block_02,0.5539715311643423
no_direct_relation,recoils,deficiencies,17,101,False,block_03,0.48932900517033445
no_direct_relation,recoils,deficiencies,17,101,False,block_04,0.1632990176439725
no_direct_relation,recoils,deficiencies,17,101,False,final_norm,0.1686690142759887
no_direct_relation,recoils,deficiencies,42,17,False,embedding,0.828011617499465
no_direct_relation,recoils,deficiencies,42,17,False,block_01,0.5202315356538915
no_direct_relation,recoils,deficiencies,42,17,False,block_02,0.46806779894312633
no_direct_relation,recoils,deficiencies,42,17,False,block_03,0.3596009171344572
no_direct_relation,recoils,deficiencies,42,17,False,block_04,0.12589147935941009
no_direct_relation,recoils,deficiencies,42,17,False,final_norm,0.11379908579689667
no_direct_relation,recoils,deficiencies,42,42,True,embedding,0.8188420105782588
no_direct_relation,recoils,deficiencies,42,42,True,block_01,0.4408273250720422
no_direct_relation,recoils,deficiencies,42,42,True,block_02,0.4771402778199937
no_direct_relation,recoils,deficiencies,42,42,True,block_03,0.31704871961942377
no_direct_relation,recoils,deficiencies,42,42,True,block_04,0.08982953285138952
no_direct_relation,recoils,deficiencies,42,42,True,final_norm,0.08534815424724652
no_direct_relation,recoils,deficiencies,42,101,False,embedding,0.8206620409303136
no_direct_relation,recoils,deficiencies,42,101,False,block_01,0.6067894755399711
no_direct_relation,recoils,deficiencies,42,101,False,block_02,0.5609523558599577
no_direct_relation,recoils,deficiencies,42,101,False,block_03,0.4743828060846211
no_direct_relation,recoils,deficiencies,42,101,False,block_04,0.12515444028236097
no_direct_relation,recoils,deficiencies,42,101,False,final_norm,0.12034356193268156
no_direct_relation,recoils,deficiencies,101,17,False,embedding,0.8755836564710078
no_direct_relation,recoils,deficiencies,101,17,False,block_01,0.5578060450298685
no_direct_relation,recoils,deficiencies,101,17,False,block_02,0.4848638721902482
no_direct_relation,recoils,deficiencies,101,17,False,block_03,0.4278767592560923
no_direct_relation,recoils,deficiencies,101,17,False,block_04,0.16164343245922283
no_direct_relation,recoils,deficiencies,101,17,False,final_norm,0.15545994374609176
no_direct_relation,recoils,deficiencies,101,42,False,embedding,0.8747399758426767
no_direct_relation,recoils,deficiencies,101,42,False,block_01,0.4735168298732293
no_direct_relation,recoils,deficiencies,101,42,False,block_02,0.47350638649914567
no_direct_relation,recoils,deficiencies,101,42,False,block_03,0.40799442592667257
no_direct_relation,recoils,deficiencies,101,42,False,block_04,0.12300601798512853
no_direct_relation,recoils,deficiencies,101,42,False,final_norm,0.12438771800630977
no_direct_relation,recoils,deficiencies,101,101,True,embedding,0.8895571122943259
no_direct_relation,recoils,deficiencies,101,101,True,block_01,0.577375531275194
no_direct_relation,recoils,deficiencies,101,101,True,block_02,0.5198345210559698
no_direct_relation,recoils,deficiencies,101,101,True,block_03,0.5026155298219468
no_direct_relation,recoils,deficiencies,101,101,True,block_04,0.1663526051440257
no_direct_relation,recoils,deficiencies,101,101,True,final_norm,0.16989777060694836
no_direct_relation,recoils,lis_length,17,17,True,embedding,0.7237729626941125
no_direct_relation,recoils,lis_length,17,17,True,block_01,0.31446302907545265
no_direct_relation,recoils,lis_length,17,17,True,block_02,0.19087680522021575
no_direct_relation,recoils,lis_length,17,17,True,block_03,0.2763939177613045
no_direct_relation,recoils,lis_length,17,17,True,block_04,0.17130225109773164
no_direct_relation,recoils,lis_length,17,17,True,final_norm,0.1686646121809544
no_direct_relation,recoils,lis_length,17,42,False,embedding,0.7547091302553258
no_direct_relation,recoils,lis_length,17,42,False,block_01,0.1905135939351272
no_direct_relation,recoils,lis_length,17,42,False,block_02,0.15287728441109424
no_direct_relation,recoils,lis_length,17,42,False,block_03,0.24545784313736396
no_direct_relation,recoils,lis_length,17,42,False,block_04,0.12904583201247183
no_direct_relation,recoils,lis_length,17,42,False,final_norm,0.1533520933145441
no_direct_relation,recoils,lis_length,17,101,False,embedding,0.7327306523530428
no_direct_relation,recoils,lis_length,17,101,False,block_01,0.3627941593572337
no_direct_relation,recoils,lis_length,17,101,False,block_02,0.18376331612003413
no_direct_relation,recoils,lis_length,17,101,False,block_03,0.29463495252104094
no_direct_relation,recoils,lis_length,17,101,False,block_04,0.1731733962876822
no_direct_relation,recoils,lis_length,17,101,False,final_norm,0.14960566288337276
no_direct_relation,recoils,lis_length,42,17,False,embedding,0.787594869555243
no_direct_relation,recoils,lis_length,42,17,False,block_01,0.619490709908458
no_direct_relation,recoils,lis_length,42,17,False,block_02,0.37283845976618424
no_direct_relation,recoils,lis_length,42,17,False,block_03,0.5253667481514533
no_direct_relation,recoils,lis_length,42,17,False,block_04,0.16325317991067573
no_direct_relation,recoils,lis_length,42,17,False,final_norm,0.17322060843740708
no_direct_relation,recoils,lis_length,42,42,True,embedding,0.8092342873695716
no_direct_relation,recoils,lis_length,42,42,True,block_01,0.3484866874863475
no_direct_relation,recoils,lis_length,42,42,True,block_02,0.2989633074683299
no_direct_relation,recoils,lis_length,42,42,True,block_03,0.5188791444175048
no_direct_relation,recoils,lis_length,42,42,True,block_04,0.15118945315636004
no_direct_relation,recoils,lis_length,42,42,True,final_norm,0.16131421785518793
no_direct_relation,recoils,lis_length,42,101,False,embedding,0.794204474043974
no_direct_relation,recoils,lis_length,42,101,False,block_01,0.515738975972717
no_direct_relation,recoils,lis_length,42,101,False,block_02,0.2898376418467401
no_direct_relation,recoils,lis_length,42,101,False,block_03,0.5061953526999798
no_direct_relation,recoils,lis_length,42,101,False,block_04,0.11764756248285745
no_direct_relation,recoils,lis_length,42,101,False,final_norm,0.11784532794184874
no_direct_relation,recoils,lis_length,101,17,False,embedding,0.7898963067079777
no_direct_relation,recoils,lis_length,101,17,False,block_01,0.507269794831838
no_direct_relation,recoils,lis_length,101,17,False,block_02,0.29655469921515726
no_direct_relation,recoils,lis_length,101,17,False,block_03,0.39960195979469526
no_direct_relation,recoils,lis_length,101,17,False,block_04,0.19022310163071796
no_direct_relation,recoils,lis_length,101,17,False,final_norm,0.20627541596627086
no_direct_relation,recoils,lis_length,101,42,False,embedding,0.8082078568327077
no_direct_relation,recoils,lis_length,101,42,False,block_01,0.30274036195321863
no_direct_relation,recoils,lis_length,101,42,False,block_02,0.2266735377659521
no_direct_relation,recoils,lis_length,101,42,False,block_03,0.38622074947938523
no_direct_relation,recoils,lis_length,101,42,False,block_04,0.16306433025847036
no_direct_relation,recoils,lis_length,101,42,False,final_norm,0.1816463490481846
no_direct_relation,recoils,lis_length,101,101,True,embedding,0.7947395969147016
no_direct_relation,recoils,lis_length,101,101,True,block_01,0.48655424642925427
no_direct_relation,recoils,lis_length,101,101,True,block_02,0.23351256943436127
no_direct_relation,recoils,lis_length,101,101,True,block_03,0.3667547854556141
no_direct_relation,recoils,lis_length,101,101,True,block_04,0.157311254108787
no_direct_relation,recoils,lis_length,101,101,True,final_norm,0.15350294030964312
no_direct_relation,recoils,lds_length,17,17,True,embedding,0.7017554372429855
no_direct_relation,recoils,lds_length,17,17,True,block_01,0.4548380953333663
no_direct_relation,recoils,lds_length,17,17,True,block_02,0.5426294101862569
no_direct_relation,recoils,lds_length,17,17,True,block_03,0.47861067817458536
no_direct_relation,recoils,lds_length,17,17,True,block_04,0.24033548441935212
no_direct_relation,recoils,lds_length,17,17,True,final_norm,0.22228202619986095
no_direct_relation,recoils,lds_length,17,42,False,embedding,0.7056354510038301
no_direct_relation,recoils,lds_length,17,42,False,block_01,0.5440301146216755
no_direct_relation,recoils,lds_length,17,42,False,block_02,0.5666360839285363
no_direct_relation,recoils,lds_length,17,42,False,block_03,0.48356569235254393
no_direct_relation,recoils,lds_length,17,42,False,block_04,0.2625971064593938
no_direct_relation,recoils,lds_length,17,42,False,final_norm,0.2378749641546197
no_direct_relation,recoils,lds_length,17,101,False,embedding,0.6878124009266023
no_direct_relation,recoils,lds_length,17,101,False,block_01,0.5369013252334323
no_direct_relation,recoils,lds_length,17,101,False,block_02,0.5061562423894542
no_direct_relation,recoils,lds_length,17,101,False,block_03,0.4765485619751206
no_direct_relation,recoils,lds_length,17,101,False,block_04,0.24121795309449837
no_direct_relation,recoils,lds_length,17,101,False,final_norm,0.2322290117820268
no_direct_relation,recoils,lds_length,42,17,False,embedding,0.7502263164159443
no_direct_relation,recoils,lds_length,42,17,False,block_01,0.6790254343828708
no_direct_relation,recoils,lds_length,42,17,False,block_02,0.5260985614263511
no_direct_relation,recoils,lds_length,42,17,False,block_03,0.534723810066258
no_direct_relation,recoils,lds_length,42,17,False,block_04,0.16567044259748934
no_direct_relation,recoils,lds_length,42,17,False,final_norm,0.1479769579764641
no_direct_relation,recoils,lds_length,42,42,True,embedding,0.7752388948511044
no_direct_relation,recoils,lds_length,42,42,True,block_01,0.5654136239122454
no_direct_relation,recoils,lds_length,42,42,True,block_02,0.6407789330835159
no_direct_relation,recoils,lds_length,42,42,True,block_03,0.640088111186597
no_direct_relation,recoils,lds_length,42,42,True,block_04,0.1507768555841492
no_direct_relation,recoils,lds_length,42,42,True,final_norm,0.14150550488263436
no_direct_relation,recoils,lds_length,42,101,False,embedding,0.7609892802507151
no_direct_relation,recoils,lds_length,42,101,False,block_01,0.5980583616858293
no_direct_relation,recoils,lds_length,42,101,False,block_02,0.6522350116602484
no_direct_relation,recoils,lds_length,42,101,False,block_03,0.6427925155615233
no_direct_relation,recoils,lds_length,42,101,False,block_04,0.16527831394574655
no_direct_relation,recoils,lds_length,42,101,False,final_norm,0.15281101904829683
no_direct_relation,recoils,lds_length,101,17,False,embedding,0.7601421744953856
no_direct_relation,recoils,lds_length,101,17,False,block_01,0.5000469598609775
no_direct_relation,recoils,lds_length,101,17,False,block_02,0.3966343817555092
no_direct_relation,recoils,lds_length,101,17,False,block_03,0.4746123437252188
no_direct_relation,recoils,lds_length,101,17,False,block_04,0.21150674270428413
no_direct_relation,recoils,lds_length,101,17,False,final_norm,0.2011729646920046
no_direct_relation,recoils,lds_length,101,42,False,embedding,0.7685437207333254
no_direct_relation,recoils,lds_length,101,42,False,block_01,0.4081625606957383
no_direct_relation,recoils,lds_length,101,42,False,block_02,0.4444153035445524
no_direct_relation,recoils,lds_length,101,42,False,block_03,0.4726733775994108
no_direct_relation,recoils,lds_length,101,42,False,block_04,0.19826605472296543
no_direct_relation,recoils,lds_length,101,42,False,final_norm,0.1968435827192533
no_direct_relation,recoils,lds_length,101,101,True,embedding,0.7619608813114805
no_direct_relation,recoils,lds_length,101,101,True,block_01,0.4743104308925219
no_direct_relation,recoils,lds_length,101,101,True,block_02,0.48024057557577576
no_direct_relation,recoils,lds_length,101,101,True,block_03,0.4918526121204806
no_direct_relation,recoils,lds_length,101,101,True,block_04,0.2158154060348353
no_direct_relation,recoils,lds_length,101,101,True,final_norm,0.21379825615235368
no_direct_relation,recoils,longest_increasing_run,17,17,True,embedding,0.6973922671695798
no_direct_relation,recoils,longest_increasing_run,17,17,True,block_01,0.27720399186256645
no_direct_relation,recoils,longest_increasing_run,17,17,True,block_02,0.3344846125405711
no_direct_relation,recoils,longest_increasing_run,17,17,True,block_03,0.2575519198904261
no_direct_relation,recoils,longest_increasing_run,17,17,True,block_04,0.06035258459836333
no_direct_relation,recoils,longest_increasing_run,17,17,True,final_norm,0.06907075736909382
no_direct_relation,recoils,longest_increasing_run,17,42,False,embedding,0.5162394612281151
no_direct_relation,recoils,longest_increasing_run,17,42,False,block_01,0.3847949237571506
no_direct_relation,recoils,longest_increasing_run,17,42,False,block_02,0.43758922890981305
no_direct_relation,recoils,longest_increasing_run,17,42,False,block_03,0.24680603887982716
no_direct_relation,recoils,longest_increasing_run,17,42,False,block_04,0.10545215069218229
no_direct_relation,recoils,longest_increasing_run,17,42,False,final_norm,0.09394805057003489
no_direct_relation,recoils,longest_increasing_run,17,101,False,embedding,0.5331446535471315
no_direct_relation,recoils,longest_increasing_run,17,101,False,block_01,0.3485254666062199
no_direct_relation,recoils,longest_increasing_run,17,101,False,block_02,0.409869468869151
no_direct_relation,recoils,longest_increasing_run,17,101,False,block_03,0.29963789399199586
no_direct_relation,recoils,longest_increasing_run,17,101,False,block_04,0.08576985337628332
no_direct_relation,recoils,longest_increasing_run,17,101,False,final_norm,0.08289088408391647
no_direct_relation,recoils,longest_increasing_run,42,17,False,embedding,0.7169374125198058
no_direct_relation,recoils,longest_increasing_run,42,17,False,block_01,0.39041592319811785
no_direct_relation,recoils,longest_increasing_run,42,17,False,block_02,0.5152627650497318
no_direct_relation,recoils,longest_increasing_run,42,17,False,block_03,0.4204342097823177
no_direct_relation,recoils,longest_increasing_run,42,17,False,block_04,0.042863646445949255
no_direct_relation,recoils,longest_increasing_run,42,17,False,final_norm,0.05717021119112211
no_direct_relation,recoils,longest_increasing_run,42,42,True,embedding,0.639627109936797
no_direct_relation,recoils,longest_increasing_run,42,42,True,block_01,0.5612981279462362
no_direct_relation,recoils,longest_increasing_run,42,42,True,block_02,0.516348692248134
no_direct_relation,recoils,longest_increasing_run,42,42,True,block_03,0.28982288807117795
no_direct_relation,recoils,longest_increasing_run,42,42,True,block_04,0.06449675524447887
no_direct_relation,recoils,longest_increasing_run,42,42,True,final_norm,0.07304966270434186
no_direct_relation,recoils,longest_increasing_run,42,101,False,embedding,0.6389564471298398
no_direct_relation,recoils,longest_increasing_run,42,101,False,block_01,0.5860334619661426
no_direct_relation,recoils,longest_increasing_run,42,101,False,block_02,0.5933046743684806
no_direct_relation,recoils,longest_increasing_run,42,101,False,block_03,0.5052957636950086
no_direct_relation,recoils,longest_increasing_run,42,101,False,block_04,0.06982371915412057
no_direct_relation,recoils,longest_increasing_run,42,101,False,final_norm,0.06995451373773708
no_direct_relation,recoils,longest_increasing_run,101,17,False,embedding,0.7510174302426522
no_direct_relation,recoils,longest_increasing_run,101,17,False,block_01,0.28018550592970765
no_direct_relation,recoils,longest_increasing_run,101,17,False,block_02,0.3485593551137202
no_direct_relation,recoils,longest_increasing_run,101,17,False,block_03,0.28422395010661794
no_direct_relation,recoils,longest_increasing_run,101,17,False,block_04,0.05721777518922511
no_direct_relation,recoils,longest_increasing_run,101,17,False,final_norm,0.0706304902941837
no_direct_relation,recoils,longest_increasing_run,101,42,False,embedding,0.5966068737502382
no_direct_relation,recoils,longest_increasing_run,101,42,False,block_01,0.32895897450996964
no_direct_relation,recoils,longest_increasing_run,101,42,False,block_02,0.31913922453269006
no_direct_relation,recoils,longest_increasing_run,101,42,False,block_03,0.2007105731943369
no_direct_relation,recoils,longest_increasing_run,101,42,False,block_04,0.08946432952505441
no_direct_relation,recoils,longest_increasing_run,101,42,False,final_norm,0.09757922237224455
no_direct_relation,recoils,longest_increasing_run,101,101,True,embedding,0.6092388815918023
no_direct_relation,recoils,longest_increasing_run,101,101,True,block_01,0.3788541719115003
no_direct_relation,recoils,longest_increasing_run,101,101,True,block_02,0.35861768975637315
no_direct_relation,recoils,longest_increasing_run,101,101,True,block_03,0.3323519489136446
no_direct_relation,recoils,longest_increasing_run,101,101,True,block_04,0.09103502983166428
no_direct_relation,recoils,longest_increasing_run,101,101,True,final_norm,0.08912004323081354
no_direct_relation,recoils,longest_decreasing_run,17,17,True,embedding,0.6414642481519005
no_direct_relation,recoils,longest_decreasing_run,17,17,True,block_01,0.42069092036898437
no_direct_relation,recoils,longest_decreasing_run,17,17,True,block_02,0.44925775676205565
no_direct_relation,recoils,longest_decreasing_run,17,17,True,block_03,0.26655455366347824
no_direct_relation,recoils,longest_decreasing_run,17,17,True,block_04,0.08578387598253112
no_direct_relation,recoils,longest_decreasing_run,17,17,True,final_norm,0.08461924483922369
no_direct_relation,recoils,longest_decreasing_run,17,42,False,embedding,0.6598465429139123
no_direct_relation,recoils,longest_decreasing_run,17,42,False,block_01,0.4603481142447518
no_direct_relation,recoils,longest_decreasing_run,17,42,False,block_02,0.5184110871910151
no_direct_relation,recoils,longest_decreasing_run,17,42,False,block_03,0.3125691247079441
no_direct_relation,recoils,longest_decreasing_run,17,42,False,block_04,0.09133232999935324
no_direct_relation,recoils,longest_decreasing_run,17,42,False,final_norm,0.087745931850904
no_direct_relation,recoils,longest_decreasing_run,17,101,False,embedding,0.626192721176147
no_direct_relation,recoils,longest_decreasing_run,17,101,False,block_01,0.294108492879133
no_direct_relation,recoils,longest_decreasing_run,17,101,False,block_02,0.41398244076946566
no_direct_relation,recoils,longest_decreasing_run,17,101,False,block_03,0.2679240134913778
no_direct_relation,recoils,longest_decreasing_run,17,101,False,block_04,0.08822472171812658
no_direct_relation,recoils,longest_decreasing_run,17,101,False,final_norm,0.08069810850007872
no_direct_relation,recoils,longest_decreasing_run,42,17,False,embedding,0.6971250452158391
no_direct_relation,recoils,longest_decreasing_run,42,17,False,block_01,0.4469650222258316
no_direct_relation,recoils,longest_decreasing_run,42,17,False,block_02,0.4842176958204793
no_direct_relation,recoils,longest_decreasing_run,42,17,False,block_03,0.3882231677731476
no_direct_relation,recoils,longest_decreasing_run,42,17,False,block_04,0.06494965976953146
no_direct_relation,recoils,longest_decreasing_run,42,17,False,final_norm,0.07855349763096556
no_direct_relation,recoils,longest_decreasing_run,42,42,True,embedding,0.6986169897080216
no_direct_relation,recoils,longest_decreasing_run,42,42,True,block_01,0.4416696565556655
no_direct_relation,recoils,longest_decreasing_run,42,42,True,block_02,0.485265259281177
no_direct_relation,recoils,longest_decreasing_run,42,42,True,block_03,0.4664184627353576
no_direct_relation,recoils,longest_decreasing_run,42,42,True,block_04,0.07332415016184407
no_direct_relation,recoils,longest_decreasing_run,42,42,True,final_norm,0.0851127149369213
no_direct_relation,recoils,longest_decreasing_run,42,101,False,embedding,0.7358387710311355
no_direct_relation,recoils,longest_decreasing_run,42,101,False,block_01,0.5657245874508772
no_direct_relation,recoils,longest_decreasing_run,42,101,False,block_02,0.562897253405003
no_direct_relation,recoils,longest_decreasing_run,42,101,False,block_03,0.517659653025149
no_direct_relation,recoils,longest_decreasing_run,42,101,False,block_04,0.07855088737630338
no_direct_relation,recoils,longest_decreasing_run,42,101,False,final_norm,0.07546517762013201
no_direct_relation,recoils,longest_decreasing_run,101,17,False,embedding,0.7010846845044016
no_direct_relation,recoils,longest_decreasing_run,101,17,False,block_01,0.2978395030683068
no_direct_relation,recoils,longest_decreasing_run,101,17,False,block_02,0.3128926213870732
no_direct_relation,recoils,longest_decreasing_run,101,17,False,block_03,0.2781462759397869
no_direct_relation,recoils,longest_decreasing_run,101,17,False,block_04,0.0757028770033568
no_direct_relation,recoils,longest_decreasing_run,101,17,False,final_norm,0.09169847395894724
no_direct_relation,recoils,longest_decreasing_run,101,42,False,embedding,0.7098622661993556
no_direct_relation,recoils,longest_decreasing_run,101,42,False,block_01,0.3081255052136225
no_direct_relation,recoils,longest_decreasing_run,101,42,False,block_02,0.3342020720618739
no_direct_relation,recoils,longest_decreasing_run,101,42,False,block_03,0.328431053097246
no_direct_relation,recoils,longest_decreasing_run,101,42,False,block_04,0.08353685111800599
no_direct_relation,recoils,longest_decreasing_run,101,42,False,final_norm,0.09835706393999995
no_direct_relation,recoils,longest_decreasing_run,101,101,True,embedding,0.6896407649468949
no_direct_relation,recoils,longest_decreasing_run,101,101,True,block_01,0.3470289232914465
no_direct_relation,recoils,longest_decreasing_run,101,101,True,block_02,0.344114340253416
no_direct_relation,recoils,longest_decreasing_run,101,101,True,block_03,0.3566187807981265
no_direct_relation,recoils,longest_decreasing_run,101,101,True,block_04,0.08789960431566779
no_direct_relation,recoils,longest_decreasing_run,101,101,True,final_norm,0.08540654235355231
no_direct_relation,recoils,left_to_right_maxima,17,17,True,embedding,0.39967777050203573
no_direct_relation,recoils,left_to_right_maxima,17,17,True,block_01,0.16014821514127678
no_direct_relation,recoils,left_to_right_maxima,17,17,True,block_02,0.14694871030085965
no_direct_relation,recoils,left_to_right_maxima,17,17,True,block_03,0.1028555286009656
no_direct_relation,recoils,left_to_right_maxima,17,17,True,block_04,0.0456360874909689
no_direct_relation,recoils,left_to_right_maxima,17,17,True,final_norm,0.05041425681754899
no_direct_relation,recoils,left_to_right_maxima,17,42,False,embedding,0.43182074295110157
no_direct_relation,recoils,left_to_right_maxima,17,42,False,block_01,0.14623866017208478
no_direct_relation,recoils,left_to_right_maxima,17,42,False,block_02,0.16205301121002488
no_direct_relation,recoils,left_to_right_maxima,17,42,False,block_03,0.10518413020133624
no_direct_relation,recoils,left_to_right_maxima,17,42,False,block_04,0.04512586007254668
no_direct_relation,recoils,left_to_right_maxima,17,42,False,final_norm,0.05252247961248548
no_direct_relation,recoils,left_to_right_maxima,17,101,False,embedding,0.6356429785065985
no_direct_relation,recoils,left_to_right_maxima,17,101,False,block_01,0.07951638202397086
no_direct_relation,recoils,left_to_right_maxima,17,101,False,block_02,0.10029043920815944
no_direct_relation,recoils,left_to_right_maxima,17,101,False,block_03,0.08181975559883532
no_direct_relation,recoils,left_to_right_maxima,17,101,False,block_04,0.04327643346471399
no_direct_relation,recoils,left_to_right_maxima,17,101,False,final_norm,0.043214863476773877
no_direct_relation,recoils,left_to_right_maxima,42,17,False,embedding,0.47569911728421266
no_direct_relation,recoils,left_to_right_maxima,42,17,False,block_01,0.20562069424896837
no_direct_relation,recoils,left_to_right_maxima,42,17,False,block_02,0.22715056585901386
no_direct_relation,recoils,left_to_right_maxima,42,17,False,block_03,0.16055938673978415
no_direct_relation,recoils,left_to_right_maxima,42,17,False,block_04,0.033612904357349885
no_direct_relation,recoils,left_to_right_maxima,42,17,False,final_norm,0.04196807876470391
no_direct_relation,recoils,left_to_right_maxima,42,42,True,embedding,0.533264898418208
no_direct_relation,recoils,left_to_right_maxima,42,42,True,block_01,0.23559013482042102
no_direct_relation,recoils,left_to_right_maxima,42,42,True,block_02,0.27258077869819913
no_direct_relation,recoils,left_to_right_maxima,42,42,True,block_03,0.17885341612123132
no_direct_relation,recoils,left_to_right_maxima,42,42,True,block_04,0.035140833145119656
no_direct_relation,recoils,left_to_right_maxima,42,42,True,final_norm,0.04362891666261219
no_direct_relation,recoils,left_to_right_maxima,42,101,False,embedding,0.7047434295930172
no_direct_relation,recoils,left_to_right_maxima,42,101,False,block_01,0.13124010347306664
no_direct_relation,recoils,left_to_right_maxima,42,101,False,block_02,0.11878354735546648
no_direct_relation,recoils,left_to_right_maxima,42,101,False,block_03,0.09273226131144117
no_direct_relation,recoils,left_to_right_maxima,42,101,False,block_04,0.024577785401973612
no_direct_relation,recoils,left_to_right_maxima,42,101,False,final_norm,0.028141832553884517
no_direct_relation,recoils,left_to_right_maxima,101,17,False,embedding,0.4662136738779526
no_direct_relation,recoils,left_to_right_maxima,101,17,False,block_01,0.1408248761876347
no_direct_relation,recoils,left_to_right_maxima,101,17,False,block_02,0.14736387060599365
no_direct_relation,recoils,left_to_right_maxima,101,17,False,block_03,0.11216942964639692
no_direct_relation,recoils,left_to_right_maxima,101,17,False,block_04,0.0469457042314054
no_direct_relation,recoils,left_to_right_maxima,101,17,False,final_norm,0.055902990485972345
no_direct_relation,recoils,left_to_right_maxima,101,42,False,embedding,0.5001830038784666
no_direct_relation,recoils,left_to_right_maxima,101,42,False,block_01,0.16340729144161922
no_direct_relation,recoils,left_to_right_maxima,101,42,False,block_02,0.1782240034502524
no_direct_relation,recoils,left_to_right_maxima,101,42,False,block_03,0.13158595558984557
no_direct_relation,recoils,left_to_right_maxima,101,42,False,block_04,0.04618880417814172
no_direct_relation,recoils,left_to_right_maxima,101,42,False,final_norm,0.0575121145430461
no_direct_relation,recoils,left_to_right_maxima,101,101,True,embedding,0.6774698481352869
no_direct_relation,recoils,left_to_right_maxima,101,101,True,block_01,0.0975543277486034
no_direct_relation,recoils,left_to_right_maxima,101,101,True,block_02,0.0837675424073099
no_direct_relation,recoils,left_to_right_maxima,101,101,True,block_03,0.07038639924441609
no_direct_relation,recoils,left_to_right_maxima,101,101,True,block_04,0.039220480347096166
no_direct_relation,recoils,left_to_right_maxima,101,101,True,final_norm,0.04378971996401959
no_direct_relation,recoils,left_to_right_minima,17,17,True,embedding,0.5585588648204456
no_direct_relation,recoils,left_to_right_minima,17,17,True,block_01,0.094208766251045
no_direct_relation,recoils,left_to_right_minima,17,17,True,block_02,0.12109317254030995
no_direct_relation,recoils,left_to_right_minima,17,17,True,block_03,0.08902202413720212
no_direct_relation,recoils,left_to_right_minima,17,17,True,block_04,0.056570751711750786
no_direct_relation,recoils,left_to_right_minima,17,17,True,final_norm,0.07007348250701224
no_direct_relation,recoils,left_to_right_minima,17,42,False,embedding,0.5798179450055347
no_direct_relation,recoils,left_to_right_minima,17,42,False,block_01,0.0662996913123948
no_direct_relation,recoils,left_to_right_minima,17,42,False,block_02,0.08931452191038514
no_direct_relation,recoils,left_to_right_minima,17,42,False,block_03,0.06332736781413796
no_direct_relation,recoils,left_to_right_minima,17,42,False,block_04,0.03340534345228841
no_direct_relation,recoils,left_to_right_minima,17,42,False,final_norm,0.039873599192714625
no_direct_relation,recoils,left_to_right_minima,17,101,False,embedding,0.5215814043157654
no_direct_relation,recoils,left_to_right_minima,17,101,False,block_01,0.043378003966251195
no_direct_relation,recoils,left_to_right_minima,17,101,False,block_02,0.09166687587344402
no_direct_relation,recoils,left_to_right_minima,17,101,False,block_03,0.07710179042317411
no_direct_relation,recoils,left_to_right_minima,17,101,False,block_04,0.05433876080030385
no_direct_relation,recoils,left_to_right_minima,17,101,False,final_norm,0.05851979721344786
no_direct_relation,recoils,left_to_right_minima,42,17,False,embedding,0.6218113537690299
no_direct_relation,recoils,left_to_right_minima,42,17,False,block_01,0.19698325195175195
no_direct_relation,recoils,left_to_right_minima,42,17,False,block_02,0.21998388320840806
no_direct_relation,recoils,left_to_right_minima,42,17,False,block_03,0.21567091502176752
no_direct_relation,recoils,left_to_right_minima,42,17,False,block_04,0.09970122491714509
no_direct_relation,recoils,left_to_right_minima,42,17,False,final_norm,0.08720454252481032
no_direct_relation,recoils,left_to_right_minima,42,42,True,embedding,0.6127821888150656
no_direct_relation,recoils,left_to_right_minima,42,42,True,block_01,0.16930800415900046
no_direct_relation,recoils,left_to_right_minima,42,42,True,block_02,0.1632283278412763
no_direct_relation,recoils,left_to_right_minima,42,42,True,block_03,0.15793838875270141
no_direct_relation,recoils,left_to_right_minima,42,42,True,block_04,0.04926256243862493
no_direct_relation,recoils,left_to_right_minima,42,42,True,final_norm,0.05270637123101367
no_direct_relation,recoils,left_to_right_minima,42,101,False,embedding,0.5865086284578542
no_direct_relation,recoils,left_to_right_minima,42,101,False,block_01,0.05399383851431926
no_direct_relation,recoils,left_to_right_minima,42,101,False,block_02,0.14800854929670923
no_direct_relation,recoils,left_to_right_minima,42,101,False,block_03,0.19600607842760856
no_direct_relation,recoils,left_to_right_minima,42,101,False,block_04,0.07197601530829234
no_direct_relation,recoils,left_to_right_minima,42,101,False,final_norm,0.07024142156232671
no_direct_relation,recoils,left_to_right_minima,101,17,False,embedding,0.6194668599479517
no_direct_relation,recoils,left_to_right_minima,101,17,False,block_01,0.17415181454574183
no_direct_relation,recoils,left_to_right_minima,101,17,False,block_02,0.14021213980973174
no_direct_relation,recoils,left_to_right_minima,101,17,False,block_03,0.15306339508226433
no_direct_relation,recoils,left_to_right_minima,101,17,False,block_04,0.0618791690134395
no_direct_relation,recoils,left_to_right_minima,101,17,False,final_norm,0.0774469756751406
no_direct_relation,recoils,left_to_right_minima,101,42,False,embedding,0.6386413514423118
no_direct_relation,recoils,left_to_right_minima,101,42,False,block_01,0.10327588169044763
no_direct_relation,recoils,left_to_right_minima,101,42,False,block_02,0.09432783156131223
no_direct_relation,recoils,left_to_right_minima,101,42,False,block_03,0.10354234618487641
no_direct_relation,recoils,left_to_right_minima,101,42,False,block_04,0.040179797363392215
no_direct_relation,recoils,left_to_right_minima,101,42,False,final_norm,0.04535442363487067
no_direct_relation,recoils,left_to_right_minima,101,101,True,embedding,0.5892113490499405
no_direct_relation,recoils,left_to_right_minima,101,101,True,block_01,0.08581711406464028
no_direct_relation,recoils,left_to_right_minima,101,101,True,block_02,0.11708213178779561
no_direct_relation,recoils,left_to_right_minima,101,101,True,block_03,0.13669304086750206
no_direct_relation,recoils,left_to_right_minima,101,101,True,block_04,0.061443082302676096
no_direct_relation,recoils,left_to_right_minima,101,101,True,final_norm,0.0679671425860715
no_direct_relation,recoils,global_descents,17,17,True,embedding,0.6063427369939923
no_direct_relation,recoils,global_descents,17,17,True,block_01,0.11288461436981641
no_direct_relation,recoils,global_descents,17,17,True,block_02,0.10489209815418558
no_direct_relation,recoils,global_descents,17,17,True,block_03,0.10189447639819127
no_direct_relation,recoils,global_descents,17,17,True,block_04,0.07623135189490558
no_direct_relation,recoils,global_descents,17,17,True,final_norm,0.0769035009918769
no_direct_relation,recoils,global_descents,17,42,False,embedding,0.5542932035122503
no_direct_relation,recoils,global_descents,17,42,False,block_01,0.05453735385870301
no_direct_relation,recoils,global_descents,17,42,False,block_02,0.0816784870018744
no_direct_relation,recoils,global_descents,17,42,False,block_03,0.08938381718472632
no_direct_relation,recoils,global_descents,17,42,False,block_04,0.04823414742547149
no_direct_relation,recoils,global_descents,17,42,False,final_norm,0.03778245196169777
no_direct_relation,recoils,global_descents,17,101,False,embedding,0.5516735682094699
no_direct_relation,recoils,global_descents,17,101,False,block_01,0.05582513812474607
no_direct_relation,recoils,global_descents,17,101,False,block_02,0.06915246207907157
no_direct_relation,recoils,global_descents,17,101,False,block_03,0.07709829525973488
no_direct_relation,recoils,global_descents,17,101,False,block_04,0.03730506693580168
no_direct_relation,recoils,global_descents,17,101,False,final_norm,0.04278916827356227
no_direct_relation,recoils,global_descents,42,17,False,embedding,0.6437030466186114
no_direct_relation,recoils,global_descents,42,17,False,block_01,0.15327819408095253
no_direct_relation,recoils,global_descents,42,17,False,block_02,0.16167652925199166
no_direct_relation,recoils,global_descents,42,17,False,block_03,0.10276682670856312
no_direct_relation,recoils,global_descents,42,17,False,block_04,0.0557930331458731
no_direct_relation,recoils,global_descents,42,17,False,final_norm,0.055293873201820117
no_direct_relation,recoils,global_descents,42,42,True,embedding,0.5972489490594238
no_direct_relation,recoils,global_descents,42,42,True,block_01,0.10980663695479921
no_direct_relation,recoils,global_descents,42,42,True,block_02,0.13949807510678403
no_direct_relation,recoils,global_descents,42,42,True,block_03,0.14566261163278107
no_direct_relation,recoils,global_descents,42,42,True,block_04,0.0405450806628553
no_direct_relation,recoils,global_descents,42,42,True,final_norm,0.03179794309133259
no_direct_relation,recoils,global_descents,42,101,False,embedding,0.5769694187760849
no_direct_relation,recoils,global_descents,42,101,False,block_01,0.06660387438929383
no_direct_relation,recoils,global_descents,42,101,False,block_02,0.08308859982184577
no_direct_relation,recoils,global_descents,42,101,False,block_03,0.09949141227137154
no_direct_relation,recoils,global_descents,42,101,False,block_04,0.03047637807769048
no_direct_relation,recoils,global_descents,42,101,False,final_norm,0.03267794594838746
no_direct_relation,recoils,global_descents,101,17,False,embedding,0.6305651832506425
no_direct_relation,recoils,global_descents,101,17,False,block_01,0.12654881569036486
no_direct_relation,recoils,global_descents,101,17,False,block_02,0.1227201127064098
no_direct_relation,recoils,global_descents,101,17,False,block_03,0.0828501560149606
no_direct_relation,recoils,global_descents,101,17,False,block_04,0.06717788279690207
no_direct_relation,recoils,global_descents,101,17,False,final_norm,0.06639420612803439
no_direct_relation,recoils,global_descents,101,42,False,embedding,0.573396653076615
no_direct_relation,recoils,global_descents,101,42,False,block_01,0.10019204339924168
no_direct_relation,recoils,global_descents,101,42,False,block_02,0.1149782730501001
no_direct_relation,recoils,global_descents,101,42,False,block_03,0.10744364582988693
no_direct_relation,recoils,global_descents,101,42,False,block_04,0.04980464549292021
no_direct_relation,recoils,global_descents,101,42,False,final_norm,0.03966379261585857
no_direct_relation,recoils,global_descents,101,101,True,embedding,0.5751113411258019
no_direct_relation,recoils,global_descents,101,101,True,block_01,0.046923950502668475
no_direct_relation,recoils,global_descents,101,101,True,block_02,0.05607838727141573
no_direct_relation,recoils,global_descents,101,101,True,block_03,0.06604348435985768
no_direct_relation,recoils,global_descents,101,101,True,block_04,0.03275066380774291
no_direct_relation,recoils,global_descents,101,101,True,final_norm,0.033655069679176926
no_direct_relation,recoils,components,17,17,True,embedding,0.6857308668364815
no_direct_relation,recoils,components,17,17,True,block_01,0.2394198961364876
no_direct_relation,recoils,components,17,17,True,block_02,0.06148924850584055
no_direct_relation,recoils,components,17,17,True,block_03,0.043973545021962095
no_direct_relation,recoils,components,17,17,True,block_04,0.03754634256982705
no_direct_relation,recoils,components,17,17,True,final_norm,0.03403404571231398
no_direct_relation,recoils,components,17,42,False,embedding,0.6628625050327107
no_direct_relation,recoils,components,17,42,False,block_01,0.17358411745413332
no_direct_relation,recoils,components,17,42,False,block_02,0.06161254294768053
no_direct_relation,recoils,components,17,42,False,block_03,0.060814847047861255
no_direct_relation,recoils,components,17,42,False,block_04,0.04002162741184986
no_direct_relation,recoils,components,17,42,False,final_norm,0.03180273350496349
no_direct_relation,recoils,components,17,101,False,embedding,0.6585234093876582
no_direct_relation,recoils,components,17,101,False,block_01,0.4735961333785287
no_direct_relation,recoils,components,17,101,False,block_02,0.09272451496900491
no_direct_relation,recoils,components,17,101,False,block_03,0.06073475417069871
no_direct_relation,recoils,components,17,101,False,block_04,0.05124000028928695
no_direct_relation,recoils,components,17,101,False,final_norm,0.038138981471251
no_direct_relation,recoils,components,42,17,False,embedding,0.7194753582639399
no_direct_relation,recoils,components,42,17,False,block_01,0.2263571930439942
no_direct_relation,recoils,components,42,17,False,block_02,0.12199080930437464
no_direct_relation,recoils,components,42,17,False,block_03,0.11873113344632857
no_direct_relation,recoils,components,42,17,False,block_04,0.0496361031777428
no_direct_relation,recoils,components,42,17,False,final_norm,0.04308721134647464
no_direct_relation,recoils,components,42,42,True,embedding,0.6984161025777036
no_direct_relation,recoils,components,42,42,True,block_01,0.4449671059658369
no_direct_relation,recoils,components,42,42,True,block_02,0.12739944960246716
no_direct_relation,recoils,components,42,42,True,block_03,0.1506711923452803
no_direct_relation,recoils,components,42,42,True,block_04,0.044404438312026
no_direct_relation,recoils,components,42,42,True,final_norm,0.038757984918339795
no_direct_relation,recoils,components,42,101,False,embedding,0.7058913312642556
no_direct_relation,recoils,components,42,101,False,block_01,0.16133876756248305
no_direct_relation,recoils,components,42,101,False,block_02,0.13204233909405497
no_direct_relation,recoils,components,42,101,False,block_03,0.1207069926192742
no_direct_relation,recoils,components,42,101,False,block_04,0.050301445421996833
no_direct_relation,recoils,components,42,101,False,final_norm,0.040981687752474225
no_direct_relation,recoils,components,101,17,False,embedding,0.7252821762379031
no_direct_relation,recoils,components,101,17,False,block_01,0.20019164606169196
no_direct_relation,recoils,components,101,17,False,block_02,0.0751612013609564
no_direct_relation,recoils,components,101,17,False,block_03,0.08174601081668728
no_direct_relation,recoils,components,101,17,False,block_04,0.04825486175892624
no_direct_relation,recoils,components,101,17,False,final_norm,0.047002584645046135
no_direct_relation,recoils,components,101,42,False,embedding,0.7144913824762039
no_direct_relation,recoils,components,101,42,False,block_01,0.4196483429969055
no_direct_relation,recoils,components,101,42,False,block_02,0.08088839671767599
no_direct_relation,recoils,components,101,42,False,block_03,0.10210641163869291
no_direct_relation,recoils,components,101,42,False,block_04,0.049879431328003376
no_direct_relation,recoils,components,101,42,False,final_norm,0.04401672510120744
no_direct_relation,recoils,components,101,101,True,embedding,0.7309852727568791
no_direct_relation,recoils,components,101,101,True,block_01,0.14450743526664311
no_direct_relation,recoils,components,101,101,True,block_02,0.08091936836964168
no_direct_relation,recoils,components,101,101,True,block_03,0.08504755708542211
no_direct_relation,recoils,components,101,101,True,block_04,0.056113389737290555
no_direct_relation,recoils,components,101,101,True,final_norm,0.04724597262756217
direct_relation,peaks,valleys,17,17,True,embedding,0.8006363171974333
direct_relation,peaks,valleys,17,17,True,block_01,0.4555700999316813
direct_relation,peaks,valleys,17,17,True,block_02,0.47867056379355266
direct_relation,peaks,valleys,17,17,True,block_03,0.4458246433687833
direct_relation,peaks,valleys,17,17,True,block_04,0.40004119519089987
direct_relation,peaks,valleys,17,17,True,final_norm,0.42818713227813127
direct_relation,peaks,valleys,17,42,False,embedding,0.8232684151335812
direct_relation,peaks,valleys,17,42,False,block_01,0.3290433079853873
direct_relation,peaks,valleys,17,42,False,block_02,0.37649603938071535
direct_relation,peaks,valleys,17,42,False,block_03,0.3944852387864204
direct_relation,peaks,valleys,17,42,False,block_04,0.37932647891304067
direct_relation,peaks,valleys,17,42,False,final_norm,0.40039353796463883
direct_relation,peaks,valleys,17,101,False,embedding,0.8332514973746578
direct_relation,peaks,valleys,17,101,False,block_01,0.40970910115898085
direct_relation,peaks,valleys,17,101,False,block_02,0.38840148824097714
direct_relation,peaks,valleys,17,101,False,block_03,0.443486841553142
direct_relation,peaks,valleys,17,101,False,block_04,0.42596015563217887
direct_relation,peaks,valleys,17,101,False,final_norm,0.465264338506661
direct_relation,peaks,valleys,42,17,False,embedding,0.8015561770354429
direct_relation,peaks,valleys,42,17,False,block_01,0.48814567961527183
direct_relation,peaks,valleys,42,17,False,block_02,0.5583613636305828
direct_relation,peaks,valleys,42,17,False,block_03,0.61341516039103
direct_relation,peaks,valleys,42,17,False,block_04,0.44576298831407707
direct_relation,peaks,valleys,42,17,False,final_norm,0.45361380835330595
direct_relation,peaks,valleys,42,42,True,embedding,0.8259556900390821
direct_relation,peaks,valleys,42,42,True,block_01,0.3262925832554806
direct_relation,peaks,valleys,42,42,True,block_02,0.41758881011818433
direct_relation,peaks,valleys,42,42,True,block_03,0.5533871787523371
direct_relation,peaks,valleys,42,42,True,block_04,0.44174992120882256
direct_relation,peaks,valleys,42,42,True,final_norm,0.4270626303582962
direct_relation,peaks,valleys,42,101,False,embedding,0.825819237192425
direct_relation,peaks,valleys,42,101,False,block_01,0.3949880624968036
direct_relation,peaks,valleys,42,101,False,block_02,0.41468224752509114
direct_relation,peaks,valleys,42,101,False,block_03,0.55958599467271
direct_relation,peaks,valleys,42,101,False,block_04,0.4937880607379777
direct_relation,peaks,valleys,42,101,False,final_norm,0.5061406594368665
direct_relation,peaks,valleys,101,17,False,embedding,0.8331698430851843
direct_relation,peaks,valleys,101,17,False,block_01,0.4232158584774016
direct_relation,peaks,valleys,101,17,False,block_02,0.4940454236037158
direct_relation,peaks,valleys,101,17,False,block_03,0.6362092752027961
direct_relation,peaks,valleys,101,17,False,block_04,0.49285010215711617
direct_relation,peaks,valleys,101,17,False,final_norm,0.5074161620234423
direct_relation,peaks,valleys,101,42,False,embedding,0.8139301981137548
direct_relation,peaks,valleys,101,42,False,block_01,0.2923996888185608
direct_relation,peaks,valleys,101,42,False,block_02,0.3861151651861455
direct_relation,peaks,valleys,101,42,False,block_03,0.5920631358508819
direct_relation,peaks,valleys,101,42,False,block_04,0.5075223681180655
direct_relation,peaks,valleys,101,42,False,final_norm,0.48952444737851364
direct_relation,peaks,valleys,101,101,True,embedding,0.8170457960490458
direct_relation,peaks,valleys,101,101,True,block_01,0.2967937902819745
direct_relation,peaks,valleys,101,101,True,block_02,0.35959871331131465
direct_relation,peaks,valleys,101,101,True,block_03,0.5534786353402626
direct_relation,peaks,valleys,101,101,True,block_04,0.5774748609481504
direct_relation,peaks,valleys,101,101,True,final_norm,0.5535581116579087
no_direct_relation,peaks,fixed_points,17,17,True,embedding,0.63086102257465
no_direct_relation,peaks,fixed_points,17,17,True,block_01,0.04284564473815876
no_direct_relation,peaks,fixed_points,17,17,True,block_02,0.020485947982052315
no_direct_relation,peaks,fixed_points,17,17,True,block_03,0.00766616394364629
no_direct_relation,peaks,fixed_points,17,17,True,block_04,0.006616247776472369
no_direct_relation,peaks,fixed_points,17,17,True,final_norm,0.0069620626869825565
no_direct_relation,peaks,fixed_points,17,42,False,embedding,0.5606450091302715
no_direct_relation,peaks,fixed_points,17,42,False,block_01,0.017583794464222667
no_direct_relation,peaks,fixed_points,17,42,False,block_02,0.01043205206729705
no_direct_relation,peaks,fixed_points,17,42,False,block_03,0.0073846059531756415
no_direct_relation,peaks,fixed_points,17,42,False,block_04,0.005354153908742522
no_direct_relation,peaks,fixed_points,17,42,False,final_norm,0.005518922515670014
no_direct_relation,peaks,fixed_points,17,101,False,embedding,0.6518515747469342
no_direct_relation,peaks,fixed_points,17,101,False,block_01,0.06883836263626085
no_direct_relation,peaks,fixed_points,17,101,False,block_02,0.13160117634794438
no_direct_relation,peaks,fixed_points,17,101,False,block_03,0.15310041539901917
no_direct_relation,peaks,fixed_points,17,101,False,block_04,0.17652931086837179
no_direct_relation,peaks,fixed_points,17,101,False,final_norm,0.15552384990516838
no_direct_relation,peaks,fixed_points,42,17,False,embedding,0.6518093267359468
no_direct_relation,peaks,fixed_points,42,17,False,block_01,0.05159907683085826
no_direct_relation,peaks,fixed_points,42,17,False,block_02,0.028336755594632827
no_direct_relation,peaks,fixed_points,42,17,False,block_03,0.012786580846742931
no_direct_relation,peaks,fixed_points,42,17,False,block_04,0.00799685967088557
no_direct_relation,peaks,fixed_points,42,17,False,final_norm,0.007337051941672145
no_direct_relation,peaks,fixed_points,42,42,True,embedding,0.5677517197750983
no_direct_relation,peaks,fixed_points,42,42,True,block_01,0.021608729924885276
no_direct_relation,peaks,fixed_points,42,42,True,block_02,0.0137505700024526
no_direct_relation,peaks,fixed_points,42,42,True,block_03,0.012546067897365398
no_direct_relation,peaks,fixed_points,42,42,True,block_04,0.006068896124753981
no_direct_relation,peaks,fixed_points,42,42,True,final_norm,0.005361281110690223
no_direct_relation,peaks,fixed_points,42,101,False,embedding,0.6921213431142202
no_direct_relation,peaks,fixed_points,42,101,False,block_01,0.06082572629688183
no_direct_relation,peaks,fixed_points,42,101,False,block_02,0.133681911369708
no_direct_relation,peaks,fixed_points,42,101,False,block_03,0.3071399045057096
no_direct_relation,peaks,fixed_points,42,101,False,block_04,0.20519399089668547
no_direct_relation,peaks,fixed_points,42,101,False,final_norm,0.15293456412837325
no_direct_relation,peaks,fixed_points,101,17,False,embedding,0.6318485658061004
no_direct_relation,peaks,fixed_points,101,17,False,block_01,0.058902635490866766
no_direct_relation,peaks,fixed_points,101,17,False,block_02,0.033747534429742494
no_direct_relation,peaks,fixed_points,101,17,False,block_03,0.013534686719655725
no_direct_relation,peaks,fixed_points,101,17,False,block_04,0.008708408057682929
no_direct_relation,peaks,fixed_points,101,17,False,final_norm,0.00714494103739507
no_direct_relation,peaks,fixed_points,101,42,False,embedding,0.5559956400016693
no_direct_relation,peaks,fixed_points,101,42,False,block_01,0.025021234371428735
no_direct_relation,peaks,fixed_points,101,42,False,block_02,0.01682240906186754
no_direct_relation,peaks,fixed_points,101,42,False,block_03,0.01440647874078525
no_direct_relation,peaks,fixed_points,101,42,False,block_04,0.007103302220594297
no_direct_relation,peaks,fixed_points,101,42,False,final_norm,0.005428854607716726
no_direct_relation,peaks,fixed_points,101,101,True,embedding,0.6643684088441497
no_direct_relation,peaks,fixed_points,101,101,True,block_01,0.0774768454300592
no_direct_relation,peaks,fixed_points,101,101,True,block_02,0.20446114678565494
no_direct_relation,peaks,fixed_points,101,101,True,block_03,0.35258722099499107
no_direct_relation,peaks,fixed_points,101,101,True,block_04,0.2938199992607144
no_direct_relation,peaks,fixed_points,101,101,True,final_norm,0.15639151355689115
no_direct_relation,peaks,anti_fixed_points,17,17,True,embedding,0.5208988609212536
no_direct_relation,peaks,anti_fixed_points,17,17,True,block_01,0.17742792855383166
no_direct_relation,peaks,anti_fixed_points,17,17,True,block_02,0.11262869221190726
no_direct_relation,peaks,anti_fixed_points,17,17,True,block_03,0.12923611883588845
no_direct_relation,peaks,anti_fixed_points,17,17,True,block_04,0.13289237562362402
no_direct_relation,peaks,anti_fixed_points,17,17,True,final_norm,0.1405826203207631
no_direct_relation,peaks,anti_fixed_points,17,42,False,embedding,0.5061953781118677
no_direct_relation,peaks,anti_fixed_points,17,42,False,block_01,0.15379995439303606
no_direct_relation,peaks,anti_fixed_points,17,42,False,block_02,0.11850927377541143
no_direct_relation,peaks,anti_fixed_points,17,42,False,block_03,0.09172162678153858
no_direct_relation,peaks,anti_fixed_points,17,42,False,block_04,0.060832678792349354
no_direct_relation,peaks,anti_fixed_points,17,42,False,final_norm,0.06630120544764875
no_direct_relation,peaks,anti_fixed_points,17,101,False,embedding,0.5831925138978249
no_direct_relation,peaks,anti_fixed_points,17,101,False,block_01,0.16734657240948028
no_direct_relation,peaks,anti_fixed_points,17,101,False,block_02,0.17036881451979805
no_direct_relation,peaks,anti_fixed_points,17,101,False,block_03,0.16009126670604631
no_direct_relation,peaks,anti_fixed_points,17,101,False,block_04,0.15172504989250477
no_direct_relation,peaks,anti_fixed_points,17,101,False,final_norm,0.10495285864887387
no_direct_relation,peaks,anti_fixed_points,42,17,False,embedding,0.5684137547022383
no_direct_relation,peaks,anti_fixed_points,42,17,False,block_01,0.2576694483040723
no_direct_relation,peaks,anti_fixed_points,42,17,False,block_02,0.167393635339078
no_direct_relation,peaks,anti_fixed_points,42,17,False,block_03,0.2199248791304944
no_direct_relation,peaks,anti_fixed_points,42,17,False,block_04,0.1682877135993499
no_direct_relation,peaks,anti_fixed_points,42,17,False,final_norm,0.15741626148104448
no_direct_relation,peaks,anti_fixed_points,42,42,True,embedding,0.5721525625097019
no_direct_relation,peaks,anti_fixed_points,42,42,True,block_01,0.1860844008788977
no_direct_relation,peaks,anti_fixed_points,42,42,True,block_02,0.15943537247417253
no_direct_relation,peaks,anti_fixed_points,42,42,True,block_03,0.15445892055830707
no_direct_relation,peaks,anti_fixed_points,42,42,True,block_04,0.08159090680306409
no_direct_relation,peaks,anti_fixed_points,42,42,True,final_norm,0.07704167960982539
no_direct_relation,peaks,anti_fixed_points,42,101,False,embedding,0.6199653830390391
no_direct_relation,peaks,anti_fixed_points,42,101,False,block_01,0.22528748642532392
no_direct_relation,peaks,anti_fixed_points,42,101,False,block_02,0.2632064014985333
no_direct_relation,peaks,anti_fixed_points,42,101,False,block_03,0.2587364054673899
no_direct_relation,peaks,anti_fixed_points,42,101,False,block_04,0.21127557425891602
no_direct_relation,peaks,anti_fixed_points,42,101,False,final_norm,0.12853739202486036
no_direct_relation,peaks,anti_fixed_points,101,17,False,embedding,0.5595629122753287
no_direct_relation,peaks,anti_fixed_points,101,17,False,block_01,0.2842357986185722
no_direct_relation,peaks,anti_fixed_points,101,17,False,block_02,0.18276564451709346
no_direct_relation,peaks,anti_fixed_points,101,17,False,block_03,0.23952374642715582
no_direct_relation,peaks,anti_fixed_points,101,17,False,block_04,0.19235670312572128
no_direct_relation,peaks,anti_fixed_points,101,17,False,final_norm,0.16030445327498194
no_direct_relation,peaks,anti_fixed_points,101,42,False,embedding,0.5419013457530378
no_direct_relation,peaks,anti_fixed_points,101,42,False,block_01,0.23260931949305316
no_direct_relation,peaks,anti_fixed_points,101,42,False,block_02,0.1961069701261213
no_direct_relation,peaks,anti_fixed_points,101,42,False,block_03,0.16734406909915833
no_direct_relation,peaks,anti_fixed_points,101,42,False,block_04,0.09202814471733528
no_direct_relation,peaks,anti_fixed_points,101,42,False,final_norm,0.07884754789923058
no_direct_relation,peaks,anti_fixed_points,101,101,True,embedding,0.6129219461770132
no_direct_relation,peaks,anti_fixed_points,101,101,True,block_01,0.24243061193961324
no_direct_relation,peaks,anti_fixed_points,101,101,True,block_02,0.27593374599356935
no_direct_relation,peaks,anti_fixed_points,101,101,True,block_03,0.2621935768526733
no_direct_relation,peaks,anti_fixed_points,101,101,True,block_04,0.20859014740686416
no_direct_relation,peaks,anti_fixed_points,101,101,True,final_norm,0.12632684667557256
no_direct_relation,peaks,exceedances,17,17,True,embedding,0.8437683584657442
no_direct_relation,peaks,exceedances,17,17,True,block_01,0.5614163118415588
no_direct_relation,peaks,exceedances,17,17,True,block_02,0.5127961212892852
no_direct_relation,peaks,exceedances,17,17,True,block_03,0.45504985170277734
no_direct_relation,peaks,exceedances,17,17,True,block_04,0.2016960910532976
no_direct_relation,peaks,exceedances,17,17,True,final_norm,0.22273657776638459
no_direct_relation,peaks,exceedances,17,42,False,embedding,0.8275141626912637
no_direct_relation,peaks,exceedances,17,42,False,block_01,0.5591969568901233
no_direct_relation,peaks,exceedances,17,42,False,block_02,0.5038636615198031
no_direct_relation,peaks,exceedances,17,42,False,block_03,0.39547714572893294
no_direct_relation,peaks,exceedances,17,42,False,block_04,0.2076724159469876
no_direct_relation,peaks,exceedances,17,42,False,final_norm,0.23069602617076154
no_direct_relation,peaks,exceedances,17,101,False,embedding,0.8624795203470437
no_direct_relation,peaks,exceedances,17,101,False,block_01,0.5370379559119146
no_direct_relation,peaks,exceedances,17,101,False,block_02,0.49238024812389564
no_direct_relation,peaks,exceedances,17,101,False,block_03,0.4184017372426621
no_direct_relation,peaks,exceedances,17,101,False,block_04,0.218393714188645
no_direct_relation,peaks,exceedances,17,101,False,final_norm,0.2407395283558495
no_direct_relation,peaks,exceedances,42,17,False,embedding,0.8036062282801838
no_direct_relation,peaks,exceedances,42,17,False,block_01,0.61580349480924
no_direct_relation,peaks,exceedances,42,17,False,block_02,0.6166467432167546
no_direct_relation,peaks,exceedances,42,17,False,block_03,0.5628578722803111
no_direct_relation,peaks,exceedances,42,17,False,block_04,0.2527770868857982
no_direct_relation,peaks,exceedances,42,17,False,final_norm,0.26255428840550943
no_direct_relation,peaks,exceedances,42,42,True,embedding,0.7827237903054209
no_direct_relation,peaks,exceedances,42,42,True,block_01,0.570946119056189
no_direct_relation,peaks,exceedances,42,42,True,block_02,0.5766281205966213
no_direct_relation,peaks,exceedances,42,42,True,block_03,0.46272166812166915
no_direct_relation,peaks,exceedances,42,42,True,block_04,0.25866486947859973
no_direct_relation,peaks,exceedances,42,42,True,final_norm,0.26368848847618725
no_direct_relation,peaks,exceedances,42,101,False,embedding,0.827197671007802
no_direct_relation,peaks,exceedances,42,101,False,block_01,0.5214581894752336
no_direct_relation,peaks,exceedances,42,101,False,block_02,0.556993184442838
no_direct_relation,peaks,exceedances,42,101,False,block_03,0.4998364703966821
no_direct_relation,peaks,exceedances,42,101,False,block_04,0.2845053114409673
no_direct_relation,peaks,exceedances,42,101,False,final_norm,0.2865084939334457
no_direct_relation,peaks,exceedances,101,17,False,embedding,0.7764254012836489
no_direct_relation,peaks,exceedances,101,17,False,block_01,0.47998939103472477
no_direct_relation,peaks,exceedances,101,17,False,block_02,0.5383224412246147
no_direct_relation,peaks,exceedances,101,17,False,block_03,0.5377654057216267
no_direct_relation,peaks,exceedances,101,17,False,block_04,0.2403180265307921
no_direct_relation,peaks,exceedances,101,17,False,final_norm,0.22936896744319388
no_direct_relation,peaks,exceedances,101,42,False,embedding,0.7662339371907436
no_direct_relation,peaks,exceedances,101,42,False,block_01,0.4147114660625033
no_direct_relation,peaks,exceedances,101,42,False,block_02,0.4834890865823826
no_direct_relation,peaks,exceedances,101,42,False,block_03,0.4465253201603541
no_direct_relation,peaks,exceedances,101,42,False,block_04,0.25698981981341273
no_direct_relation,peaks,exceedances,101,42,False,final_norm,0.2431820793527448
no_direct_relation,peaks,exceedances,101,101,True,embedding,0.8313033680727697
no_direct_relation,peaks,exceedances,101,101,True,block_01,0.3982110234639247
no_direct_relation,peaks,exceedances,101,101,True,block_02,0.48820706151309967
no_direct_relation,peaks,exceedances,101,101,True,block_03,0.4809084020454919
no_direct_relation,peaks,exceedances,101,101,True,block_04,0.2719277754352245
no_direct_relation,peaks,exceedances,101,101,True,final_norm,0.2512594153733492
no_direct_relation,peaks,deficiencies,17,17,True,embedding,0.827484103545027
no_direct_relation,peaks,deficiencies,17,17,True,block_01,0.45528992441230354
no_direct_relation,peaks,deficiencies,17,17,True,block_02,0.4541763375032809
no_direct_relation,peaks,deficiencies,17,17,True,block_03,0.4011688135281881
no_direct_relation,peaks,deficiencies,17,17,True,block_04,0.18280251157700514
no_direct_relation,peaks,deficiencies,17,17,True,final_norm,0.19183351954168326
no_direct_relation,peaks,deficiencies,17,42,False,embedding,0.8164164991984108
no_direct_relation,peaks,deficiencies,17,42,False,block_01,0.40095557031477713
no_direct_relation,peaks,deficiencies,17,42,False,block_02,0.4505830053807894
no_direct_relation,peaks,deficiencies,17,42,False,block_03,0.41082807397503224
no_direct_relation,peaks,deficiencies,17,42,False,block_04,0.14850747264412167
no_direct_relation,peaks,deficiencies,17,42,False,final_norm,0.16305483106025
no_direct_relation,peaks,deficiencies,17,101,False,embedding,0.8521568458008996
no_direct_relation,peaks,deficiencies,17,101,False,block_01,0.46692344592540963
no_direct_relation,peaks,deficiencies,17,101,False,block_02,0.4557599058429561
no_direct_relation,peaks,deficiencies,17,101,False,block_03,0.44207817929075094
no_direct_relation,peaks,deficiencies,17,101,False,block_04,0.20902123344432222
no_direct_relation,peaks,deficiencies,17,101,False,final_norm,0.21997851828560183
no_direct_relation,peaks,deficiencies,42,17,False,embedding,0.7634648323783839
no_direct_relation,peaks,deficiencies,42,17,False,block_01,0.4839439727580319
no_direct_relation,peaks,deficiencies,42,17,False,block_02,0.5191081452420893
no_direct_relation,peaks,deficiencies,42,17,False,block_03,0.46207254800686076
no_direct_relation,peaks,deficiencies,42,17,False,block_04,0.24351972116271325
no_direct_relation,peaks,deficiencies,42,17,False,final_norm,0.22942948682758924
no_direct_relation,peaks,deficiencies,42,42,True,embedding,0.7500334592211305
no_direct_relation,peaks,deficiencies,42,42,True,block_01,0.40499291566020673
no_direct_relation,peaks,deficiencies,42,42,True,block_02,0.52229787224819
no_direct_relation,peaks,deficiencies,42,42,True,block_03,0.46213779692410095
no_direct_relation,peaks,deficiencies,42,42,True,block_04,0.18869088536931178
no_direct_relation,peaks,deficiencies,42,42,True,final_norm,0.18860793168117143
no_direct_relation,peaks,deficiencies,42,101,False,embedding,0.789004037443586
no_direct_relation,peaks,deficiencies,42,101,False,block_01,0.5228585513670325
no_direct_relation,peaks,deficiencies,42,101,False,block_02,0.5588087519578253
no_direct_relation,peaks,deficiencies,42,101,False,block_03,0.5452917654720792
no_direct_relation,peaks,deficiencies,42,101,False,block_04,0.2657827590066434
no_direct_relation,peaks,deficiencies,42,101,False,final_norm,0.2572617234456627
no_direct_relation,peaks,deficiencies,101,17,False,embedding,0.7331751538719266
no_direct_relation,peaks,deficiencies,101,17,False,block_01,0.3523101389257563
no_direct_relation,peaks,deficiencies,101,17,False,block_02,0.41484280942757434
no_direct_relation,peaks,deficiencies,101,17,False,block_03,0.413818626635749
no_direct_relation,peaks,deficiencies,101,17,False,block_04,0.23720841611869323
no_direct_relation,peaks,deficiencies,101,17,False,final_norm,0.20337022739336014
no_direct_relation,peaks,deficiencies,101,42,False,embedding,0.7240605662064589
no_direct_relation,peaks,deficiencies,101,42,False,block_01,0.3031720302493423
no_direct_relation,peaks,deficiencies,101,42,False,block_02,0.4761981065957697
no_direct_relation,peaks,deficiencies,101,42,False,block_03,0.43083219107180887
no_direct_relation,peaks,deficiencies,101,42,False,block_04,0.18961326547128485
no_direct_relation,peaks,deficiencies,101,42,False,final_norm,0.16984415699654998
no_direct_relation,peaks,deficiencies,101,101,True,embedding,0.7680610541695564
no_direct_relation,peaks,deficiencies,101,101,True,block_01,0.43864518525066404
no_direct_relation,peaks,deficiencies,101,101,True,block_02,0.5072268865150426
no_direct_relation,peaks,deficiencies,101,101,True,block_03,0.536019611518095
no_direct_relation,peaks,deficiencies,101,101,True,block_04,0.2550736901477996
no_direct_relation,peaks,deficiencies,101,101,True,final_norm,0.23123187765130984
no_direct_relation,peaks,lis_length,17,17,True,embedding,0.7147723244412171
no_direct_relation,peaks,lis_length,17,17,True,block_01,0.35848980322952173
no_direct_relation,peaks,lis_length,17,17,True,block_02,0.21082904713059572
no_direct_relation,peaks,lis_length,17,17,True,block_03,0.19918888083034977
no_direct_relation,peaks,lis_length,17,17,True,block_04,0.2568837968246488
no_direct_relation,peaks,lis_length,17,17,True,final_norm,0.29224898207239985
no_direct_relation,peaks,lis_length,17,42,False,embedding,0.7406040342971714
no_direct_relation,peaks,lis_length,17,42,False,block_01,0.24477111445339042
no_direct_relation,peaks,lis_length,17,42,False,block_02,0.18986071166768637
no_direct_relation,peaks,lis_length,17,42,False,block_03,0.2154929038358014
no_direct_relation,peaks,lis_length,17,42,False,block_04,0.21695408645629888
no_direct_relation,peaks,lis_length,17,42,False,final_norm,0.2577854748945499
no_direct_relation,peaks,lis_length,17,101,False,embedding,0.7250816381559514
no_direct_relation,peaks,lis_length,17,101,False,block_01,0.3691966653890449
no_direct_relation,peaks,lis_length,17,101,False,block_02,0.18447804548245314
no_direct_relation,peaks,lis_length,17,101,False,block_03,0.20015305181906692
no_direct_relation,peaks,lis_length,17,101,False,block_04,0.23375227060040088
no_direct_relation,peaks,lis_length,17,101,False,final_norm,0.23670420641749873
no_direct_relation,peaks,lis_length,42,17,False,embedding,0.6858731632123378
no_direct_relation,peaks,lis_length,42,17,False,block_01,0.44415212728399495
no_direct_relation,peaks,lis_length,42,17,False,block_02,0.2633360218542201
no_direct_relation,peaks,lis_length,42,17,False,block_03,0.3961848895946232
no_direct_relation,peaks,lis_length,42,17,False,block_04,0.3309678315268887
no_direct_relation,peaks,lis_length,42,17,False,final_norm,0.308044486675948
no_direct_relation,peaks,lis_length,42,42,True,embedding,0.7268144042893416
no_direct_relation,peaks,lis_length,42,42,True,block_01,0.2583668348238923
no_direct_relation,peaks,lis_length,42,42,True,block_02,0.20320009647059487
no_direct_relation,peaks,lis_length,42,42,True,block_03,0.4167029546680624
no_direct_relation,peaks,lis_length,42,42,True,block_04,0.29618159075463124
no_direct_relation,peaks,lis_length,42,42,True,final_norm,0.3000421845572572
no_direct_relation,peaks,lis_length,42,101,False,embedding,0.7136860286861432
no_direct_relation,peaks,lis_length,42,101,False,block_01,0.4066091453848934
no_direct_relation,peaks,lis_length,42,101,False,block_02,0.20208289069406835
no_direct_relation,peaks,lis_length,42,101,False,block_03,0.374962468799281
no_direct_relation,peaks,lis_length,42,101,False,block_04,0.28814714690705545
no_direct_relation,peaks,lis_length,42,101,False,final_norm,0.27935292869049994
no_direct_relation,peaks,lis_length,101,17,False,embedding,0.6816580952704966
no_direct_relation,peaks,lis_length,101,17,False,block_01,0.37250824840720514
no_direct_relation,peaks,lis_length,101,17,False,block_02,0.35001430978103737
no_direct_relation,peaks,lis_length,101,17,False,block_03,0.5064664267269606
no_direct_relation,peaks,lis_length,101,17,False,block_04,0.42383603397546266
no_direct_relation,peaks,lis_length,101,17,False,final_norm,0.3251259922329123
no_direct_relation,peaks,lis_length,101,42,False,embedding,0.7155971545588797
no_direct_relation,peaks,lis_length,101,42,False,block_01,0.23834348959092036
no_direct_relation,peaks,lis_length,101,42,False,block_02,0.27051427551818513
no_direct_relation,peaks,lis_length,101,42,False,block_03,0.5025854280522689
no_direct_relation,peaks,lis_length,101,42,False,block_04,0.33041402102079875
no_direct_relation,peaks,lis_length,101,42,False,final_norm,0.2821476692544322
no_direct_relation,peaks,lis_length,101,101,True,embedding,0.7081629370908348
no_direct_relation,peaks,lis_length,101,101,True,block_01,0.36546753957302847
no_direct_relation,peaks,lis_length,101,101,True,block_02,0.2750317048450752
no_direct_relation,peaks,lis_length,101,101,True,block_03,0.491942712270891
no_direct_relation,peaks,lis_length,101,101,True,block_04,0.2861426499816777
no_direct_relation,peaks,lis_length,101,101,True,final_norm,0.24516241783790624
no_direct_relation,peaks,lds_length,17,17,True,embedding,0.6809495846066489
no_direct_relation,peaks,lds_length,17,17,True,block_01,0.37767654739538453
no_direct_relation,peaks,lds_length,17,17,True,block_02,0.33005654003643203
no_direct_relation,peaks,lds_length,17,17,True,block_03,0.30978150307433905
no_direct_relation,peaks,lds_length,17,17,True,block_04,0.17536587239009088
no_direct_relation,peaks,lds_length,17,17,True,final_norm,0.1780839986914424
no_direct_relation,peaks,lds_length,17,42,False,embedding,0.6802531903758864
no_direct_relation,peaks,lds_length,17,42,False,block_01,0.41820350177766
no_direct_relation,peaks,lds_length,17,42,False,block_02,0.3688495726977334
no_direct_relation,peaks,lds_length,17,42,False,block_03,0.32589521857000175
no_direct_relation,peaks,lds_length,17,42,False,block_04,0.19779378609092402
no_direct_relation,peaks,lds_length,17,42,False,final_norm,0.19770649560769935
no_direct_relation,peaks,lds_length,17,101,False,embedding,0.6702044565753605
no_direct_relation,peaks,lds_length,17,101,False,block_01,0.44942312175710275
no_direct_relation,peaks,lds_length,17,101,False,block_02,0.3900247891799956
no_direct_relation,peaks,lds_length,17,101,False,block_03,0.33347997595692125
no_direct_relation,peaks,lds_length,17,101,False,block_04,0.18612040787200232
no_direct_relation,peaks,lds_length,17,101,False,final_norm,0.19916755143446793
no_direct_relation,peaks,lds_length,42,17,False,embedding,0.6816473121320443
no_direct_relation,peaks,lds_length,42,17,False,block_01,0.48744686005189997
no_direct_relation,peaks,lds_length,42,17,False,block_02,0.43883606482347937
no_direct_relation,peaks,lds_length,42,17,False,block_03,0.43465720375390093
no_direct_relation,peaks,lds_length,42,17,False,block_04,0.2309093776565092
no_direct_relation,peaks,lds_length,42,17,False,final_norm,0.21866637217146848
no_direct_relation,peaks,lds_length,42,42,True,embedding,0.6661502152078123
no_direct_relation,peaks,lds_length,42,42,True,block_01,0.5441032374726663
no_direct_relation,peaks,lds_length,42,42,True,block_02,0.49394524129708517
no_direct_relation,peaks,lds_length,42,42,True,block_03,0.5211562119197392
no_direct_relation,peaks,lds_length,42,42,True,block_04,0.2507574569654888
no_direct_relation,peaks,lds_length,42,42,True,final_norm,0.23791100682817518
no_direct_relation,peaks,lds_length,42,101,False,embedding,0.6546019417929587
no_direct_relation,peaks,lds_length,42,101,False,block_01,0.5669255441371814
no_direct_relation,peaks,lds_length,42,101,False,block_02,0.5088605130560773
no_direct_relation,peaks,lds_length,42,101,False,block_03,0.5258971766913703
no_direct_relation,peaks,lds_length,42,101,False,block_04,0.23913459219991431
no_direct_relation,peaks,lds_length,42,101,False,final_norm,0.23728716733119412
no_direct_relation,peaks,lds_length,101,17,False,embedding,0.6656156550212332
no_direct_relation,peaks,lds_length,101,17,False,block_01,0.44701218387529545
no_direct_relation,peaks,lds_length,101,17,False,block_02,0.4287883738788784
no_direct_relation,peaks,lds_length,101,17,False,block_03,0.4334558385883552
no_direct_relation,peaks,lds_length,101,17,False,block_04,0.20727281280598653
no_direct_relation,peaks,lds_length,101,17,False,final_norm,0.186496662999418
no_direct_relation,peaks,lds_length,101,42,False,embedding,0.6625104969394584
no_direct_relation,peaks,lds_length,101,42,False,block_01,0.5199719347735122
no_direct_relation,peaks,lds_length,101,42,False,block_02,0.5485472087924879
no_direct_relation,peaks,lds_length,101,42,False,block_03,0.5401454300967691
no_direct_relation,peaks,lds_length,101,42,False,block_04,0.23997643381624414
no_direct_relation,peaks,lds_length,101,42,False,final_norm,0.21174897967127035
no_direct_relation,peaks,lds_length,101,101,True,embedding,0.650903120375816
no_direct_relation,peaks,lds_length,101,101,True,block_01,0.504756667082454
no_direct_relation,peaks,lds_length,101,101,True,block_02,0.5527909842475474
no_direct_relation,peaks,lds_length,101,101,True,block_03,0.5559178499333143
no_direct_relation,peaks,lds_length,101,101,True,block_04,0.2257889962418003
no_direct_relation,peaks,lds_length,101,101,True,final_norm,0.20971903517482626
no_direct_relation,peaks,longest_increasing_run,17,17,True,embedding,0.6699523361882085
no_direct_relation,peaks,longest_increasing_run,17,17,True,block_01,0.2667251931335774
no_direct_relation,peaks,longest_increasing_run,17,17,True,block_02,0.2709871600132472
no_direct_relation,peaks,longest_increasing_run,17,17,True,block_03,0.16289699782260628
no_direct_relation,peaks,longest_increasing_run,17,17,True,block_04,0.06593256959842354
no_direct_relation,peaks,longest_increasing_run,17,17,True,final_norm,0.09525284884321364
no_direct_relation,peaks,longest_increasing_run,17,42,False,embedding,0.5333869317375882
no_direct_relation,peaks,longest_increasing_run,17,42,False,block_01,0.32671123864303203
no_direct_relation,peaks,longest_increasing_run,17,42,False,block_02,0.2734422200726111
no_direct_relation,peaks,longest_increasing_run,17,42,False,block_03,0.15990730045008691
no_direct_relation,peaks,longest_increasing_run,17,42,False,block_04,0.11579029496721263
no_direct_relation,peaks,longest_increasing_run,17,42,False,final_norm,0.1302689492947372
no_direct_relation,peaks,longest_increasing_run,17,101,False,embedding,0.5517016235182702
no_direct_relation,peaks,longest_increasing_run,17,101,False,block_01,0.31136441375533663
no_direct_relation,peaks,longest_increasing_run,17,101,False,block_02,0.26937091071347935
no_direct_relation,peaks,longest_increasing_run,17,101,False,block_03,0.20028066143080703
no_direct_relation,peaks,longest_increasing_run,17,101,False,block_04,0.10258888831973566
no_direct_relation,peaks,longest_increasing_run,17,101,False,final_norm,0.11436197729284144
no_direct_relation,peaks,longest_increasing_run,42,17,False,embedding,0.6487759157082477
no_direct_relation,peaks,longest_increasing_run,42,17,False,block_01,0.24849821794778118
no_direct_relation,peaks,longest_increasing_run,42,17,False,block_02,0.2974559180031717
no_direct_relation,peaks,longest_increasing_run,42,17,False,block_03,0.3096293842827225
no_direct_relation,peaks,longest_increasing_run,42,17,False,block_04,0.08832214335708809
no_direct_relation,peaks,longest_increasing_run,42,17,False,final_norm,0.09889035170828202
no_direct_relation,peaks,longest_increasing_run,42,42,True,embedding,0.543498097675717
no_direct_relation,peaks,longest_increasing_run,42,42,True,block_01,0.4293477877689723
no_direct_relation,peaks,longest_increasing_run,42,42,True,block_02,0.3710445342731604
no_direct_relation,peaks,longest_increasing_run,42,42,True,block_03,0.248728082337297
no_direct_relation,peaks,longest_increasing_run,42,42,True,block_04,0.14650664272492386
no_direct_relation,peaks,longest_increasing_run,42,42,True,final_norm,0.13667367043240894
no_direct_relation,peaks,longest_increasing_run,42,101,False,embedding,0.5608747316583464
no_direct_relation,peaks,longest_increasing_run,42,101,False,block_01,0.37094657410269516
no_direct_relation,peaks,longest_increasing_run,42,101,False,block_02,0.3673639542693304
no_direct_relation,peaks,longest_increasing_run,42,101,False,block_03,0.40185825344891113
no_direct_relation,peaks,longest_increasing_run,42,101,False,block_04,0.13738723424576252
no_direct_relation,peaks,longest_increasing_run,42,101,False,final_norm,0.12071253151319572
no_direct_relation,peaks,longest_increasing_run,101,17,False,embedding,0.6443790811457221
no_direct_relation,peaks,longest_increasing_run,101,17,False,block_01,0.3229862890320459
no_direct_relation,peaks,longest_increasing_run,101,17,False,block_02,0.43955551508922536
no_direct_relation,peaks,longest_increasing_run,101,17,False,block_03,0.35590251266071316
no_direct_relation,peaks,longest_increasing_run,101,17,False,block_04,0.1113500572735525
no_direct_relation,peaks,longest_increasing_run,101,17,False,final_norm,0.10841861218429485
no_direct_relation,peaks,longest_increasing_run,101,42,False,embedding,0.5537486569107952
no_direct_relation,peaks,longest_increasing_run,101,42,False,block_01,0.529069992977312
no_direct_relation,peaks,longest_increasing_run,101,42,False,block_02,0.5094485500798966
no_direct_relation,peaks,longest_increasing_run,101,42,False,block_03,0.3126447468091007
no_direct_relation,peaks,longest_increasing_run,101,42,False,block_04,0.18326489228492296
no_direct_relation,peaks,longest_increasing_run,101,42,False,final_norm,0.15193179050291936
no_direct_relation,peaks,longest_increasing_run,101,101,True,embedding,0.5446878039050045
no_direct_relation,peaks,longest_increasing_run,101,101,True,block_01,0.45068644386407447
no_direct_relation,peaks,longest_increasing_run,101,101,True,block_02,0.5113399581396751
no_direct_relation,peaks,longest_increasing_run,101,101,True,block_03,0.4604116631364179
no_direct_relation,peaks,longest_increasing_run,101,101,True,block_04,0.17344496542164986
no_direct_relation,peaks,longest_increasing_run,101,101,True,final_norm,0.13218076836912845
no_direct_relation,peaks,longest_decreasing_run,17,17,True,embedding,0.6132770250923648
no_direct_relation,peaks,longest_decreasing_run,17,17,True,block_01,0.28390413403806813
no_direct_relation,peaks,longest_decreasing_run,17,17,True,block_02,0.2529575177604613
no_direct_relation,peaks,longest_decreasing_run,17,17,True,block_03,0.14100707970600462
no_direct_relation,peaks,longest_decreasing_run,17,17,True,block_04,0.07366789848178593
no_direct_relation,peaks,longest_decreasing_run,17,17,True,final_norm,0.09214281561859625
no_direct_relation,peaks,longest_decreasing_run,17,42,False,embedding,0.6318434391049567
no_direct_relation,peaks,longest_decreasing_run,17,42,False,block_01,0.2632334304005342
no_direct_relation,peaks,longest_decreasing_run,17,42,False,block_02,0.2659635017585711
no_direct_relation,peaks,longest_decreasing_run,17,42,False,block_03,0.18341216556493734
no_direct_relation,peaks,longest_decreasing_run,17,42,False,block_04,0.08077663738440859
no_direct_relation,peaks,longest_decreasing_run,17,42,False,final_norm,0.09979997280418447
no_direct_relation,peaks,longest_decreasing_run,17,101,False,embedding,0.6205471280544582
no_direct_relation,peaks,longest_decreasing_run,17,101,False,block_01,0.24353985529509384
no_direct_relation,peaks,longest_decreasing_run,17,101,False,block_02,0.23566108812967593
no_direct_relation,peaks,longest_decreasing_run,17,101,False,block_03,0.15823709760954122
no_direct_relation,peaks,longest_decreasing_run,17,101,False,block_04,0.07376941853839052
no_direct_relation,peaks,longest_decreasing_run,17,101,False,final_norm,0.08208224904487876
no_direct_relation,peaks,longest_decreasing_run,42,17,False,embedding,0.6025769637227126
no_direct_relation,peaks,longest_decreasing_run,42,17,False,block_01,0.3814709734895136
no_direct_relation,peaks,longest_decreasing_run,42,17,False,block_02,0.35235757868205325
no_direct_relation,peaks,longest_decreasing_run,42,17,False,block_03,0.2309618679493787
no_direct_relation,peaks,longest_decreasing_run,42,17,False,block_04,0.09665291949132318
no_direct_relation,peaks,longest_decreasing_run,42,17,False,final_norm,0.09656156348191093
no_direct_relation,peaks,longest_decreasing_run,42,42,True,embedding,0.6245305555444438
no_direct_relation,peaks,longest_decreasing_run,42,42,True,block_01,0.29708532756734396
no_direct_relation,peaks,longest_decreasing_run,42,42,True,block_02,0.3316083109264704
no_direct_relation,peaks,longest_decreasing_run,42,42,True,block_03,0.2934798927836976
no_direct_relation,peaks,longest_decreasing_run,42,42,True,block_04,0.10063922578678156
no_direct_relation,peaks,longest_decreasing_run,42,42,True,final_norm,0.1004141072087826
no_direct_relation,peaks,longest_decreasing_run,42,101,False,embedding,0.6117071408978484
no_direct_relation,peaks,longest_decreasing_run,42,101,False,block_01,0.30520147352701543
no_direct_relation,peaks,longest_decreasing_run,42,101,False,block_02,0.32817736401725006
no_direct_relation,peaks,longest_decreasing_run,42,101,False,block_03,0.2952537581184583
no_direct_relation,peaks,longest_decreasing_run,42,101,False,block_04,0.09807076572913026
no_direct_relation,peaks,longest_decreasing_run,42,101,False,final_norm,0.08364947414731656
no_direct_relation,peaks,longest_decreasing_run,101,17,False,embedding,0.5932285019589274
no_direct_relation,peaks,longest_decreasing_run,101,17,False,block_01,0.43458333127597293
no_direct_relation,peaks,longest_decreasing_run,101,17,False,block_02,0.4373602812519976
no_direct_relation,peaks,longest_decreasing_run,101,17,False,block_03,0.27463151113430107
no_direct_relation,peaks,longest_decreasing_run,101,17,False,block_04,0.11469240250719512
no_direct_relation,peaks,longest_decreasing_run,101,17,False,final_norm,0.10894199534889734
no_direct_relation,peaks,longest_decreasing_run,101,42,False,embedding,0.6235659271027171
no_direct_relation,peaks,longest_decreasing_run,101,42,False,block_01,0.43648196362181346
no_direct_relation,peaks,longest_decreasing_run,101,42,False,block_02,0.4687154063930753
no_direct_relation,peaks,longest_decreasing_run,101,42,False,block_03,0.3521444384530907
no_direct_relation,peaks,longest_decreasing_run,101,42,False,block_04,0.13105564263137057
no_direct_relation,peaks,longest_decreasing_run,101,42,False,final_norm,0.11749858427860016
no_direct_relation,peaks,longest_decreasing_run,101,101,True,embedding,0.6276029151905652
no_direct_relation,peaks,longest_decreasing_run,101,101,True,block_01,0.38658824786307655
no_direct_relation,peaks,longest_decreasing_run,101,101,True,block_02,0.43581531378795013
no_direct_relation,peaks,longest_decreasing_run,101,101,True,block_03,0.35038383281328156
no_direct_relation,peaks,longest_decreasing_run,101,101,True,block_04,0.12409516826334904
no_direct_relation,peaks,longest_decreasing_run,101,101,True,final_norm,0.09658734534325894
no_direct_relation,peaks,left_to_right_maxima,17,17,True,embedding,0.434582126546259
no_direct_relation,peaks,left_to_right_maxima,17,17,True,block_01,0.13978460559728292
no_direct_relation,peaks,left_to_right_maxima,17,17,True,block_02,0.12158774737498652
no_direct_relation,peaks,left_to_right_maxima,17,17,True,block_03,0.07960178363428014
no_direct_relation,peaks,left_to_right_maxima,17,17,True,block_04,0.06619367435167187
no_direct_relation,peaks,left_to_right_maxima,17,17,True,final_norm,0.0865046612936536
no_direct_relation,peaks,left_to_right_maxima,17,42,False,embedding,0.4567486279105878
no_direct_relation,peaks,left_to_right_maxima,17,42,False,block_01,0.137638491699852
no_direct_relation,peaks,left_to_right_maxima,17,42,False,block_02,0.13277849294635702
no_direct_relation,peaks,left_to_right_maxima,17,42,False,block_03,0.0783422595868011
no_direct_relation,peaks,left_to_right_maxima,17,42,False,block_04,0.06886196503711883
no_direct_relation,peaks,left_to_right_maxima,17,42,False,final_norm,0.08845704523834523
no_direct_relation,peaks,left_to_right_maxima,17,101,False,embedding,0.6637939086697839
no_direct_relation,peaks,left_to_right_maxima,17,101,False,block_01,0.07486766298501694
no_direct_relation,peaks,left_to_right_maxima,17,101,False,block_02,0.07829577464140584
no_direct_relation,peaks,left_to_right_maxima,17,101,False,block_03,0.05792180863200917
no_direct_relation,peaks,left_to_right_maxima,17,101,False,block_04,0.05507997072101635
no_direct_relation,peaks,left_to_right_maxima,17,101,False,final_norm,0.06591844986331499
no_direct_relation,peaks,left_to_right_maxima,42,17,False,embedding,0.42185944566451966
no_direct_relation,peaks,left_to_right_maxima,42,17,False,block_01,0.16944149728910923
no_direct_relation,peaks,left_to_right_maxima,42,17,False,block_02,0.14891433903445514
no_direct_relation,peaks,left_to_right_maxima,42,17,False,block_03,0.14281269934270538
no_direct_relation,peaks,left_to_right_maxima,42,17,False,block_04,0.08445075320667779
no_direct_relation,peaks,left_to_right_maxima,42,17,False,final_norm,0.09372591502385298
no_direct_relation,peaks,left_to_right_maxima,42,42,True,embedding,0.4705254231297359
no_direct_relation,peaks,left_to_right_maxima,42,42,True,block_01,0.1575213441921054
no_direct_relation,peaks,left_to_right_maxima,42,42,True,block_02,0.16044558336591833
no_direct_relation,peaks,left_to_right_maxima,42,42,True,block_03,0.13965848304842265
no_direct_relation,peaks,left_to_right_maxima,42,42,True,block_04,0.08745738897832424
no_direct_relation,peaks,left_to_right_maxima,42,42,True,final_norm,0.09600445952436583
no_direct_relation,peaks,left_to_right_maxima,42,101,False,embedding,0.6477704764649447
no_direct_relation,peaks,left_to_right_maxima,42,101,False,block_01,0.08555507162275411
no_direct_relation,peaks,left_to_right_maxima,42,101,False,block_02,0.0918987612907691
no_direct_relation,peaks,left_to_right_maxima,42,101,False,block_03,0.090464844998381
no_direct_relation,peaks,left_to_right_maxima,42,101,False,block_04,0.0715679335967171
no_direct_relation,peaks,left_to_right_maxima,42,101,False,final_norm,0.07434102359548983
no_direct_relation,peaks,left_to_right_maxima,101,17,False,embedding,0.4299160233976865
no_direct_relation,peaks,left_to_right_maxima,101,17,False,block_01,0.17285316761066036
no_direct_relation,peaks,left_to_right_maxima,101,17,False,block_02,0.19422072199390755
no_direct_relation,peaks,left_to_right_maxima,101,17,False,block_03,0.16740146288742552
no_direct_relation,peaks,left_to_right_maxima,101,17,False,block_04,0.1057288477227578
no_direct_relation,peaks,left_to_right_maxima,101,17,False,final_norm,0.09724664076886924
no_direct_relation,peaks,left_to_right_maxima,101,42,False,embedding,0.4778512121188628
no_direct_relation,peaks,left_to_right_maxima,101,42,False,block_01,0.1553310407580926
no_direct_relation,peaks,left_to_right_maxima,101,42,False,block_02,0.21282564797475212
no_direct_relation,peaks,left_to_right_maxima,101,42,False,block_03,0.1725769895243449
no_direct_relation,peaks,left_to_right_maxima,101,42,False,block_04,0.10853072872788602
no_direct_relation,peaks,left_to_right_maxima,101,42,False,final_norm,0.09864075377491285
no_direct_relation,peaks,left_to_right_maxima,101,101,True,embedding,0.6541709253447013
no_direct_relation,peaks,left_to_right_maxima,101,101,True,block_01,0.0847598955355996
no_direct_relation,peaks,left_to_right_maxima,101,101,True,block_02,0.11622113625497645
no_direct_relation,peaks,left_to_right_maxima,101,101,True,block_03,0.10655832241085511
no_direct_relation,peaks,left_to_right_maxima,101,101,True,block_04,0.08138790171336474
no_direct_relation,peaks,left_to_right_maxima,101,101,True,final_norm,0.07535326794399473
no_direct_relation,peaks,left_to_right_minima,17,17,True,embedding,0.589365710605967
no_direct_relation,peaks,left_to_right_minima,17,17,True,block_01,0.14324346254192324
no_direct_relation,peaks,left_to_right_minima,17,17,True,block_02,0.08122224072985407
no_direct_relation,peaks,left_to_right_minima,17,17,True,block_03,0.06071819483737582
no_direct_relation,peaks,left_to_right_minima,17,17,True,block_04,0.06809893567812234
no_direct_relation,peaks,left_to_right_minima,17,17,True,final_norm,0.08520558087041874
no_direct_relation,peaks,left_to_right_minima,17,42,False,embedding,0.600428089366009
no_direct_relation,peaks,left_to_right_minima,17,42,False,block_01,0.07033679261666113
no_direct_relation,peaks,left_to_right_minima,17,42,False,block_02,0.049498437168507825
no_direct_relation,peaks,left_to_right_minima,17,42,False,block_03,0.035264854707390055
no_direct_relation,peaks,left_to_right_minima,17,42,False,block_04,0.03272423407797045
no_direct_relation,peaks,left_to_right_minima,17,42,False,final_norm,0.04220539597991585
no_direct_relation,peaks,left_to_right_minima,17,101,False,embedding,0.5595278281871213
no_direct_relation,peaks,left_to_right_minima,17,101,False,block_01,0.07234539322007554
no_direct_relation,peaks,left_to_right_minima,17,101,False,block_02,0.07572478425835677
no_direct_relation,peaks,left_to_right_minima,17,101,False,block_03,0.05823700010456843
no_direct_relation,peaks,left_to_right_minima,17,101,False,block_04,0.06308706050828397
no_direct_relation,peaks,left_to_right_minima,17,101,False,final_norm,0.07196639763057977
no_direct_relation,peaks,left_to_right_minima,42,17,False,embedding,0.6135379146180625
no_direct_relation,peaks,left_to_right_minima,42,17,False,block_01,0.10920139441806173
no_direct_relation,peaks,left_to_right_minima,42,17,False,block_02,0.08358222953835343
no_direct_relation,peaks,left_to_right_minima,42,17,False,block_03,0.113850061566616
no_direct_relation,peaks,left_to_right_minima,42,17,False,block_04,0.09192083061843534
no_direct_relation,peaks,left_to_right_minima,42,17,False,final_norm,0.08455147855802592
no_direct_relation,peaks,left_to_right_minima,42,42,True,embedding,0.6164261250623685
no_direct_relation,peaks,left_to_right_minima,42,42,True,block_01,0.07539525815939649
no_direct_relation,peaks,left_to_right_minima,42,42,True,block_02,0.0637332668792337
no_direct_relation,peaks,left_to_right_minima,42,42,True,block_03,0.07413907394561649
no_direct_relation,peaks,left_to_right_minima,42,42,True,block_04,0.040819479825715155
no_direct_relation,peaks,left_to_right_minima,42,42,True,final_norm,0.0412152427432859
no_direct_relation,peaks,left_to_right_minima,42,101,False,embedding,0.5768330819686991
no_direct_relation,peaks,left_to_right_minima,42,101,False,block_01,0.04555050374760653
no_direct_relation,peaks,left_to_right_minima,42,101,False,block_02,0.06964359987644238
no_direct_relation,peaks,left_to_right_minima,42,101,False,block_03,0.10364823624404543
no_direct_relation,peaks,left_to_right_minima,42,101,False,block_04,0.07815852049801854
no_direct_relation,peaks,left_to_right_minima,42,101,False,final_norm,0.07079552829414734
no_direct_relation,peaks,left_to_right_minima,101,17,False,embedding,0.5801396380374946
no_direct_relation,peaks,left_to_right_minima,101,17,False,block_01,0.14418869729605244
no_direct_relation,peaks,left_to_right_minima,101,17,False,block_02,0.1279963883766554
no_direct_relation,peaks,left_to_right_minima,101,17,False,block_03,0.13281867704519928
no_direct_relation,peaks,left_to_right_minima,101,17,False,block_04,0.1050110685653525
no_direct_relation,peaks,left_to_right_minima,101,17,False,final_norm,0.0885300435520353
no_direct_relation,peaks,left_to_right_minima,101,42,False,embedding,0.5643722610758188
no_direct_relation,peaks,left_to_right_minima,101,42,False,block_01,0.10131409281645506
no_direct_relation,peaks,left_to_right_minima,101,42,False,block_02,0.09297448291757333
no_direct_relation,peaks,left_to_right_minima,101,42,False,block_03,0.08637857426668709
no_direct_relation,peaks,left_to_right_minima,101,42,False,block_04,0.052940722922216236
no_direct_relation,peaks,left_to_right_minima,101,42,False,final_norm,0.04516681418293872
no_direct_relation,peaks,left_to_right_minima,101,101,True,embedding,0.5526867032741837
no_direct_relation,peaks,left_to_right_minima,101,101,True,block_01,0.05747825250958968
no_direct_relation,peaks,left_to_right_minima,101,101,True,block_02,0.09451788436219
no_direct_relation,peaks,left_to_right_minima,101,101,True,block_03,0.12128933069580926
no_direct_relation,peaks,left_to_right_minima,101,101,True,block_04,0.09518708891839263
no_direct_relation,peaks,left_to_right_minima,101,101,True,final_norm,0.07466666553468332
no_direct_relation,peaks,global_descents,17,17,True,embedding,0.6694439939731611
no_direct_relation,peaks,global_descents,17,17,True,block_01,0.10787037558030325
no_direct_relation,peaks,global_descents,17,17,True,block_02,0.09825845129623338
no_direct_relation,peaks,global_descents,17,17,True,block_03,0.06598544388394245
no_direct_relation,peaks,global_descents,17,17,True,block_04,0.09192972344802403
no_direct_relation,peaks,global_descents,17,17,True,final_norm,0.08785418721425421
no_direct_relation,peaks,global_descents,17,42,False,embedding,0.5979200232563413
no_direct_relation,peaks,global_descents,17,42,False,block_01,0.07703701186182149
no_direct_relation,peaks,global_descents,17,42,False,block_02,0.09085724808857143
no_direct_relation,peaks,global_descents,17,42,False,block_03,0.07400269609969148
no_direct_relation,peaks,global_descents,17,42,False,block_04,0.06755254822972759
no_direct_relation,peaks,global_descents,17,42,False,final_norm,0.05251106367333772
no_direct_relation,peaks,global_descents,17,101,False,embedding,0.6011729983941686
no_direct_relation,peaks,global_descents,17,101,False,block_01,0.04321489237335721
no_direct_relation,peaks,global_descents,17,101,False,block_02,0.04373989173730859
no_direct_relation,peaks,global_descents,17,101,False,block_03,0.04144569794307499
no_direct_relation,peaks,global_descents,17,101,False,block_04,0.048848699279774636
no_direct_relation,peaks,global_descents,17,101,False,final_norm,0.04966114680718948
no_direct_relation,peaks,global_descents,42,17,False,embedding,0.6397504636001407
no_direct_relation,peaks,global_descents,42,17,False,block_01,0.08294716675471138
no_direct_relation,peaks,global_descents,42,17,False,block_02,0.09169054850578132
no_direct_relation,peaks,global_descents,42,17,False,block_03,0.10287221172245291
no_direct_relation,peaks,global_descents,42,17,False,block_04,0.11716025954589007
no_direct_relation,peaks,global_descents,42,17,False,final_norm,0.09749763281125605
no_direct_relation,peaks,global_descents,42,42,True,embedding,0.6498740593709145
no_direct_relation,peaks,global_descents,42,42,True,block_01,0.06373036288943097
no_direct_relation,peaks,global_descents,42,42,True,block_02,0.08631181853206145
no_direct_relation,peaks,global_descents,42,42,True,block_03,0.1371389918808113
no_direct_relation,peaks,global_descents,42,42,True,block_04,0.08184334810196318
no_direct_relation,peaks,global_descents,42,42,True,final_norm,0.05239010163548003
no_direct_relation,peaks,global_descents,42,101,False,embedding,0.6464717056982169
no_direct_relation,peaks,global_descents,42,101,False,block_01,0.04357632335238361
no_direct_relation,peaks,global_descents,42,101,False,block_02,0.04960443867701357
no_direct_relation,peaks,global_descents,42,101,False,block_03,0.07843066122140177
no_direct_relation,peaks,global_descents,42,101,False,block_04,0.05662737544773089
no_direct_relation,peaks,global_descents,42,101,False,final_norm,0.04664373179567816
no_direct_relation,peaks,global_descents,101,17,False,embedding,0.6631504027525631
no_direct_relation,peaks,global_descents,101,17,False,block_01,0.13442099049206724
no_direct_relation,peaks,global_descents,101,17,False,block_02,0.1258401591480342
no_direct_relation,peaks,global_descents,101,17,False,block_03,0.113951823013319
no_direct_relation,peaks,global_descents,101,17,False,block_04,0.14375594083538765
no_direct_relation,peaks,global_descents,101,17,False,final_norm,0.09943556528372977
no_direct_relation,peaks,global_descents,101,42,False,embedding,0.6362844635868932
no_direct_relation,peaks,global_descents,101,42,False,block_01,0.09140168459353468
no_direct_relation,peaks,global_descents,101,42,False,block_02,0.14170485156541268
no_direct_relation,peaks,global_descents,101,42,False,block_03,0.16448958384019732
no_direct_relation,peaks,global_descents,101,42,False,block_04,0.10739837158481513
no_direct_relation,peaks,global_descents,101,42,False,final_norm,0.05631660178171766
no_direct_relation,peaks,global_descents,101,101,True,embedding,0.6268394548471851
no_direct_relation,peaks,global_descents,101,101,True,block_01,0.05759505701152983
no_direct_relation,peaks,global_descents,101,101,True,block_02,0.07729436500602067
no_direct_relation,peaks,global_descents,101,101,True,block_03,0.09793366930839892
no_direct_relation,peaks,global_descents,101,101,True,block_04,0.07943944233185725
no_direct_relation,peaks,global_descents,101,101,True,final_norm,0.05329955137703495
no_direct_relation,peaks,components,17,17,True,embedding,0.7303789302939244
no_direct_relation,peaks,components,17,17,True,block_01,0.1619579359349667
no_direct_relation,peaks,components,17,17,True,block_02,0.033902298738468804
no_direct_relation,peaks,components,17,17,True,block_03,0.02776722289060165
no_direct_relation,peaks,components,17,17,True,block_04,0.04709584998040335
no_direct_relation,peaks,components,17,17,True,final_norm,0.048547875372466756
no_direct_relation,peaks,components,17,42,False,embedding,0.7296991722307519
no_direct_relation,peaks,components,17,42,False,block_01,0.23724157713780106
no_direct_relation,peaks,components,17,42,False,block_02,0.036914700023662365
no_direct_relation,peaks,components,17,42,False,block_03,0.03419336479173355
no_direct_relation,peaks,components,17,42,False,block_04,0.04638978933639588
no_direct_relation,peaks,components,17,42,False,final_norm,0.044057166268186204
no_direct_relation,peaks,components,17,101,False,embedding,0.73458530666439
no_direct_relation,peaks,components,17,101,False,block_01,0.23571396157195218
no_direct_relation,peaks,components,17,101,False,block_02,0.053466164699205614
no_direct_relation,peaks,components,17,101,False,block_03,0.03689054188100545
no_direct_relation,peaks,components,17,101,False,block_04,0.060509932939173935
no_direct_relation,peaks,components,17,101,False,final_norm,0.05264925283725278
no_direct_relation,peaks,components,42,17,False,embedding,0.7405213697166363
no_direct_relation,peaks,components,42,17,False,block_01,0.19589691603206666
no_direct_relation,peaks,components,42,17,False,block_02,0.04455033833019521
no_direct_relation,peaks,components,42,17,False,block_03,0.05574870145357761
no_direct_relation,peaks,components,42,17,False,block_04,0.06304175674128319
no_direct_relation,peaks,components,42,17,False,final_norm,0.05307281689222795
no_direct_relation,peaks,components,42,42,True,embedding,0.7799403018708736
no_direct_relation,peaks,components,42,42,True,block_01,0.21849624038070153
no_direct_relation,peaks,components,42,42,True,block_02,0.04951201889287195
no_direct_relation,peaks,components,42,42,True,block_03,0.0725301329544528
no_direct_relation,peaks,components,42,42,True,block_04,0.06298012435746166
no_direct_relation,peaks,components,42,42,True,final_norm,0.049558914539032634
no_direct_relation,peaks,components,42,101,False,embedding,0.7522118450812374
no_direct_relation,peaks,components,42,101,False,block_01,0.26926944271987324
no_direct_relation,peaks,components,42,101,False,block_02,0.0692969606676802
no_direct_relation,peaks,components,42,101,False,block_03,0.06433829321055341
no_direct_relation,peaks,components,42,101,False,block_04,0.07919024308113887
no_direct_relation,peaks,components,42,101,False,final_norm,0.05832870020107178
no_direct_relation,peaks,components,101,17,False,embedding,0.6934983667958521
no_direct_relation,peaks,components,101,17,False,block_01,0.1773875716126062
no_direct_relation,peaks,components,101,17,False,block_02,0.056779987384349556
no_direct_relation,peaks,components,101,17,False,block_03,0.06462081197734054
no_direct_relation,peaks,components,101,17,False,block_04,0.0794599610972717
no_direct_relation,peaks,components,101,17,False,final_norm,0.05515746272121205
no_direct_relation,peaks,components,101,42,False,embedding,0.7155286404447578
no_direct_relation,peaks,components,101,42,False,block_01,0.20328909495002023
no_direct_relation,peaks,components,101,42,False,block_02,0.06637797986971553
no_direct_relation,peaks,components,101,42,False,block_03,0.09130455850036924
no_direct_relation,peaks,components,101,42,False,block_04,0.07833894667875343
no_direct_relation,peaks,components,101,42,False,final_norm,0.05284218092466253
no_direct_relation,peaks,components,101,101,True,embedding,0.7020321989623187
no_direct_relation,peaks,components,101,101,True,block_01,0.3888798777982649
no_direct_relation,peaks,components,101,101,True,block_02,0.09078921828739303
no_direct_relation,peaks,components,101,101,True,block_03,0.07854329307237458
no_direct_relation,peaks,components,101,101,True,block_04,0.09888329530701931
no_direct_relation,peaks,components,101,101,True,final_norm,0.06233680456392277
no_direct_relation,valleys,fixed_points,17,17,True,embedding,0.6432174584050026
no_direct_relation,valleys,fixed_points,17,17,True,block_01,0.035538616501628005
no_direct_relation,valleys,fixed_points,17,17,True,block_02,0.027712562581629213
no_direct_relation,valleys,fixed_points,17,17,True,block_03,0.013133716903729581
no_direct_relation,valleys,fixed_points,17,17,True,block_04,0.005412002263156521
no_direct_relation,valleys,fixed_points,17,17,True,final_norm,0.004952193938741588
no_direct_relation,valleys,fixed_points,17,42,False,embedding,0.5766724384837437
no_direct_relation,valleys,fixed_points,17,42,False,block_01,0.01579236191788481
no_direct_relation,valleys,fixed_points,17,42,False,block_02,0.01584086048615768
no_direct_relation,valleys,fixed_points,17,42,False,block_03,0.014886106145588142
no_direct_relation,valleys,fixed_points,17,42,False,block_04,0.0044490007724627785
no_direct_relation,valleys,fixed_points,17,42,False,final_norm,0.00390613740763304
no_direct_relation,valleys,fixed_points,17,101,False,embedding,0.6522007719589291
no_direct_relation,valleys,fixed_points,17,101,False,block_01,0.0713615294665801
no_direct_relation,valleys,fixed_points,17,101,False,block_02,0.18911584344138452
no_direct_relation,valleys,fixed_points,17,101,False,block_03,0.29574498119746917
no_direct_relation,valleys,fixed_points,17,101,False,block_04,0.15347168710423925
no_direct_relation,valleys,fixed_points,17,101,False,final_norm,0.11555158620169712
no_direct_relation,valleys,fixed_points,42,17,False,embedding,0.5968455537333736
no_direct_relation,valleys,fixed_points,42,17,False,block_01,0.03998888625074795
no_direct_relation,valleys,fixed_points,42,17,False,block_02,0.022757687183284827
no_direct_relation,valleys,fixed_points,42,17,False,block_03,0.01265150078639295
no_direct_relation,valleys,fixed_points,42,17,False,block_04,0.007855829081217024
no_direct_relation,valleys,fixed_points,42,17,False,final_norm,0.00511943550399136
no_direct_relation,valleys,fixed_points,42,42,True,embedding,0.5506515200576624
no_direct_relation,valleys,fixed_points,42,42,True,block_01,0.018433877280742795
no_direct_relation,valleys,fixed_points,42,42,True,block_02,0.015628908764382637
no_direct_relation,valleys,fixed_points,42,42,True,block_03,0.01597536306087029
no_direct_relation,valleys,fixed_points,42,42,True,block_04,0.007303572629375899
no_direct_relation,valleys,fixed_points,42,42,True,final_norm,0.004200485153840914
no_direct_relation,valleys,fixed_points,42,101,False,embedding,0.6085402008363209
no_direct_relation,valleys,fixed_points,42,101,False,block_01,0.09787148465156681
no_direct_relation,valleys,fixed_points,42,101,False,block_02,0.2196754413946671
no_direct_relation,valleys,fixed_points,42,101,False,block_03,0.3361315282524725
no_direct_relation,valleys,fixed_points,42,101,False,block_04,0.2418404129757426
no_direct_relation,valleys,fixed_points,42,101,False,final_norm,0.11737492180328606
no_direct_relation,valleys,fixed_points,101,17,False,embedding,0.6395958580321054
no_direct_relation,valleys,fixed_points,101,17,False,block_01,0.039040596829411106
no_direct_relation,valleys,fixed_points,101,17,False,block_02,0.022315173728206895
no_direct_relation,valleys,fixed_points,101,17,False,block_03,0.009814932608163612
no_direct_relation,valleys,fixed_points,101,17,False,block_04,0.007682876174688017
no_direct_relation,valleys,fixed_points,101,17,False,final_norm,0.005920523299585529
no_direct_relation,valleys,fixed_points,101,42,False,embedding,0.5907682992078791
no_direct_relation,valleys,fixed_points,101,42,False,block_01,0.016020300349335284
no_direct_relation,valleys,fixed_points,101,42,False,block_02,0.014496115623618189
no_direct_relation,valleys,fixed_points,101,42,False,block_03,0.01236379470667933
no_direct_relation,valleys,fixed_points,101,42,False,block_04,0.006656892192237513
no_direct_relation,valleys,fixed_points,101,42,False,final_norm,0.004567726797094923
no_direct_relation,valleys,fixed_points,101,101,True,embedding,0.6507978867750446
no_direct_relation,valleys,fixed_points,101,101,True,block_01,0.10284277164568312
no_direct_relation,valleys,fixed_points,101,101,True,block_02,0.21939500292175643
no_direct_relation,valleys,fixed_points,101,101,True,block_03,0.2965289043568474
no_direct_relation,valleys,fixed_points,101,101,True,block_04,0.2795607539734983
no_direct_relation,valleys,fixed_points,101,101,True,final_norm,0.1444390877091569
no_direct_relation,valleys,anti_fixed_points,17,17,True,embedding,0.5846282206511971
no_direct_relation,valleys,anti_fixed_points,17,17,True,block_01,0.17949776727510694
no_direct_relation,valleys,anti_fixed_points,17,17,True,block_02,0.1506367799724851
no_direct_relation,valleys,anti_fixed_points,17,17,True,block_03,0.2552559469405583
no_direct_relation,valleys,anti_fixed_points,17,17,True,block_04,0.10943174427181414
no_direct_relation,valleys,anti_fixed_points,17,17,True,final_norm,0.09511505344454516
no_direct_relation,valleys,anti_fixed_points,17,42,False,embedding,0.5464866052202797
no_direct_relation,valleys,anti_fixed_points,17,42,False,block_01,0.12868914002180848
no_direct_relation,valleys,anti_fixed_points,17,42,False,block_02,0.1428861174848698
no_direct_relation,valleys,anti_fixed_points,17,42,False,block_03,0.1688599104669807
no_direct_relation,valleys,anti_fixed_points,17,42,False,block_04,0.05368248106064313
no_direct_relation,valleys,anti_fixed_points,17,42,False,final_norm,0.04731440083176485
no_direct_relation,valleys,anti_fixed_points,17,101,False,embedding,0.6109797877197037
no_direct_relation,valleys,anti_fixed_points,17,101,False,block_01,0.1479785960249706
no_direct_relation,valleys,anti_fixed_points,17,101,False,block_02,0.20512468866387856
no_direct_relation,valleys,anti_fixed_points,17,101,False,block_03,0.28624358144865597
no_direct_relation,valleys,anti_fixed_points,17,101,False,block_04,0.12205009546997792
no_direct_relation,valleys,anti_fixed_points,17,101,False,final_norm,0.07313389443556637
no_direct_relation,valleys,anti_fixed_points,42,17,False,embedding,0.5689196160629416
no_direct_relation,valleys,anti_fixed_points,42,17,False,block_01,0.11836641386553291
no_direct_relation,valleys,anti_fixed_points,42,17,False,block_02,0.10056637716668082
no_direct_relation,valleys,anti_fixed_points,42,17,False,block_03,0.20347380218737507
no_direct_relation,valleys,anti_fixed_points,42,17,False,block_04,0.11754980511082966
no_direct_relation,valleys,anti_fixed_points,42,17,False,final_norm,0.08892555075309608
no_direct_relation,valleys,anti_fixed_points,42,42,True,embedding,0.553333020115313
no_direct_relation,valleys,anti_fixed_points,42,42,True,block_01,0.12844649813092807
no_direct_relation,valleys,anti_fixed_points,42,42,True,block_02,0.10471010259983625
no_direct_relation,valleys,anti_fixed_points,42,42,True,block_03,0.1397786209942647
no_direct_relation,valleys,anti_fixed_points,42,42,True,block_04,0.0636261756517472
no_direct_relation,valleys,anti_fixed_points,42,42,True,final_norm,0.047825019743894984
no_direct_relation,valleys,anti_fixed_points,42,101,False,embedding,0.5893208310368793
no_direct_relation,valleys,anti_fixed_points,42,101,False,block_01,0.09836536502072774
no_direct_relation,valleys,anti_fixed_points,42,101,False,block_02,0.11727203973000185
no_direct_relation,valleys,anti_fixed_points,42,101,False,block_03,0.2235598324894082
no_direct_relation,valleys,anti_fixed_points,42,101,False,block_04,0.12343357664018946
no_direct_relation,valleys,anti_fixed_points,42,101,False,final_norm,0.07073768305106598
no_direct_relation,valleys,anti_fixed_points,101,17,False,embedding,0.5285641601544397
no_direct_relation,valleys,anti_fixed_points,101,17,False,block_01,0.1349921539417246
no_direct_relation,valleys,anti_fixed_points,101,17,False,block_02,0.1020499971484136
no_direct_relation,valleys,anti_fixed_points,101,17,False,block_03,0.1623943143875827
no_direct_relation,valleys,anti_fixed_points,101,17,False,block_04,0.15281769107345317
no_direct_relation,valleys,anti_fixed_points,101,17,False,final_norm,0.120490069288106
no_direct_relation,valleys,anti_fixed_points,101,42,False,embedding,0.5283298130520391
no_direct_relation,valleys,anti_fixed_points,101,42,False,block_01,0.13345121323555087
no_direct_relation,valleys,anti_fixed_points,101,42,False,block_02,0.11153368282357888
no_direct_relation,valleys,anti_fixed_points,101,42,False,block_03,0.11110799430172108
no_direct_relation,valleys,anti_fixed_points,101,42,False,block_04,0.07923307841722346
no_direct_relation,valleys,anti_fixed_points,101,42,False,final_norm,0.062491609635298394
no_direct_relation,valleys,anti_fixed_points,101,101,True,embedding,0.6150163329187207
no_direct_relation,valleys,anti_fixed_points,101,101,True,block_01,0.13120399286946735
no_direct_relation,valleys,anti_fixed_points,101,101,True,block_02,0.13168853374411268
no_direct_relation,valleys,anti_fixed_points,101,101,True,block_03,0.14157290473520484
no_direct_relation,valleys,anti_fixed_points,101,101,True,block_04,0.1600869753494906
no_direct_relation,valleys,anti_fixed_points,101,101,True,final_norm,0.09484122279531638
no_direct_relation,valleys,exceedances,17,17,True,embedding,0.7762519587718278
no_direct_relation,valleys,exceedances,17,17,True,block_01,0.4846819181605132
no_direct_relation,valleys,exceedances,17,17,True,block_02,0.5459406700364735
no_direct_relation,valleys,exceedances,17,17,True,block_03,0.506749223714443
no_direct_relation,valleys,exceedances,17,17,True,block_04,0.17164456743127346
no_direct_relation,valleys,exceedances,17,17,True,final_norm,0.16123140239602957
no_direct_relation,valleys,exceedances,17,42,False,embedding,0.764866382691853
no_direct_relation,valleys,exceedances,17,42,False,block_01,0.48783246347500336
no_direct_relation,valleys,exceedances,17,42,False,block_02,0.5068622866477299
no_direct_relation,valleys,exceedances,17,42,False,block_03,0.4207975150120603
no_direct_relation,valleys,exceedances,17,42,False,block_04,0.16687011640312902
no_direct_relation,valleys,exceedances,17,42,False,final_norm,0.15923423035188997
no_direct_relation,valleys,exceedances,17,101,False,embedding,0.7975506680341241
no_direct_relation,valleys,exceedances,17,101,False,block_01,0.4418175074619564
no_direct_relation,valleys,exceedances,17,101,False,block_02,0.5209813056628375
no_direct_relation,valleys,exceedances,17,101,False,block_03,0.4715445293437957
no_direct_relation,valleys,exceedances,17,101,False,block_04,0.19882742463056965
no_direct_relation,valleys,exceedances,17,101,False,final_norm,0.18095658411555485
no_direct_relation,valleys,exceedances,42,17,False,embedding,0.7832243588745351
no_direct_relation,valleys,exceedances,42,17,False,block_01,0.38940065769324544
no_direct_relation,valleys,exceedances,42,17,False,block_02,0.44268028164328915
no_direct_relation,valleys,exceedances,42,17,False,block_03,0.47130685830855534
no_direct_relation,valleys,exceedances,42,17,False,block_04,0.17807992555465843
no_direct_relation,valleys,exceedances,42,17,False,final_norm,0.15179623416768978
no_direct_relation,valleys,exceedances,42,42,True,embedding,0.7887521973302458
no_direct_relation,valleys,exceedances,42,42,True,block_01,0.3604574970104242
no_direct_relation,valleys,exceedances,42,42,True,block_02,0.42720772497308257
no_direct_relation,valleys,exceedances,42,42,True,block_03,0.38690992742511576
no_direct_relation,valleys,exceedances,42,42,True,block_04,0.1712390715645294
no_direct_relation,valleys,exceedances,42,42,True,final_norm,0.15007200364815823
no_direct_relation,valleys,exceedances,42,101,False,embedding,0.8256026986759256
no_direct_relation,valleys,exceedances,42,101,False,block_01,0.41751933129359503
no_direct_relation,valleys,exceedances,42,101,False,block_02,0.46074349967372463
no_direct_relation,valleys,exceedances,42,101,False,block_03,0.42959211408820314
no_direct_relation,valleys,exceedances,42,101,False,block_04,0.20321670747340578
no_direct_relation,valleys,exceedances,42,101,False,final_norm,0.16806751740566103
no_direct_relation,valleys,exceedances,101,17,False,embedding,0.7844709540879883
no_direct_relation,valleys,exceedances,101,17,False,block_01,0.4579670240024188
no_direct_relation,valleys,exceedances,101,17,False,block_02,0.4410645420044583
no_direct_relation,valleys,exceedances,101,17,False,block_03,0.48679163627491545
no_direct_relation,valleys,exceedances,101,17,False,block_04,0.2112338463182693
no_direct_relation,valleys,exceedances,101,17,False,final_norm,0.18252281415297464
no_direct_relation,valleys,exceedances,101,42,False,embedding,0.766670394264493
no_direct_relation,valleys,exceedances,101,42,False,block_01,0.425230662579257
no_direct_relation,valleys,exceedances,101,42,False,block_02,0.41013688984046176
no_direct_relation,valleys,exceedances,101,42,False,block_03,0.39447921644652334
no_direct_relation,valleys,exceedances,101,42,False,block_04,0.2048027348001469
no_direct_relation,valleys,exceedances,101,42,False,final_norm,0.18069645898724845
no_direct_relation,valleys,exceedances,101,101,True,embedding,0.8314941428306992
no_direct_relation,valleys,exceedances,101,101,True,block_01,0.4645716013981937
no_direct_relation,valleys,exceedances,101,101,True,block_02,0.4314961037686899
no_direct_relation,valleys,exceedances,101,101,True,block_03,0.44041753747376844
no_direct_relation,valleys,exceedances,101,101,True,block_04,0.24006120178985682
no_direct_relation,valleys,exceedances,101,101,True,final_norm,0.19792823761887457
no_direct_relation,valleys,deficiencies,17,17,True,embedding,0.7368398593187363
no_direct_relation,valleys,deficiencies,17,17,True,block_01,0.4289795108147379
no_direct_relation,valleys,deficiencies,17,17,True,block_02,0.5032284934514449
no_direct_relation,valleys,deficiencies,17,17,True,block_03,0.4525448610692953
no_direct_relation,valleys,deficiencies,17,17,True,block_04,0.19008898289040504
no_direct_relation,valleys,deficiencies,17,17,True,final_norm,0.15552290085493692
no_direct_relation,valleys,deficiencies,17,42,False,embedding,0.717270859868148
no_direct_relation,valleys,deficiencies,17,42,False,block_01,0.3490001026748997
no_direct_relation,valleys,deficiencies,17,42,False,block_02,0.492087377174688
no_direct_relation,valleys,deficiencies,17,42,False,block_03,0.42260422715242824
no_direct_relation,valleys,deficiencies,17,42,False,block_04,0.14425869141733683
no_direct_relation,valleys,deficiencies,17,42,False,final_norm,0.12933960978330106
no_direct_relation,valleys,deficiencies,17,101,False,embedding,0.7371907821543422
no_direct_relation,valleys,deficiencies,17,101,False,block_01,0.3977554325642089
no_direct_relation,valleys,deficiencies,17,101,False,block_02,0.5241051384941267
no_direct_relation,valleys,deficiencies,17,101,False,block_03,0.5383184624323373
no_direct_relation,valleys,deficiencies,17,101,False,block_04,0.19719234554382706
no_direct_relation,valleys,deficiencies,17,101,False,final_norm,0.171576375191915
no_direct_relation,valleys,deficiencies,42,17,False,embedding,0.7454389587669896
no_direct_relation,valleys,deficiencies,42,17,False,block_01,0.33856693779563307
no_direct_relation,valleys,deficiencies,42,17,False,block_02,0.44213647019976526
no_direct_relation,valleys,deficiencies,42,17,False,block_03,0.45763170649271906
no_direct_relation,valleys,deficiencies,42,17,False,block_04,0.2059012629106342
no_direct_relation,valleys,deficiencies,42,17,False,final_norm,0.15052492405286735
no_direct_relation,valleys,deficiencies,42,42,True,embedding,0.7509585729541361
no_direct_relation,valleys,deficiencies,42,42,True,block_01,0.3353706923897848
no_direct_relation,valleys,deficiencies,42,42,True,block_02,0.4236913069467203
no_direct_relation,valleys,deficiencies,42,42,True,block_03,0.4339660600504311
no_direct_relation,valleys,deficiencies,42,42,True,block_04,0.16360091275807945
no_direct_relation,valleys,deficiencies,42,42,True,final_norm,0.12724757276016502
no_direct_relation,valleys,deficiencies,42,101,False,embedding,0.7639869462589868
no_direct_relation,valleys,deficiencies,42,101,False,block_01,0.35203789585873774
no_direct_relation,valleys,deficiencies,42,101,False,block_02,0.4386373658533325
no_direct_relation,valleys,deficiencies,42,101,False,block_03,0.5374129180908191
no_direct_relation,valleys,deficiencies,42,101,False,block_04,0.21296367947759207
no_direct_relation,valleys,deficiencies,42,101,False,final_norm,0.16639161467182945
no_direct_relation,valleys,deficiencies,101,17,False,embedding,0.7659577506557305
no_direct_relation,valleys,deficiencies,101,17,False,block_01,0.4068020522167644
no_direct_relation,valleys,deficiencies,101,17,False,block_02,0.4312484658667256
no_direct_relation,valleys,deficiencies,101,17,False,block_03,0.42243815512940625
no_direct_relation,valleys,deficiencies,101,17,False,block_04,0.23974668253545364
no_direct_relation,valleys,deficiencies,101,17,False,final_norm,0.17871731590943357
no_direct_relation,valleys,deficiencies,101,42,False,embedding,0.7346903167446486
no_direct_relation,valleys,deficiencies,101,42,False,block_01,0.39134688216327906
no_direct_relation,valleys,deficiencies,101,42,False,block_02,0.4206549513615051
no_direct_relation,valleys,deficiencies,101,42,False,block_03,0.40794309278688046
no_direct_relation,valleys,deficiencies,101,42,False,block_04,0.18831009975709495
no_direct_relation,valleys,deficiencies,101,42,False,final_norm,0.14774338055556258
no_direct_relation,valleys,deficiencies,101,101,True,embedding,0.7811927518040352
no_direct_relation,valleys,deficiencies,101,101,True,block_01,0.4160074103191286
no_direct_relation,valleys,deficiencies,101,101,True,block_02,0.42744033167466755
no_direct_relation,valleys,deficiencies,101,101,True,block_03,0.49920451818481326
no_direct_relation,valleys,deficiencies,101,101,True,block_04,0.24320575051153923
no_direct_relation,valleys,deficiencies,101,101,True,final_norm,0.194834399735132
no_direct_relation,valleys,lis_length,17,17,True,embedding,0.6925559727859416
no_direct_relation,valleys,lis_length,17,17,True,block_01,0.31235382717779203
no_direct_relation,valleys,lis_length,17,17,True,block_02,0.2647899713313528
no_direct_relation,valleys,lis_length,17,17,True,block_03,0.46625016561069554
no_direct_relation,valleys,lis_length,17,17,True,block_04,0.23985914100789887
no_direct_relation,valleys,lis_length,17,17,True,final_norm,0.1938601123341335
no_direct_relation,valleys,lis_length,17,42,False,embedding,0.7183098801489531
no_direct_relation,valleys,lis_length,17,42,False,block_01,0.17167449116860437
no_direct_relation,valleys,lis_length,17,42,False,block_02,0.22078029185772835
no_direct_relation,valleys,lis_length,17,42,False,block_03,0.4610368257033071
no_direct_relation,valleys,lis_length,17,42,False,block_04,0.197626979886005
no_direct_relation,valleys,lis_length,17,42,False,final_norm,0.17466004268502577
no_direct_relation,valleys,lis_length,17,101,False,embedding,0.6998176179866261
no_direct_relation,valleys,lis_length,17,101,False,block_01,0.3157146065675416
no_direct_relation,valleys,lis_length,17,101,False,block_02,0.2158118682506991
no_direct_relation,valleys,lis_length,17,101,False,block_03,0.46627143361523654
no_direct_relation,valleys,lis_length,17,101,False,block_04,0.18726978298932306
no_direct_relation,valleys,lis_length,17,101,False,final_norm,0.1634559902713305
no_direct_relation,valleys,lis_length,42,17,False,embedding,0.6855361911653979
no_direct_relation,valleys,lis_length,42,17,False,block_01,0.30846827993134723
no_direct_relation,valleys,lis_length,42,17,False,block_02,0.28482881486825823
no_direct_relation,valleys,lis_length,42,17,False,block_03,0.44086446392046613
no_direct_relation,valleys,lis_length,42,17,False,block_04,0.3030100926359037
no_direct_relation,valleys,lis_length,42,17,False,final_norm,0.19512564256139464
no_direct_relation,valleys,lis_length,42,42,True,embedding,0.699326781250483
no_direct_relation,valleys,lis_length,42,42,True,block_01,0.21777740425975908
no_direct_relation,valleys,lis_length,42,42,True,block_02,0.24763481631341916
no_direct_relation,valleys,lis_length,42,42,True,block_03,0.45714874951082674
no_direct_relation,valleys,lis_length,42,42,True,block_04,0.24623328639244726
no_direct_relation,valleys,lis_length,42,42,True,final_norm,0.17633194156116724
no_direct_relation,valleys,lis_length,42,101,False,embedding,0.6849232252735021
no_direct_relation,valleys,lis_length,42,101,False,block_01,0.2832838532484764
no_direct_relation,valleys,lis_length,42,101,False,block_02,0.2230186001404421
no_direct_relation,valleys,lis_length,42,101,False,block_03,0.43662385375435925
no_direct_relation,valleys,lis_length,42,101,False,block_04,0.19349079045535764
no_direct_relation,valleys,lis_length,42,101,False,final_norm,0.15429190580031055
no_direct_relation,valleys,lis_length,101,17,False,embedding,0.7067425673930268
no_direct_relation,valleys,lis_length,101,17,False,block_01,0.3322485929080171
no_direct_relation,valleys,lis_length,101,17,False,block_02,0.25009444663079167
no_direct_relation,valleys,lis_length,101,17,False,block_03,0.40749867085943176
no_direct_relation,valleys,lis_length,101,17,False,block_04,0.397279093837757
no_direct_relation,valleys,lis_length,101,17,False,final_norm,0.26098434253422037
no_direct_relation,valleys,lis_length,101,42,False,embedding,0.7403875054138553
no_direct_relation,valleys,lis_length,101,42,False,block_01,0.23501229089406325
no_direct_relation,valleys,lis_length,101,42,False,block_02,0.24581656430208587
no_direct_relation,valleys,lis_length,101,42,False,block_03,0.41365924064344145
no_direct_relation,valleys,lis_length,101,42,False,block_04,0.29158042964138686
no_direct_relation,valleys,lis_length,101,42,False,final_norm,0.21842448758037508
no_direct_relation,valleys,lis_length,101,101,True,embedding,0.7192108588739999
no_direct_relation,valleys,lis_length,101,101,True,block_01,0.31930916103760576
no_direct_relation,valleys,lis_length,101,101,True,block_02,0.20783706107091615
no_direct_relation,valleys,lis_length,101,101,True,block_03,0.34613877109485747
no_direct_relation,valleys,lis_length,101,101,True,block_04,0.23862368279037524
no_direct_relation,valleys,lis_length,101,101,True,final_norm,0.19651275174874083
no_direct_relation,valleys,lds_length,17,17,True,embedding,0.6781601981205954
no_direct_relation,valleys,lds_length,17,17,True,block_01,0.34500873606955595
no_direct_relation,valleys,lds_length,17,17,True,block_02,0.4053715666442697
no_direct_relation,valleys,lds_length,17,17,True,block_03,0.4462471160123478
no_direct_relation,valleys,lds_length,17,17,True,block_04,0.14686146127563024
no_direct_relation,valleys,lds_length,17,17,True,final_norm,0.12689888707394015
no_direct_relation,valleys,lds_length,17,42,False,embedding,0.6696319654749188
no_direct_relation,valleys,lds_length,17,42,False,block_01,0.3592298156552322
no_direct_relation,valleys,lds_length,17,42,False,block_02,0.4685852261894705
no_direct_relation,valleys,lds_length,17,42,False,block_03,0.5401856314039705
no_direct_relation,valleys,lds_length,17,42,False,block_04,0.15290558659344597
no_direct_relation,valleys,lds_length,17,42,False,final_norm,0.1386518795479628
no_direct_relation,valleys,lds_length,17,101,False,embedding,0.6674326039802767
no_direct_relation,valleys,lds_length,17,101,False,block_01,0.3801554009377023
no_direct_relation,valleys,lds_length,17,101,False,block_02,0.4788168057451352
no_direct_relation,valleys,lds_length,17,101,False,block_03,0.5407117235289023
no_direct_relation,valleys,lds_length,17,101,False,block_04,0.1546098741375816
no_direct_relation,valleys,lds_length,17,101,False,final_norm,0.14287828764856894
no_direct_relation,valleys,lds_length,42,17,False,embedding,0.6685286918434076
no_direct_relation,valleys,lds_length,42,17,False,block_01,0.2699858745181363
no_direct_relation,valleys,lds_length,42,17,False,block_02,0.28021273033650695
no_direct_relation,valleys,lds_length,42,17,False,block_03,0.395178448352306
no_direct_relation,valleys,lds_length,42,17,False,block_04,0.14053417423402775
no_direct_relation,valleys,lds_length,42,17,False,final_norm,0.11782050633309314
no_direct_relation,valleys,lds_length,42,42,True,embedding,0.6633558283090293
no_direct_relation,valleys,lds_length,42,42,True,block_01,0.2619941034295955
no_direct_relation,valleys,lds_length,42,42,True,block_02,0.32672306061924905
no_direct_relation,valleys,lds_length,42,42,True,block_03,0.48097070112772417
no_direct_relation,valleys,lds_length,42,42,True,block_04,0.15771739213216945
no_direct_relation,valleys,lds_length,42,42,True,final_norm,0.1275329277187712
no_direct_relation,valleys,lds_length,42,101,False,embedding,0.6542605270535087
no_direct_relation,valleys,lds_length,42,101,False,block_01,0.29401683256373967
no_direct_relation,valleys,lds_length,42,101,False,block_02,0.3623136392125672
no_direct_relation,valleys,lds_length,42,101,False,block_03,0.48702084760769715
no_direct_relation,valleys,lds_length,42,101,False,block_04,0.15491190885733236
no_direct_relation,valleys,lds_length,42,101,False,final_norm,0.13075070126650049
no_direct_relation,valleys,lds_length,101,17,False,embedding,0.6775250023306663
no_direct_relation,valleys,lds_length,101,17,False,block_01,0.31116291320369693
no_direct_relation,valleys,lds_length,101,17,False,block_02,0.2900965870101208
no_direct_relation,valleys,lds_length,101,17,False,block_03,0.3712391954389157
no_direct_relation,valleys,lds_length,101,17,False,block_04,0.17084980900310903
no_direct_relation,valleys,lds_length,101,17,False,final_norm,0.14415581173857367
no_direct_relation,valleys,lds_length,101,42,False,embedding,0.6888560994031161
no_direct_relation,valleys,lds_length,101,42,False,block_01,0.32405612125421923
no_direct_relation,valleys,lds_length,101,42,False,block_02,0.341918493097287
no_direct_relation,valleys,lds_length,101,42,False,block_03,0.40535987702479326
no_direct_relation,valleys,lds_length,101,42,False,block_04,0.19080171556521244
no_direct_relation,valleys,lds_length,101,42,False,final_norm,0.16101153240269012
no_direct_relation,valleys,lds_length,101,101,True,embedding,0.6748261084177701
no_direct_relation,valleys,lds_length,101,101,True,block_01,0.36067006668532836
no_direct_relation,valleys,lds_length,101,101,True,block_02,0.37503479518923327
no_direct_relation,valleys,lds_length,101,101,True,block_03,0.423427275065571
no_direct_relation,valleys,lds_length,101,101,True,block_04,0.18777659840885455
no_direct_relation,valleys,lds_length,101,101,True,final_norm,0.16424070200134075
no_direct_relation,valleys,longest_increasing_run,17,17,True,embedding,0.6398066395039738
no_direct_relation,valleys,longest_increasing_run,17,17,True,block_01,0.18335733900456944
no_direct_relation,valleys,longest_increasing_run,17,17,True,block_02,0.3548524453107643
no_direct_relation,valleys,longest_increasing_run,17,17,True,block_03,0.3589787581321474
no_direct_relation,valleys,longest_increasing_run,17,17,True,block_04,0.0571231750952006
no_direct_relation,valleys,longest_increasing_run,17,17,True,final_norm,0.06079752517383612
no_direct_relation,valleys,longest_increasing_run,17,42,False,embedding,0.5854872107348107
no_direct_relation,valleys,longest_increasing_run,17,42,False,block_01,0.2711736642710194
no_direct_relation,valleys,longest_increasing_run,17,42,False,block_02,0.3787514015542081
no_direct_relation,valleys,longest_increasing_run,17,42,False,block_03,0.3038628208877819
no_direct_relation,valleys,longest_increasing_run,17,42,False,block_04,0.09479807066014866
no_direct_relation,valleys,longest_increasing_run,17,42,False,final_norm,0.0849430854124203
no_direct_relation,valleys,longest_increasing_run,17,101,False,embedding,0.553501569360837
no_direct_relation,valleys,longest_increasing_run,17,101,False,block_01,0.25979454183687656
no_direct_relation,valleys,longest_increasing_run,17,101,False,block_02,0.40127453179903405
no_direct_relation,valleys,longest_increasing_run,17,101,False,block_03,0.45228898201066586
no_direct_relation,valleys,longest_increasing_run,17,101,False,block_04,0.09252746429169122
no_direct_relation,valleys,longest_increasing_run,17,101,False,final_norm,0.07574826760504506
no_direct_relation,valleys,longest_increasing_run,42,17,False,embedding,0.6268210085169456
no_direct_relation,valleys,longest_increasing_run,42,17,False,block_01,0.20698726497069164
no_direct_relation,valleys,longest_increasing_run,42,17,False,block_02,0.3186874007321096
no_direct_relation,valleys,longest_increasing_run,42,17,False,block_03,0.3097781584649458
no_direct_relation,valleys,longest_increasing_run,42,17,False,block_04,0.07720814022966888
no_direct_relation,valleys,longest_increasing_run,42,17,False,final_norm,0.06519727409072568
no_direct_relation,valleys,longest_increasing_run,42,42,True,embedding,0.5541208155895727
no_direct_relation,valleys,longest_increasing_run,42,42,True,block_01,0.24218211392992028
no_direct_relation,valleys,longest_increasing_run,42,42,True,block_02,0.27241171912489953
no_direct_relation,valleys,longest_increasing_run,42,42,True,block_03,0.25990274419611303
no_direct_relation,valleys,longest_increasing_run,42,42,True,block_04,0.12301245305221352
no_direct_relation,valleys,longest_increasing_run,42,42,True,final_norm,0.08839023599556618
no_direct_relation,valleys,longest_increasing_run,42,101,False,embedding,0.5391753734023529
no_direct_relation,valleys,longest_increasing_run,42,101,False,block_01,0.31679556811599063
no_direct_relation,valleys,longest_increasing_run,42,101,False,block_02,0.3028396250159679
no_direct_relation,valleys,longest_increasing_run,42,101,False,block_03,0.400376930689057
no_direct_relation,valleys,longest_increasing_run,42,101,False,block_04,0.12704901193315107
no_direct_relation,valleys,longest_increasing_run,42,101,False,final_norm,0.07981108201355323
no_direct_relation,valleys,longest_increasing_run,101,17,False,embedding,0.656023243862844
no_direct_relation,valleys,longest_increasing_run,101,17,False,block_01,0.2042077589243348
no_direct_relation,valleys,longest_increasing_run,101,17,False,block_02,0.3402823373019647
no_direct_relation,valleys,longest_increasing_run,101,17,False,block_03,0.2756495304762203
no_direct_relation,valleys,longest_increasing_run,101,17,False,block_04,0.10366801689451226
no_direct_relation,valleys,longest_increasing_run,101,17,False,final_norm,0.08740854178590997
no_direct_relation,valleys,longest_increasing_run,101,42,False,embedding,0.5658534146169311
no_direct_relation,valleys,longest_increasing_run,101,42,False,block_01,0.24373786124670405
no_direct_relation,valleys,longest_increasing_run,101,42,False,block_02,0.27605253467355867
no_direct_relation,valleys,longest_increasing_run,101,42,False,block_03,0.1988469828303202
no_direct_relation,valleys,longest_increasing_run,101,42,False,block_04,0.1586918172305843
no_direct_relation,valleys,longest_increasing_run,101,42,False,final_norm,0.11803935058180415
no_direct_relation,valleys,longest_increasing_run,101,101,True,embedding,0.5613051084526709
no_direct_relation,valleys,longest_increasing_run,101,101,True,block_01,0.2928301601672279
no_direct_relation,valleys,longest_increasing_run,101,101,True,block_02,0.3127472426869431
no_direct_relation,valleys,longest_increasing_run,101,101,True,block_03,0.35793462919632374
no_direct_relation,valleys,longest_increasing_run,101,101,True,block_04,0.16109378240748576
no_direct_relation,valleys,longest_increasing_run,101,101,True,final_norm,0.105574264231054
no_direct_relation,valleys,longest_decreasing_run,17,17,True,embedding,0.6132746178265458
no_direct_relation,valleys,longest_decreasing_run,17,17,True,block_01,0.25333004185625624
no_direct_relation,valleys,longest_decreasing_run,17,17,True,block_02,0.3357346949111225
no_direct_relation,valleys,longest_decreasing_run,17,17,True,block_03,0.2794123654676479
no_direct_relation,valleys,longest_decreasing_run,17,17,True,block_04,0.05662443436729891
no_direct_relation,valleys,longest_decreasing_run,17,17,True,final_norm,0.05719915434586969
no_direct_relation,valleys,longest_decreasing_run,17,42,False,embedding,0.6273394273111821
no_direct_relation,valleys,longest_decreasing_run,17,42,False,block_01,0.22205960844282976
no_direct_relation,valleys,longest_decreasing_run,17,42,False,block_02,0.34094769554149834
no_direct_relation,valleys,longest_decreasing_run,17,42,False,block_03,0.3367974756777727
no_direct_relation,valleys,longest_decreasing_run,17,42,False,block_04,0.062264225268792765
no_direct_relation,valleys,longest_decreasing_run,17,42,False,final_norm,0.06249171625596641
no_direct_relation,valleys,longest_decreasing_run,17,101,False,embedding,0.6396412019073455
no_direct_relation,valleys,longest_decreasing_run,17,101,False,block_01,0.21648616378143504
no_direct_relation,valleys,longest_decreasing_run,17,101,False,block_02,0.34806626479550884
no_direct_relation,valleys,longest_decreasing_run,17,101,False,block_03,0.36100359489131034
no_direct_relation,valleys,longest_decreasing_run,17,101,False,block_04,0.059452973886138696
no_direct_relation,valleys,longest_decreasing_run,17,101,False,final_norm,0.05103505490899084
no_direct_relation,valleys,longest_decreasing_run,42,17,False,embedding,0.593939094967561
no_direct_relation,valleys,longest_decreasing_run,42,17,False,block_01,0.20253303222065958
no_direct_relation,valleys,longest_decreasing_run,42,17,False,block_02,0.21655758489942248
no_direct_relation,valleys,longest_decreasing_run,42,17,False,block_03,0.2180897501808029
no_direct_relation,valleys,longest_decreasing_run,42,17,False,block_04,0.06792484552705433
no_direct_relation,valleys,longest_decreasing_run,42,17,False,final_norm,0.05785706910891508
no_direct_relation,valleys,longest_decreasing_run,42,42,True,embedding,0.6120189387593666
no_direct_relation,valleys,longest_decreasing_run,42,42,True,block_01,0.2049624786126137
no_direct_relation,valleys,longest_decreasing_run,42,42,True,block_02,0.2275965960156057
no_direct_relation,valleys,longest_decreasing_run,42,42,True,block_03,0.26331087402259873
no_direct_relation,valleys,longest_decreasing_run,42,42,True,block_04,0.07578384226273449
no_direct_relation,valleys,longest_decreasing_run,42,42,True,final_norm,0.06175967741809475
no_direct_relation,valleys,longest_decreasing_run,42,101,False,embedding,0.6200901211202888
no_direct_relation,valleys,longest_decreasing_run,42,101,False,block_01,0.26106663955233306
no_direct_relation,valleys,longest_decreasing_run,42,101,False,block_02,0.243710968567398
no_direct_relation,valleys,longest_decreasing_run,42,101,False,block_03,0.3110408829586588
no_direct_relation,valleys,longest_decreasing_run,42,101,False,block_04,0.07534230944452155
no_direct_relation,valleys,longest_decreasing_run,42,101,False,final_norm,0.051938429074675614
no_direct_relation,valleys,longest_decreasing_run,101,17,False,embedding,0.6198875084053984
no_direct_relation,valleys,longest_decreasing_run,101,17,False,block_01,0.20853304139699802
no_direct_relation,valleys,longest_decreasing_run,101,17,False,block_02,0.21487371943839725
no_direct_relation,valleys,longest_decreasing_run,101,17,False,block_03,0.16405271178118783
no_direct_relation,valleys,longest_decreasing_run,101,17,False,block_04,0.08600663827923787
no_direct_relation,valleys,longest_decreasing_run,101,17,False,final_norm,0.07698800354474887
no_direct_relation,valleys,longest_decreasing_run,101,42,False,embedding,0.6309277436362593
no_direct_relation,valleys,longest_decreasing_run,101,42,False,block_01,0.2154612710789515
no_direct_relation,valleys,longest_decreasing_run,101,42,False,block_02,0.270049858457302
no_direct_relation,valleys,longest_decreasing_run,101,42,False,block_03,0.23763434753270385
no_direct_relation,valleys,longest_decreasing_run,101,42,False,block_04,0.10309941519407269
no_direct_relation,valleys,longest_decreasing_run,101,42,False,final_norm,0.08611042179802729
no_direct_relation,valleys,longest_decreasing_run,101,101,True,embedding,0.6453321696270444
no_direct_relation,valleys,longest_decreasing_run,101,101,True,block_01,0.24383177024930575
no_direct_relation,valleys,longest_decreasing_run,101,101,True,block_02,0.25386513797263366
no_direct_relation,valleys,longest_decreasing_run,101,101,True,block_03,0.2510337500325943
no_direct_relation,valleys,longest_decreasing_run,101,101,True,block_04,0.09784159292959921
no_direct_relation,valleys,longest_decreasing_run,101,101,True,final_norm,0.07061345402345212
no_direct_relation,valleys,left_to_right_maxima,17,17,True,embedding,0.4460012129845441
no_direct_relation,valleys,left_to_right_maxima,17,17,True,block_01,0.11731811009385275
no_direct_relation,valleys,left_to_right_maxima,17,17,True,block_02,0.15736212474039069
no_direct_relation,valleys,left_to_right_maxima,17,17,True,block_03,0.14533572897061703
no_direct_relation,valleys,left_to_right_maxima,17,17,True,block_04,0.04875990527304874
no_direct_relation,valleys,left_to_right_maxima,17,17,True,final_norm,0.04858680578196158
no_direct_relation,valleys,left_to_right_maxima,17,42,False,embedding,0.5149743836117286
no_direct_relation,valleys,left_to_right_maxima,17,42,False,block_01,0.12324895337864188
no_direct_relation,valleys,left_to_right_maxima,17,42,False,block_02,0.185354212956757
no_direct_relation,valleys,left_to_right_maxima,17,42,False,block_03,0.16510484216261928
no_direct_relation,valleys,left_to_right_maxima,17,42,False,block_04,0.0536666050042419
no_direct_relation,valleys,left_to_right_maxima,17,42,False,final_norm,0.0517666032193926
no_direct_relation,valleys,left_to_right_maxima,17,101,False,embedding,0.6389893102665921
no_direct_relation,valleys,left_to_right_maxima,17,101,False,block_01,0.06963612629726282
no_direct_relation,valleys,left_to_right_maxima,17,101,False,block_02,0.09298677537720891
no_direct_relation,valleys,left_to_right_maxima,17,101,False,block_03,0.09437178490560837
no_direct_relation,valleys,left_to_right_maxima,17,101,False,block_04,0.0401795673259237
no_direct_relation,valleys,left_to_right_maxima,17,101,False,final_norm,0.03806034712226096
no_direct_relation,valleys,left_to_right_maxima,42,17,False,embedding,0.4433794643929927
no_direct_relation,valleys,left_to_right_maxima,42,17,False,block_01,0.1024291191729382
no_direct_relation,valleys,left_to_right_maxima,42,17,False,block_02,0.1325035672392944
no_direct_relation,valleys,left_to_right_maxima,42,17,False,block_03,0.13107687681668084
no_direct_relation,valleys,left_to_right_maxima,42,17,False,block_04,0.059789514493078726
no_direct_relation,valleys,left_to_right_maxima,42,17,False,final_norm,0.047674944272336886
no_direct_relation,valleys,left_to_right_maxima,42,42,True,embedding,0.48477728794349756
no_direct_relation,valleys,left_to_right_maxima,42,42,True,block_01,0.1196837989628632
no_direct_relation,valleys,left_to_right_maxima,42,42,True,block_02,0.15181974310748725
no_direct_relation,valleys,left_to_right_maxima,42,42,True,block_03,0.14494308837845088
no_direct_relation,valleys,left_to_right_maxima,42,42,True,block_04,0.06502902401995417
no_direct_relation,valleys,left_to_right_maxima,42,42,True,final_norm,0.05041128170313691
no_direct_relation,valleys,left_to_right_maxima,42,101,False,embedding,0.6505990181250701
no_direct_relation,valleys,left_to_right_maxima,42,101,False,block_01,0.057427557916739536
no_direct_relation,valleys,left_to_right_maxima,42,101,False,block_02,0.0823087718274199
no_direct_relation,valleys,left_to_right_maxima,42,101,False,block_03,0.08561776953803549
no_direct_relation,valleys,left_to_right_maxima,42,101,False,block_04,0.04718364685049944
no_direct_relation,valleys,left_to_right_maxima,42,101,False,final_norm,0.03816366313282288
no_direct_relation,valleys,left_to_right_maxima,101,17,False,embedding,0.4285381118972571
no_direct_relation,valleys,left_to_right_maxima,101,17,False,block_01,0.11537865707732745
no_direct_relation,valleys,left_to_right_maxima,101,17,False,block_02,0.12550153219256047
no_direct_relation,valleys,left_to_right_maxima,101,17,False,block_03,0.10947716286320051
no_direct_relation,valleys,left_to_right_maxima,101,17,False,block_04,0.07674326902926973
no_direct_relation,valleys,left_to_right_maxima,101,17,False,final_norm,0.06319717212125812
no_direct_relation,valleys,left_to_right_maxima,101,42,False,embedding,0.46972449372795405
no_direct_relation,valleys,left_to_right_maxima,101,42,False,block_01,0.1271086802478223
no_direct_relation,valleys,left_to_right_maxima,101,42,False,block_02,0.15120232803859338
no_direct_relation,valleys,left_to_right_maxima,101,42,False,block_03,0.12938442328254093
no_direct_relation,valleys,left_to_right_maxima,101,42,False,block_04,0.08438789585309454
no_direct_relation,valleys,left_to_right_maxima,101,42,False,final_norm,0.06724668426039226
no_direct_relation,valleys,left_to_right_maxima,101,101,True,embedding,0.6880382022664839
no_direct_relation,valleys,left_to_right_maxima,101,101,True,block_01,0.07032226022954313
no_direct_relation,valleys,left_to_right_maxima,101,101,True,block_02,0.06856429794336656
no_direct_relation,valleys,left_to_right_maxima,101,101,True,block_03,0.060952527911362846
no_direct_relation,valleys,left_to_right_maxima,101,101,True,block_04,0.055046978053967494
no_direct_relation,valleys,left_to_right_maxima,101,101,True,final_norm,0.04722685569177706
no_direct_relation,valleys,left_to_right_minima,17,17,True,embedding,0.5978660386984765
no_direct_relation,valleys,left_to_right_minima,17,17,True,block_01,0.09208065683430987
no_direct_relation,valleys,left_to_right_minima,17,17,True,block_02,0.1085434050337399
no_direct_relation,valleys,left_to_right_minima,17,17,True,block_03,0.1338546667693536
no_direct_relation,valleys,left_to_right_minima,17,17,True,block_04,0.0762294736300293
no_direct_relation,valleys,left_to_right_minima,17,17,True,final_norm,0.06080404958554628
no_direct_relation,valleys,left_to_right_minima,17,42,False,embedding,0.5698096982954373
no_direct_relation,valleys,left_to_right_minima,17,42,False,block_01,0.06254332825559603
no_direct_relation,valleys,left_to_right_minima,17,42,False,block_02,0.08706679637552105
no_direct_relation,valleys,left_to_right_minima,17,42,False,block_03,0.10489507723884926
no_direct_relation,valleys,left_to_right_minima,17,42,False,block_04,0.040693940842112836
no_direct_relation,valleys,left_to_right_minima,17,42,False,final_norm,0.03612151234614024
no_direct_relation,valleys,left_to_right_minima,17,101,False,embedding,0.543279636752793
no_direct_relation,valleys,left_to_right_minima,17,101,False,block_01,0.07375640628668498
no_direct_relation,valleys,left_to_right_minima,17,101,False,block_02,0.10730923794088364
no_direct_relation,valleys,left_to_right_minima,17,101,False,block_03,0.1231624106342166
no_direct_relation,valleys,left_to_right_minima,17,101,False,block_04,0.05788144202965214
no_direct_relation,valleys,left_to_right_minima,17,101,False,final_norm,0.05276078872083698
no_direct_relation,valleys,left_to_right_minima,42,17,False,embedding,0.6089599709138394
no_direct_relation,valleys,left_to_right_minima,42,17,False,block_01,0.19244210924106903
no_direct_relation,valleys,left_to_right_minima,42,17,False,block_02,0.11438171564142012
no_direct_relation,valleys,left_to_right_minima,42,17,False,block_03,0.1230543756250364
no_direct_relation,valleys,left_to_right_minima,42,17,False,block_04,0.08693173726340318
no_direct_relation,valleys,left_to_right_minima,42,17,False,final_norm,0.06121635196052518
no_direct_relation,valleys,left_to_right_minima,42,42,True,embedding,0.6140272839744412
no_direct_relation,valleys,left_to_right_minima,42,42,True,block_01,0.10291533970690527
no_direct_relation,valleys,left_to_right_minima,42,42,True,block_02,0.08929870060012511
no_direct_relation,valleys,left_to_right_minima,42,42,True,block_03,0.10292497436373284
no_direct_relation,valleys,left_to_right_minima,42,42,True,block_04,0.05162233598475999
no_direct_relation,valleys,left_to_right_minima,42,42,True,final_norm,0.03558556849387416
no_direct_relation,valleys,left_to_right_minima,42,101,False,embedding,0.5560531590767342
no_direct_relation,valleys,left_to_right_minima,42,101,False,block_01,0.13986803463361328
no_direct_relation,valleys,left_to_right_minima,42,101,False,block_02,0.15601091087563904
no_direct_relation,valleys,left_to_right_minima,42,101,False,block_03,0.13985322430074698
no_direct_relation,valleys,left_to_right_minima,42,101,False,block_04,0.08007811056423536
no_direct_relation,valleys,left_to_right_minima,42,101,False,final_norm,0.05283472864340068
no_direct_relation,valleys,left_to_right_minima,101,17,False,embedding,0.5945629816838522
no_direct_relation,valleys,left_to_right_minima,101,17,False,block_01,0.14442501757279227
no_direct_relation,valleys,left_to_right_minima,101,17,False,block_02,0.1027487506622904
no_direct_relation,valleys,left_to_right_minima,101,17,False,block_03,0.11451861329257484
no_direct_relation,valleys,left_to_right_minima,101,17,False,block_04,0.09758526882042855
no_direct_relation,valleys,left_to_right_minima,101,17,False,final_norm,0.07754075450328554
no_direct_relation,valleys,left_to_right_minima,101,42,False,embedding,0.5852122775277082
no_direct_relation,valleys,left_to_right_minima,101,42,False,block_01,0.09548737488228701
no_direct_relation,valleys,left_to_right_minima,101,42,False,block_02,0.09205964760344039
no_direct_relation,valleys,left_to_right_minima,101,42,False,block_03,0.08734692316035217
no_direct_relation,valleys,left_to_right_minima,101,42,False,block_04,0.0626088842948341
no_direct_relation,valleys,left_to_right_minima,101,42,False,final_norm,0.04653736280989609
no_direct_relation,valleys,left_to_right_minima,101,101,True,embedding,0.540523863868664
no_direct_relation,valleys,left_to_right_minima,101,101,True,block_01,0.1821257343833487
no_direct_relation,valleys,left_to_right_minima,101,101,True,block_02,0.16962652653698893
no_direct_relation,valleys,left_to_right_minima,101,101,True,block_03,0.13046461806552065
no_direct_relation,valleys,left_to_right_minima,101,101,True,block_04,0.09207481955884031
no_direct_relation,valleys,left_to_right_minima,101,101,True,final_norm,0.06993785994931484
no_direct_relation,valleys,global_descents,17,17,True,embedding,0.6257804763644886
no_direct_relation,valleys,global_descents,17,17,True,block_01,0.08375256018911069
no_direct_relation,valleys,global_descents,17,17,True,block_02,0.11652765179501894
no_direct_relation,valleys,global_descents,17,17,True,block_03,0.09656710947905536
no_direct_relation,valleys,global_descents,17,17,True,block_04,0.08324170968758703
no_direct_relation,valleys,global_descents,17,17,True,final_norm,0.0624882678849908
no_direct_relation,valleys,global_descents,17,42,False,embedding,0.6222532310056954
no_direct_relation,valleys,global_descents,17,42,False,block_01,0.05677824728571956
no_direct_relation,valleys,global_descents,17,42,False,block_02,0.11509490577376567
no_direct_relation,valleys,global_descents,17,42,False,block_03,0.13516973720320857
no_direct_relation,valleys,global_descents,17,42,False,block_04,0.06138781539465631
no_direct_relation,valleys,global_descents,17,42,False,final_norm,0.037901142079759365
no_direct_relation,valleys,global_descents,17,101,False,embedding,0.5967038826071867
no_direct_relation,valleys,global_descents,17,101,False,block_01,0.038534588680867655
no_direct_relation,valleys,global_descents,17,101,False,block_02,0.06027694656115014
no_direct_relation,valleys,global_descents,17,101,False,block_03,0.09787023254910868
no_direct_relation,valleys,global_descents,17,101,False,block_04,0.04313946155230064
no_direct_relation,valleys,global_descents,17,101,False,final_norm,0.03369043352803392
no_direct_relation,valleys,global_descents,42,17,False,embedding,0.6302325194889276
no_direct_relation,valleys,global_descents,42,17,False,block_01,0.18191460233563572
no_direct_relation,valleys,global_descents,42,17,False,block_02,0.1597008497667082
no_direct_relation,valleys,global_descents,42,17,False,block_03,0.10987911665132291
no_direct_relation,valleys,global_descents,42,17,False,block_04,0.11603766045309845
no_direct_relation,valleys,global_descents,42,17,False,final_norm,0.06495859619959697
no_direct_relation,valleys,global_descents,42,42,True,embedding,0.6187101118697177
no_direct_relation,valleys,global_descents,42,42,True,block_01,0.11676266084763587
no_direct_relation,valleys,global_descents,42,42,True,block_02,0.16495612773276758
no_direct_relation,valleys,global_descents,42,42,True,block_03,0.17666341007534228
no_direct_relation,valleys,global_descents,42,42,True,block_04,0.08999660988856333
no_direct_relation,valleys,global_descents,42,42,True,final_norm,0.03816918504279544
no_direct_relation,valleys,global_descents,42,101,False,embedding,0.58433532143677
no_direct_relation,valleys,global_descents,42,101,False,block_01,0.036576166330809054
no_direct_relation,valleys,global_descents,42,101,False,block_02,0.050344888884576854
no_direct_relation,valleys,global_descents,42,101,False,block_03,0.09284820267352631
no_direct_relation,valleys,global_descents,42,101,False,block_04,0.06356802439448205
no_direct_relation,valleys,global_descents,42,101,False,final_norm,0.03543520221657341
no_direct_relation,valleys,global_descents,101,17,False,embedding,0.6255472970118642
no_direct_relation,valleys,global_descents,101,17,False,block_01,0.16790728031348184
no_direct_relation,valleys,global_descents,101,17,False,block_02,0.14458367019443533
no_direct_relation,valleys,global_descents,101,17,False,block_03,0.09066899289422399
no_direct_relation,valleys,global_descents,101,17,False,block_04,0.13051196375135657
no_direct_relation,valleys,global_descents,101,17,False,final_norm,0.07900811879639327
no_direct_relation,valleys,global_descents,101,42,False,embedding,0.6080806699454797
no_direct_relation,valleys,global_descents,101,42,False,block_01,0.11142716211484247
no_direct_relation,valleys,global_descents,101,42,False,block_02,0.15303849903222944
no_direct_relation,valleys,global_descents,101,42,False,block_03,0.1431219848970813
no_direct_relation,valleys,global_descents,101,42,False,block_04,0.10331709421923789
no_direct_relation,valleys,global_descents,101,42,False,final_norm,0.049115371905930905
no_direct_relation,valleys,global_descents,101,101,True,embedding,0.6178614917513464
no_direct_relation,valleys,global_descents,101,101,True,block_01,0.04029773532356229
no_direct_relation,valleys,global_descents,101,101,True,block_02,0.05921607258244306
no_direct_relation,valleys,global_descents,101,101,True,block_03,0.08540014748700922
no_direct_relation,valleys,global_descents,101,101,True,block_04,0.08331043586974321
no_direct_relation,valleys,global_descents,101,101,True,final_norm,0.04659623268656469
no_direct_relation,valleys,components,17,17,True,embedding,0.7174175483728878
no_direct_relation,valleys,components,17,17,True,block_01,0.15715969663931378
no_direct_relation,valleys,components,17,17,True,block_02,0.06192956034952585
no_direct_relation,valleys,components,17,17,True,block_03,0.08657570716055205
no_direct_relation,valleys,components,17,17,True,block_04,0.05588805998029419
no_direct_relation,valleys,components,17,17,True,final_norm,0.04095938562879096
no_direct_relation,valleys,components,17,42,False,embedding,0.721900434820998
no_direct_relation,valleys,components,17,42,False,block_01,0.1634768780302525
no_direct_relation,valleys,components,17,42,False,block_02,0.06820401031745967
no_direct_relation,valleys,components,17,42,False,block_03,0.11627257213030084
no_direct_relation,valleys,components,17,42,False,block_04,0.0534139410026
no_direct_relation,valleys,components,17,42,False,final_norm,0.038526708113157324
no_direct_relation,valleys,components,17,101,False,embedding,0.7212254093077949
no_direct_relation,valleys,components,17,101,False,block_01,0.20009394183125093
no_direct_relation,valleys,components,17,101,False,block_02,0.08060305873090944
no_direct_relation,valleys,components,17,101,False,block_03,0.09396250006477043
no_direct_relation,valleys,components,17,101,False,block_04,0.06405467419378502
no_direct_relation,valleys,components,17,101,False,final_norm,0.043484664823851785
no_direct_relation,valleys,components,42,17,False,embedding,0.6978724221229811
no_direct_relation,valleys,components,42,17,False,block_01,0.137743464233823
no_direct_relation,valleys,components,42,17,False,block_02,0.04903056236877194
no_direct_relation,valleys,components,42,17,False,block_03,0.07934646659490004
no_direct_relation,valleys,components,42,17,False,block_04,0.06777344943247633
no_direct_relation,valleys,components,42,17,False,final_norm,0.03725570104946408
no_direct_relation,valleys,components,42,42,True,embedding,0.7084462731718532
no_direct_relation,valleys,components,42,42,True,block_01,0.22604274871667437
no_direct_relation,valleys,components,42,42,True,block_02,0.05396399737848063
no_direct_relation,valleys,components,42,42,True,block_03,0.10038618098030792
no_direct_relation,valleys,components,42,42,True,block_04,0.0623302490002522
no_direct_relation,valleys,components,42,42,True,final_norm,0.034290179791872814
no_direct_relation,valleys,components,42,101,False,embedding,0.6940730902980837
no_direct_relation,valleys,components,42,101,False,block_01,0.13907194583936408
no_direct_relation,valleys,components,42,101,False,block_02,0.06008159327595353
no_direct_relation,valleys,components,42,101,False,block_03,0.08619729835333748
no_direct_relation,valleys,components,42,101,False,block_04,0.07693958993302216
no_direct_relation,valleys,components,42,101,False,final_norm,0.03889163499336425
no_direct_relation,valleys,components,101,17,False,embedding,0.7228881259056332
no_direct_relation,valleys,components,101,17,False,block_01,0.15576549324308897
no_direct_relation,valleys,components,101,17,False,block_02,0.049790645299970536
no_direct_relation,valleys,components,101,17,False,block_03,0.06428798407938556
no_direct_relation,valleys,components,101,17,False,block_04,0.08097631114358642
no_direct_relation,valleys,components,101,17,False,final_norm,0.050759379355037985
no_direct_relation,valleys,components,101,42,False,embedding,0.7235929133128066
no_direct_relation,valleys,components,101,42,False,block_01,0.25852016853617105
no_direct_relation,valleys,components,101,42,False,block_02,0.05201543936846181
no_direct_relation,valleys,components,101,42,False,block_03,0.07303508507896128
no_direct_relation,valleys,components,101,42,False,block_04,0.07448953958206195
no_direct_relation,valleys,components,101,42,False,final_norm,0.046475504005552955
no_direct_relation,valleys,components,101,101,True,embedding,0.7256851422897943
no_direct_relation,valleys,components,101,101,True,block_01,0.1599519289265442
no_direct_relation,valleys,components,101,101,True,block_02,0.06393210261666056
no_direct_relation,valleys,components,101,101,True,block_03,0.06830996354407222
no_direct_relation,valleys,components,101,101,True,block_04,0.09204295091569477
no_direct_relation,valleys,components,101,101,True,final_norm,0.05295781398776439
direct_relation,fixed_points,anti_fixed_points,17,17,True,embedding,0.6368138174906128
direct_relation,fixed_points,anti_fixed_points,17,17,True,block_01,0.04787521574075452
direct_relation,fixed_points,anti_fixed_points,17,17,True,block_02,0.02629901992443441
direct_relation,fixed_points,anti_fixed_points,17,17,True,block_03,0.018795111297645297
direct_relation,fixed_points,anti_fixed_points,17,17,True,block_04,0.013195212809665836
direct_relation,fixed_points,anti_fixed_points,17,17,True,final_norm,0.014429888125522573
direct_relation,fixed_points,anti_fixed_points,17,42,False,embedding,0.6561420767552955
direct_relation,fixed_points,anti_fixed_points,17,42,False,block_01,0.04851839815983124
direct_relation,fixed_points,anti_fixed_points,17,42,False,block_02,0.022783869839355767
direct_relation,fixed_points,anti_fixed_points,17,42,False,block_03,0.013536492153102044
direct_relation,fixed_points,anti_fixed_points,17,42,False,block_04,0.007543526109785235
direct_relation,fixed_points,anti_fixed_points,17,42,False,final_norm,0.008080710383843922
direct_relation,fixed_points,anti_fixed_points,17,101,False,embedding,0.6757065858079451
direct_relation,fixed_points,anti_fixed_points,17,101,False,block_01,0.04979178420033763
direct_relation,fixed_points,anti_fixed_points,17,101,False,block_02,0.03675250023133041
direct_relation,fixed_points,anti_fixed_points,17,101,False,block_03,0.019609773314328695
direct_relation,fixed_points,anti_fixed_points,17,101,False,block_04,0.011093337129096995
direct_relation,fixed_points,anti_fixed_points,17,101,False,final_norm,0.010978627912325753
direct_relation,fixed_points,anti_fixed_points,42,17,False,embedding,0.5903239790378141
direct_relation,fixed_points,anti_fixed_points,42,17,False,block_01,0.023417792166177422
direct_relation,fixed_points,anti_fixed_points,42,17,False,block_02,0.02038041030830773
direct_relation,fixed_points,anti_fixed_points,42,17,False,block_03,0.020173595234371938
direct_relation,fixed_points,anti_fixed_points,42,17,False,block_04,0.012638221536907829
direct_relation,fixed_points,anti_fixed_points,42,17,False,final_norm,0.013920765925871046
direct_relation,fixed_points,anti_fixed_points,42,42,True,embedding,0.6071015380339598
direct_relation,fixed_points,anti_fixed_points,42,42,True,block_01,0.02135330037671984
direct_relation,fixed_points,anti_fixed_points,42,42,True,block_02,0.011877945946380046
direct_relation,fixed_points,anti_fixed_points,42,42,True,block_03,0.012681172292017677
direct_relation,fixed_points,anti_fixed_points,42,42,True,block_04,0.0072713053231199
direct_relation,fixed_points,anti_fixed_points,42,42,True,final_norm,0.007945180489540654
direct_relation,fixed_points,anti_fixed_points,42,101,False,embedding,0.6258469535878413
direct_relation,fixed_points,anti_fixed_points,42,101,False,block_01,0.022736564720343896
direct_relation,fixed_points,anti_fixed_points,42,101,False,block_02,0.01848375327898692
direct_relation,fixed_points,anti_fixed_points,42,101,False,block_03,0.015356272128621319
direct_relation,fixed_points,anti_fixed_points,42,101,False,block_04,0.009266591492228088
direct_relation,fixed_points,anti_fixed_points,42,101,False,final_norm,0.010309192024561108
direct_relation,fixed_points,anti_fixed_points,101,17,False,embedding,0.6779989215522688
direct_relation,fixed_points,anti_fixed_points,101,17,False,block_01,0.053454785875533345
direct_relation,fixed_points,anti_fixed_points,101,17,False,block_02,0.08040609697432483
direct_relation,fixed_points,anti_fixed_points,101,17,False,block_03,0.16702095466171302
direct_relation,fixed_points,anti_fixed_points,101,17,False,block_04,0.1377779837401493
direct_relation,fixed_points,anti_fixed_points,101,17,False,final_norm,0.10005562871968696
direct_relation,fixed_points,anti_fixed_points,101,42,False,embedding,0.6994500156464176
direct_relation,fixed_points,anti_fixed_points,101,42,False,block_01,0.0802227337876829
direct_relation,fixed_points,anti_fixed_points,101,42,False,block_02,0.13208465586369894
direct_relation,fixed_points,anti_fixed_points,101,42,False,block_03,0.1392755254755182
direct_relation,fixed_points,anti_fixed_points,101,42,False,block_04,0.07678458996584503
direct_relation,fixed_points,anti_fixed_points,101,42,False,final_norm,0.06097034076331276
direct_relation,fixed_points,anti_fixed_points,101,101,True,embedding,0.729386004842373
direct_relation,fixed_points,anti_fixed_points,101,101,True,block_01,0.06365957251429853
direct_relation,fixed_points,anti_fixed_points,101,101,True,block_02,0.11968098329104919
direct_relation,fixed_points,anti_fixed_points,101,101,True,block_03,0.1507052644475914
direct_relation,fixed_points,anti_fixed_points,101,101,True,block_04,0.10976793021016924
direct_relation,fixed_points,anti_fixed_points,101,101,True,final_norm,0.058650323149267804
no_direct_relation,fixed_points,exceedances,17,17,True,embedding,0.7342718730608484
no_direct_relation,fixed_points,exceedances,17,17,True,block_01,0.07568231566185168
no_direct_relation,fixed_points,exceedances,17,17,True,block_02,0.051126975512328025
no_direct_relation,fixed_points,exceedances,17,17,True,block_03,0.02483897205480136
no_direct_relation,fixed_points,exceedances,17,17,True,block_04,0.012613712780883746
no_direct_relation,fixed_points,exceedances,17,17,True,final_norm,0.010733056422948585
no_direct_relation,fixed_points,exceedances,17,42,False,embedding,0.7167198019088676
no_direct_relation,fixed_points,exceedances,17,42,False,block_01,0.052818526099568136
no_direct_relation,fixed_points,exceedances,17,42,False,block_02,0.04586137836664423
no_direct_relation,fixed_points,exceedances,17,42,False,block_03,0.022896392793619325
no_direct_relation,fixed_points,exceedances,17,42,False,block_04,0.009986629427291033
no_direct_relation,fixed_points,exceedances,17,42,False,final_norm,0.011570614631574468
no_direct_relation,fixed_points,exceedances,17,101,False,embedding,0.7066155106293696
no_direct_relation,fixed_points,exceedances,17,101,False,block_01,0.06381611929298034
no_direct_relation,fixed_points,exceedances,17,101,False,block_02,0.04492712076218177
no_direct_relation,fixed_points,exceedances,17,101,False,block_03,0.024050830377012868
no_direct_relation,fixed_points,exceedances,17,101,False,block_04,0.013485525636613377
no_direct_relation,fixed_points,exceedances,17,101,False,final_norm,0.011351778859248587
no_direct_relation,fixed_points,exceedances,42,17,False,embedding,0.6756135918404608
no_direct_relation,fixed_points,exceedances,42,17,False,block_01,0.042024679772237124
no_direct_relation,fixed_points,exceedances,42,17,False,block_02,0.045494475722324706
no_direct_relation,fixed_points,exceedances,42,17,False,block_03,0.028313494935461852
no_direct_relation,fixed_points,exceedances,42,17,False,block_04,0.011602704291176607
no_direct_relation,fixed_points,exceedances,42,17,False,final_norm,0.010413504000957068
no_direct_relation,fixed_points,exceedances,42,42,True,embedding,0.6837858854565881
no_direct_relation,fixed_points,exceedances,42,42,True,block_01,0.03055632637937583
no_direct_relation,fixed_points,exceedances,42,42,True,block_02,0.038905871886719984
no_direct_relation,fixed_points,exceedances,42,42,True,block_03,0.023522293789830843
no_direct_relation,fixed_points,exceedances,42,42,True,block_04,0.008754476780654233
no_direct_relation,fixed_points,exceedances,42,42,True,final_norm,0.010335438178897965
no_direct_relation,fixed_points,exceedances,42,101,False,embedding,0.6410486621642894
no_direct_relation,fixed_points,exceedances,42,101,False,block_01,0.03850720801999899
no_direct_relation,fixed_points,exceedances,42,101,False,block_02,0.03828248705240442
no_direct_relation,fixed_points,exceedances,42,101,False,block_03,0.025590271087645253
no_direct_relation,fixed_points,exceedances,42,101,False,block_04,0.012799044306602805
no_direct_relation,fixed_points,exceedances,42,101,False,final_norm,0.010785679688253065
no_direct_relation,fixed_points,exceedances,101,17,False,embedding,0.6756418049237032
no_direct_relation,fixed_points,exceedances,101,17,False,block_01,0.13501887786768701
no_direct_relation,fixed_points,exceedances,101,17,False,block_02,0.2423599245592045
no_direct_relation,fixed_points,exceedances,101,17,False,block_03,0.2456343323143135
no_direct_relation,fixed_points,exceedances,101,17,False,block_04,0.1326568831580125
no_direct_relation,fixed_points,exceedances,101,17,False,final_norm,0.1273100911072814
no_direct_relation,fixed_points,exceedances,101,42,False,embedding,0.6977885456753172
no_direct_relation,fixed_points,exceedances,101,42,False,block_01,0.0881561084954839
no_direct_relation,fixed_points,exceedances,101,42,False,block_02,0.14943544638959688
no_direct_relation,fixed_points,exceedances,101,42,False,block_03,0.15502785514246442
no_direct_relation,fixed_points,exceedances,101,42,False,block_04,0.1170921590646794
no_direct_relation,fixed_points,exceedances,101,42,False,final_norm,0.14672814090703773
no_direct_relation,fixed_points,exceedances,101,101,True,embedding,0.696494364875909
no_direct_relation,fixed_points,exceedances,101,101,True,block_01,0.1109308770726071
no_direct_relation,fixed_points,exceedances,101,101,True,block_02,0.1801841976695802
no_direct_relation,fixed_points,exceedances,101,101,True,block_03,0.1725132180079987
no_direct_relation,fixed_points,exceedances,101,101,True,block_04,0.12693856805613796
no_direct_relation,fixed_points,exceedances,101,101,True,final_norm,0.09728194161497254
no_direct_relation,fixed_points,deficiencies,17,17,True,embedding,0.7696405610163922
no_direct_relation,fixed_points,deficiencies,17,17,True,block_01,0.07231053972900511
no_direct_relation,fixed_points,deficiencies,17,17,True,block_02,0.04871491456887496
no_direct_relation,fixed_points,deficiencies,17,17,True,block_03,0.024778832435454073
no_direct_relation,fixed_points,deficiencies,17,17,True,block_04,0.013054872327019837
no_direct_relation,fixed_points,deficiencies,17,17,True,final_norm,0.010743443224589701
no_direct_relation,fixed_points,deficiencies,17,42,False,embedding,0.7391626995481878
no_direct_relation,fixed_points,deficiencies,17,42,False,block_01,0.08255624135493844
no_direct_relation,fixed_points,deficiencies,17,42,False,block_02,0.06126634970470558
no_direct_relation,fixed_points,deficiencies,17,42,False,block_03,0.027771981717820086
no_direct_relation,fixed_points,deficiencies,17,42,False,block_04,0.013680206683801236
no_direct_relation,fixed_points,deficiencies,17,42,False,final_norm,0.01014204690855306
no_direct_relation,fixed_points,deficiencies,17,101,False,embedding,0.7282739004926051
no_direct_relation,fixed_points,deficiencies,17,101,False,block_01,0.0865146713363891
no_direct_relation,fixed_points,deficiencies,17,101,False,block_02,0.052020376245903895
no_direct_relation,fixed_points,deficiencies,17,101,False,block_03,0.024261417427410597
no_direct_relation,fixed_points,deficiencies,17,101,False,block_04,0.013469457905010957
no_direct_relation,fixed_points,deficiencies,17,101,False,final_norm,0.011348161042480332
no_direct_relation,fixed_points,deficiencies,42,17,False,embedding,0.7439839056578761
no_direct_relation,fixed_points,deficiencies,42,17,False,block_01,0.04441993048844637
no_direct_relation,fixed_points,deficiencies,42,17,False,block_02,0.039102677260679126
no_direct_relation,fixed_points,deficiencies,42,17,False,block_03,0.02589936020081214
no_direct_relation,fixed_points,deficiencies,42,17,False,block_04,0.01095130622690953
no_direct_relation,fixed_points,deficiencies,42,17,False,final_norm,0.009130170915301843
no_direct_relation,fixed_points,deficiencies,42,42,True,embedding,0.7209431549643163
no_direct_relation,fixed_points,deficiencies,42,42,True,block_01,0.06628625868870708
no_direct_relation,fixed_points,deficiencies,42,42,True,block_02,0.053573702663132314
no_direct_relation,fixed_points,deficiencies,42,42,True,block_03,0.028757235280055388
no_direct_relation,fixed_points,deficiencies,42,42,True,block_04,0.012055708341968136
no_direct_relation,fixed_points,deficiencies,42,42,True,final_norm,0.008474675131346397
no_direct_relation,fixed_points,deficiencies,42,101,False,embedding,0.6803532399434193
no_direct_relation,fixed_points,deficiencies,42,101,False,block_01,0.047845037093164455
no_direct_relation,fixed_points,deficiencies,42,101,False,block_02,0.03822887608052093
no_direct_relation,fixed_points,deficiencies,42,101,False,block_03,0.024102787372181127
no_direct_relation,fixed_points,deficiencies,42,101,False,block_04,0.011406136377367999
no_direct_relation,fixed_points,deficiencies,42,101,False,final_norm,0.00958024743669327
no_direct_relation,fixed_points,deficiencies,101,17,False,embedding,0.7322021620477177
no_direct_relation,fixed_points,deficiencies,101,17,False,block_01,0.12604581105821797
no_direct_relation,fixed_points,deficiencies,101,17,False,block_02,0.20624382627080756
no_direct_relation,fixed_points,deficiencies,101,17,False,block_03,0.1609779886031652
no_direct_relation,fixed_points,deficiencies,101,17,False,block_04,0.12948829791287095
no_direct_relation,fixed_points,deficiencies,101,17,False,final_norm,0.12174324987600364
no_direct_relation,fixed_points,deficiencies,101,42,False,embedding,0.7164572577708004
no_direct_relation,fixed_points,deficiencies,101,42,False,block_01,0.11079554404354276
no_direct_relation,fixed_points,deficiencies,101,42,False,block_02,0.2057309984283241
no_direct_relation,fixed_points,deficiencies,101,42,False,block_03,0.16076765121185235
no_direct_relation,fixed_points,deficiencies,101,42,False,block_04,0.1185153995137312
no_direct_relation,fixed_points,deficiencies,101,42,False,final_norm,0.08115345619186197
no_direct_relation,fixed_points,deficiencies,101,101,True,embedding,0.7083082153250233
no_direct_relation,fixed_points,deficiencies,101,101,True,block_01,0.1389995563433866
no_direct_relation,fixed_points,deficiencies,101,101,True,block_02,0.24992837063497514
no_direct_relation,fixed_points,deficiencies,101,101,True,block_03,0.2450012529098605
no_direct_relation,fixed_points,deficiencies,101,101,True,block_04,0.1489420227331078
no_direct_relation,fixed_points,deficiencies,101,101,True,final_norm,0.120290205503883
no_direct_relation,fixed_points,lis_length,17,17,True,embedding,0.8276268667641121
no_direct_relation,fixed_points,lis_length,17,17,True,block_01,0.06954077757237852
no_direct_relation,fixed_points,lis_length,17,17,True,block_02,0.04416783025277623
no_direct_relation,fixed_points,lis_length,17,17,True,block_03,0.026910743482350157
no_direct_relation,fixed_points,lis_length,17,17,True,block_04,0.01502683392417152
no_direct_relation,fixed_points,lis_length,17,17,True,final_norm,0.0151609901323106
no_direct_relation,fixed_points,lis_length,17,42,False,embedding,0.8346242230998085
no_direct_relation,fixed_points,lis_length,17,42,False,block_01,0.05494923287031349
no_direct_relation,fixed_points,lis_length,17,42,False,block_02,0.05329527853122459
no_direct_relation,fixed_points,lis_length,17,42,False,block_03,0.029190747966149348
no_direct_relation,fixed_points,lis_length,17,42,False,block_04,0.019428833593002445
no_direct_relation,fixed_points,lis_length,17,42,False,final_norm,0.018155270715478924
no_direct_relation,fixed_points,lis_length,17,101,False,embedding,0.8378227893915767
no_direct_relation,fixed_points,lis_length,17,101,False,block_01,0.06682598904365479
no_direct_relation,fixed_points,lis_length,17,101,False,block_02,0.04749961503652232
no_direct_relation,fixed_points,lis_length,17,101,False,block_03,0.029045934764057094
no_direct_relation,fixed_points,lis_length,17,101,False,block_04,0.014174065828090915
no_direct_relation,fixed_points,lis_length,17,101,False,final_norm,0.0111056226268583
no_direct_relation,fixed_points,lis_length,42,17,False,embedding,0.811995889384524
no_direct_relation,fixed_points,lis_length,42,17,False,block_01,0.033808182973392026
no_direct_relation,fixed_points,lis_length,42,17,False,block_02,0.0292887351680438
no_direct_relation,fixed_points,lis_length,42,17,False,block_03,0.02129216228687541
no_direct_relation,fixed_points,lis_length,42,17,False,block_04,0.013647761550020551
no_direct_relation,fixed_points,lis_length,42,17,False,final_norm,0.013759811966967843
no_direct_relation,fixed_points,lis_length,42,42,True,embedding,0.8092685968904672
no_direct_relation,fixed_points,lis_length,42,42,True,block_01,0.024735042445506634
no_direct_relation,fixed_points,lis_length,42,42,True,block_02,0.04171419473447282
no_direct_relation,fixed_points,lis_length,42,42,True,block_03,0.031563188099232024
no_direct_relation,fixed_points,lis_length,42,42,True,block_04,0.019461390981208627
no_direct_relation,fixed_points,lis_length,42,42,True,final_norm,0.017353288750889855
no_direct_relation,fixed_points,lis_length,42,101,False,embedding,0.8136397275454151
no_direct_relation,fixed_points,lis_length,42,101,False,block_01,0.030321512655288742
no_direct_relation,fixed_points,lis_length,42,101,False,block_02,0.03676208421256944
no_direct_relation,fixed_points,lis_length,42,101,False,block_03,0.026211144422325625
no_direct_relation,fixed_points,lis_length,42,101,False,block_04,0.013404383945199086
no_direct_relation,fixed_points,lis_length,42,101,False,final_norm,0.010086028388335192
no_direct_relation,fixed_points,lis_length,101,17,False,embedding,0.7660671370103452
no_direct_relation,fixed_points,lis_length,101,17,False,block_01,0.14292994989914837
no_direct_relation,fixed_points,lis_length,101,17,False,block_02,0.2985551704900953
no_direct_relation,fixed_points,lis_length,101,17,False,block_03,0.4243429529028267
no_direct_relation,fixed_points,lis_length,101,17,False,block_04,0.36804367798061993
no_direct_relation,fixed_points,lis_length,101,17,False,final_norm,0.29768142499873135
no_direct_relation,fixed_points,lis_length,101,42,False,embedding,0.7753655099094069
no_direct_relation,fixed_points,lis_length,101,42,False,block_01,0.10154106420541159
no_direct_relation,fixed_points,lis_length,101,42,False,block_02,0.31544289251994745
no_direct_relation,fixed_points,lis_length,101,42,False,block_03,0.42930296811957586
no_direct_relation,fixed_points,lis_length,101,42,False,block_04,0.3103321563857182
no_direct_relation,fixed_points,lis_length,101,42,False,final_norm,0.2690318161110717
no_direct_relation,fixed_points,lis_length,101,101,True,embedding,0.7963758854307534
no_direct_relation,fixed_points,lis_length,101,101,True,block_01,0.09601967810882509
no_direct_relation,fixed_points,lis_length,101,101,True,block_02,0.2200446255986911
no_direct_relation,fixed_points,lis_length,101,101,True,block_03,0.383576351232919
no_direct_relation,fixed_points,lis_length,101,101,True,block_04,0.20218017042585293
no_direct_relation,fixed_points,lis_length,101,101,True,final_norm,0.1287639104283164
no_direct_relation,fixed_points,lds_length,17,17,True,embedding,0.8494391453426342
no_direct_relation,fixed_points,lds_length,17,17,True,block_01,0.09164396328453865
no_direct_relation,fixed_points,lds_length,17,17,True,block_02,0.052575939767816805
no_direct_relation,fixed_points,lds_length,17,17,True,block_03,0.024278072769811403
no_direct_relation,fixed_points,lds_length,17,17,True,block_04,0.008314535313776992
no_direct_relation,fixed_points,lds_length,17,17,True,final_norm,0.007788386028536994
no_direct_relation,fixed_points,lds_length,17,42,False,embedding,0.8293976655027758
no_direct_relation,fixed_points,lds_length,17,42,False,block_01,0.09234777527653616
no_direct_relation,fixed_points,lds_length,17,42,False,block_02,0.058727288013612836
no_direct_relation,fixed_points,lds_length,17,42,False,block_03,0.027215650537100462
no_direct_relation,fixed_points,lds_length,17,42,False,block_04,0.012355958518842204
no_direct_relation,fixed_points,lds_length,17,42,False,final_norm,0.009399162122514938
no_direct_relation,fixed_points,lds_length,17,101,False,embedding,0.8375157336374768
no_direct_relation,fixed_points,lds_length,17,101,False,block_01,0.0933054480693655
no_direct_relation,fixed_points,lds_length,17,101,False,block_02,0.05255127206840683
no_direct_relation,fixed_points,lds_length,17,101,False,block_03,0.018322269891537575
no_direct_relation,fixed_points,lds_length,17,101,False,block_04,0.007406575354058441
no_direct_relation,fixed_points,lds_length,17,101,False,final_norm,0.006586057569437572
no_direct_relation,fixed_points,lds_length,42,17,False,embedding,0.8090916781287738
no_direct_relation,fixed_points,lds_length,42,17,False,block_01,0.05101297616294219
no_direct_relation,fixed_points,lds_length,42,17,False,block_02,0.03887502059310704
no_direct_relation,fixed_points,lds_length,42,17,False,block_03,0.025123712493696326
no_direct_relation,fixed_points,lds_length,42,17,False,block_04,0.008261590504224602
no_direct_relation,fixed_points,lds_length,42,17,False,final_norm,0.007236659021318567
no_direct_relation,fixed_points,lds_length,42,42,True,embedding,0.8164107433553303
no_direct_relation,fixed_points,lds_length,42,42,True,block_01,0.04637481624100683
no_direct_relation,fixed_points,lds_length,42,42,True,block_02,0.032857400917472204
no_direct_relation,fixed_points,lds_length,42,42,True,block_03,0.032062701769338224
no_direct_relation,fixed_points,lds_length,42,42,True,block_04,0.011974747897139162
no_direct_relation,fixed_points,lds_length,42,42,True,final_norm,0.008590744824038125
no_direct_relation,fixed_points,lds_length,42,101,False,embedding,0.829148094340726
no_direct_relation,fixed_points,lds_length,42,101,False,block_01,0.04385861125921588
no_direct_relation,fixed_points,lds_length,42,101,False,block_02,0.03323343250153508
no_direct_relation,fixed_points,lds_length,42,101,False,block_03,0.02291092371233805
no_direct_relation,fixed_points,lds_length,42,101,False,block_04,0.007009037154113308
no_direct_relation,fixed_points,lds_length,42,101,False,final_norm,0.005845116973714846
no_direct_relation,fixed_points,lds_length,101,17,False,embedding,0.8056990802536435
no_direct_relation,fixed_points,lds_length,101,17,False,block_01,0.10875017350057768
no_direct_relation,fixed_points,lds_length,101,17,False,block_02,0.194644687648674
no_direct_relation,fixed_points,lds_length,101,17,False,block_03,0.23560580600603445
no_direct_relation,fixed_points,lds_length,101,17,False,block_04,0.08576934849504353
no_direct_relation,fixed_points,lds_length,101,17,False,final_norm,0.07057836163848039
no_direct_relation,fixed_points,lds_length,101,42,False,embedding,0.7588343394999084
no_direct_relation,fixed_points,lds_length,101,42,False,block_01,0.11485906488524822
no_direct_relation,fixed_points,lds_length,101,42,False,block_02,0.2938843754300953
no_direct_relation,fixed_points,lds_length,101,42,False,block_03,0.39673463625744027
no_direct_relation,fixed_points,lds_length,101,42,False,block_04,0.14181654823578932
no_direct_relation,fixed_points,lds_length,101,42,False,final_norm,0.0874148812911767
no_direct_relation,fixed_points,lds_length,101,101,True,embedding,0.7984265323351595
no_direct_relation,fixed_points,lds_length,101,101,True,block_01,0.12389325966339249
no_direct_relation,fixed_points,lds_length,101,101,True,block_02,0.3362630352409032
no_direct_relation,fixed_points,lds_length,101,101,True,block_03,0.3935956163348777
no_direct_relation,fixed_points,lds_length,101,101,True,block_04,0.12579898373942378
no_direct_relation,fixed_points,lds_length,101,101,True,final_norm,0.11579448977679327
no_direct_relation,fixed_points,longest_increasing_run,17,17,True,embedding,0.8130345553718706
no_direct_relation,fixed_points,longest_increasing_run,17,17,True,block_01,0.06780325128413632
no_direct_relation,fixed_points,longest_increasing_run,17,17,True,block_02,0.05067811939055935
no_direct_relation,fixed_points,longest_increasing_run,17,17,True,block_03,0.018055243390283394
no_direct_relation,fixed_points,longest_increasing_run,17,17,True,block_04,0.004290673669026793
no_direct_relation,fixed_points,longest_increasing_run,17,17,True,final_norm,0.0056497285439321985
no_direct_relation,fixed_points,longest_increasing_run,17,42,False,embedding,0.7496683284261995
no_direct_relation,fixed_points,longest_increasing_run,17,42,False,block_01,0.09422343743840811
no_direct_relation,fixed_points,longest_increasing_run,17,42,False,block_02,0.05593704324038214
no_direct_relation,fixed_points,longest_increasing_run,17,42,False,block_03,0.0156439840928956
no_direct_relation,fixed_points,longest_increasing_run,17,42,False,block_04,0.006698716223651244
no_direct_relation,fixed_points,longest_increasing_run,17,42,False,final_norm,0.006765442511654788
no_direct_relation,fixed_points,longest_increasing_run,17,101,False,embedding,0.7688388105172645
no_direct_relation,fixed_points,longest_increasing_run,17,101,False,block_01,0.10793496266462134
no_direct_relation,fixed_points,longest_increasing_run,17,101,False,block_02,0.0605943544549685
no_direct_relation,fixed_points,longest_increasing_run,17,101,False,block_03,0.025712812557815004
no_direct_relation,fixed_points,longest_increasing_run,17,101,False,block_04,0.008261016193471691
no_direct_relation,fixed_points,longest_increasing_run,17,101,False,final_norm,0.006642216517473161
no_direct_relation,fixed_points,longest_increasing_run,42,17,False,embedding,0.8201791062528365
no_direct_relation,fixed_points,longest_increasing_run,42,17,False,block_01,0.029003685906045375
no_direct_relation,fixed_points,longest_increasing_run,42,17,False,block_02,0.02556324253765671
no_direct_relation,fixed_points,longest_increasing_run,42,17,False,block_03,0.013519095937233081
no_direct_relation,fixed_points,longest_increasing_run,42,17,False,block_04,0.0035895560415498103
no_direct_relation,fixed_points,longest_increasing_run,42,17,False,final_norm,0.004665512392689386
no_direct_relation,fixed_points,longest_increasing_run,42,42,True,embedding,0.7529729411930035
no_direct_relation,fixed_points,longest_increasing_run,42,42,True,block_01,0.04305007566597977
no_direct_relation,fixed_points,longest_increasing_run,42,42,True,block_02,0.02944802159427689
no_direct_relation,fixed_points,longest_increasing_run,42,42,True,block_03,0.01641547930702562
no_direct_relation,fixed_points,longest_increasing_run,42,42,True,block_04,0.006359523117614001
no_direct_relation,fixed_points,longest_increasing_run,42,42,True,final_norm,0.006134583873501155
no_direct_relation,fixed_points,longest_increasing_run,42,101,False,embedding,0.7069577268111639
no_direct_relation,fixed_points,longest_increasing_run,42,101,False,block_01,0.050535569138949375
no_direct_relation,fixed_points,longest_increasing_run,42,101,False,block_02,0.03120604864734195
no_direct_relation,fixed_points,longest_increasing_run,42,101,False,block_03,0.022243968256277898
no_direct_relation,fixed_points,longest_increasing_run,42,101,False,block_04,0.008497008643137703
no_direct_relation,fixed_points,longest_increasing_run,42,101,False,final_norm,0.006060819937409747
no_direct_relation,fixed_points,longest_increasing_run,101,17,False,embedding,0.7361699554142018
no_direct_relation,fixed_points,longest_increasing_run,101,17,False,block_01,0.10239644102305433
no_direct_relation,fixed_points,longest_increasing_run,101,17,False,block_02,0.3475464661107527
no_direct_relation,fixed_points,longest_increasing_run,101,17,False,block_03,0.3121616968422805
no_direct_relation,fixed_points,longest_increasing_run,101,17,False,block_04,0.10064350057860003
no_direct_relation,fixed_points,longest_increasing_run,101,17,False,final_norm,0.10811548235166153
no_direct_relation,fixed_points,longest_increasing_run,101,42,False,embedding,0.716653484740846
no_direct_relation,fixed_points,longest_increasing_run,101,42,False,block_01,0.13564255913542597
no_direct_relation,fixed_points,longest_increasing_run,101,42,False,block_02,0.3514851800328133
no_direct_relation,fixed_points,longest_increasing_run,101,42,False,block_03,0.23919715187263205
no_direct_relation,fixed_points,longest_increasing_run,101,42,False,block_04,0.16085630714806984
no_direct_relation,fixed_points,longest_increasing_run,101,42,False,final_norm,0.12168475088162627
no_direct_relation,fixed_points,longest_increasing_run,101,101,True,embedding,0.7512075194729818
no_direct_relation,fixed_points,longest_increasing_run,101,101,True,block_01,0.18896849521743353
no_direct_relation,fixed_points,longest_increasing_run,101,101,True,block_02,0.4197869650128515
no_direct_relation,fixed_points,longest_increasing_run,101,101,True,block_03,0.4822298607270409
no_direct_relation,fixed_points,longest_increasing_run,101,101,True,block_04,0.18156692390729315
no_direct_relation,fixed_points,longest_increasing_run,101,101,True,final_norm,0.10907730354864456
no_direct_relation,fixed_points,longest_decreasing_run,17,17,True,embedding,0.7800764278146796
no_direct_relation,fixed_points,longest_decreasing_run,17,17,True,block_01,0.07527502328688845
no_direct_relation,fixed_points,longest_decreasing_run,17,17,True,block_02,0.04832244619593322
no_direct_relation,fixed_points,longest_decreasing_run,17,17,True,block_03,0.016298944187475507
no_direct_relation,fixed_points,longest_decreasing_run,17,17,True,block_04,0.007763061572661172
no_direct_relation,fixed_points,longest_decreasing_run,17,17,True,final_norm,0.00788912937907957
no_direct_relation,fixed_points,longest_decreasing_run,17,42,False,embedding,0.7478656649253826
no_direct_relation,fixed_points,longest_decreasing_run,17,42,False,block_01,0.08405372737865545
no_direct_relation,fixed_points,longest_decreasing_run,17,42,False,block_02,0.054838166694444114
no_direct_relation,fixed_points,longest_decreasing_run,17,42,False,block_03,0.017459815244910994
no_direct_relation,fixed_points,longest_decreasing_run,17,42,False,block_04,0.006155935378951868
no_direct_relation,fixed_points,longest_decreasing_run,17,42,False,final_norm,0.007322445941834215
no_direct_relation,fixed_points,longest_decreasing_run,17,101,False,embedding,0.7415534469872754
no_direct_relation,fixed_points,longest_decreasing_run,17,101,False,block_01,0.10488047510823764
no_direct_relation,fixed_points,longest_decreasing_run,17,101,False,block_02,0.06451495823297802
no_direct_relation,fixed_points,longest_decreasing_run,17,101,False,block_03,0.026387643514205826
no_direct_relation,fixed_points,longest_decreasing_run,17,101,False,block_04,0.0090173208057178
no_direct_relation,fixed_points,longest_decreasing_run,17,101,False,final_norm,0.008231700100200297
no_direct_relation,fixed_points,longest_decreasing_run,42,17,False,embedding,0.8093419610105189
no_direct_relation,fixed_points,longest_decreasing_run,42,17,False,block_01,0.038197868257224835
no_direct_relation,fixed_points,longest_decreasing_run,42,17,False,block_02,0.028573969529523787
no_direct_relation,fixed_points,longest_decreasing_run,42,17,False,block_03,0.014401901780085357
no_direct_relation,fixed_points,longest_decreasing_run,42,17,False,block_04,0.006860634799929645
no_direct_relation,fixed_points,longest_decreasing_run,42,17,False,final_norm,0.006726864197994023
no_direct_relation,fixed_points,longest_decreasing_run,42,42,True,embedding,0.8126139075148489
no_direct_relation,fixed_points,longest_decreasing_run,42,42,True,block_01,0.04359626036245843
no_direct_relation,fixed_points,longest_decreasing_run,42,42,True,block_02,0.03656794309196197
no_direct_relation,fixed_points,longest_decreasing_run,42,42,True,block_03,0.02078462331226493
no_direct_relation,fixed_points,longest_decreasing_run,42,42,True,block_04,0.005470218828328737
no_direct_relation,fixed_points,longest_decreasing_run,42,42,True,final_norm,0.006310162555938622
no_direct_relation,fixed_points,longest_decreasing_run,42,101,False,embedding,0.7495499901943466
no_direct_relation,fixed_points,longest_decreasing_run,42,101,False,block_01,0.07245153110108017
no_direct_relation,fixed_points,longest_decreasing_run,42,101,False,block_02,0.05353420844917196
no_direct_relation,fixed_points,longest_decreasing_run,42,101,False,block_03,0.031121787995568837
no_direct_relation,fixed_points,longest_decreasing_run,42,101,False,block_04,0.008244725585856821
no_direct_relation,fixed_points,longest_decreasing_run,42,101,False,final_norm,0.0075197179662060175
no_direct_relation,fixed_points,longest_decreasing_run,101,17,False,embedding,0.7388530555007499
no_direct_relation,fixed_points,longest_decreasing_run,101,17,False,block_01,0.09399419402620393
no_direct_relation,fixed_points,longest_decreasing_run,101,17,False,block_02,0.20087120982956977
no_direct_relation,fixed_points,longest_decreasing_run,101,17,False,block_03,0.17409170900192086
no_direct_relation,fixed_points,longest_decreasing_run,101,17,False,block_04,0.08228016045247462
no_direct_relation,fixed_points,longest_decreasing_run,101,17,False,final_norm,0.08555063119306536
no_direct_relation,fixed_points,longest_decreasing_run,101,42,False,embedding,0.734144201335797
no_direct_relation,fixed_points,longest_decreasing_run,101,42,False,block_01,0.10836047560119373
no_direct_relation,fixed_points,longest_decreasing_run,101,42,False,block_02,0.2687393971307538
no_direct_relation,fixed_points,longest_decreasing_run,101,42,False,block_03,0.27686651560432846
no_direct_relation,fixed_points,longest_decreasing_run,101,42,False,block_04,0.10699784866750205
no_direct_relation,fixed_points,longest_decreasing_run,101,42,False,final_norm,0.09976739920900653
no_direct_relation,fixed_points,longest_decreasing_run,101,101,True,embedding,0.7555823091652961
no_direct_relation,fixed_points,longest_decreasing_run,101,101,True,block_01,0.14814612391618784
no_direct_relation,fixed_points,longest_decreasing_run,101,101,True,block_02,0.2991139871824117
no_direct_relation,fixed_points,longest_decreasing_run,101,101,True,block_03,0.2762986385866
no_direct_relation,fixed_points,longest_decreasing_run,101,101,True,block_04,0.09583564308364276
no_direct_relation,fixed_points,longest_decreasing_run,101,101,True,final_norm,0.07913023777911368
no_direct_relation,fixed_points,left_to_right_maxima,17,17,True,embedding,0.6529430836394173
no_direct_relation,fixed_points,left_to_right_maxima,17,17,True,block_01,0.032551373119258785
no_direct_relation,fixed_points,left_to_right_maxima,17,17,True,block_02,0.024401243187297566
no_direct_relation,fixed_points,left_to_right_maxima,17,17,True,block_03,0.011756875563890413
no_direct_relation,fixed_points,left_to_right_maxima,17,17,True,block_04,0.007501647190631315
no_direct_relation,fixed_points,left_to_right_maxima,17,17,True,final_norm,0.008168434853665854
no_direct_relation,fixed_points,left_to_right_maxima,17,42,False,embedding,0.6623464250767055
no_direct_relation,fixed_points,left_to_right_maxima,17,42,False,block_01,0.03293645197349498
no_direct_relation,fixed_points,left_to_right_maxima,17,42,False,block_02,0.03032933002906306
no_direct_relation,fixed_points,left_to_right_maxima,17,42,False,block_03,0.01443678594557032
no_direct_relation,fixed_points,left_to_right_maxima,17,42,False,block_04,0.007892917842411732
no_direct_relation,fixed_points,left_to_right_maxima,17,42,False,final_norm,0.008434942448517137
no_direct_relation,fixed_points,left_to_right_maxima,17,101,False,embedding,0.706705940842948
no_direct_relation,fixed_points,left_to_right_maxima,17,101,False,block_01,0.016772451273588434
no_direct_relation,fixed_points,left_to_right_maxima,17,101,False,block_02,0.017911959651632187
no_direct_relation,fixed_points,left_to_right_maxima,17,101,False,block_03,0.012588263237040192
no_direct_relation,fixed_points,left_to_right_maxima,17,101,False,block_04,0.007045015916569154
no_direct_relation,fixed_points,left_to_right_maxima,17,101,False,final_norm,0.0070130129604868575
no_direct_relation,fixed_points,left_to_right_maxima,42,17,False,embedding,0.6606229076599166
no_direct_relation,fixed_points,left_to_right_maxima,42,17,False,block_01,0.016033874652135648
no_direct_relation,fixed_points,left_to_right_maxima,42,17,False,block_02,0.013267414116428263
no_direct_relation,fixed_points,left_to_right_maxima,42,17,False,block_03,0.008413890006030184
no_direct_relation,fixed_points,left_to_right_maxima,42,17,False,block_04,0.00649278923790268
no_direct_relation,fixed_points,left_to_right_maxima,42,17,False,final_norm,0.0076287522612198625
no_direct_relation,fixed_points,left_to_right_maxima,42,42,True,embedding,0.6982983124232035
no_direct_relation,fixed_points,left_to_right_maxima,42,42,True,block_01,0.016126866269351874
no_direct_relation,fixed_points,left_to_right_maxima,42,42,True,block_02,0.015536905393026216
no_direct_relation,fixed_points,left_to_right_maxima,42,42,True,block_03,0.010345719592704208
no_direct_relation,fixed_points,left_to_right_maxima,42,42,True,block_04,0.007331284349157945
no_direct_relation,fixed_points,left_to_right_maxima,42,42,True,final_norm,0.008293750734767097
no_direct_relation,fixed_points,left_to_right_maxima,42,101,False,embedding,0.7279167183589604
no_direct_relation,fixed_points,left_to_right_maxima,42,101,False,block_01,0.007727033112106578
no_direct_relation,fixed_points,left_to_right_maxima,42,101,False,block_02,0.009684258842158297
no_direct_relation,fixed_points,left_to_right_maxima,42,101,False,block_03,0.0073613646368442245
no_direct_relation,fixed_points,left_to_right_maxima,42,101,False,block_04,0.005951323029557561
no_direct_relation,fixed_points,left_to_right_maxima,42,101,False,final_norm,0.006120436890787079
no_direct_relation,fixed_points,left_to_right_maxima,101,17,False,embedding,0.6532780365386386
no_direct_relation,fixed_points,left_to_right_maxima,101,17,False,block_01,0.06270832530742114
no_direct_relation,fixed_points,left_to_right_maxima,101,17,False,block_02,0.13514459160377756
no_direct_relation,fixed_points,left_to_right_maxima,101,17,False,block_03,0.12705574505731027
no_direct_relation,fixed_points,left_to_right_maxima,101,17,False,block_04,0.09028057158877822
no_direct_relation,fixed_points,left_to_right_maxima,101,17,False,final_norm,0.09310973431379352
no_direct_relation,fixed_points,left_to_right_maxima,101,42,False,embedding,0.6782715731702887
no_direct_relation,fixed_points,left_to_right_maxima,101,42,False,block_01,0.052180949071234564
no_direct_relation,fixed_points,left_to_right_maxima,101,42,False,block_02,0.1336836741019594
no_direct_relation,fixed_points,left_to_right_maxima,101,42,False,block_03,0.12693932397495478
no_direct_relation,fixed_points,left_to_right_maxima,101,42,False,block_04,0.09561145049113531
no_direct_relation,fixed_points,left_to_right_maxima,101,42,False,final_norm,0.08516862917972391
no_direct_relation,fixed_points,left_to_right_maxima,101,101,True,embedding,0.746786511488917
no_direct_relation,fixed_points,left_to_right_maxima,101,101,True,block_01,0.04360250627035176
no_direct_relation,fixed_points,left_to_right_maxima,101,101,True,block_02,0.08809753720206168
no_direct_relation,fixed_points,left_to_right_maxima,101,101,True,block_03,0.09368272045910778
no_direct_relation,fixed_points,left_to_right_maxima,101,101,True,block_04,0.08357378339229993
no_direct_relation,fixed_points,left_to_right_maxima,101,101,True,final_norm,0.07446767798973711
no_direct_relation,fixed_points,left_to_right_minima,17,17,True,embedding,0.7165650938825756
no_direct_relation,fixed_points,left_to_right_minima,17,17,True,block_01,0.05302410515682158
no_direct_relation,fixed_points,left_to_right_minima,17,17,True,block_02,0.022046710452662436
no_direct_relation,fixed_points,left_to_right_minima,17,17,True,block_03,0.01569870422206105
no_direct_relation,fixed_points,left_to_right_minima,17,17,True,block_04,0.02876399732293076
no_direct_relation,fixed_points,left_to_right_minima,17,17,True,final_norm,0.029654404375538342
no_direct_relation,fixed_points,left_to_right_minima,17,42,False,embedding,0.7062905618345219
no_direct_relation,fixed_points,left_to_right_minima,17,42,False,block_01,0.06209302973940748
no_direct_relation,fixed_points,left_to_right_minima,17,42,False,block_02,0.09782690655757814
no_direct_relation,fixed_points,left_to_right_minima,17,42,False,block_03,0.07256908227095706
no_direct_relation,fixed_points,left_to_right_minima,17,42,False,block_04,0.04070579586490859
no_direct_relation,fixed_points,left_to_right_minima,17,42,False,final_norm,0.038513461920467174
no_direct_relation,fixed_points,left_to_right_minima,17,101,False,embedding,0.6778806603221796
no_direct_relation,fixed_points,left_to_right_minima,17,101,False,block_01,0.021330444789571468
no_direct_relation,fixed_points,left_to_right_minima,17,101,False,block_02,0.02486886088960034
no_direct_relation,fixed_points,left_to_right_minima,17,101,False,block_03,0.015075225249298906
no_direct_relation,fixed_points,left_to_right_minima,17,101,False,block_04,0.023487847600088693
no_direct_relation,fixed_points,left_to_right_minima,17,101,False,final_norm,0.023819182922624145
no_direct_relation,fixed_points,left_to_right_minima,42,17,False,embedding,0.6796311799737764
no_direct_relation,fixed_points,left_to_right_minima,42,17,False,block_01,0.030729412090382133
no_direct_relation,fixed_points,left_to_right_minima,42,17,False,block_02,0.014987772263331815
no_direct_relation,fixed_points,left_to_right_minima,42,17,False,block_03,0.017665148485350602
no_direct_relation,fixed_points,left_to_right_minima,42,17,False,block_04,0.02847086621670464
no_direct_relation,fixed_points,left_to_right_minima,42,17,False,final_norm,0.031869732964092366
no_direct_relation,fixed_points,left_to_right_minima,42,42,True,embedding,0.6430299593079456
no_direct_relation,fixed_points,left_to_right_minima,42,42,True,block_01,0.04128629232926339
no_direct_relation,fixed_points,left_to_right_minima,42,42,True,block_02,0.08908399353668425
no_direct_relation,fixed_points,left_to_right_minima,42,42,True,block_03,0.06742746185158255
no_direct_relation,fixed_points,left_to_right_minima,42,42,True,block_04,0.03925588427547264
no_direct_relation,fixed_points,left_to_right_minima,42,42,True,final_norm,0.04073648791533739
no_direct_relation,fixed_points,left_to_right_minima,42,101,False,embedding,0.6140733752640545
no_direct_relation,fixed_points,left_to_right_minima,42,101,False,block_01,0.02362845273212236
no_direct_relation,fixed_points,left_to_right_minima,42,101,False,block_02,0.03158814458651207
no_direct_relation,fixed_points,left_to_right_minima,42,101,False,block_03,0.02131803605441382
no_direct_relation,fixed_points,left_to_right_minima,42,101,False,block_04,0.024081554351829133
no_direct_relation,fixed_points,left_to_right_minima,42,101,False,final_norm,0.024813466173188792
no_direct_relation,fixed_points,left_to_right_minima,101,17,False,embedding,0.7413492691003424
no_direct_relation,fixed_points,left_to_right_minima,101,17,False,block_01,0.15368306801529957
no_direct_relation,fixed_points,left_to_right_minima,101,17,False,block_02,0.17113955097853165
no_direct_relation,fixed_points,left_to_right_minima,101,17,False,block_03,0.14000906466981444
no_direct_relation,fixed_points,left_to_right_minima,101,17,False,block_04,0.12204345904457722
no_direct_relation,fixed_points,left_to_right_minima,101,17,False,final_norm,0.14170618478453345
no_direct_relation,fixed_points,left_to_right_minima,101,42,False,embedding,0.7148034900975154
no_direct_relation,fixed_points,left_to_right_minima,101,42,False,block_01,0.06639678064599148
no_direct_relation,fixed_points,left_to_right_minima,101,42,False,block_02,0.10037951476445749
no_direct_relation,fixed_points,left_to_right_minima,101,42,False,block_03,0.08601435162840523
no_direct_relation,fixed_points,left_to_right_minima,101,42,False,block_04,0.05745728705712689
no_direct_relation,fixed_points,left_to_right_minima,101,42,False,final_norm,0.0563021345383986
no_direct_relation,fixed_points,left_to_right_minima,101,101,True,embedding,0.7144080365832252
no_direct_relation,fixed_points,left_to_right_minima,101,101,True,block_01,0.18628442780203613
no_direct_relation,fixed_points,left_to_right_minima,101,101,True,block_02,0.2749667354251511
no_direct_relation,fixed_points,left_to_right_minima,101,101,True,block_03,0.1779836375529325
no_direct_relation,fixed_points,left_to_right_minima,101,101,True,block_04,0.14911709103874296
no_direct_relation,fixed_points,left_to_right_minima,101,101,True,final_norm,0.19153481534884276
no_direct_relation,fixed_points,global_descents,17,17,True,embedding,0.6386885934278793
no_direct_relation,fixed_points,global_descents,17,17,True,block_01,0.0391487686707721
no_direct_relation,fixed_points,global_descents,17,17,True,block_02,0.03855592724088456
no_direct_relation,fixed_points,global_descents,17,17,True,block_03,0.04689502375247547
no_direct_relation,fixed_points,global_descents,17,17,True,block_04,0.03247035359539763
no_direct_relation,fixed_points,global_descents,17,17,True,final_norm,0.04140977131015216
no_direct_relation,fixed_points,global_descents,17,42,False,embedding,0.6498967630958357
no_direct_relation,fixed_points,global_descents,17,42,False,block_01,0.028792089086705264
no_direct_relation,fixed_points,global_descents,17,42,False,block_02,0.025708225170793866
no_direct_relation,fixed_points,global_descents,17,42,False,block_03,0.014653586682282716
no_direct_relation,fixed_points,global_descents,17,42,False,block_04,0.010045226115002718
no_direct_relation,fixed_points,global_descents,17,42,False,final_norm,0.008353068987213368
no_direct_relation,fixed_points,global_descents,17,101,False,embedding,0.6081370534113052
no_direct_relation,fixed_points,global_descents,17,101,False,block_01,0.01048252748336129
no_direct_relation,fixed_points,global_descents,17,101,False,block_02,0.020338808113041673
no_direct_relation,fixed_points,global_descents,17,101,False,block_03,0.017095335061059747
no_direct_relation,fixed_points,global_descents,17,101,False,block_04,0.010754244408894149
no_direct_relation,fixed_points,global_descents,17,101,False,final_norm,0.012570639171523623
no_direct_relation,fixed_points,global_descents,42,17,False,embedding,0.6094621147847792
no_direct_relation,fixed_points,global_descents,42,17,False,block_01,0.01958314328057349
no_direct_relation,fixed_points,global_descents,42,17,False,block_02,0.03137726813123029
no_direct_relation,fixed_points,global_descents,42,17,False,block_03,0.03534031077193203
no_direct_relation,fixed_points,global_descents,42,17,False,block_04,0.03051177528299341
no_direct_relation,fixed_points,global_descents,42,17,False,final_norm,0.04109724214686123
no_direct_relation,fixed_points,global_descents,42,42,True,embedding,0.6415583458386487
no_direct_relation,fixed_points,global_descents,42,42,True,block_01,0.014689223237595542
no_direct_relation,fixed_points,global_descents,42,42,True,block_02,0.01709452480419075
no_direct_relation,fixed_points,global_descents,42,42,True,block_03,0.014221000504221879
no_direct_relation,fixed_points,global_descents,42,42,True,block_04,0.009627126752941693
no_direct_relation,fixed_points,global_descents,42,42,True,final_norm,0.00811907169176482
no_direct_relation,fixed_points,global_descents,42,101,False,embedding,0.5974562725055693
no_direct_relation,fixed_points,global_descents,42,101,False,block_01,0.0054625438966958845
no_direct_relation,fixed_points,global_descents,42,101,False,block_02,0.011892508206367534
no_direct_relation,fixed_points,global_descents,42,101,False,block_03,0.012015496557917931
no_direct_relation,fixed_points,global_descents,42,101,False,block_04,0.009889380798331671
no_direct_relation,fixed_points,global_descents,42,101,False,final_norm,0.01269021376880896
no_direct_relation,fixed_points,global_descents,101,17,False,embedding,0.6991766215518225
no_direct_relation,fixed_points,global_descents,101,17,False,block_01,0.2251707014956935
no_direct_relation,fixed_points,global_descents,101,17,False,block_02,0.21089108327540462
no_direct_relation,fixed_points,global_descents,101,17,False,block_03,0.11435463168392142
no_direct_relation,fixed_points,global_descents,101,17,False,block_04,0.22574758813303192
no_direct_relation,fixed_points,global_descents,101,17,False,final_norm,0.21953080419515617
no_direct_relation,fixed_points,global_descents,101,42,False,embedding,0.7234915310740859
no_direct_relation,fixed_points,global_descents,101,42,False,block_01,0.18103916503706316
no_direct_relation,fixed_points,global_descents,101,42,False,block_02,0.4208802674333356
no_direct_relation,fixed_points,global_descents,101,42,False,block_03,0.3344761725153015
no_direct_relation,fixed_points,global_descents,101,42,False,block_04,0.22770195350763697
no_direct_relation,fixed_points,global_descents,101,42,False,final_norm,0.167301680228449
no_direct_relation,fixed_points,global_descents,101,101,True,embedding,0.6839705975597559
no_direct_relation,fixed_points,global_descents,101,101,True,block_01,0.026401395841477927
no_direct_relation,fixed_points,global_descents,101,101,True,block_02,0.06684246018216729
no_direct_relation,fixed_points,global_descents,101,101,True,block_03,0.11283662683206318
no_direct_relation,fixed_points,global_descents,101,101,True,block_04,0.12917750393578428
no_direct_relation,fixed_points,global_descents,101,101,True,final_norm,0.10577031770935569
no_direct_relation,fixed_points,components,17,17,True,embedding,0.7816520591068413
no_direct_relation,fixed_points,components,17,17,True,block_01,0.044796050728840776
no_direct_relation,fixed_points,components,17,17,True,block_02,0.16242983133943042
no_direct_relation,fixed_points,components,17,17,True,block_03,0.14763625747552075
no_direct_relation,fixed_points,components,17,17,True,block_04,0.09973291860284786
no_direct_relation,fixed_points,components,17,17,True,final_norm,0.09846730943007558
no_direct_relation,fixed_points,components,17,42,False,embedding,0.7466672671963137
no_direct_relation,fixed_points,components,17,42,False,block_01,0.06732718043592643
no_direct_relation,fixed_points,components,17,42,False,block_02,0.17263289192458378
no_direct_relation,fixed_points,components,17,42,False,block_03,0.1362665272500138
no_direct_relation,fixed_points,components,17,42,False,block_04,0.0978830641167515
no_direct_relation,fixed_points,components,17,42,False,final_norm,0.09362295459940084
no_direct_relation,fixed_points,components,17,101,False,embedding,0.7817770017067416
no_direct_relation,fixed_points,components,17,101,False,block_01,0.044156531560933215
no_direct_relation,fixed_points,components,17,101,False,block_02,0.16864755421081218
no_direct_relation,fixed_points,components,17,101,False,block_03,0.15306158261545513
no_direct_relation,fixed_points,components,17,101,False,block_04,0.09590729970020084
no_direct_relation,fixed_points,components,17,101,False,final_norm,0.09298577041059694
no_direct_relation,fixed_points,components,42,17,False,embedding,0.7516049809775753
no_direct_relation,fixed_points,components,42,17,False,block_01,0.022195531347649653
no_direct_relation,fixed_points,components,42,17,False,block_02,0.1398004687360382
no_direct_relation,fixed_points,components,42,17,False,block_03,0.138290806255818
no_direct_relation,fixed_points,components,42,17,False,block_04,0.09447037445856764
no_direct_relation,fixed_points,components,42,17,False,final_norm,0.10587637353972457
no_direct_relation,fixed_points,components,42,42,True,embedding,0.6893860376366036
no_direct_relation,fixed_points,components,42,42,True,block_01,0.023858893145813718
no_direct_relation,fixed_points,components,42,42,True,block_02,0.14767546658204536
no_direct_relation,fixed_points,components,42,42,True,block_03,0.12995760151804642
no_direct_relation,fixed_points,components,42,42,True,block_04,0.09376627868432869
no_direct_relation,fixed_points,components,42,42,True,final_norm,0.10190638380342118
no_direct_relation,fixed_points,components,42,101,False,embedding,0.7130233237624993
no_direct_relation,fixed_points,components,42,101,False,block_01,0.019266174086478877
no_direct_relation,fixed_points,components,42,101,False,block_02,0.1407978033458846
no_direct_relation,fixed_points,components,42,101,False,block_03,0.1391027740054323
no_direct_relation,fixed_points,components,42,101,False,block_04,0.09183972302051528
no_direct_relation,fixed_points,components,42,101,False,final_norm,0.10103787157909482
no_direct_relation,fixed_points,components,101,17,False,embedding,0.7971468913852571
no_direct_relation,fixed_points,components,101,17,False,block_01,0.05474346788362144
no_direct_relation,fixed_points,components,101,17,False,block_02,0.04870664808567237
no_direct_relation,fixed_points,components,101,17,False,block_03,0.04540372940510748
no_direct_relation,fixed_points,components,101,17,False,block_04,0.050501468044375004
no_direct_relation,fixed_points,components,101,17,False,final_norm,0.05175068292320122
no_direct_relation,fixed_points,components,101,42,False,embedding,0.7806664154990207
no_direct_relation,fixed_points,components,101,42,False,block_01,0.07639226359761458
no_direct_relation,fixed_points,components,101,42,False,block_02,0.06382859541567432
no_direct_relation,fixed_points,components,101,42,False,block_03,0.06561090690696177
no_direct_relation,fixed_points,components,101,42,False,block_04,0.054196144361757674
no_direct_relation,fixed_points,components,101,42,False,final_norm,0.04706357202070386
no_direct_relation,fixed_points,components,101,101,True,embedding,0.8136569332803867
no_direct_relation,fixed_points,components,101,101,True,block_01,0.0302780844433275
no_direct_relation,fixed_points,components,101,101,True,block_02,0.06380536992718842
no_direct_relation,fixed_points,components,101,101,True,block_03,0.06074670091615713
no_direct_relation,fixed_points,components,101,101,True,block_04,0.06534710920430367
no_direct_relation,fixed_points,components,101,101,True,final_norm,0.05096007649369063
no_direct_relation,anti_fixed_points,exceedances,17,17,True,embedding,0.5303714156222626
no_direct_relation,anti_fixed_points,exceedances,17,17,True,block_01,0.31577186416005726
no_direct_relation,anti_fixed_points,exceedances,17,17,True,block_02,0.206260032944543
no_direct_relation,anti_fixed_points,exceedances,17,17,True,block_03,0.20541543941903773
no_direct_relation,anti_fixed_points,exceedances,17,17,True,block_04,0.0825354326499968
no_direct_relation,anti_fixed_points,exceedances,17,17,True,final_norm,0.09005588855906298
no_direct_relation,anti_fixed_points,exceedances,17,42,False,embedding,0.5447272237236397
no_direct_relation,anti_fixed_points,exceedances,17,42,False,block_01,0.2006490243314946
no_direct_relation,anti_fixed_points,exceedances,17,42,False,block_02,0.1541071390871835
no_direct_relation,anti_fixed_points,exceedances,17,42,False,block_03,0.15511753025515454
no_direct_relation,anti_fixed_points,exceedances,17,42,False,block_04,0.08733977839353205
no_direct_relation,anti_fixed_points,exceedances,17,42,False,final_norm,0.0966089525934182
no_direct_relation,anti_fixed_points,exceedances,17,101,False,embedding,0.5333213806521526
no_direct_relation,anti_fixed_points,exceedances,17,101,False,block_01,0.23416857963456691
no_direct_relation,anti_fixed_points,exceedances,17,101,False,block_02,0.1730513579157654
no_direct_relation,anti_fixed_points,exceedances,17,101,False,block_03,0.1817781633989925
no_direct_relation,anti_fixed_points,exceedances,17,101,False,block_04,0.09791826630427924
no_direct_relation,anti_fixed_points,exceedances,17,101,False,final_norm,0.09672902281815902
no_direct_relation,anti_fixed_points,exceedances,42,17,False,embedding,0.5237917380759766
no_direct_relation,anti_fixed_points,exceedances,42,17,False,block_01,0.2980147848979833
no_direct_relation,anti_fixed_points,exceedances,42,17,False,block_02,0.20244996321149125
no_direct_relation,anti_fixed_points,exceedances,42,17,False,block_03,0.12886346876549018
no_direct_relation,anti_fixed_points,exceedances,42,17,False,block_04,0.04005622461662655
no_direct_relation,anti_fixed_points,exceedances,42,17,False,final_norm,0.042928691250120325
no_direct_relation,anti_fixed_points,exceedances,42,42,True,embedding,0.5473293176350403
no_direct_relation,anti_fixed_points,exceedances,42,42,True,block_01,0.19950134746792447
no_direct_relation,anti_fixed_points,exceedances,42,42,True,block_02,0.14840883877295538
no_direct_relation,anti_fixed_points,exceedances,42,42,True,block_03,0.10010233481914753
no_direct_relation,anti_fixed_points,exceedances,42,42,True,block_04,0.04252835734038133
no_direct_relation,anti_fixed_points,exceedances,42,42,True,final_norm,0.04580166360423251
no_direct_relation,anti_fixed_points,exceedances,42,101,False,embedding,0.5233782939350493
no_direct_relation,anti_fixed_points,exceedances,42,101,False,block_01,0.26342782816908417
no_direct_relation,anti_fixed_points,exceedances,42,101,False,block_02,0.1663098153565006
no_direct_relation,anti_fixed_points,exceedances,42,101,False,block_03,0.1156015923551867
no_direct_relation,anti_fixed_points,exceedances,42,101,False,block_04,0.05193228039254131
no_direct_relation,anti_fixed_points,exceedances,42,101,False,final_norm,0.050746022843371576
no_direct_relation,anti_fixed_points,exceedances,101,17,False,embedding,0.5554266912583875
no_direct_relation,anti_fixed_points,exceedances,101,17,False,block_01,0.29969508464074635
no_direct_relation,anti_fixed_points,exceedances,101,17,False,block_02,0.301966356218648
no_direct_relation,anti_fixed_points,exceedances,101,17,False,block_03,0.21096212898351005
no_direct_relation,anti_fixed_points,exceedances,101,17,False,block_04,0.07066276455634328
no_direct_relation,anti_fixed_points,exceedances,101,17,False,final_norm,0.059694579827283066
no_direct_relation,anti_fixed_points,exceedances,101,42,False,embedding,0.5774914801244541
no_direct_relation,anti_fixed_points,exceedances,101,42,False,block_01,0.19073862826582605
no_direct_relation,anti_fixed_points,exceedances,101,42,False,block_02,0.22103362124311063
no_direct_relation,anti_fixed_points,exceedances,101,42,False,block_03,0.1693992838388517
no_direct_relation,anti_fixed_points,exceedances,101,42,False,block_04,0.08847382329577919
no_direct_relation,anti_fixed_points,exceedances,101,42,False,final_norm,0.06980817139942767
no_direct_relation,anti_fixed_points,exceedances,101,101,True,embedding,0.58672236356742
no_direct_relation,anti_fixed_points,exceedances,101,101,True,block_01,0.20623626771463419
no_direct_relation,anti_fixed_points,exceedances,101,101,True,block_02,0.2405368995504357
no_direct_relation,anti_fixed_points,exceedances,101,101,True,block_03,0.19411075117506277
no_direct_relation,anti_fixed_points,exceedances,101,101,True,block_04,0.09822338474591183
no_direct_relation,anti_fixed_points,exceedances,101,101,True,final_norm,0.07579900539985171
no_direct_relation,anti_fixed_points,deficiencies,17,17,True,embedding,0.5789469116414965
no_direct_relation,anti_fixed_points,deficiencies,17,17,True,block_01,0.28754774167401564
no_direct_relation,anti_fixed_points,deficiencies,17,17,True,block_02,0.17397446137094463
no_direct_relation,anti_fixed_points,deficiencies,17,17,True,block_03,0.16653500516455838
no_direct_relation,anti_fixed_points,deficiencies,17,17,True,block_04,0.10273304183453284
no_direct_relation,anti_fixed_points,deficiencies,17,17,True,final_norm,0.0919678920901813
no_direct_relation,anti_fixed_points,deficiencies,17,42,False,embedding,0.5800750445123978
no_direct_relation,anti_fixed_points,deficiencies,17,42,False,block_01,0.2298923529773635
no_direct_relation,anti_fixed_points,deficiencies,17,42,False,block_02,0.1938947323514431
no_direct_relation,anti_fixed_points,deficiencies,17,42,False,block_03,0.16953229680980578
no_direct_relation,anti_fixed_points,deficiencies,17,42,False,block_04,0.08300298473469353
no_direct_relation,anti_fixed_points,deficiencies,17,42,False,final_norm,0.07107249337504712
no_direct_relation,anti_fixed_points,deficiencies,17,101,False,embedding,0.5450310658089677
no_direct_relation,anti_fixed_points,deficiencies,17,101,False,block_01,0.33536147610231304
no_direct_relation,anti_fixed_points,deficiencies,17,101,False,block_02,0.22114096115077458
no_direct_relation,anti_fixed_points,deficiencies,17,101,False,block_03,0.22682316186520224
no_direct_relation,anti_fixed_points,deficiencies,17,101,False,block_04,0.09998430781381376
no_direct_relation,anti_fixed_points,deficiencies,17,101,False,final_norm,0.09507222298286942
no_direct_relation,anti_fixed_points,deficiencies,42,17,False,embedding,0.5782600192876227
no_direct_relation,anti_fixed_points,deficiencies,42,17,False,block_01,0.26401315773219536
no_direct_relation,anti_fixed_points,deficiencies,42,17,False,block_02,0.16669678861154216
no_direct_relation,anti_fixed_points,deficiencies,42,17,False,block_03,0.10483457495009063
no_direct_relation,anti_fixed_points,deficiencies,42,17,False,block_04,0.05374869772857087
no_direct_relation,anti_fixed_points,deficiencies,42,17,False,final_norm,0.050677150079332135
no_direct_relation,anti_fixed_points,deficiencies,42,42,True,embedding,0.589906473954992
no_direct_relation,anti_fixed_points,deficiencies,42,42,True,block_01,0.2159608132177839
no_direct_relation,anti_fixed_points,deficiencies,42,42,True,block_02,0.19345736539277103
no_direct_relation,anti_fixed_points,deficiencies,42,42,True,block_03,0.11053075893077575
no_direct_relation,anti_fixed_points,deficiencies,42,42,True,block_04,0.043925272336776004
no_direct_relation,anti_fixed_points,deficiencies,42,42,True,final_norm,0.039236848993588716
no_direct_relation,anti_fixed_points,deficiencies,42,101,False,embedding,0.5310344772007689
no_direct_relation,anti_fixed_points,deficiencies,42,101,False,block_01,0.34538287697890596
no_direct_relation,anti_fixed_points,deficiencies,42,101,False,block_02,0.22368356439356246
no_direct_relation,anti_fixed_points,deficiencies,42,101,False,block_03,0.1478554942701247
no_direct_relation,anti_fixed_points,deficiencies,42,101,False,block_04,0.05090245502217546
no_direct_relation,anti_fixed_points,deficiencies,42,101,False,final_norm,0.04958063242400422
no_direct_relation,anti_fixed_points,deficiencies,101,17,False,embedding,0.6063184141135411
no_direct_relation,anti_fixed_points,deficiencies,101,17,False,block_01,0.2807201304992136
no_direct_relation,anti_fixed_points,deficiencies,101,17,False,block_02,0.2585090263044382
no_direct_relation,anti_fixed_points,deficiencies,101,17,False,block_03,0.21188884190862478
no_direct_relation,anti_fixed_points,deficiencies,101,17,False,block_04,0.11149426921290118
no_direct_relation,anti_fixed_points,deficiencies,101,17,False,final_norm,0.07767421013385094
no_direct_relation,anti_fixed_points,deficiencies,101,42,False,embedding,0.6039801125808998
no_direct_relation,anti_fixed_points,deficiencies,101,42,False,block_01,0.2288419436817929
no_direct_relation,anti_fixed_points,deficiencies,101,42,False,block_02,0.2904348608106064
no_direct_relation,anti_fixed_points,deficiencies,101,42,False,block_03,0.203125178148471
no_direct_relation,anti_fixed_points,deficiencies,101,42,False,block_04,0.0786779832236943
no_direct_relation,anti_fixed_points,deficiencies,101,42,False,final_norm,0.057983342679884545
no_direct_relation,anti_fixed_points,deficiencies,101,101,True,embedding,0.5852953135644849
no_direct_relation,anti_fixed_points,deficiencies,101,101,True,block_01,0.3193027690340991
no_direct_relation,anti_fixed_points,deficiencies,101,101,True,block_02,0.3502085654654665
no_direct_relation,anti_fixed_points,deficiencies,101,101,True,block_03,0.27425797282481384
no_direct_relation,anti_fixed_points,deficiencies,101,101,True,block_04,0.1071656277386227
no_direct_relation,anti_fixed_points,deficiencies,101,101,True,final_norm,0.07733589652069096
no_direct_relation,anti_fixed_points,lis_length,17,17,True,embedding,0.6437452423248472
no_direct_relation,anti_fixed_points,lis_length,17,17,True,block_01,0.27480339570053697
no_direct_relation,anti_fixed_points,lis_length,17,17,True,block_02,0.15929011240288285
no_direct_relation,anti_fixed_points,lis_length,17,17,True,block_03,0.27444336715572487
no_direct_relation,anti_fixed_points,lis_length,17,17,True,block_04,0.20035455939620583
no_direct_relation,anti_fixed_points,lis_length,17,17,True,final_norm,0.18907412457917894
no_direct_relation,anti_fixed_points,lis_length,17,42,False,embedding,0.6233961401009158
no_direct_relation,anti_fixed_points,lis_length,17,42,False,block_01,0.15628633836852948
no_direct_relation,anti_fixed_points,lis_length,17,42,False,block_02,0.13015674971966798
no_direct_relation,anti_fixed_points,lis_length,17,42,False,block_03,0.26502467445984196
no_direct_relation,anti_fixed_points,lis_length,17,42,False,block_04,0.17954417151072302
no_direct_relation,anti_fixed_points,lis_length,17,42,False,final_norm,0.1851633481095769
no_direct_relation,anti_fixed_points,lis_length,17,101,False,embedding,0.6256748239859266
no_direct_relation,anti_fixed_points,lis_length,17,101,False,block_01,0.2618467501923826
no_direct_relation,anti_fixed_points,lis_length,17,101,False,block_02,0.14894475792643905
no_direct_relation,anti_fixed_points,lis_length,17,101,False,block_03,0.29106805032453337
no_direct_relation,anti_fixed_points,lis_length,17,101,False,block_04,0.1432569554485129
no_direct_relation,anti_fixed_points,lis_length,17,101,False,final_norm,0.13245860853876995
no_direct_relation,anti_fixed_points,lis_length,42,17,False,embedding,0.6422680922567915
no_direct_relation,anti_fixed_points,lis_length,42,17,False,block_01,0.3234998774980359
no_direct_relation,anti_fixed_points,lis_length,42,17,False,block_02,0.15433059644839128
no_direct_relation,anti_fixed_points,lis_length,42,17,False,block_03,0.19271836349727559
no_direct_relation,anti_fixed_points,lis_length,42,17,False,block_04,0.10945882536730088
no_direct_relation,anti_fixed_points,lis_length,42,17,False,final_norm,0.11059284938323972
no_direct_relation,anti_fixed_points,lis_length,42,42,True,embedding,0.6466774969139016
no_direct_relation,anti_fixed_points,lis_length,42,42,True,block_01,0.20490628192670027
no_direct_relation,anti_fixed_points,lis_length,42,42,True,block_02,0.13441629847594486
no_direct_relation,anti_fixed_points,lis_length,42,42,True,block_03,0.18974655446966016
no_direct_relation,anti_fixed_points,lis_length,42,42,True,block_04,0.10628584126906135
no_direct_relation,anti_fixed_points,lis_length,42,42,True,final_norm,0.10959405041369784
no_direct_relation,anti_fixed_points,lis_length,42,101,False,embedding,0.6409563907598692
no_direct_relation,anti_fixed_points,lis_length,42,101,False,block_01,0.29811535767192454
no_direct_relation,anti_fixed_points,lis_length,42,101,False,block_02,0.1318487805991732
no_direct_relation,anti_fixed_points,lis_length,42,101,False,block_03,0.20103730463387978
no_direct_relation,anti_fixed_points,lis_length,42,101,False,block_04,0.08031612042550108
no_direct_relation,anti_fixed_points,lis_length,42,101,False,final_norm,0.07421089911857504
no_direct_relation,anti_fixed_points,lis_length,101,17,False,embedding,0.670458897683235
no_direct_relation,anti_fixed_points,lis_length,101,17,False,block_01,0.2157341670150391
no_direct_relation,anti_fixed_points,lis_length,101,17,False,block_02,0.16925705254629297
no_direct_relation,anti_fixed_points,lis_length,101,17,False,block_03,0.2662502723793258
no_direct_relation,anti_fixed_points,lis_length,101,17,False,block_04,0.18631652709865928
no_direct_relation,anti_fixed_points,lis_length,101,17,False,final_norm,0.147885148200777
no_direct_relation,anti_fixed_points,lis_length,101,42,False,embedding,0.666700414767034
no_direct_relation,anti_fixed_points,lis_length,101,42,False,block_01,0.144084137832338
no_direct_relation,anti_fixed_points,lis_length,101,42,False,block_02,0.12250338632125124
no_direct_relation,anti_fixed_points,lis_length,101,42,False,block_03,0.2530557381912607
no_direct_relation,anti_fixed_points,lis_length,101,42,False,block_04,0.15211004806633383
no_direct_relation,anti_fixed_points,lis_length,101,42,False,final_norm,0.13490889411770815
no_direct_relation,anti_fixed_points,lis_length,101,101,True,embedding,0.6828521377460711
no_direct_relation,anti_fixed_points,lis_length,101,101,True,block_01,0.21424845796429484
no_direct_relation,anti_fixed_points,lis_length,101,101,True,block_02,0.12988767753780622
no_direct_relation,anti_fixed_points,lis_length,101,101,True,block_03,0.31122671538681457
no_direct_relation,anti_fixed_points,lis_length,101,101,True,block_04,0.138376103417219
no_direct_relation,anti_fixed_points,lis_length,101,101,True,final_norm,0.10516909629863284
no_direct_relation,anti_fixed_points,lds_length,17,17,True,embedding,0.6802495269700045
no_direct_relation,anti_fixed_points,lds_length,17,17,True,block_01,0.4025914962424629
no_direct_relation,anti_fixed_points,lds_length,17,17,True,block_02,0.25955039957177234
no_direct_relation,anti_fixed_points,lds_length,17,17,True,block_03,0.27358055692462246
no_direct_relation,anti_fixed_points,lds_length,17,17,True,block_04,0.0954096045761266
no_direct_relation,anti_fixed_points,lds_length,17,17,True,final_norm,0.08577970730646593
no_direct_relation,anti_fixed_points,lds_length,17,42,False,embedding,0.6208344932832939
no_direct_relation,anti_fixed_points,lds_length,17,42,False,block_01,0.42941026786119846
no_direct_relation,anti_fixed_points,lds_length,17,42,False,block_02,0.2874022248345468
no_direct_relation,anti_fixed_points,lds_length,17,42,False,block_03,0.3426686156181414
no_direct_relation,anti_fixed_points,lds_length,17,42,False,block_04,0.11107485551555375
no_direct_relation,anti_fixed_points,lds_length,17,42,False,final_norm,0.1011079874010733
no_direct_relation,anti_fixed_points,lds_length,17,101,False,embedding,0.6512214701228186
no_direct_relation,anti_fixed_points,lds_length,17,101,False,block_01,0.4143740919404592
no_direct_relation,anti_fixed_points,lds_length,17,101,False,block_02,0.27190365308011705
no_direct_relation,anti_fixed_points,lds_length,17,101,False,block_03,0.3330907602414088
no_direct_relation,anti_fixed_points,lds_length,17,101,False,block_04,0.10422084380504361
no_direct_relation,anti_fixed_points,lds_length,17,101,False,final_norm,0.10126602282514711
no_direct_relation,anti_fixed_points,lds_length,42,17,False,embedding,0.6792741654033907
no_direct_relation,anti_fixed_points,lds_length,42,17,False,block_01,0.3891074897910937
no_direct_relation,anti_fixed_points,lds_length,42,17,False,block_02,0.25204925681168644
no_direct_relation,anti_fixed_points,lds_length,42,17,False,block_03,0.18296563535661187
no_direct_relation,anti_fixed_points,lds_length,42,17,False,block_04,0.0463078717739828
no_direct_relation,anti_fixed_points,lds_length,42,17,False,final_norm,0.04281154447787027
no_direct_relation,anti_fixed_points,lds_length,42,42,True,embedding,0.6573346851811093
no_direct_relation,anti_fixed_points,lds_length,42,42,True,block_01,0.3645003649464781
no_direct_relation,anti_fixed_points,lds_length,42,42,True,block_02,0.3000126893480577
no_direct_relation,anti_fixed_points,lds_length,42,42,True,block_03,0.23207941211866945
no_direct_relation,anti_fixed_points,lds_length,42,42,True,block_04,0.05553399454535568
no_direct_relation,anti_fixed_points,lds_length,42,42,True,final_norm,0.05234955379341781
no_direct_relation,anti_fixed_points,lds_length,42,101,False,embedding,0.6688648817431755
no_direct_relation,anti_fixed_points,lds_length,42,101,False,block_01,0.36758799194632247
no_direct_relation,anti_fixed_points,lds_length,42,101,False,block_02,0.28362304243514846
no_direct_relation,anti_fixed_points,lds_length,42,101,False,block_03,0.22795430594631041
no_direct_relation,anti_fixed_points,lds_length,42,101,False,block_04,0.05290737350861542
no_direct_relation,anti_fixed_points,lds_length,42,101,False,final_norm,0.05228912867889954
no_direct_relation,anti_fixed_points,lds_length,101,17,False,embedding,0.7022878911079664
no_direct_relation,anti_fixed_points,lds_length,101,17,False,block_01,0.37973941815267354
no_direct_relation,anti_fixed_points,lds_length,101,17,False,block_02,0.434471628444375
no_direct_relation,anti_fixed_points,lds_length,101,17,False,block_03,0.30710387474806444
no_direct_relation,anti_fixed_points,lds_length,101,17,False,block_04,0.09736572944336586
no_direct_relation,anti_fixed_points,lds_length,101,17,False,final_norm,0.06434358092794734
no_direct_relation,anti_fixed_points,lds_length,101,42,False,embedding,0.6749521193412326
no_direct_relation,anti_fixed_points,lds_length,101,42,False,block_01,0.42976278664713374
no_direct_relation,anti_fixed_points,lds_length,101,42,False,block_02,0.4731251891648261
no_direct_relation,anti_fixed_points,lds_length,101,42,False,block_03,0.3901755114961239
no_direct_relation,anti_fixed_points,lds_length,101,42,False,block_04,0.11432973346125883
no_direct_relation,anti_fixed_points,lds_length,101,42,False,final_norm,0.07874953643277273
no_direct_relation,anti_fixed_points,lds_length,101,101,True,embedding,0.6959142860755728
no_direct_relation,anti_fixed_points,lds_length,101,101,True,block_01,0.41471912253183313
no_direct_relation,anti_fixed_points,lds_length,101,101,True,block_02,0.42647916386121665
no_direct_relation,anti_fixed_points,lds_length,101,101,True,block_03,0.36236431711656086
no_direct_relation,anti_fixed_points,lds_length,101,101,True,block_04,0.09972342348206957
no_direct_relation,anti_fixed_points,lds_length,101,101,True,final_norm,0.07025119487153586
no_direct_relation,anti_fixed_points,longest_increasing_run,17,17,True,embedding,0.6068678658796448
no_direct_relation,anti_fixed_points,longest_increasing_run,17,17,True,block_01,0.24238542293012014
no_direct_relation,anti_fixed_points,longest_increasing_run,17,17,True,block_02,0.20327001140315082
no_direct_relation,anti_fixed_points,longest_increasing_run,17,17,True,block_03,0.2338933704496359
no_direct_relation,anti_fixed_points,longest_increasing_run,17,17,True,block_04,0.060880903899632424
no_direct_relation,anti_fixed_points,longest_increasing_run,17,17,True,final_norm,0.0726577991460845
no_direct_relation,anti_fixed_points,longest_increasing_run,17,42,False,embedding,0.600781341842745
no_direct_relation,anti_fixed_points,longest_increasing_run,17,42,False,block_01,0.3911683103116114
no_direct_relation,anti_fixed_points,longest_increasing_run,17,42,False,block_02,0.25875880988048244
no_direct_relation,anti_fixed_points,longest_increasing_run,17,42,False,block_03,0.20589772376379725
no_direct_relation,anti_fixed_points,longest_increasing_run,17,42,False,block_04,0.11162274559639147
no_direct_relation,anti_fixed_points,longest_increasing_run,17,42,False,final_norm,0.10912227150639438
no_direct_relation,anti_fixed_points,longest_increasing_run,17,101,False,embedding,0.6540538723777404
no_direct_relation,anti_fixed_points,longest_increasing_run,17,101,False,block_01,0.35359730108207366
no_direct_relation,anti_fixed_points,longest_increasing_run,17,101,False,block_02,0.2607928557853031
no_direct_relation,anti_fixed_points,longest_increasing_run,17,101,False,block_03,0.285046956920974
no_direct_relation,anti_fixed_points,longest_increasing_run,17,101,False,block_04,0.10759673361434169
no_direct_relation,anti_fixed_points,longest_increasing_run,17,101,False,final_norm,0.09561676327194336
no_direct_relation,anti_fixed_points,longest_increasing_run,42,17,False,embedding,0.6212602814791175
no_direct_relation,anti_fixed_points,longest_increasing_run,42,17,False,block_01,0.2939588207313042
no_direct_relation,anti_fixed_points,longest_increasing_run,42,17,False,block_02,0.24825415074461976
no_direct_relation,anti_fixed_points,longest_increasing_run,42,17,False,block_03,0.16658344883560383
no_direct_relation,anti_fixed_points,longest_increasing_run,42,17,False,block_04,0.03349522275528738
no_direct_relation,anti_fixed_points,longest_increasing_run,42,17,False,final_norm,0.04118111716589434
no_direct_relation,anti_fixed_points,longest_increasing_run,42,42,True,embedding,0.6483300055686418
no_direct_relation,anti_fixed_points,longest_increasing_run,42,42,True,block_01,0.4217162431929947
no_direct_relation,anti_fixed_points,longest_increasing_run,42,42,True,block_02,0.30065938655875296
no_direct_relation,anti_fixed_points,longest_increasing_run,42,42,True,block_03,0.14493995790353043
no_direct_relation,anti_fixed_points,longest_increasing_run,42,42,True,block_04,0.0620937054311324
no_direct_relation,anti_fixed_points,longest_increasing_run,42,42,True,final_norm,0.06492159743626935
no_direct_relation,anti_fixed_points,longest_increasing_run,42,101,False,embedding,0.6623025164020697
no_direct_relation,anti_fixed_points,longest_increasing_run,42,101,False,block_01,0.4163973880586064
no_direct_relation,anti_fixed_points,longest_increasing_run,42,101,False,block_02,0.31003945713293707
no_direct_relation,anti_fixed_points,longest_increasing_run,42,101,False,block_03,0.21288608874253012
no_direct_relation,anti_fixed_points,longest_increasing_run,42,101,False,block_04,0.0623616328735522
no_direct_relation,anti_fixed_points,longest_increasing_run,42,101,False,final_norm,0.05585920405675084
no_direct_relation,anti_fixed_points,longest_increasing_run,101,17,False,embedding,0.6525044793639089
no_direct_relation,anti_fixed_points,longest_increasing_run,101,17,False,block_01,0.221108182184951
no_direct_relation,anti_fixed_points,longest_increasing_run,101,17,False,block_02,0.31724198822438726
no_direct_relation,anti_fixed_points,longest_increasing_run,101,17,False,block_03,0.2657171078072209
no_direct_relation,anti_fixed_points,longest_increasing_run,101,17,False,block_04,0.06653424654282586
no_direct_relation,anti_fixed_points,longest_increasing_run,101,17,False,final_norm,0.057495890869757246
no_direct_relation,anti_fixed_points,longest_increasing_run,101,42,False,embedding,0.6415024394517393
no_direct_relation,anti_fixed_points,longest_increasing_run,101,42,False,block_01,0.3743933133330904
no_direct_relation,anti_fixed_points,longest_increasing_run,101,42,False,block_02,0.43887222173509405
no_direct_relation,anti_fixed_points,longest_increasing_run,101,42,False,block_03,0.23810063194850775
no_direct_relation,anti_fixed_points,longest_increasing_run,101,42,False,block_04,0.10957511165757923
no_direct_relation,anti_fixed_points,longest_increasing_run,101,42,False,final_norm,0.08470923635680644
no_direct_relation,anti_fixed_points,longest_increasing_run,101,101,True,embedding,0.6957636489879706
no_direct_relation,anti_fixed_points,longest_increasing_run,101,101,True,block_01,0.33501245680696534
no_direct_relation,anti_fixed_points,longest_increasing_run,101,101,True,block_02,0.43294691052400247
no_direct_relation,anti_fixed_points,longest_increasing_run,101,101,True,block_03,0.31040064777473775
no_direct_relation,anti_fixed_points,longest_increasing_run,101,101,True,block_04,0.10232142932415278
no_direct_relation,anti_fixed_points,longest_increasing_run,101,101,True,final_norm,0.07618434074704085
no_direct_relation,anti_fixed_points,longest_decreasing_run,17,17,True,embedding,0.6352578430352686
no_direct_relation,anti_fixed_points,longest_decreasing_run,17,17,True,block_01,0.3691760863748623
no_direct_relation,anti_fixed_points,longest_decreasing_run,17,17,True,block_02,0.2457844128107102
no_direct_relation,anti_fixed_points,longest_decreasing_run,17,17,True,block_03,0.2205043809414569
no_direct_relation,anti_fixed_points,longest_decreasing_run,17,17,True,block_04,0.0701694730471851
no_direct_relation,anti_fixed_points,longest_decreasing_run,17,17,True,final_norm,0.08283920786749306
no_direct_relation,anti_fixed_points,longest_decreasing_run,17,42,False,embedding,0.5949334978966603
no_direct_relation,anti_fixed_points,longest_decreasing_run,17,42,False,block_01,0.3367425862552731
no_direct_relation,anti_fixed_points,longest_decreasing_run,17,42,False,block_02,0.2557630772875862
no_direct_relation,anti_fixed_points,longest_decreasing_run,17,42,False,block_03,0.2575474416999826
no_direct_relation,anti_fixed_points,longest_decreasing_run,17,42,False,block_04,0.08016013137809609
no_direct_relation,anti_fixed_points,longest_decreasing_run,17,42,False,final_norm,0.09435699828625475
no_direct_relation,anti_fixed_points,longest_decreasing_run,17,101,False,embedding,0.6202924138372363
no_direct_relation,anti_fixed_points,longest_decreasing_run,17,101,False,block_01,0.33744861865657194
no_direct_relation,anti_fixed_points,longest_decreasing_run,17,101,False,block_02,0.25549183532048486
no_direct_relation,anti_fixed_points,longest_decreasing_run,17,101,False,block_03,0.2688424056776343
no_direct_relation,anti_fixed_points,longest_decreasing_run,17,101,False,block_04,0.08231128983996784
no_direct_relation,anti_fixed_points,longest_decreasing_run,17,101,False,final_norm,0.08115374374934758
no_direct_relation,anti_fixed_points,longest_decreasing_run,42,17,False,embedding,0.6191632520731146
no_direct_relation,anti_fixed_points,longest_decreasing_run,42,17,False,block_01,0.3023021794017804
no_direct_relation,anti_fixed_points,longest_decreasing_run,42,17,False,block_02,0.2458875986187308
no_direct_relation,anti_fixed_points,longest_decreasing_run,42,17,False,block_03,0.14317080455952802
no_direct_relation,anti_fixed_points,longest_decreasing_run,42,17,False,block_04,0.03641224672650195
no_direct_relation,anti_fixed_points,longest_decreasing_run,42,17,False,final_norm,0.042893565716962144
no_direct_relation,anti_fixed_points,longest_decreasing_run,42,42,True,embedding,0.6270496135882979
no_direct_relation,anti_fixed_points,longest_decreasing_run,42,42,True,block_01,0.34796815007936416
no_direct_relation,anti_fixed_points,longest_decreasing_run,42,42,True,block_02,0.28124221719962367
no_direct_relation,anti_fixed_points,longest_decreasing_run,42,42,True,block_03,0.169355534898365
no_direct_relation,anti_fixed_points,longest_decreasing_run,42,42,True,block_04,0.041335064317951226
no_direct_relation,anti_fixed_points,longest_decreasing_run,42,42,True,final_norm,0.048209152829634644
no_direct_relation,anti_fixed_points,longest_decreasing_run,42,101,False,embedding,0.6335055256275722
no_direct_relation,anti_fixed_points,longest_decreasing_run,42,101,False,block_01,0.3793860712551442
no_direct_relation,anti_fixed_points,longest_decreasing_run,42,101,False,block_02,0.2651389147047846
no_direct_relation,anti_fixed_points,longest_decreasing_run,42,101,False,block_03,0.174995057151729
no_direct_relation,anti_fixed_points,longest_decreasing_run,42,101,False,block_04,0.043884158512101944
no_direct_relation,anti_fixed_points,longest_decreasing_run,42,101,False,final_norm,0.04189053516487116
no_direct_relation,anti_fixed_points,longest_decreasing_run,101,17,False,embedding,0.6605686726463669
no_direct_relation,anti_fixed_points,longest_decreasing_run,101,17,False,block_01,0.34804537865463586
no_direct_relation,anti_fixed_points,longest_decreasing_run,101,17,False,block_02,0.39728390408325553
no_direct_relation,anti_fixed_points,longest_decreasing_run,101,17,False,block_03,0.255601128165208
no_direct_relation,anti_fixed_points,longest_decreasing_run,101,17,False,block_04,0.07194671785265047
no_direct_relation,anti_fixed_points,longest_decreasing_run,101,17,False,final_norm,0.06648149526157629
no_direct_relation,anti_fixed_points,longest_decreasing_run,101,42,False,embedding,0.6458805010079338
no_direct_relation,anti_fixed_points,longest_decreasing_run,101,42,False,block_01,0.356690349591052
no_direct_relation,anti_fixed_points,longest_decreasing_run,101,42,False,block_02,0.4374324193001008
no_direct_relation,anti_fixed_points,longest_decreasing_run,101,42,False,block_03,0.27592754781366363
no_direct_relation,anti_fixed_points,longest_decreasing_run,101,42,False,block_04,0.079004845122332
no_direct_relation,anti_fixed_points,longest_decreasing_run,101,42,False,final_norm,0.06974406602407869
no_direct_relation,anti_fixed_points,longest_decreasing_run,101,101,True,embedding,0.68778525830889
no_direct_relation,anti_fixed_points,longest_decreasing_run,101,101,True,block_01,0.315589067898759
no_direct_relation,anti_fixed_points,longest_decreasing_run,101,101,True,block_02,0.40255519316894345
no_direct_relation,anti_fixed_points,longest_decreasing_run,101,101,True,block_03,0.2746884709706547
no_direct_relation,anti_fixed_points,longest_decreasing_run,101,101,True,block_04,0.08327234235343309
no_direct_relation,anti_fixed_points,longest_decreasing_run,101,101,True,final_norm,0.06442713377931147
no_direct_relation,anti_fixed_points,left_to_right_maxima,17,17,True,embedding,0.6473550284015338
no_direct_relation,anti_fixed_points,left_to_right_maxima,17,17,True,block_01,0.17172253071882104
no_direct_relation,anti_fixed_points,left_to_right_maxima,17,17,True,block_02,0.1339275601303404
no_direct_relation,anti_fixed_points,left_to_right_maxima,17,17,True,block_03,0.10187562893724457
no_direct_relation,anti_fixed_points,left_to_right_maxima,17,17,True,block_04,0.05329993923018504
no_direct_relation,anti_fixed_points,left_to_right_maxima,17,17,True,final_norm,0.055511737600301425
no_direct_relation,anti_fixed_points,left_to_right_maxima,17,42,False,embedding,0.623589071590148
no_direct_relation,anti_fixed_points,left_to_right_maxima,17,42,False,block_01,0.1747503903021016
no_direct_relation,anti_fixed_points,left_to_right_maxima,17,42,False,block_02,0.1453481347821363
no_direct_relation,anti_fixed_points,left_to_right_maxima,17,42,False,block_03,0.10963090865484519
no_direct_relation,anti_fixed_points,left_to_right_maxima,17,42,False,block_04,0.05311360950500232
no_direct_relation,anti_fixed_points,left_to_right_maxima,17,42,False,final_norm,0.05592667203621569
no_direct_relation,anti_fixed_points,left_to_right_maxima,17,101,False,embedding,0.639659972790209
no_direct_relation,anti_fixed_points,left_to_right_maxima,17,101,False,block_01,0.11856606306436598
no_direct_relation,anti_fixed_points,left_to_right_maxima,17,101,False,block_02,0.09058123012907401
no_direct_relation,anti_fixed_points,left_to_right_maxima,17,101,False,block_03,0.07692989531065918
no_direct_relation,anti_fixed_points,left_to_right_maxima,17,101,False,block_04,0.04329702399488474
no_direct_relation,anti_fixed_points,left_to_right_maxima,17,101,False,final_norm,0.04559124063599776
no_direct_relation,anti_fixed_points,left_to_right_maxima,42,17,False,embedding,0.66015840567539
no_direct_relation,anti_fixed_points,left_to_right_maxima,42,17,False,block_01,0.20905256823072155
no_direct_relation,anti_fixed_points,left_to_right_maxima,42,17,False,block_02,0.16728077517949222
no_direct_relation,anti_fixed_points,left_to_right_maxima,42,17,False,block_03,0.09854882406012286
no_direct_relation,anti_fixed_points,left_to_right_maxima,42,17,False,block_04,0.04582080642680056
no_direct_relation,anti_fixed_points,left_to_right_maxima,42,17,False,final_norm,0.04749165402892768
no_direct_relation,anti_fixed_points,left_to_right_maxima,42,42,True,embedding,0.6609297338719307
no_direct_relation,anti_fixed_points,left_to_right_maxima,42,42,True,block_01,0.22259302682034565
no_direct_relation,anti_fixed_points,left_to_right_maxima,42,42,True,block_02,0.1823350224767404
no_direct_relation,anti_fixed_points,left_to_right_maxima,42,42,True,block_03,0.10331509369506076
no_direct_relation,anti_fixed_points,left_to_right_maxima,42,42,True,block_04,0.046873214615883
no_direct_relation,anti_fixed_points,left_to_right_maxima,42,42,True,final_norm,0.0476665882677086
no_direct_relation,anti_fixed_points,left_to_right_maxima,42,101,False,embedding,0.6619794492484722
no_direct_relation,anti_fixed_points,left_to_right_maxima,42,101,False,block_01,0.15124590063001356
no_direct_relation,anti_fixed_points,left_to_right_maxima,42,101,False,block_02,0.12112247286611322
no_direct_relation,anti_fixed_points,left_to_right_maxima,42,101,False,block_03,0.08364213311138266
no_direct_relation,anti_fixed_points,left_to_right_maxima,42,101,False,block_04,0.04462250773787816
no_direct_relation,anti_fixed_points,left_to_right_maxima,42,101,False,final_norm,0.043644095541963523
no_direct_relation,anti_fixed_points,left_to_right_maxima,101,17,False,embedding,0.6084554440012451
no_direct_relation,anti_fixed_points,left_to_right_maxima,101,17,False,block_01,0.22140570577861057
no_direct_relation,anti_fixed_points,left_to_right_maxima,101,17,False,block_02,0.20668864591427072
no_direct_relation,anti_fixed_points,left_to_right_maxima,101,17,False,block_03,0.13924592977663183
no_direct_relation,anti_fixed_points,left_to_right_maxima,101,17,False,block_04,0.06883748018805193
no_direct_relation,anti_fixed_points,left_to_right_maxima,101,17,False,final_norm,0.0554703782685604
no_direct_relation,anti_fixed_points,left_to_right_maxima,101,42,False,embedding,0.6564729158732375
no_direct_relation,anti_fixed_points,left_to_right_maxima,101,42,False,block_01,0.20586828543589708
no_direct_relation,anti_fixed_points,left_to_right_maxima,101,42,False,block_02,0.23953938799747432
no_direct_relation,anti_fixed_points,left_to_right_maxima,101,42,False,block_03,0.1478788416431362
no_direct_relation,anti_fixed_points,left_to_right_maxima,101,42,False,block_04,0.07398166279447461
no_direct_relation,anti_fixed_points,left_to_right_maxima,101,42,False,final_norm,0.05950677745731469
no_direct_relation,anti_fixed_points,left_to_right_maxima,101,101,True,embedding,0.7611976466933361
no_direct_relation,anti_fixed_points,left_to_right_maxima,101,101,True,block_01,0.17703687836603924
no_direct_relation,anti_fixed_points,left_to_right_maxima,101,101,True,block_02,0.21103535490344544
no_direct_relation,anti_fixed_points,left_to_right_maxima,101,101,True,block_03,0.13087396790841632
no_direct_relation,anti_fixed_points,left_to_right_maxima,101,101,True,block_04,0.07210980719112856
no_direct_relation,anti_fixed_points,left_to_right_maxima,101,101,True,final_norm,0.05195621044837035
no_direct_relation,anti_fixed_points,left_to_right_minima,17,17,True,embedding,0.7357663139293082
no_direct_relation,anti_fixed_points,left_to_right_minima,17,17,True,block_01,0.08101032653726341
no_direct_relation,anti_fixed_points,left_to_right_minima,17,17,True,block_02,0.06956910399618968
no_direct_relation,anti_fixed_points,left_to_right_minima,17,17,True,block_03,0.10092996733683605
no_direct_relation,anti_fixed_points,left_to_right_minima,17,17,True,block_04,0.06261703702925293
no_direct_relation,anti_fixed_points,left_to_right_minima,17,17,True,final_norm,0.07781820066561393
no_direct_relation,anti_fixed_points,left_to_right_minima,17,42,False,embedding,0.6843692237776089
no_direct_relation,anti_fixed_points,left_to_right_minima,17,42,False,block_01,0.08813367633660299
no_direct_relation,anti_fixed_points,left_to_right_minima,17,42,False,block_02,0.07300256524367947
no_direct_relation,anti_fixed_points,left_to_right_minima,17,42,False,block_03,0.08791177244470984
no_direct_relation,anti_fixed_points,left_to_right_minima,17,42,False,block_04,0.05404973825285456
no_direct_relation,anti_fixed_points,left_to_right_minima,17,42,False,final_norm,0.061607177215924555
no_direct_relation,anti_fixed_points,left_to_right_minima,17,101,False,embedding,0.6430047976252979
no_direct_relation,anti_fixed_points,left_to_right_minima,17,101,False,block_01,0.043136017804960666
no_direct_relation,anti_fixed_points,left_to_right_minima,17,101,False,block_02,0.07160961830564941
no_direct_relation,anti_fixed_points,left_to_right_minima,17,101,False,block_03,0.09642844656533363
no_direct_relation,anti_fixed_points,left_to_right_minima,17,101,False,block_04,0.0706924245730721
no_direct_relation,anti_fixed_points,left_to_right_minima,17,101,False,final_norm,0.08150121384039995
no_direct_relation,anti_fixed_points,left_to_right_minima,42,17,False,embedding,0.7121497173140529
no_direct_relation,anti_fixed_points,left_to_right_minima,42,17,False,block_01,0.1372342523790168
no_direct_relation,anti_fixed_points,left_to_right_minima,42,17,False,block_02,0.07327020946911758
no_direct_relation,anti_fixed_points,left_to_right_minima,42,17,False,block_03,0.07482088416653164
no_direct_relation,anti_fixed_points,left_to_right_minima,42,17,False,block_04,0.03685592723038179
no_direct_relation,anti_fixed_points,left_to_right_minima,42,17,False,final_norm,0.04748819825672331
no_direct_relation,anti_fixed_points,left_to_right_minima,42,42,True,embedding,0.6897968891715289
no_direct_relation,anti_fixed_points,left_to_right_minima,42,42,True,block_01,0.11484902055397636
no_direct_relation,anti_fixed_points,left_to_right_minima,42,42,True,block_02,0.06210375890476423
no_direct_relation,anti_fixed_points,left_to_right_minima,42,42,True,block_03,0.06196357939633144
no_direct_relation,anti_fixed_points,left_to_right_minima,42,42,True,block_04,0.0324099929931702
no_direct_relation,anti_fixed_points,left_to_right_minima,42,42,True,final_norm,0.03660802269458116
no_direct_relation,anti_fixed_points,left_to_right_minima,42,101,False,embedding,0.6592092991786825
no_direct_relation,anti_fixed_points,left_to_right_minima,42,101,False,block_01,0.06468915872369284
no_direct_relation,anti_fixed_points,left_to_right_minima,42,101,False,block_02,0.0626869481856116
no_direct_relation,anti_fixed_points,left_to_right_minima,42,101,False,block_03,0.0749271030310306
no_direct_relation,anti_fixed_points,left_to_right_minima,42,101,False,block_04,0.04449880340389647
no_direct_relation,anti_fixed_points,left_to_right_minima,42,101,False,final_norm,0.04972982214377507
no_direct_relation,anti_fixed_points,left_to_right_minima,101,17,False,embedding,0.749942785347777
no_direct_relation,anti_fixed_points,left_to_right_minima,101,17,False,block_01,0.07394714767661263
no_direct_relation,anti_fixed_points,left_to_right_minima,101,17,False,block_02,0.08558763204643732
no_direct_relation,anti_fixed_points,left_to_right_minima,101,17,False,block_03,0.08588106347558665
no_direct_relation,anti_fixed_points,left_to_right_minima,101,17,False,block_04,0.04396855969929463
no_direct_relation,anti_fixed_points,left_to_right_minima,101,17,False,final_norm,0.053606385726612436
no_direct_relation,anti_fixed_points,left_to_right_minima,101,42,False,embedding,0.677613076628877
no_direct_relation,anti_fixed_points,left_to_right_minima,101,42,False,block_01,0.0819388976967364
no_direct_relation,anti_fixed_points,left_to_right_minima,101,42,False,block_02,0.07424506372736969
no_direct_relation,anti_fixed_points,left_to_right_minima,101,42,False,block_03,0.064439101677517
no_direct_relation,anti_fixed_points,left_to_right_minima,101,42,False,block_04,0.035199534265298885
no_direct_relation,anti_fixed_points,left_to_right_minima,101,42,False,final_norm,0.03813523902916997
no_direct_relation,anti_fixed_points,left_to_right_minima,101,101,True,embedding,0.6873376955094764
no_direct_relation,anti_fixed_points,left_to_right_minima,101,101,True,block_01,0.04936805783184724
no_direct_relation,anti_fixed_points,left_to_right_minima,101,101,True,block_02,0.0642977079630419
no_direct_relation,anti_fixed_points,left_to_right_minima,101,101,True,block_03,0.08138308407731211
no_direct_relation,anti_fixed_points,left_to_right_minima,101,101,True,block_04,0.05636310893491337
no_direct_relation,anti_fixed_points,left_to_right_minima,101,101,True,final_norm,0.05235050150313423
no_direct_relation,anti_fixed_points,global_descents,17,17,True,embedding,0.6439663201782245
no_direct_relation,anti_fixed_points,global_descents,17,17,True,block_01,0.09508863229976908
no_direct_relation,anti_fixed_points,global_descents,17,17,True,block_02,0.1032432117553937
no_direct_relation,anti_fixed_points,global_descents,17,17,True,block_03,0.12944273449960345
no_direct_relation,anti_fixed_points,global_descents,17,17,True,block_04,0.10121242372066085
no_direct_relation,anti_fixed_points,global_descents,17,17,True,final_norm,0.11708161794917214
no_direct_relation,anti_fixed_points,global_descents,17,42,False,embedding,0.6769382296949714
no_direct_relation,anti_fixed_points,global_descents,17,42,False,block_01,0.11260445537085488
no_direct_relation,anti_fixed_points,global_descents,17,42,False,block_02,0.12801155127761307
no_direct_relation,anti_fixed_points,global_descents,17,42,False,block_03,0.14551025532051298
no_direct_relation,anti_fixed_points,global_descents,17,42,False,block_04,0.10279554626368531
no_direct_relation,anti_fixed_points,global_descents,17,42,False,final_norm,0.09895181431057384
no_direct_relation,anti_fixed_points,global_descents,17,101,False,embedding,0.6551610265752404
no_direct_relation,anti_fixed_points,global_descents,17,101,False,block_01,0.09484397516616387
no_direct_relation,anti_fixed_points,global_descents,17,101,False,block_02,0.12891925719303893
no_direct_relation,anti_fixed_points,global_descents,17,101,False,block_03,0.1499766953269973
no_direct_relation,anti_fixed_points,global_descents,17,101,False,block_04,0.10584615779260953
no_direct_relation,anti_fixed_points,global_descents,17,101,False,final_norm,0.11219847831511366
no_direct_relation,anti_fixed_points,global_descents,42,17,False,embedding,0.6576690638637029
no_direct_relation,anti_fixed_points,global_descents,42,17,False,block_01,0.12715503386442584
no_direct_relation,anti_fixed_points,global_descents,42,17,False,block_02,0.11542440298355898
no_direct_relation,anti_fixed_points,global_descents,42,17,False,block_03,0.18663307898892836
no_direct_relation,anti_fixed_points,global_descents,42,17,False,block_04,0.12095851467183501
no_direct_relation,anti_fixed_points,global_descents,42,17,False,final_norm,0.13638657020231246
no_direct_relation,anti_fixed_points,global_descents,42,42,True,embedding,0.6961671072522345
no_direct_relation,anti_fixed_points,global_descents,42,42,True,block_01,0.23117681190970635
no_direct_relation,anti_fixed_points,global_descents,42,42,True,block_02,0.2214629407680783
no_direct_relation,anti_fixed_points,global_descents,42,42,True,block_03,0.26301857608614443
no_direct_relation,anti_fixed_points,global_descents,42,42,True,block_04,0.15391297726257389
no_direct_relation,anti_fixed_points,global_descents,42,42,True,final_norm,0.14861760486500858
no_direct_relation,anti_fixed_points,global_descents,42,101,False,embedding,0.6484909341619163
no_direct_relation,anti_fixed_points,global_descents,42,101,False,block_01,0.18370704176832042
no_direct_relation,anti_fixed_points,global_descents,42,101,False,block_02,0.21269944859654197
no_direct_relation,anti_fixed_points,global_descents,42,101,False,block_03,0.28257193010378573
no_direct_relation,anti_fixed_points,global_descents,42,101,False,block_04,0.17248200297623434
no_direct_relation,anti_fixed_points,global_descents,42,101,False,final_norm,0.17483488342029216
no_direct_relation,anti_fixed_points,global_descents,101,17,False,embedding,0.6691258576189664
no_direct_relation,anti_fixed_points,global_descents,101,17,False,block_01,0.09073901533128181
no_direct_relation,anti_fixed_points,global_descents,101,17,False,block_02,0.12351556207652865
no_direct_relation,anti_fixed_points,global_descents,101,17,False,block_03,0.15268805714458064
no_direct_relation,anti_fixed_points,global_descents,101,17,False,block_04,0.14128797359318357
no_direct_relation,anti_fixed_points,global_descents,101,17,False,final_norm,0.11447664022598002
no_direct_relation,anti_fixed_points,global_descents,101,42,False,embedding,0.7108601852752512
no_direct_relation,anti_fixed_points,global_descents,101,42,False,block_01,0.2166923664927869
no_direct_relation,anti_fixed_points,global_descents,101,42,False,block_02,0.207691391284759
no_direct_relation,anti_fixed_points,global_descents,101,42,False,block_03,0.2266652516703897
no_direct_relation,anti_fixed_points,global_descents,101,42,False,block_04,0.1718677006126373
no_direct_relation,anti_fixed_points,global_descents,101,42,False,final_norm,0.13681995279645592
no_direct_relation,anti_fixed_points,global_descents,101,101,True,embedding,0.7179167297311685
no_direct_relation,anti_fixed_points,global_descents,101,101,True,block_01,0.212855053192138
no_direct_relation,anti_fixed_points,global_descents,101,101,True,block_02,0.21612182096725283
no_direct_relation,anti_fixed_points,global_descents,101,101,True,block_03,0.22998287215860208
no_direct_relation,anti_fixed_points,global_descents,101,101,True,block_04,0.16473289105931754
no_direct_relation,anti_fixed_points,global_descents,101,101,True,final_norm,0.15714837606946164
no_direct_relation,anti_fixed_points,components,17,17,True,embedding,0.728062296728605
no_direct_relation,anti_fixed_points,components,17,17,True,block_01,0.19637147424742124
no_direct_relation,anti_fixed_points,components,17,17,True,block_02,0.07106239419040959
no_direct_relation,anti_fixed_points,components,17,17,True,block_03,0.10106467157652706
no_direct_relation,anti_fixed_points,components,17,17,True,block_04,0.09038236836827729
no_direct_relation,anti_fixed_points,components,17,17,True,final_norm,0.1038236605593336
no_direct_relation,anti_fixed_points,components,17,42,False,embedding,0.7048928201501797
no_direct_relation,anti_fixed_points,components,17,42,False,block_01,0.17622926776002762
no_direct_relation,anti_fixed_points,components,17,42,False,block_02,0.06946803292395906
no_direct_relation,anti_fixed_points,components,17,42,False,block_03,0.11062238758992292
no_direct_relation,anti_fixed_points,components,17,42,False,block_04,0.08502190729906692
no_direct_relation,anti_fixed_points,components,17,42,False,final_norm,0.09045860795506437
no_direct_relation,anti_fixed_points,components,17,101,False,embedding,0.737650309259397
no_direct_relation,anti_fixed_points,components,17,101,False,block_01,0.25181536814840694
no_direct_relation,anti_fixed_points,components,17,101,False,block_02,0.08528709554838146
no_direct_relation,anti_fixed_points,components,17,101,False,block_03,0.10199916612387147
no_direct_relation,anti_fixed_points,components,17,101,False,block_04,0.09448454582462709
no_direct_relation,anti_fixed_points,components,17,101,False,final_norm,0.0946737646715196
no_direct_relation,anti_fixed_points,components,42,17,False,embedding,0.6880364964177819
no_direct_relation,anti_fixed_points,components,42,17,False,block_01,0.1304345893806046
no_direct_relation,anti_fixed_points,components,42,17,False,block_02,0.04117784421156249
no_direct_relation,anti_fixed_points,components,42,17,False,block_03,0.077846570827259
no_direct_relation,anti_fixed_points,components,42,17,False,block_04,0.061983946992878666
no_direct_relation,anti_fixed_points,components,42,17,False,final_norm,0.06818043179043663
no_direct_relation,anti_fixed_points,components,42,42,True,embedding,0.7229709518534116
no_direct_relation,anti_fixed_points,components,42,42,True,block_01,0.24863233820616865
no_direct_relation,anti_fixed_points,components,42,42,True,block_02,0.0449175497513896
no_direct_relation,anti_fixed_points,components,42,42,True,block_03,0.08091756225823515
no_direct_relation,anti_fixed_points,components,42,42,True,block_04,0.05877969169609109
no_direct_relation,anti_fixed_points,components,42,42,True,final_norm,0.06057310130629227
no_direct_relation,anti_fixed_points,components,42,101,False,embedding,0.7234171428096448
no_direct_relation,anti_fixed_points,components,42,101,False,block_01,0.1706715645349556
no_direct_relation,anti_fixed_points,components,42,101,False,block_02,0.05741193109736993
no_direct_relation,anti_fixed_points,components,42,101,False,block_03,0.08074608478820489
no_direct_relation,anti_fixed_points,components,42,101,False,block_04,0.06367022054483336
no_direct_relation,anti_fixed_points,components,42,101,False,final_norm,0.06306375635431537
no_direct_relation,anti_fixed_points,components,101,17,False,embedding,0.7386511541788436
no_direct_relation,anti_fixed_points,components,101,17,False,block_01,0.1802470569073308
no_direct_relation,anti_fixed_points,components,101,17,False,block_02,0.049045902925284136
no_direct_relation,anti_fixed_points,components,101,17,False,block_03,0.053917251382169344
no_direct_relation,anti_fixed_points,components,101,17,False,block_04,0.05001741309041006
no_direct_relation,anti_fixed_points,components,101,17,False,final_norm,0.04706904699396279
no_direct_relation,anti_fixed_points,components,101,42,False,embedding,0.7454264177205117
no_direct_relation,anti_fixed_points,components,101,42,False,block_01,0.1397493294242553
no_direct_relation,anti_fixed_points,components,101,42,False,block_02,0.053525781900025556
no_direct_relation,anti_fixed_points,components,101,42,False,block_03,0.0793926917180052
no_direct_relation,anti_fixed_points,components,101,42,False,block_04,0.053528162669623944
no_direct_relation,anti_fixed_points,components,101,42,False,final_norm,0.04640167687694424
no_direct_relation,anti_fixed_points,components,101,101,True,embedding,0.7647724226549062
no_direct_relation,anti_fixed_points,components,101,101,True,block_01,0.26373849397381727
no_direct_relation,anti_fixed_points,components,101,101,True,block_02,0.07283812012240459
no_direct_relation,anti_fixed_points,components,101,101,True,block_03,0.0639114735562943
no_direct_relation,anti_fixed_points,components,101,101,True,block_04,0.06104161446979827
no_direct_relation,anti_fixed_points,components,101,101,True,final_norm,0.04847451536254522
direct_relation,exceedances,deficiencies,17,17,True,embedding,0.9388453906399178
direct_relation,exceedances,deficiencies,17,17,True,block_01,0.8594544681566512
direct_relation,exceedances,deficiencies,17,17,True,block_02,0.7027502011593192
direct_relation,exceedances,deficiencies,17,17,True,block_03,0.4498716551497477
direct_relation,exceedances,deficiencies,17,17,True,block_04,0.14521401946160178
direct_relation,exceedances,deficiencies,17,17,True,final_norm,0.1389977759007088
direct_relation,exceedances,deficiencies,17,42,False,embedding,0.9136742275989138
direct_relation,exceedances,deficiencies,17,42,False,block_01,0.7423202594734231
direct_relation,exceedances,deficiencies,17,42,False,block_02,0.66507145581934
direct_relation,exceedances,deficiencies,17,42,False,block_03,0.4024925407909601
direct_relation,exceedances,deficiencies,17,42,False,block_04,0.11468101664819841
direct_relation,exceedances,deficiencies,17,42,False,final_norm,0.11188433373770826
direct_relation,exceedances,deficiencies,17,101,False,embedding,0.9273207828742229
direct_relation,exceedances,deficiencies,17,101,False,block_01,0.8607840251144699
direct_relation,exceedances,deficiencies,17,101,False,block_02,0.7535811437752337
direct_relation,exceedances,deficiencies,17,101,False,block_03,0.5211558667360235
direct_relation,exceedances,deficiencies,17,101,False,block_04,0.15560762276848683
direct_relation,exceedances,deficiencies,17,101,False,final_norm,0.1533986434626183
direct_relation,exceedances,deficiencies,42,17,False,embedding,0.9272743740912662
direct_relation,exceedances,deficiencies,42,17,False,block_01,0.7803879557987987
direct_relation,exceedances,deficiencies,42,17,False,block_02,0.6328771076723009
direct_relation,exceedances,deficiencies,42,17,False,block_03,0.3933667645826885
direct_relation,exceedances,deficiencies,42,17,False,block_04,0.15290697802723482
direct_relation,exceedances,deficiencies,42,17,False,final_norm,0.14376862746533015
direct_relation,exceedances,deficiencies,42,42,True,embedding,0.9354285331314314
direct_relation,exceedances,deficiencies,42,42,True,block_01,0.6929932774320918
direct_relation,exceedances,deficiencies,42,42,True,block_02,0.6026824198755437
direct_relation,exceedances,deficiencies,42,42,True,block_03,0.36030311603500914
direct_relation,exceedances,deficiencies,42,42,True,block_04,0.12555693000345017
direct_relation,exceedances,deficiencies,42,42,True,final_norm,0.12029824873257691
direct_relation,exceedances,deficiencies,42,101,False,embedding,0.9222980694837546
direct_relation,exceedances,deficiencies,42,101,False,block_01,0.7064265083786506
direct_relation,exceedances,deficiencies,42,101,False,block_02,0.6243494433831362
direct_relation,exceedances,deficiencies,42,101,False,block_03,0.443003629342075
direct_relation,exceedances,deficiencies,42,101,False,block_04,0.1607737822587994
direct_relation,exceedances,deficiencies,42,101,False,final_norm,0.15904610290351937
direct_relation,exceedances,deficiencies,101,17,False,embedding,0.9029489389435239
direct_relation,exceedances,deficiencies,101,17,False,block_01,0.8156619322241829
direct_relation,exceedances,deficiencies,101,17,False,block_02,0.6953304431161544
direct_relation,exceedances,deficiencies,101,17,False,block_03,0.43243751725470275
direct_relation,exceedances,deficiencies,101,17,False,block_04,0.18868073654767453
direct_relation,exceedances,deficiencies,101,17,False,final_norm,0.1644989454690496
direct_relation,exceedances,deficiencies,101,42,False,embedding,0.8875321201206786
direct_relation,exceedances,deficiencies,101,42,False,block_01,0.7540490910850819
direct_relation,exceedances,deficiencies,101,42,False,block_02,0.6528822410747395
direct_relation,exceedances,deficiencies,101,42,False,block_03,0.40041494693612123
direct_relation,exceedances,deficiencies,101,42,False,block_04,0.1619370764782387
direct_relation,exceedances,deficiencies,101,42,False,final_norm,0.13423546167200098
direct_relation,exceedances,deficiencies,101,101,True,embedding,0.9122914614100848
direct_relation,exceedances,deficiencies,101,101,True,block_01,0.8116273743962193
direct_relation,exceedances,deficiencies,101,101,True,block_02,0.7173187006431891
direct_relation,exceedances,deficiencies,101,101,True,block_03,0.49435201730470113
direct_relation,exceedances,deficiencies,101,101,True,block_04,0.20329042784436613
direct_relation,exceedances,deficiencies,101,101,True,final_norm,0.1857529983488977
no_direct_relation,exceedances,lis_length,17,17,True,embedding,0.8006791105634211
no_direct_relation,exceedances,lis_length,17,17,True,block_01,0.645713752766793
no_direct_relation,exceedances,lis_length,17,17,True,block_02,0.36208724267386294
no_direct_relation,exceedances,lis_length,17,17,True,block_03,0.35661591184722646
no_direct_relation,exceedances,lis_length,17,17,True,block_04,0.19819073061009346
no_direct_relation,exceedances,lis_length,17,17,True,final_norm,0.2140363085187291
no_direct_relation,exceedances,lis_length,17,42,False,embedding,0.8203183085243696
no_direct_relation,exceedances,lis_length,17,42,False,block_01,0.40470741202437277
no_direct_relation,exceedances,lis_length,17,42,False,block_02,0.31630268783644266
no_direct_relation,exceedances,lis_length,17,42,False,block_03,0.39648834402087396
no_direct_relation,exceedances,lis_length,17,42,False,block_04,0.18609776515276982
no_direct_relation,exceedances,lis_length,17,42,False,final_norm,0.1975997573248684
no_direct_relation,exceedances,lis_length,17,101,False,embedding,0.8200536939916974
no_direct_relation,exceedances,lis_length,17,101,False,block_01,0.5751389975492304
no_direct_relation,exceedances,lis_length,17,101,False,block_02,0.28361152586912625
no_direct_relation,exceedances,lis_length,17,101,False,block_03,0.3595531453700384
no_direct_relation,exceedances,lis_length,17,101,False,block_04,0.16530987979612896
no_direct_relation,exceedances,lis_length,17,101,False,final_norm,0.16294586228028202
no_direct_relation,exceedances,lis_length,42,17,False,embedding,0.8111328125690913
no_direct_relation,exceedances,lis_length,42,17,False,block_01,0.5041505850840213
no_direct_relation,exceedances,lis_length,42,17,False,block_02,0.26241453775165047
no_direct_relation,exceedances,lis_length,42,17,False,block_03,0.28972533629199804
no_direct_relation,exceedances,lis_length,42,17,False,block_04,0.20808976423287434
no_direct_relation,exceedances,lis_length,42,17,False,final_norm,0.22326176564523165
no_direct_relation,exceedances,lis_length,42,42,True,embedding,0.8308941066977461
no_direct_relation,exceedances,lis_length,42,42,True,block_01,0.287136790595354
no_direct_relation,exceedances,lis_length,42,42,True,block_02,0.23222554826058706
no_direct_relation,exceedances,lis_length,42,42,True,block_03,0.3085054353861015
no_direct_relation,exceedances,lis_length,42,42,True,block_04,0.17983315191581703
no_direct_relation,exceedances,lis_length,42,42,True,final_norm,0.19554454193296758
no_direct_relation,exceedances,lis_length,42,101,False,embedding,0.8222215148138639
no_direct_relation,exceedances,lis_length,42,101,False,block_01,0.49551449650545226
no_direct_relation,exceedances,lis_length,42,101,False,block_02,0.2211857593299564
no_direct_relation,exceedances,lis_length,42,101,False,block_03,0.27561898269822277
no_direct_relation,exceedances,lis_length,42,101,False,block_04,0.16543020063881958
no_direct_relation,exceedances,lis_length,42,101,False,final_norm,0.1628367588776922
no_direct_relation,exceedances,lis_length,101,17,False,embedding,0.805569789220776
no_direct_relation,exceedances,lis_length,101,17,False,block_01,0.6207113339427826
no_direct_relation,exceedances,lis_length,101,17,False,block_02,0.32100891065561016
no_direct_relation,exceedances,lis_length,101,17,False,block_03,0.3465198540972565
no_direct_relation,exceedances,lis_length,101,17,False,block_04,0.24094215720804485
no_direct_relation,exceedances,lis_length,101,17,False,final_norm,0.2156790749569223
no_direct_relation,exceedances,lis_length,101,42,False,embedding,0.8173838167963879
no_direct_relation,exceedances,lis_length,101,42,False,block_01,0.39766895333143343
no_direct_relation,exceedances,lis_length,101,42,False,block_02,0.28338010893828663
no_direct_relation,exceedances,lis_length,101,42,False,block_03,0.35074488146803834
no_direct_relation,exceedances,lis_length,101,42,False,block_04,0.2197132021761111
no_direct_relation,exceedances,lis_length,101,42,False,final_norm,0.2083743021661753
no_direct_relation,exceedances,lis_length,101,101,True,embedding,0.821589700636743
no_direct_relation,exceedances,lis_length,101,101,True,block_01,0.5662410670604081
no_direct_relation,exceedances,lis_length,101,101,True,block_02,0.2692695169977819
no_direct_relation,exceedances,lis_length,101,101,True,block_03,0.32399513911330197
no_direct_relation,exceedances,lis_length,101,101,True,block_04,0.18917474923601071
no_direct_relation,exceedances,lis_length,101,101,True,final_norm,0.1786504329734275
no_direct_relation,exceedances,lds_length,17,17,True,embedding,0.7835084656054352
no_direct_relation,exceedances,lds_length,17,17,True,block_01,0.7346711875463344
no_direct_relation,exceedances,lds_length,17,17,True,block_02,0.6200484160335055
no_direct_relation,exceedances,lds_length,17,17,True,block_03,0.43437233592376207
no_direct_relation,exceedances,lds_length,17,17,True,block_04,0.1282585353981852
no_direct_relation,exceedances,lds_length,17,17,True,final_norm,0.12658645043303773
no_direct_relation,exceedances,lds_length,17,42,False,embedding,0.7755165132609495
no_direct_relation,exceedances,lds_length,17,42,False,block_01,0.7351669914796166
no_direct_relation,exceedances,lds_length,17,42,False,block_02,0.6671194755900208
no_direct_relation,exceedances,lds_length,17,42,False,block_03,0.48845488593759495
no_direct_relation,exceedances,lds_length,17,42,False,block_04,0.1324185952119906
no_direct_relation,exceedances,lds_length,17,42,False,final_norm,0.12539626403574258
no_direct_relation,exceedances,lds_length,17,101,False,embedding,0.7887480023613505
no_direct_relation,exceedances,lds_length,17,101,False,block_01,0.8004789053366698
no_direct_relation,exceedances,lds_length,17,101,False,block_02,0.7211485040907668
no_direct_relation,exceedances,lds_length,17,101,False,block_03,0.4934457076010945
no_direct_relation,exceedances,lds_length,17,101,False,block_04,0.13685025893696748
no_direct_relation,exceedances,lds_length,17,101,False,final_norm,0.1361106654251942
no_direct_relation,exceedances,lds_length,42,17,False,embedding,0.7998820728995323
no_direct_relation,exceedances,lds_length,42,17,False,block_01,0.5395679991614994
no_direct_relation,exceedances,lds_length,42,17,False,block_02,0.4714713155210907
no_direct_relation,exceedances,lds_length,42,17,False,block_03,0.3784939056415047
no_direct_relation,exceedances,lds_length,42,17,False,block_04,0.13375577215665352
no_direct_relation,exceedances,lds_length,42,17,False,final_norm,0.12845219646351572
no_direct_relation,exceedances,lds_length,42,42,True,embedding,0.8064328505786691
no_direct_relation,exceedances,lds_length,42,42,True,block_01,0.52223631612653
no_direct_relation,exceedances,lds_length,42,42,True,block_02,0.5095214658781305
no_direct_relation,exceedances,lds_length,42,42,True,block_03,0.3708730210484046
no_direct_relation,exceedances,lds_length,42,42,True,block_04,0.13252108054633402
no_direct_relation,exceedances,lds_length,42,42,True,final_norm,0.1293736515514647
no_direct_relation,exceedances,lds_length,42,101,False,embedding,0.8131431141227504
no_direct_relation,exceedances,lds_length,42,101,False,block_01,0.5735228702144328
no_direct_relation,exceedances,lds_length,42,101,False,block_02,0.5192455351585018
no_direct_relation,exceedances,lds_length,42,101,False,block_03,0.37500649107157197
no_direct_relation,exceedances,lds_length,42,101,False,block_04,0.13251102038785187
no_direct_relation,exceedances,lds_length,42,101,False,final_norm,0.1359058277287537
no_direct_relation,exceedances,lds_length,101,17,False,embedding,0.7760872664782962
no_direct_relation,exceedances,lds_length,101,17,False,block_01,0.6351621592189108
no_direct_relation,exceedances,lds_length,101,17,False,block_02,0.53961789879776
no_direct_relation,exceedances,lds_length,101,17,False,block_03,0.4315494529624005
no_direct_relation,exceedances,lds_length,101,17,False,block_04,0.165091063158355
no_direct_relation,exceedances,lds_length,101,17,False,final_norm,0.14982522021041997
no_direct_relation,exceedances,lds_length,101,42,False,embedding,0.7798051472599469
no_direct_relation,exceedances,lds_length,101,42,False,block_01,0.5905616406675739
no_direct_relation,exceedances,lds_length,101,42,False,block_02,0.580270546730335
no_direct_relation,exceedances,lds_length,101,42,False,block_03,0.4314408584438697
no_direct_relation,exceedances,lds_length,101,42,False,block_04,0.15761010574623757
no_direct_relation,exceedances,lds_length,101,42,False,final_norm,0.14452320736934146
no_direct_relation,exceedances,lds_length,101,101,True,embedding,0.7875439157245897
no_direct_relation,exceedances,lds_length,101,101,True,block_01,0.6466001127881237
no_direct_relation,exceedances,lds_length,101,101,True,block_02,0.5918487589598224
no_direct_relation,exceedances,lds_length,101,101,True,block_03,0.4212527534490098
no_direct_relation,exceedances,lds_length,101,101,True,block_04,0.1515534239712739
no_direct_relation,exceedances,lds_length,101,101,True,final_norm,0.14572534915421578
no_direct_relation,exceedances,longest_increasing_run,17,17,True,embedding,0.7667529292303156
no_direct_relation,exceedances,longest_increasing_run,17,17,True,block_01,0.4101669013635093
no_direct_relation,exceedances,longest_increasing_run,17,17,True,block_02,0.4784511876948949
no_direct_relation,exceedances,longest_increasing_run,17,17,True,block_03,0.2743987641680628
no_direct_relation,exceedances,longest_increasing_run,17,17,True,block_04,0.05467874932904247
no_direct_relation,exceedances,longest_increasing_run,17,17,True,final_norm,0.07589550224872856
no_direct_relation,exceedances,longest_increasing_run,17,42,False,embedding,0.5634447908029286
no_direct_relation,exceedances,longest_increasing_run,17,42,False,block_01,0.5565029175871008
no_direct_relation,exceedances,longest_increasing_run,17,42,False,block_02,0.4925095053819971
no_direct_relation,exceedances,longest_increasing_run,17,42,False,block_03,0.20186247896730505
no_direct_relation,exceedances,longest_increasing_run,17,42,False,block_04,0.07550784293305528
no_direct_relation,exceedances,longest_increasing_run,17,42,False,final_norm,0.08602739347758565
no_direct_relation,exceedances,longest_increasing_run,17,101,False,embedding,0.5972004875311498
no_direct_relation,exceedances,longest_increasing_run,17,101,False,block_01,0.5899840972337833
no_direct_relation,exceedances,longest_increasing_run,17,101,False,block_02,0.535355257856499
no_direct_relation,exceedances,longest_increasing_run,17,101,False,block_03,0.32823008913129065
no_direct_relation,exceedances,longest_increasing_run,17,101,False,block_04,0.08151105218923674
no_direct_relation,exceedances,longest_increasing_run,17,101,False,final_norm,0.08209078401413206
no_direct_relation,exceedances,longest_increasing_run,42,17,False,embedding,0.760002523355254
no_direct_relation,exceedances,longest_increasing_run,42,17,False,block_01,0.2714708652437152
no_direct_relation,exceedances,longest_increasing_run,42,17,False,block_02,0.35538128375672406
no_direct_relation,exceedances,longest_increasing_run,42,17,False,block_03,0.22560400496682534
no_direct_relation,exceedances,longest_increasing_run,42,17,False,block_04,0.06317088437192041
no_direct_relation,exceedances,longest_increasing_run,42,17,False,final_norm,0.08125697181581018
no_direct_relation,exceedances,longest_increasing_run,42,42,True,embedding,0.6108927214997631
no_direct_relation,exceedances,longest_increasing_run,42,42,True,block_01,0.3276036502083009
no_direct_relation,exceedances,longest_increasing_run,42,42,True,block_02,0.3432679597688848
no_direct_relation,exceedances,longest_increasing_run,42,42,True,block_03,0.15722856403883556
no_direct_relation,exceedances,longest_increasing_run,42,42,True,block_04,0.08585946204285277
no_direct_relation,exceedances,longest_increasing_run,42,42,True,final_norm,0.09372983857957155
no_direct_relation,exceedances,longest_increasing_run,42,101,False,embedding,0.6508248687115241
no_direct_relation,exceedances,longest_increasing_run,42,101,False,block_01,0.3401092207997326
no_direct_relation,exceedances,longest_increasing_run,42,101,False,block_02,0.3668711687276378
no_direct_relation,exceedances,longest_increasing_run,42,101,False,block_03,0.25118915395801567
no_direct_relation,exceedances,longest_increasing_run,42,101,False,block_04,0.09339687017468642
no_direct_relation,exceedances,longest_increasing_run,42,101,False,final_norm,0.08864971306959064
no_direct_relation,exceedances,longest_increasing_run,101,17,False,embedding,0.7393220113322183
no_direct_relation,exceedances,longest_increasing_run,101,17,False,block_01,0.3718385872933667
no_direct_relation,exceedances,longest_increasing_run,101,17,False,block_02,0.41723455850907715
no_direct_relation,exceedances,longest_increasing_run,101,17,False,block_03,0.2700357374496831
no_direct_relation,exceedances,longest_increasing_run,101,17,False,block_04,0.07065776720910785
no_direct_relation,exceedances,longest_increasing_run,101,17,False,final_norm,0.07807762967578626
no_direct_relation,exceedances,longest_increasing_run,101,42,False,embedding,0.5764203718761411
no_direct_relation,exceedances,longest_increasing_run,101,42,False,block_01,0.44627538783434706
no_direct_relation,exceedances,longest_increasing_run,101,42,False,block_02,0.40054633491841524
no_direct_relation,exceedances,longest_increasing_run,101,42,False,block_03,0.18651068972348173
no_direct_relation,exceedances,longest_increasing_run,101,42,False,block_04,0.09710799765729876
no_direct_relation,exceedances,longest_increasing_run,101,42,False,final_norm,0.092977485379337
no_direct_relation,exceedances,longest_increasing_run,101,101,True,embedding,0.6382504513334615
no_direct_relation,exceedances,longest_increasing_run,101,101,True,block_01,0.5130861374469317
no_direct_relation,exceedances,longest_increasing_run,101,101,True,block_02,0.4444094019717318
no_direct_relation,exceedances,longest_increasing_run,101,101,True,block_03,0.3022780773244177
no_direct_relation,exceedances,longest_increasing_run,101,101,True,block_04,0.10600207571527202
no_direct_relation,exceedances,longest_increasing_run,101,101,True,final_norm,0.08864098693572287
no_direct_relation,exceedances,longest_decreasing_run,17,17,True,embedding,0.6902585805825929
no_direct_relation,exceedances,longest_decreasing_run,17,17,True,block_01,0.4694510032890101
no_direct_relation,exceedances,longest_decreasing_run,17,17,True,block_02,0.4582041098817362
no_direct_relation,exceedances,longest_decreasing_run,17,17,True,block_03,0.2263415810051057
no_direct_relation,exceedances,longest_decreasing_run,17,17,True,block_04,0.05438416968433019
no_direct_relation,exceedances,longest_decreasing_run,17,17,True,final_norm,0.06671089349419525
no_direct_relation,exceedances,longest_decreasing_run,17,42,False,embedding,0.7066559062327677
no_direct_relation,exceedances,longest_decreasing_run,17,42,False,block_01,0.41770830100649453
no_direct_relation,exceedances,longest_decreasing_run,17,42,False,block_02,0.4564411997464639
no_direct_relation,exceedances,longest_decreasing_run,17,42,False,block_03,0.27941055415109595
no_direct_relation,exceedances,longest_decreasing_run,17,42,False,block_04,0.05880269468016473
no_direct_relation,exceedances,longest_decreasing_run,17,42,False,final_norm,0.07178552814636664
no_direct_relation,exceedances,longest_decreasing_run,17,101,False,embedding,0.6640179940884632
no_direct_relation,exceedances,longest_decreasing_run,17,101,False,block_01,0.5206871730638342
no_direct_relation,exceedances,longest_decreasing_run,17,101,False,block_02,0.5165746209245289
no_direct_relation,exceedances,longest_decreasing_run,17,101,False,block_03,0.3070457893884089
no_direct_relation,exceedances,longest_decreasing_run,17,101,False,block_04,0.061352944492999245
no_direct_relation,exceedances,longest_decreasing_run,17,101,False,final_norm,0.0630005501260105
no_direct_relation,exceedances,longest_decreasing_run,42,17,False,embedding,0.7124800426541036
no_direct_relation,exceedances,longest_decreasing_run,42,17,False,block_01,0.30079186410360803
no_direct_relation,exceedances,longest_decreasing_run,42,17,False,block_02,0.34078680169347686
no_direct_relation,exceedances,longest_decreasing_run,42,17,False,block_03,0.18843499381532727
no_direct_relation,exceedances,longest_decreasing_run,42,17,False,block_04,0.06048500628306682
no_direct_relation,exceedances,longest_decreasing_run,42,17,False,final_norm,0.0760885351233168
no_direct_relation,exceedances,longest_decreasing_run,42,42,True,embedding,0.7101380261495687
no_direct_relation,exceedances,longest_decreasing_run,42,42,True,block_01,0.23571044347620954
no_direct_relation,exceedances,longest_decreasing_run,42,42,True,block_02,0.32803157960725016
no_direct_relation,exceedances,longest_decreasing_run,42,42,True,block_03,0.21148239681097034
no_direct_relation,exceedances,longest_decreasing_run,42,42,True,block_04,0.06737605078302107
no_direct_relation,exceedances,longest_decreasing_run,42,42,True,final_norm,0.08039257139313254
no_direct_relation,exceedances,longest_decreasing_run,42,101,False,embedding,0.7148151447311153
no_direct_relation,exceedances,longest_decreasing_run,42,101,False,block_01,0.30672886791853
no_direct_relation,exceedances,longest_decreasing_run,42,101,False,block_02,0.35387979274333664
no_direct_relation,exceedances,longest_decreasing_run,42,101,False,block_03,0.23105342751014046
no_direct_relation,exceedances,longest_decreasing_run,42,101,False,block_04,0.07143538846440556
no_direct_relation,exceedances,longest_decreasing_run,42,101,False,final_norm,0.07248572023619362
no_direct_relation,exceedances,longest_decreasing_run,101,17,False,embedding,0.6859676612861675
no_direct_relation,exceedances,longest_decreasing_run,101,17,False,block_01,0.37013030265442015
no_direct_relation,exceedances,longest_decreasing_run,101,17,False,block_02,0.3847987510189243
no_direct_relation,exceedances,longest_decreasing_run,101,17,False,block_03,0.22701820805305142
no_direct_relation,exceedances,longest_decreasing_run,101,17,False,block_04,0.06934013093366587
no_direct_relation,exceedances,longest_decreasing_run,101,17,False,final_norm,0.0760558541317471
no_direct_relation,exceedances,longest_decreasing_run,101,42,False,embedding,0.6898537702751165
no_direct_relation,exceedances,longest_decreasing_run,101,42,False,block_01,0.32139173169349067
no_direct_relation,exceedances,longest_decreasing_run,101,42,False,block_02,0.364137335073127
no_direct_relation,exceedances,longest_decreasing_run,101,42,False,block_03,0.25075723159007635
no_direct_relation,exceedances,longest_decreasing_run,101,42,False,block_04,0.07430988156299025
no_direct_relation,exceedances,longest_decreasing_run,101,42,False,final_norm,0.07714387726697235
no_direct_relation,exceedances,longest_decreasing_run,101,101,True,embedding,0.7020877571462669
no_direct_relation,exceedances,longest_decreasing_run,101,101,True,block_01,0.493938074767673
no_direct_relation,exceedances,longest_decreasing_run,101,101,True,block_02,0.41726498860800726
no_direct_relation,exceedances,longest_decreasing_run,101,101,True,block_03,0.2784363617080076
no_direct_relation,exceedances,longest_decreasing_run,101,101,True,block_04,0.08417461021483652
no_direct_relation,exceedances,longest_decreasing_run,101,101,True,final_norm,0.07177693165249362
no_direct_relation,exceedances,left_to_right_maxima,17,17,True,embedding,0.5008501058865273
no_direct_relation,exceedances,left_to_right_maxima,17,17,True,block_01,0.24867772926370627
no_direct_relation,exceedances,left_to_right_maxima,17,17,True,block_02,0.23249674897424627
no_direct_relation,exceedances,left_to_right_maxima,17,17,True,block_03,0.12506219308109223
no_direct_relation,exceedances,left_to_right_maxima,17,17,True,block_04,0.04631262060646655
no_direct_relation,exceedances,left_to_right_maxima,17,17,True,final_norm,0.05926679283436553
no_direct_relation,exceedances,left_to_right_maxima,17,42,False,embedding,0.5237089467458563
no_direct_relation,exceedances,left_to_right_maxima,17,42,False,block_01,0.26256084347229913
no_direct_relation,exceedances,left_to_right_maxima,17,42,False,block_02,0.26280592833701627
no_direct_relation,exceedances,left_to_right_maxima,17,42,False,block_03,0.13275495227239456
no_direct_relation,exceedances,left_to_right_maxima,17,42,False,block_04,0.04993271054601991
no_direct_relation,exceedances,left_to_right_maxima,17,42,False,final_norm,0.06267457938609577
no_direct_relation,exceedances,left_to_right_maxima,17,101,False,embedding,0.6670987622497286
no_direct_relation,exceedances,left_to_right_maxima,17,101,False,block_01,0.1508105200817047
no_direct_relation,exceedances,left_to_right_maxima,17,101,False,block_02,0.13776930157650508
no_direct_relation,exceedances,left_to_right_maxima,17,101,False,block_03,0.08708009235041853
no_direct_relation,exceedances,left_to_right_maxima,17,101,False,block_04,0.03696775571361739
no_direct_relation,exceedances,left_to_right_maxima,17,101,False,final_norm,0.04303880932981135
no_direct_relation,exceedances,left_to_right_maxima,42,17,False,embedding,0.5551081140381781
no_direct_relation,exceedances,left_to_right_maxima,42,17,False,block_01,0.1705794468146018
no_direct_relation,exceedances,left_to_right_maxima,42,17,False,block_02,0.17493733700077518
no_direct_relation,exceedances,left_to_right_maxima,42,17,False,block_03,0.10211218963425114
no_direct_relation,exceedances,left_to_right_maxima,42,17,False,block_04,0.05609684863299831
no_direct_relation,exceedances,left_to_right_maxima,42,17,False,final_norm,0.0658256807289684
no_direct_relation,exceedances,left_to_right_maxima,42,42,True,embedding,0.5723977258625692
no_direct_relation,exceedances,left_to_right_maxima,42,42,True,block_01,0.19848512298948215
no_direct_relation,exceedances,left_to_right_maxima,42,42,True,block_02,0.20734419801055148
no_direct_relation,exceedances,left_to_right_maxima,42,42,True,block_03,0.11323634059945242
no_direct_relation,exceedances,left_to_right_maxima,42,42,True,block_04,0.058563845306745486
no_direct_relation,exceedances,left_to_right_maxima,42,42,True,final_norm,0.06904801127746492
no_direct_relation,exceedances,left_to_right_maxima,42,101,False,embedding,0.6922441155590058
no_direct_relation,exceedances,left_to_right_maxima,42,101,False,block_01,0.125534085313984
no_direct_relation,exceedances,left_to_right_maxima,42,101,False,block_02,0.12442738699475091
no_direct_relation,exceedances,left_to_right_maxima,42,101,False,block_03,0.07613414473753387
no_direct_relation,exceedances,left_to_right_maxima,42,101,False,block_04,0.04520524206556081
no_direct_relation,exceedances,left_to_right_maxima,42,101,False,final_norm,0.04984983598754215
no_direct_relation,exceedances,left_to_right_maxima,101,17,False,embedding,0.5031419859350323
no_direct_relation,exceedances,left_to_right_maxima,101,17,False,block_01,0.20281799624644592
no_direct_relation,exceedances,left_to_right_maxima,101,17,False,block_02,0.20406498515040045
no_direct_relation,exceedances,left_to_right_maxima,101,17,False,block_03,0.12013716437382153
no_direct_relation,exceedances,left_to_right_maxima,101,17,False,block_04,0.06420563492115174
no_direct_relation,exceedances,left_to_right_maxima,101,17,False,final_norm,0.06580724547461998
no_direct_relation,exceedances,left_to_right_maxima,101,42,False,embedding,0.5265503506085542
no_direct_relation,exceedances,left_to_right_maxima,101,42,False,block_01,0.24370261653764907
no_direct_relation,exceedances,left_to_right_maxima,101,42,False,block_02,0.24442554035244773
no_direct_relation,exceedances,left_to_right_maxima,101,42,False,block_03,0.13620736794049476
no_direct_relation,exceedances,left_to_right_maxima,101,42,False,block_04,0.06975396898482383
no_direct_relation,exceedances,left_to_right_maxima,101,42,False,final_norm,0.0709227917909021
no_direct_relation,exceedances,left_to_right_maxima,101,101,True,embedding,0.6985127705245878
no_direct_relation,exceedances,left_to_right_maxima,101,101,True,block_01,0.13914734481666483
no_direct_relation,exceedances,left_to_right_maxima,101,101,True,block_02,0.13568379436515252
no_direct_relation,exceedances,left_to_right_maxima,101,101,True,block_03,0.09365314876703469
no_direct_relation,exceedances,left_to_right_maxima,101,101,True,block_04,0.05664583747780635
no_direct_relation,exceedances,left_to_right_maxima,101,101,True,final_norm,0.0535817945187707
no_direct_relation,exceedances,left_to_right_minima,17,17,True,embedding,0.662790576068771
no_direct_relation,exceedances,left_to_right_minima,17,17,True,block_01,0.2445966864713847
no_direct_relation,exceedances,left_to_right_minima,17,17,True,block_02,0.15196877204448503
no_direct_relation,exceedances,left_to_right_minima,17,17,True,block_03,0.10816803255528126
no_direct_relation,exceedances,left_to_right_minima,17,17,True,block_04,0.06532640745957309
no_direct_relation,exceedances,left_to_right_minima,17,17,True,final_norm,0.07379998265028298
no_direct_relation,exceedances,left_to_right_minima,17,42,False,embedding,0.6824305758815796
no_direct_relation,exceedances,left_to_right_minima,17,42,False,block_01,0.16022365494751808
no_direct_relation,exceedances,left_to_right_minima,17,42,False,block_02,0.13894604116848425
no_direct_relation,exceedances,left_to_right_minima,17,42,False,block_03,0.08742062992026768
no_direct_relation,exceedances,left_to_right_minima,17,42,False,block_04,0.03173444530426573
no_direct_relation,exceedances,left_to_right_minima,17,42,False,final_norm,0.03443882720205354
no_direct_relation,exceedances,left_to_right_minima,17,101,False,embedding,0.6168678887718347
no_direct_relation,exceedances,left_to_right_minima,17,101,False,block_01,0.15991894034150933
no_direct_relation,exceedances,left_to_right_minima,17,101,False,block_02,0.16863904844594158
no_direct_relation,exceedances,left_to_right_minima,17,101,False,block_03,0.1229544980489263
no_direct_relation,exceedances,left_to_right_minima,17,101,False,block_04,0.053982217738359116
no_direct_relation,exceedances,left_to_right_minima,17,101,False,final_norm,0.05743218440520391
no_direct_relation,exceedances,left_to_right_minima,42,17,False,embedding,0.6815505596665714
no_direct_relation,exceedances,left_to_right_minima,42,17,False,block_01,0.13225405770027482
no_direct_relation,exceedances,left_to_right_minima,42,17,False,block_02,0.10226555715895477
no_direct_relation,exceedances,left_to_right_minima,42,17,False,block_03,0.08385971671482191
no_direct_relation,exceedances,left_to_right_minima,42,17,False,block_04,0.05973313801630165
no_direct_relation,exceedances,left_to_right_minima,42,17,False,final_norm,0.07508862747779328
no_direct_relation,exceedances,left_to_right_minima,42,42,True,embedding,0.7129123349681408
no_direct_relation,exceedances,left_to_right_minima,42,42,True,block_01,0.09330148122132884
no_direct_relation,exceedances,left_to_right_minima,42,42,True,block_02,0.09610115812108225
no_direct_relation,exceedances,left_to_right_minima,42,42,True,block_03,0.06418677762616301
no_direct_relation,exceedances,left_to_right_minima,42,42,True,block_04,0.030573808637587647
no_direct_relation,exceedances,left_to_right_minima,42,42,True,final_norm,0.03594887810389364
no_direct_relation,exceedances,left_to_right_minima,42,101,False,embedding,0.6626589124251058
no_direct_relation,exceedances,left_to_right_minima,42,101,False,block_01,0.0996795989561831
no_direct_relation,exceedances,left_to_right_minima,42,101,False,block_02,0.12121245053268544
no_direct_relation,exceedances,left_to_right_minima,42,101,False,block_03,0.08766707757873299
no_direct_relation,exceedances,left_to_right_minima,42,101,False,block_04,0.05156798557310034
no_direct_relation,exceedances,left_to_right_minima,42,101,False,final_norm,0.062398278573342285
no_direct_relation,exceedances,left_to_right_minima,101,17,False,embedding,0.6791834964586503
no_direct_relation,exceedances,left_to_right_minima,101,17,False,block_01,0.2688267639739149
no_direct_relation,exceedances,left_to_right_minima,101,17,False,block_02,0.14213859891006234
no_direct_relation,exceedances,left_to_right_minima,101,17,False,block_03,0.10523363792222944
no_direct_relation,exceedances,left_to_right_minima,101,17,False,block_04,0.094818869168498
no_direct_relation,exceedances,left_to_right_minima,101,17,False,final_norm,0.08776447587944974
no_direct_relation,exceedances,left_to_right_minima,101,42,False,embedding,0.7072429759359193
no_direct_relation,exceedances,left_to_right_minima,101,42,False,block_01,0.19945521979745565
no_direct_relation,exceedances,left_to_right_minima,101,42,False,block_02,0.13365315744045633
no_direct_relation,exceedances,left_to_right_minima,101,42,False,block_03,0.09190855343530718
no_direct_relation,exceedances,left_to_right_minima,101,42,False,block_04,0.047022144400418124
no_direct_relation,exceedances,left_to_right_minima,101,42,False,final_norm,0.04213873869401498
no_direct_relation,exceedances,left_to_right_minima,101,101,True,embedding,0.6371928420696988
no_direct_relation,exceedances,left_to_right_minima,101,101,True,block_01,0.19532467449848429
no_direct_relation,exceedances,left_to_right_minima,101,101,True,block_02,0.15928746806263236
no_direct_relation,exceedances,left_to_right_minima,101,101,True,block_03,0.10657318832340393
no_direct_relation,exceedances,left_to_right_minima,101,101,True,block_04,0.06733348154836755
no_direct_relation,exceedances,left_to_right_minima,101,101,True,final_norm,0.05807684593015139
no_direct_relation,exceedances,global_descents,17,17,True,embedding,0.6527829645007606
no_direct_relation,exceedances,global_descents,17,17,True,block_01,0.26577806231156853
no_direct_relation,exceedances,global_descents,17,17,True,block_02,0.17566000760402292
no_direct_relation,exceedances,global_descents,17,17,True,block_03,0.09750931162096782
no_direct_relation,exceedances,global_descents,17,17,True,block_04,0.0715364631650439
no_direct_relation,exceedances,global_descents,17,17,True,final_norm,0.06924094567211712
no_direct_relation,exceedances,global_descents,17,42,False,embedding,0.6267330320885568
no_direct_relation,exceedances,global_descents,17,42,False,block_01,0.15160407297292228
no_direct_relation,exceedances,global_descents,17,42,False,block_02,0.1614614426455242
no_direct_relation,exceedances,global_descents,17,42,False,block_03,0.1169519610277415
no_direct_relation,exceedances,global_descents,17,42,False,block_04,0.04839800846887355
no_direct_relation,exceedances,global_descents,17,42,False,final_norm,0.03775195040875462
no_direct_relation,exceedances,global_descents,17,101,False,embedding,0.6013617085005598
no_direct_relation,exceedances,global_descents,17,101,False,block_01,0.06747517664705273
no_direct_relation,exceedances,global_descents,17,101,False,block_02,0.06774416565638369
no_direct_relation,exceedances,global_descents,17,101,False,block_03,0.06344365178952406
no_direct_relation,exceedances,global_descents,17,101,False,block_04,0.0348170417232204
no_direct_relation,exceedances,global_descents,17,101,False,final_norm,0.03856587037784406
no_direct_relation,exceedances,global_descents,42,17,False,embedding,0.6774874613511852
no_direct_relation,exceedances,global_descents,42,17,False,block_01,0.16958047367739038
no_direct_relation,exceedances,global_descents,42,17,False,block_02,0.1459174972339909
no_direct_relation,exceedances,global_descents,42,17,False,block_03,0.08279505525519429
no_direct_relation,exceedances,global_descents,42,17,False,block_04,0.07031155757534836
no_direct_relation,exceedances,global_descents,42,17,False,final_norm,0.08105912272000904
no_direct_relation,exceedances,global_descents,42,42,True,embedding,0.6340052191127007
no_direct_relation,exceedances,global_descents,42,42,True,block_01,0.09519981616616281
no_direct_relation,exceedances,global_descents,42,42,True,block_02,0.11055108186902746
no_direct_relation,exceedances,global_descents,42,42,True,block_03,0.08179621814140343
no_direct_relation,exceedances,global_descents,42,42,True,block_04,0.04773557581786172
no_direct_relation,exceedances,global_descents,42,42,True,final_norm,0.04216921595822677
no_direct_relation,exceedances,global_descents,42,101,False,embedding,0.5944901632060937
no_direct_relation,exceedances,global_descents,42,101,False,block_01,0.04779232250035894
no_direct_relation,exceedances,global_descents,42,101,False,block_02,0.05699398173970286
no_direct_relation,exceedances,global_descents,42,101,False,block_03,0.051555272993538494
no_direct_relation,exceedances,global_descents,42,101,False,block_04,0.03684153314205509
no_direct_relation,exceedances,global_descents,42,101,False,final_norm,0.04042999884087753
no_direct_relation,exceedances,global_descents,101,17,False,embedding,0.6688893604615246
no_direct_relation,exceedances,global_descents,101,17,False,block_01,0.2939571129166095
no_direct_relation,exceedances,global_descents,101,17,False,block_02,0.1845541329021221
no_direct_relation,exceedances,global_descents,101,17,False,block_03,0.10170620906839117
no_direct_relation,exceedances,global_descents,101,17,False,block_04,0.08723558368327074
no_direct_relation,exceedances,global_descents,101,17,False,final_norm,0.08105342211077998
no_direct_relation,exceedances,global_descents,101,42,False,embedding,0.6214012896782062
no_direct_relation,exceedances,global_descents,101,42,False,block_01,0.137339726667264
no_direct_relation,exceedances,global_descents,101,42,False,block_02,0.13251367813208342
no_direct_relation,exceedances,global_descents,101,42,False,block_03,0.09625536981148183
no_direct_relation,exceedances,global_descents,101,42,False,block_04,0.058131399982301685
no_direct_relation,exceedances,global_descents,101,42,False,final_norm,0.03751300558536479
no_direct_relation,exceedances,global_descents,101,101,True,embedding,0.6241020982376578
no_direct_relation,exceedances,global_descents,101,101,True,block_01,0.06659510000110923
no_direct_relation,exceedances,global_descents,101,101,True,block_02,0.07565410850879223
no_direct_relation,exceedances,global_descents,101,101,True,block_03,0.07474437697074501
no_direct_relation,exceedances,global_descents,101,101,True,block_04,0.05924795852258016
no_direct_relation,exceedances,global_descents,101,101,True,final_norm,0.04882257533987791
no_direct_relation,exceedances,components,17,17,True,embedding,0.7741329380236881
no_direct_relation,exceedances,components,17,17,True,block_01,0.34484682299270614
no_direct_relation,exceedances,components,17,17,True,block_02,0.11956891070809408
no_direct_relation,exceedances,components,17,17,True,block_03,0.08892956087555698
no_direct_relation,exceedances,components,17,17,True,block_04,0.0526733635344531
no_direct_relation,exceedances,components,17,17,True,final_norm,0.04535398912947899
no_direct_relation,exceedances,components,17,42,False,embedding,0.73757730343766
no_direct_relation,exceedances,components,17,42,False,block_01,0.4624813869095974
no_direct_relation,exceedances,components,17,42,False,block_02,0.12286887988222986
no_direct_relation,exceedances,components,17,42,False,block_03,0.09589444849148819
no_direct_relation,exceedances,components,17,42,False,block_04,0.04403827856228307
no_direct_relation,exceedances,components,17,42,False,final_norm,0.03710315461188316
no_direct_relation,exceedances,components,17,101,False,embedding,0.7415056001594101
no_direct_relation,exceedances,components,17,101,False,block_01,0.24750819621218087
no_direct_relation,exceedances,components,17,101,False,block_02,0.1360211464517123
no_direct_relation,exceedances,components,17,101,False,block_03,0.09082240582357115
no_direct_relation,exceedances,components,17,101,False,block_04,0.053241648461113525
no_direct_relation,exceedances,components,17,101,False,final_norm,0.041011737975779755
no_direct_relation,exceedances,components,42,17,False,embedding,0.763965518432149
no_direct_relation,exceedances,components,42,17,False,block_01,0.2381102178337744
no_direct_relation,exceedances,components,42,17,False,block_02,0.0911549768161485
no_direct_relation,exceedances,components,42,17,False,block_03,0.06763396273418085
no_direct_relation,exceedances,components,42,17,False,block_04,0.04545224083132304
no_direct_relation,exceedances,components,42,17,False,final_norm,0.043241685350591905
no_direct_relation,exceedances,components,42,42,True,embedding,0.7528028892444221
no_direct_relation,exceedances,components,42,42,True,block_01,0.387645313578527
no_direct_relation,exceedances,components,42,42,True,block_02,0.09248816417923562
no_direct_relation,exceedances,components,42,42,True,block_03,0.07259302523862543
no_direct_relation,exceedances,components,42,42,True,block_04,0.040347358856433944
no_direct_relation,exceedances,components,42,42,True,final_norm,0.037349627252804496
no_direct_relation,exceedances,components,42,101,False,embedding,0.7503584352914572
no_direct_relation,exceedances,components,42,101,False,block_01,0.17189792581369734
no_direct_relation,exceedances,components,42,101,False,block_02,0.10401598133854005
no_direct_relation,exceedances,components,42,101,False,block_03,0.06991062018614291
no_direct_relation,exceedances,components,42,101,False,block_04,0.050170603659949624
no_direct_relation,exceedances,components,42,101,False,final_norm,0.04192762190425757
no_direct_relation,exceedances,components,101,17,False,embedding,0.7510619232353877
no_direct_relation,exceedances,components,101,17,False,block_01,0.28447028278649095
no_direct_relation,exceedances,components,101,17,False,block_02,0.09531089555262602
no_direct_relation,exceedances,components,101,17,False,block_03,0.0687726192059094
no_direct_relation,exceedances,components,101,17,False,block_04,0.049462941521866116
no_direct_relation,exceedances,components,101,17,False,final_norm,0.040186557424656336
no_direct_relation,exceedances,components,101,42,False,embedding,0.7267661213806315
no_direct_relation,exceedances,components,101,42,False,block_01,0.48616744063830475
no_direct_relation,exceedances,components,101,42,False,block_02,0.09839120283639544
no_direct_relation,exceedances,components,101,42,False,block_03,0.0783060796411655
no_direct_relation,exceedances,components,101,42,False,block_04,0.0444972692828417
no_direct_relation,exceedances,components,101,42,False,final_norm,0.0347663585629245
no_direct_relation,exceedances,components,101,101,True,embedding,0.7523051211133774
no_direct_relation,exceedances,components,101,101,True,block_01,0.15978806986239222
no_direct_relation,exceedances,components,101,101,True,block_02,0.10804766996105451
no_direct_relation,exceedances,components,101,101,True,block_03,0.07132881421276263
no_direct_relation,exceedances,components,101,101,True,block_04,0.05231574686125163
no_direct_relation,exceedances,components,101,101,True,final_norm,0.03792188609763877
no_direct_relation,deficiencies,lis_length,17,17,True,embedding,0.8516165891160945
no_direct_relation,deficiencies,lis_length,17,17,True,block_01,0.5850464902412071
no_direct_relation,deficiencies,lis_length,17,17,True,block_02,0.2895317598301708
no_direct_relation,deficiencies,lis_length,17,17,True,block_03,0.26501424349383584
no_direct_relation,deficiencies,lis_length,17,17,True,block_04,0.22316242582621676
no_direct_relation,deficiencies,lis_length,17,17,True,final_norm,0.19766110469312578
no_direct_relation,deficiencies,lis_length,17,42,False,embedding,0.8615983516298045
no_direct_relation,deficiencies,lis_length,17,42,False,block_01,0.3373482615344653
no_direct_relation,deficiencies,lis_length,17,42,False,block_02,0.26011771764326846
no_direct_relation,deficiencies,lis_length,17,42,False,block_03,0.29461973836859595
no_direct_relation,deficiencies,lis_length,17,42,False,block_04,0.19167723346570367
no_direct_relation,deficiencies,lis_length,17,42,False,final_norm,0.18288076454998278
no_direct_relation,deficiencies,lis_length,17,101,False,embedding,0.8582647777191678
no_direct_relation,deficiencies,lis_length,17,101,False,block_01,0.5251776356592062
no_direct_relation,deficiencies,lis_length,17,101,False,block_02,0.2319761435950092
no_direct_relation,deficiencies,lis_length,17,101,False,block_03,0.2833791804012772
no_direct_relation,deficiencies,lis_length,17,101,False,block_04,0.16742209151183085
no_direct_relation,deficiencies,lis_length,17,101,False,final_norm,0.15713295896521517
no_direct_relation,deficiencies,lis_length,42,17,False,embedding,0.8281597889685731
no_direct_relation,deficiencies,lis_length,42,17,False,block_01,0.5010308979529693
no_direct_relation,deficiencies,lis_length,42,17,False,block_02,0.3571881351859848
no_direct_relation,deficiencies,lis_length,42,17,False,block_03,0.2760246959157734
no_direct_relation,deficiencies,lis_length,42,17,False,block_04,0.17048988031057485
no_direct_relation,deficiencies,lis_length,42,17,False,final_norm,0.1584356951382448
no_direct_relation,deficiencies,lis_length,42,42,True,embedding,0.8530274912999959
no_direct_relation,deficiencies,lis_length,42,42,True,block_01,0.3486458126659925
no_direct_relation,deficiencies,lis_length,42,42,True,block_02,0.33346196282360796
no_direct_relation,deficiencies,lis_length,42,42,True,block_03,0.3086094086921819
no_direct_relation,deficiencies,lis_length,42,42,True,block_04,0.16394395844746512
no_direct_relation,deficiencies,lis_length,42,42,True,final_norm,0.14130332349671407
no_direct_relation,deficiencies,lis_length,42,101,False,embedding,0.8397077737348175
no_direct_relation,deficiencies,lis_length,42,101,False,block_01,0.4587874821579948
no_direct_relation,deficiencies,lis_length,42,101,False,block_02,0.3117029008867423
no_direct_relation,deficiencies,lis_length,42,101,False,block_03,0.3004634472293253
no_direct_relation,deficiencies,lis_length,42,101,False,block_04,0.1405214058520411
no_direct_relation,deficiencies,lis_length,42,101,False,final_norm,0.12139226491300953
no_direct_relation,deficiencies,lis_length,101,17,False,embedding,0.7971805490700952
no_direct_relation,deficiencies,lis_length,101,17,False,block_01,0.690263937804555
no_direct_relation,deficiencies,lis_length,101,17,False,block_02,0.35890306602971433
no_direct_relation,deficiencies,lis_length,101,17,False,block_03,0.38690027596067283
no_direct_relation,deficiencies,lis_length,101,17,False,block_04,0.21857853076721773
no_direct_relation,deficiencies,lis_length,101,17,False,final_norm,0.20176556687364333
no_direct_relation,deficiencies,lis_length,101,42,False,embedding,0.8225091293880731
no_direct_relation,deficiencies,lis_length,101,42,False,block_01,0.43105662661127636
no_direct_relation,deficiencies,lis_length,101,42,False,block_02,0.3037174709073521
no_direct_relation,deficiencies,lis_length,101,42,False,block_03,0.4023197133217083
no_direct_relation,deficiencies,lis_length,101,42,False,block_04,0.19772569691067932
no_direct_relation,deficiencies,lis_length,101,42,False,final_norm,0.18733671034282806
no_direct_relation,deficiencies,lis_length,101,101,True,embedding,0.8235902691416102
no_direct_relation,deficiencies,lis_length,101,101,True,block_01,0.5958008649585476
no_direct_relation,deficiencies,lis_length,101,101,True,block_02,0.28217390841578543
no_direct_relation,deficiencies,lis_length,101,101,True,block_03,0.3958301301624915
no_direct_relation,deficiencies,lis_length,101,101,True,block_04,0.17550197170117712
no_direct_relation,deficiencies,lis_length,101,101,True,final_norm,0.1617182574868982
no_direct_relation,deficiencies,lds_length,17,17,True,embedding,0.8260736913273024
no_direct_relation,deficiencies,lds_length,17,17,True,block_01,0.7301051398012389
no_direct_relation,deficiencies,lds_length,17,17,True,block_02,0.6260670548732041
no_direct_relation,deficiencies,lds_length,17,17,True,block_03,0.42321560536726255
no_direct_relation,deficiencies,lds_length,17,17,True,block_04,0.15152797636288437
no_direct_relation,deficiencies,lds_length,17,17,True,final_norm,0.1258761232513529
no_direct_relation,deficiencies,lds_length,17,42,False,embedding,0.8181247785777475
no_direct_relation,deficiencies,lds_length,17,42,False,block_01,0.6958447484313792
no_direct_relation,deficiencies,lds_length,17,42,False,block_02,0.5781417529136254
no_direct_relation,deficiencies,lds_length,17,42,False,block_03,0.43370961558164756
no_direct_relation,deficiencies,lds_length,17,42,False,block_04,0.1461881323711241
no_direct_relation,deficiencies,lds_length,17,42,False,final_norm,0.12427943054764719
no_direct_relation,deficiencies,lds_length,17,101,False,embedding,0.8409182451626136
no_direct_relation,deficiencies,lds_length,17,101,False,block_01,0.7528357315474663
no_direct_relation,deficiencies,lds_length,17,101,False,block_02,0.6151835059832518
no_direct_relation,deficiencies,lds_length,17,101,False,block_03,0.41963004731727066
no_direct_relation,deficiencies,lds_length,17,101,False,block_04,0.14251678056060618
no_direct_relation,deficiencies,lds_length,17,101,False,final_norm,0.12640683387197826
no_direct_relation,deficiencies,lds_length,42,17,False,embedding,0.8106316585484964
no_direct_relation,deficiencies,lds_length,42,17,False,block_01,0.589434083658084
no_direct_relation,deficiencies,lds_length,42,17,False,block_02,0.600117436055534
no_direct_relation,deficiencies,lds_length,42,17,False,block_03,0.43251506909527543
no_direct_relation,deficiencies,lds_length,42,17,False,block_04,0.12484616544680613
no_direct_relation,deficiencies,lds_length,42,17,False,final_norm,0.10629801183885648
no_direct_relation,deficiencies,lds_length,42,42,True,embedding,0.8146772165909263
no_direct_relation,deficiencies,lds_length,42,42,True,block_01,0.6208743783581698
no_direct_relation,deficiencies,lds_length,42,42,True,block_02,0.6509918060098727
no_direct_relation,deficiencies,lds_length,42,42,True,block_03,0.419068705539642
no_direct_relation,deficiencies,lds_length,42,42,True,block_04,0.12412836523382743
no_direct_relation,deficiencies,lds_length,42,42,True,final_norm,0.1029722882712425
no_direct_relation,deficiencies,lds_length,42,101,False,embedding,0.8334477443285669
no_direct_relation,deficiencies,lds_length,42,101,False,block_01,0.6462701867808469
no_direct_relation,deficiencies,lds_length,42,101,False,block_02,0.6639312106419458
no_direct_relation,deficiencies,lds_length,42,101,False,block_03,0.3969941858583996
no_direct_relation,deficiencies,lds_length,42,101,False,block_04,0.10833529746082585
no_direct_relation,deficiencies,lds_length,42,101,False,final_norm,0.10092651717304012
no_direct_relation,deficiencies,lds_length,101,17,False,embedding,0.7923217894806791
no_direct_relation,deficiencies,lds_length,101,17,False,block_01,0.8064221717519863
no_direct_relation,deficiencies,lds_length,101,17,False,block_02,0.7085015799791596
no_direct_relation,deficiencies,lds_length,101,17,False,block_03,0.5138931672628207
no_direct_relation,deficiencies,lds_length,101,17,False,block_04,0.15677686768613502
no_direct_relation,deficiencies,lds_length,101,17,False,final_norm,0.13918972848153416
no_direct_relation,deficiencies,lds_length,101,42,False,embedding,0.7743327379344859
no_direct_relation,deficiencies,lds_length,101,42,False,block_01,0.7587985657639327
no_direct_relation,deficiencies,lds_length,101,42,False,block_02,0.7212679782298282
no_direct_relation,deficiencies,lds_length,101,42,False,block_03,0.5481447561060471
no_direct_relation,deficiencies,lds_length,101,42,False,block_04,0.15683329495676637
no_direct_relation,deficiencies,lds_length,101,42,False,final_norm,0.13954529786797612
no_direct_relation,deficiencies,lds_length,101,101,True,embedding,0.7855005016877129
no_direct_relation,deficiencies,lds_length,101,101,True,block_01,0.8092533551495515
no_direct_relation,deficiencies,lds_length,101,101,True,block_02,0.7481614754160762
no_direct_relation,deficiencies,lds_length,101,101,True,block_03,0.540697974910655
no_direct_relation,deficiencies,lds_length,101,101,True,block_04,0.1518253525812148
no_direct_relation,deficiencies,lds_length,101,101,True,final_norm,0.1411760360637185
no_direct_relation,deficiencies,longest_increasing_run,17,17,True,embedding,0.7981939574478637
no_direct_relation,deficiencies,longest_increasing_run,17,17,True,block_01,0.3286207176257259
no_direct_relation,deficiencies,longest_increasing_run,17,17,True,block_02,0.3626057965695758
no_direct_relation,deficiencies,longest_increasing_run,17,17,True,block_03,0.21382600574441618
no_direct_relation,deficiencies,longest_increasing_run,17,17,True,block_04,0.06771084633940545
no_direct_relation,deficiencies,longest_increasing_run,17,17,True,final_norm,0.07133566124577005
no_direct_relation,deficiencies,longest_increasing_run,17,42,False,embedding,0.6254284595203706
no_direct_relation,deficiencies,longest_increasing_run,17,42,False,block_01,0.4730134707989256
no_direct_relation,deficiencies,longest_increasing_run,17,42,False,block_02,0.3724375365524943
no_direct_relation,deficiencies,longest_increasing_run,17,42,False,block_03,0.1657941578380222
no_direct_relation,deficiencies,longest_increasing_run,17,42,False,block_04,0.09540291221779644
no_direct_relation,deficiencies,longest_increasing_run,17,42,False,final_norm,0.0890092134596759
no_direct_relation,deficiencies,longest_increasing_run,17,101,False,embedding,0.6562483905579951
no_direct_relation,deficiencies,longest_increasing_run,17,101,False,block_01,0.47953552065366223
no_direct_relation,deficiencies,longest_increasing_run,17,101,False,block_02,0.39301235798976053
no_direct_relation,deficiencies,longest_increasing_run,17,101,False,block_03,0.2422295652566348
no_direct_relation,deficiencies,longest_increasing_run,17,101,False,block_04,0.10553223540142048
no_direct_relation,deficiencies,longest_increasing_run,17,101,False,final_norm,0.08551383593690064
no_direct_relation,deficiencies,longest_increasing_run,42,17,False,embedding,0.7819664449286432
no_direct_relation,deficiencies,longest_increasing_run,42,17,False,block_01,0.2977185209458123
no_direct_relation,deficiencies,longest_increasing_run,42,17,False,block_02,0.4666983957182758
no_direct_relation,deficiencies,longest_increasing_run,42,17,False,block_03,0.23032904849015876
no_direct_relation,deficiencies,longest_increasing_run,42,17,False,block_04,0.050635846912087744
no_direct_relation,deficiencies,longest_increasing_run,42,17,False,final_norm,0.05613866261781232
no_direct_relation,deficiencies,longest_increasing_run,42,42,True,embedding,0.6335370821007689
no_direct_relation,deficiencies,longest_increasing_run,42,42,True,block_01,0.38426059635782006
no_direct_relation,deficiencies,longest_increasing_run,42,42,True,block_02,0.4717952573717924
no_direct_relation,deficiencies,longest_increasing_run,42,42,True,block_03,0.17593360322695456
no_direct_relation,deficiencies,longest_increasing_run,42,42,True,block_04,0.0711061247899058
no_direct_relation,deficiencies,longest_increasing_run,42,42,True,final_norm,0.06616344040792682
no_direct_relation,deficiencies,longest_increasing_run,42,101,False,embedding,0.674174106317748
no_direct_relation,deficiencies,longest_increasing_run,42,101,False,block_01,0.40610507268978924
no_direct_relation,deficiencies,longest_increasing_run,42,101,False,block_02,0.5036661179319382
no_direct_relation,deficiencies,longest_increasing_run,42,101,False,block_03,0.2759375663100521
no_direct_relation,deficiencies,longest_increasing_run,42,101,False,block_04,0.0827308008889598
no_direct_relation,deficiencies,longest_increasing_run,42,101,False,final_norm,0.06397203055305947
no_direct_relation,deficiencies,longest_increasing_run,101,17,False,embedding,0.7652153428725224
no_direct_relation,deficiencies,longest_increasing_run,101,17,False,block_01,0.47796018669839946
no_direct_relation,deficiencies,longest_increasing_run,101,17,False,block_02,0.5022183751757965
no_direct_relation,deficiencies,longest_increasing_run,101,17,False,block_03,0.31530445549503255
no_direct_relation,deficiencies,longest_increasing_run,101,17,False,block_04,0.06668110425436471
no_direct_relation,deficiencies,longest_increasing_run,101,17,False,final_norm,0.07491980365078654
no_direct_relation,deficiencies,longest_increasing_run,101,42,False,embedding,0.579520231901423
no_direct_relation,deficiencies,longest_increasing_run,101,42,False,block_01,0.6521910948456994
no_direct_relation,deficiencies,longest_increasing_run,101,42,False,block_02,0.5406933021195178
no_direct_relation,deficiencies,longest_increasing_run,101,42,False,block_03,0.23554409820646421
no_direct_relation,deficiencies,longest_increasing_run,101,42,False,block_04,0.09253848574740257
no_direct_relation,deficiencies,longest_increasing_run,101,42,False,final_norm,0.09115211704116875
no_direct_relation,deficiencies,longest_increasing_run,101,101,True,embedding,0.6284105789248298
no_direct_relation,deficiencies,longest_increasing_run,101,101,True,block_01,0.6932385276292008
no_direct_relation,deficiencies,longest_increasing_run,101,101,True,block_02,0.5830017549560405
no_direct_relation,deficiencies,longest_increasing_run,101,101,True,block_03,0.3702979788895103
no_direct_relation,deficiencies,longest_increasing_run,101,101,True,block_04,0.10237730732876459
no_direct_relation,deficiencies,longest_increasing_run,101,101,True,final_norm,0.0877558238170226
no_direct_relation,deficiencies,longest_decreasing_run,17,17,True,embedding,0.758931379897694
no_direct_relation,deficiencies,longest_decreasing_run,17,17,True,block_01,0.4352232797838583
no_direct_relation,deficiencies,longest_decreasing_run,17,17,True,block_02,0.3675840668202151
no_direct_relation,deficiencies,longest_decreasing_run,17,17,True,block_03,0.19871635252790115
no_direct_relation,deficiencies,longest_decreasing_run,17,17,True,block_04,0.07124540580333612
no_direct_relation,deficiencies,longest_decreasing_run,17,17,True,final_norm,0.07132596018535192
no_direct_relation,deficiencies,longest_decreasing_run,17,42,False,embedding,0.746355515037647
no_direct_relation,deficiencies,longest_decreasing_run,17,42,False,block_01,0.35114237418364136
no_direct_relation,deficiencies,longest_decreasing_run,17,42,False,block_02,0.33707897634735423
no_direct_relation,deficiencies,longest_decreasing_run,17,42,False,block_03,0.212451626995473
no_direct_relation,deficiencies,longest_decreasing_run,17,42,False,block_04,0.0739889892344979
no_direct_relation,deficiencies,longest_decreasing_run,17,42,False,final_norm,0.07203326886365558
no_direct_relation,deficiencies,longest_decreasing_run,17,101,False,embedding,0.7288855450304595
no_direct_relation,deficiencies,longest_decreasing_run,17,101,False,block_01,0.4437609818166059
no_direct_relation,deficiencies,longest_decreasing_run,17,101,False,block_02,0.388107076514022
no_direct_relation,deficiencies,longest_decreasing_run,17,101,False,block_03,0.242353132898096
no_direct_relation,deficiencies,longest_decreasing_run,17,101,False,block_04,0.08581993441380976
no_direct_relation,deficiencies,longest_decreasing_run,17,101,False,final_norm,0.06717562448210211
no_direct_relation,deficiencies,longest_decreasing_run,42,17,False,embedding,0.7581584497795341
no_direct_relation,deficiencies,longest_decreasing_run,42,17,False,block_01,0.3778105133887993
no_direct_relation,deficiencies,longest_decreasing_run,42,17,False,block_02,0.429165364213682
no_direct_relation,deficiencies,longest_decreasing_run,42,17,False,block_03,0.19990309513594176
no_direct_relation,deficiencies,longest_decreasing_run,42,17,False,block_04,0.05921222309662269
no_direct_relation,deficiencies,longest_decreasing_run,42,17,False,final_norm,0.060757826346470194
no_direct_relation,deficiencies,longest_decreasing_run,42,42,True,embedding,0.7531594149435602
no_direct_relation,deficiencies,longest_decreasing_run,42,42,True,block_01,0.2837740660788268
no_direct_relation,deficiencies,longest_decreasing_run,42,42,True,block_02,0.41260967325172265
no_direct_relation,deficiencies,longest_decreasing_run,42,42,True,block_03,0.2196776466483226
no_direct_relation,deficiencies,longest_decreasing_run,42,42,True,block_04,0.061229717161311405
no_direct_relation,deficiencies,longest_decreasing_run,42,42,True,final_norm,0.06008971703886845
no_direct_relation,deficiencies,longest_decreasing_run,42,101,False,embedding,0.7252600435815789
no_direct_relation,deficiencies,longest_decreasing_run,42,101,False,block_01,0.4702005392493855
no_direct_relation,deficiencies,longest_decreasing_run,42,101,False,block_02,0.46682617836148815
no_direct_relation,deficiencies,longest_decreasing_run,42,101,False,block_03,0.24689413036520658
no_direct_relation,deficiencies,longest_decreasing_run,42,101,False,block_04,0.07684859958286204
no_direct_relation,deficiencies,longest_decreasing_run,42,101,False,final_norm,0.06018654254337647
no_direct_relation,deficiencies,longest_decreasing_run,101,17,False,embedding,0.7062366560406322
no_direct_relation,deficiencies,longest_decreasing_run,101,17,False,block_01,0.5262141565720027
no_direct_relation,deficiencies,longest_decreasing_run,101,17,False,block_02,0.5003403967057538
no_direct_relation,deficiencies,longest_decreasing_run,101,17,False,block_03,0.273084806379563
no_direct_relation,deficiencies,longest_decreasing_run,101,17,False,block_04,0.06887972879494413
no_direct_relation,deficiencies,longest_decreasing_run,101,17,False,final_norm,0.07445935282300824
no_direct_relation,deficiencies,longest_decreasing_run,101,42,False,embedding,0.7088332974240452
no_direct_relation,deficiencies,longest_decreasing_run,101,42,False,block_01,0.48968860838909173
no_direct_relation,deficiencies,longest_decreasing_run,101,42,False,block_02,0.4849810078402655
no_direct_relation,deficiencies,longest_decreasing_run,101,42,False,block_03,0.31141692888985334
no_direct_relation,deficiencies,longest_decreasing_run,101,42,False,block_04,0.07233591918311685
no_direct_relation,deficiencies,longest_decreasing_run,101,42,False,final_norm,0.07645208725910617
no_direct_relation,deficiencies,longest_decreasing_run,101,101,True,embedding,0.6759718742419397
no_direct_relation,deficiencies,longest_decreasing_run,101,101,True,block_01,0.6344350115021058
no_direct_relation,deficiencies,longest_decreasing_run,101,101,True,block_02,0.5394051731210621
no_direct_relation,deficiencies,longest_decreasing_run,101,101,True,block_03,0.33016323088808797
no_direct_relation,deficiencies,longest_decreasing_run,101,101,True,block_04,0.08145581124968251
no_direct_relation,deficiencies,longest_decreasing_run,101,101,True,final_norm,0.07032250414033397
no_direct_relation,deficiencies,left_to_right_maxima,17,17,True,embedding,0.5717581779057648
no_direct_relation,deficiencies,left_to_right_maxima,17,17,True,block_01,0.22286722371505907
no_direct_relation,deficiencies,left_to_right_maxima,17,17,True,block_02,0.1834343944880263
no_direct_relation,deficiencies,left_to_right_maxima,17,17,True,block_03,0.09224650058627974
no_direct_relation,deficiencies,left_to_right_maxima,17,17,True,block_04,0.0507140104138693
no_direct_relation,deficiencies,left_to_right_maxima,17,17,True,final_norm,0.050321017840302726
no_direct_relation,deficiencies,left_to_right_maxima,17,42,False,embedding,0.5742448843743881
no_direct_relation,deficiencies,left_to_right_maxima,17,42,False,block_01,0.24265383072348568
no_direct_relation,deficiencies,left_to_right_maxima,17,42,False,block_02,0.20569486243121574
no_direct_relation,deficiencies,left_to_right_maxima,17,42,False,block_03,0.09877948131141173
no_direct_relation,deficiencies,left_to_right_maxima,17,42,False,block_04,0.049622227002144484
no_direct_relation,deficiencies,left_to_right_maxima,17,42,False,final_norm,0.05171598351978548
no_direct_relation,deficiencies,left_to_right_maxima,17,101,False,embedding,0.7133960658908212
no_direct_relation,deficiencies,left_to_right_maxima,17,101,False,block_01,0.16423980191406276
no_direct_relation,deficiencies,left_to_right_maxima,17,101,False,block_02,0.12741963762981998
no_direct_relation,deficiencies,left_to_right_maxima,17,101,False,block_03,0.06994869223511092
no_direct_relation,deficiencies,left_to_right_maxima,17,101,False,block_04,0.04298544814051988
no_direct_relation,deficiencies,left_to_right_maxima,17,101,False,final_norm,0.04249685060092592
no_direct_relation,deficiencies,left_to_right_maxima,42,17,False,embedding,0.5793191418157302
no_direct_relation,deficiencies,left_to_right_maxima,42,17,False,block_01,0.19077000023264706
no_direct_relation,deficiencies,left_to_right_maxima,42,17,False,block_02,0.2056947072911823
no_direct_relation,deficiencies,left_to_right_maxima,42,17,False,block_03,0.09268575120711953
no_direct_relation,deficiencies,left_to_right_maxima,42,17,False,block_04,0.03964069476194456
no_direct_relation,deficiencies,left_to_right_maxima,42,17,False,final_norm,0.03805238472257398
no_direct_relation,deficiencies,left_to_right_maxima,42,42,True,embedding,0.5950715757020016
no_direct_relation,deficiencies,left_to_right_maxima,42,42,True,block_01,0.21437477459311285
no_direct_relation,deficiencies,left_to_right_maxima,42,42,True,block_02,0.23900893452111122
no_direct_relation,deficiencies,left_to_right_maxima,42,42,True,block_03,0.10078110972117107
no_direct_relation,deficiencies,left_to_right_maxima,42,42,True,block_04,0.041236485292319235
no_direct_relation,deficiencies,left_to_right_maxima,42,42,True,final_norm,0.04049390256674686
no_direct_relation,deficiencies,left_to_right_maxima,42,101,False,embedding,0.7113323850224059
no_direct_relation,deficiencies,left_to_right_maxima,42,101,False,block_01,0.12976203599478392
no_direct_relation,deficiencies,left_to_right_maxima,42,101,False,block_02,0.11715287376416833
no_direct_relation,deficiencies,left_to_right_maxima,42,101,False,block_03,0.06165777408061402
no_direct_relation,deficiencies,left_to_right_maxima,42,101,False,block_04,0.031603221101885695
no_direct_relation,deficiencies,left_to_right_maxima,42,101,False,final_norm,0.030078678530125944
no_direct_relation,deficiencies,left_to_right_maxima,101,17,False,embedding,0.5384072360385113
no_direct_relation,deficiencies,left_to_right_maxima,101,17,False,block_01,0.25820329664452674
no_direct_relation,deficiencies,left_to_right_maxima,101,17,False,block_02,0.23278695409816194
no_direct_relation,deficiencies,left_to_right_maxima,101,17,False,block_03,0.12861417896899796
no_direct_relation,deficiencies,left_to_right_maxima,101,17,False,block_04,0.05093119102129045
no_direct_relation,deficiencies,left_to_right_maxima,101,17,False,final_norm,0.0528459633878309
no_direct_relation,deficiencies,left_to_right_maxima,101,42,False,embedding,0.5387497697852849
no_direct_relation,deficiencies,left_to_right_maxima,101,42,False,block_01,0.2815520218090844
no_direct_relation,deficiencies,left_to_right_maxima,101,42,False,block_02,0.266040134836788
no_direct_relation,deficiencies,left_to_right_maxima,101,42,False,block_03,0.13890659137098835
no_direct_relation,deficiencies,left_to_right_maxima,101,42,False,block_04,0.05286664276257016
no_direct_relation,deficiencies,left_to_right_maxima,101,42,False,final_norm,0.05547564639623292
no_direct_relation,deficiencies,left_to_right_maxima,101,101,True,embedding,0.6941386729752862
no_direct_relation,deficiencies,left_to_right_maxima,101,101,True,block_01,0.15713334979591526
no_direct_relation,deficiencies,left_to_right_maxima,101,101,True,block_02,0.1405050316788361
no_direct_relation,deficiencies,left_to_right_maxima,101,101,True,block_03,0.09055761621243917
no_direct_relation,deficiencies,left_to_right_maxima,101,101,True,block_04,0.04420541356626232
no_direct_relation,deficiencies,left_to_right_maxima,101,101,True,final_norm,0.044568604649372325
no_direct_relation,deficiencies,left_to_right_minima,17,17,True,embedding,0.7010669160965508
no_direct_relation,deficiencies,left_to_right_minima,17,17,True,block_01,0.194348693179314
no_direct_relation,deficiencies,left_to_right_minima,17,17,True,block_02,0.13428665793482433
no_direct_relation,deficiencies,left_to_right_minima,17,17,True,block_03,0.08915080972945719
no_direct_relation,deficiencies,left_to_right_minima,17,17,True,block_04,0.07451346070985164
no_direct_relation,deficiencies,left_to_right_minima,17,17,True,final_norm,0.07019468290469666
no_direct_relation,deficiencies,left_to_right_minima,17,42,False,embedding,0.7404117332151722
no_direct_relation,deficiencies,left_to_right_minima,17,42,False,block_01,0.132931021567454
no_direct_relation,deficiencies,left_to_right_minima,17,42,False,block_02,0.11337126125342754
no_direct_relation,deficiencies,left_to_right_minima,17,42,False,block_03,0.06885186926660598
no_direct_relation,deficiencies,left_to_right_minima,17,42,False,block_04,0.03851156734797529
no_direct_relation,deficiencies,left_to_right_minima,17,42,False,final_norm,0.034383689742857174
no_direct_relation,deficiencies,left_to_right_minima,17,101,False,embedding,0.662949849897613
no_direct_relation,deficiencies,left_to_right_minima,17,101,False,block_01,0.1426511590563462
no_direct_relation,deficiencies,left_to_right_minima,17,101,False,block_02,0.18537211264088485
no_direct_relation,deficiencies,left_to_right_minima,17,101,False,block_03,0.09942485998165546
no_direct_relation,deficiencies,left_to_right_minima,17,101,False,block_04,0.05738144467383502
no_direct_relation,deficiencies,left_to_right_minima,17,101,False,final_norm,0.052996294205953275
no_direct_relation,deficiencies,left_to_right_minima,42,17,False,embedding,0.710051436797522
no_direct_relation,deficiencies,left_to_right_minima,42,17,False,block_01,0.18916169339003996
no_direct_relation,deficiencies,left_to_right_minima,42,17,False,block_02,0.15317601554963572
no_direct_relation,deficiencies,left_to_right_minima,42,17,False,block_03,0.09498332220804885
no_direct_relation,deficiencies,left_to_right_minima,42,17,False,block_04,0.0728097923714343
no_direct_relation,deficiencies,left_to_right_minima,42,17,False,final_norm,0.06739393135130259
no_direct_relation,deficiencies,left_to_right_minima,42,42,True,embedding,0.7595056727412808
no_direct_relation,deficiencies,left_to_right_minima,42,42,True,block_01,0.18535172706488715
no_direct_relation,deficiencies,left_to_right_minima,42,42,True,block_02,0.15603094513706822
no_direct_relation,deficiencies,left_to_right_minima,42,42,True,block_03,0.08677321956359044
no_direct_relation,deficiencies,left_to_right_minima,42,42,True,block_04,0.03819491308127415
no_direct_relation,deficiencies,left_to_right_minima,42,42,True,final_norm,0.03127797440948188
no_direct_relation,deficiencies,left_to_right_minima,42,101,False,embedding,0.6804485393312146
no_direct_relation,deficiencies,left_to_right_minima,42,101,False,block_01,0.2932553144888169
no_direct_relation,deficiencies,left_to_right_minima,42,101,False,block_02,0.2002433381255924
no_direct_relation,deficiencies,left_to_right_minima,42,101,False,block_03,0.11070336596874929
no_direct_relation,deficiencies,left_to_right_minima,42,101,False,block_04,0.05885787547254891
no_direct_relation,deficiencies,left_to_right_minima,42,101,False,final_norm,0.044813157602698515
no_direct_relation,deficiencies,left_to_right_minima,101,17,False,embedding,0.6756258935207643
no_direct_relation,deficiencies,left_to_right_minima,101,17,False,block_01,0.2810714055813333
no_direct_relation,deficiencies,left_to_right_minima,101,17,False,block_02,0.16685824631945925
no_direct_relation,deficiencies,left_to_right_minima,101,17,False,block_03,0.12429648687867004
no_direct_relation,deficiencies,left_to_right_minima,101,17,False,block_04,0.0807185168546971
no_direct_relation,deficiencies,left_to_right_minima,101,17,False,final_norm,0.07469300266481561
no_direct_relation,deficiencies,left_to_right_minima,101,42,False,embedding,0.701079658978412
no_direct_relation,deficiencies,left_to_right_minima,101,42,False,block_01,0.22495375075745988
no_direct_relation,deficiencies,left_to_right_minima,101,42,False,block_02,0.14583787913244506
no_direct_relation,deficiencies,left_to_right_minima,101,42,False,block_03,0.0926175887759964
no_direct_relation,deficiencies,left_to_right_minima,101,42,False,block_04,0.03865400581138647
no_direct_relation,deficiencies,left_to_right_minima,101,42,False,final_norm,0.036688681265585735
no_direct_relation,deficiencies,left_to_right_minima,101,101,True,embedding,0.6547009366260205
no_direct_relation,deficiencies,left_to_right_minima,101,101,True,block_01,0.15333080077139136
no_direct_relation,deficiencies,left_to_right_minima,101,101,True,block_02,0.17147713846087462
no_direct_relation,deficiencies,left_to_right_minima,101,101,True,block_03,0.12580925556724779
no_direct_relation,deficiencies,left_to_right_minima,101,101,True,block_04,0.060205605263432174
no_direct_relation,deficiencies,left_to_right_minima,101,101,True,final_norm,0.05490165893182349
no_direct_relation,deficiencies,global_descents,17,17,True,embedding,0.6633596290611592
no_direct_relation,deficiencies,global_descents,17,17,True,block_01,0.27472792730040274
no_direct_relation,deficiencies,global_descents,17,17,True,block_02,0.21977818963402587
no_direct_relation,deficiencies,global_descents,17,17,True,block_03,0.1005823483331574
no_direct_relation,deficiencies,global_descents,17,17,True,block_04,0.08387798347683825
no_direct_relation,deficiencies,global_descents,17,17,True,final_norm,0.07740953716279537
no_direct_relation,deficiencies,global_descents,17,42,False,embedding,0.6510977825842503
no_direct_relation,deficiencies,global_descents,17,42,False,block_01,0.11732415117934396
no_direct_relation,deficiencies,global_descents,17,42,False,block_02,0.15056409503158474
no_direct_relation,deficiencies,global_descents,17,42,False,block_03,0.09387088755031217
no_direct_relation,deficiencies,global_descents,17,42,False,block_04,0.0613994675805553
no_direct_relation,deficiencies,global_descents,17,42,False,final_norm,0.040962480113183014
no_direct_relation,deficiencies,global_descents,17,101,False,embedding,0.6356568935155162
no_direct_relation,deficiencies,global_descents,17,101,False,block_01,0.06554992951062896
no_direct_relation,deficiencies,global_descents,17,101,False,block_02,0.05766988154089484
no_direct_relation,deficiencies,global_descents,17,101,False,block_03,0.05177401438149504
no_direct_relation,deficiencies,global_descents,17,101,False,block_04,0.05622145047861155
no_direct_relation,deficiencies,global_descents,17,101,False,final_norm,0.04832227393888577
no_direct_relation,deficiencies,global_descents,42,17,False,embedding,0.6543937503546857
no_direct_relation,deficiencies,global_descents,42,17,False,block_01,0.26846051647817754
no_direct_relation,deficiencies,global_descents,42,17,False,block_02,0.19475236371431665
no_direct_relation,deficiencies,global_descents,42,17,False,block_03,0.10005845612903146
no_direct_relation,deficiencies,global_descents,42,17,False,block_04,0.07175496308919602
no_direct_relation,deficiencies,global_descents,42,17,False,final_norm,0.06111586515398688
no_direct_relation,deficiencies,global_descents,42,42,True,embedding,0.673590745972659
no_direct_relation,deficiencies,global_descents,42,42,True,block_01,0.12687482372074574
no_direct_relation,deficiencies,global_descents,42,42,True,block_02,0.14963315102142527
no_direct_relation,deficiencies,global_descents,42,42,True,block_03,0.08782643805807225
no_direct_relation,deficiencies,global_descents,42,42,True,block_04,0.04992667025738411
no_direct_relation,deficiencies,global_descents,42,42,True,final_norm,0.02961148338876734
no_direct_relation,deficiencies,global_descents,42,101,False,embedding,0.620509559485286
no_direct_relation,deficiencies,global_descents,42,101,False,block_01,0.05099637128285424
no_direct_relation,deficiencies,global_descents,42,101,False,block_02,0.08660707312996753
no_direct_relation,deficiencies,global_descents,42,101,False,block_03,0.06767804670602502
no_direct_relation,deficiencies,global_descents,42,101,False,block_04,0.057799093338919555
no_direct_relation,deficiencies,global_descents,42,101,False,final_norm,0.04428087492748741
no_direct_relation,deficiencies,global_descents,101,17,False,embedding,0.6750315613124253
no_direct_relation,deficiencies,global_descents,101,17,False,block_01,0.2864957932744757
no_direct_relation,deficiencies,global_descents,101,17,False,block_02,0.21615757500557573
no_direct_relation,deficiencies,global_descents,101,17,False,block_03,0.1195386101365632
no_direct_relation,deficiencies,global_descents,101,17,False,block_04,0.08795866682302315
no_direct_relation,deficiencies,global_descents,101,17,False,final_norm,0.07643207351242248
no_direct_relation,deficiencies,global_descents,101,42,False,embedding,0.6349204481609755
no_direct_relation,deficiencies,global_descents,101,42,False,block_01,0.15664011179302142
no_direct_relation,deficiencies,global_descents,101,42,False,block_02,0.1697413329938064
no_direct_relation,deficiencies,global_descents,101,42,False,block_03,0.12785656584185412
no_direct_relation,deficiencies,global_descents,101,42,False,block_04,0.06387703607702541
no_direct_relation,deficiencies,global_descents,101,42,False,final_norm,0.039950230916147515
no_direct_relation,deficiencies,global_descents,101,101,True,embedding,0.6283003224908194
no_direct_relation,deficiencies,global_descents,101,101,True,block_01,0.07676159098709026
no_direct_relation,deficiencies,global_descents,101,101,True,block_02,0.08033247516974
no_direct_relation,deficiencies,global_descents,101,101,True,block_03,0.07847331733342418
no_direct_relation,deficiencies,global_descents,101,101,True,block_04,0.052715131350516864
no_direct_relation,deficiencies,global_descents,101,101,True,final_norm,0.04388469767951665
no_direct_relation,deficiencies,components,17,17,True,embedding,0.8224460149795404
no_direct_relation,deficiencies,components,17,17,True,block_01,0.3376716340203195
no_direct_relation,deficiencies,components,17,17,True,block_02,0.09746036271546892
no_direct_relation,deficiencies,components,17,17,True,block_03,0.06929237390478497
no_direct_relation,deficiencies,components,17,17,True,block_04,0.05538090406058456
no_direct_relation,deficiencies,components,17,17,True,final_norm,0.03760650966143286
no_direct_relation,deficiencies,components,17,42,False,embedding,0.7666571621437782
no_direct_relation,deficiencies,components,17,42,False,block_01,0.4109268926041773
no_direct_relation,deficiencies,components,17,42,False,block_02,0.09670623253959686
no_direct_relation,deficiencies,components,17,42,False,block_03,0.07631723162462939
no_direct_relation,deficiencies,components,17,42,False,block_04,0.04910169711924246
no_direct_relation,deficiencies,components,17,42,False,final_norm,0.03273874983940068
no_direct_relation,deficiencies,components,17,101,False,embedding,0.7873722516262727
no_direct_relation,deficiencies,components,17,101,False,block_01,0.23615027003881706
no_direct_relation,deficiencies,components,17,101,False,block_02,0.11139259887271688
no_direct_relation,deficiencies,components,17,101,False,block_03,0.07068671729287859
no_direct_relation,deficiencies,components,17,101,False,block_04,0.05774257014735128
no_direct_relation,deficiencies,components,17,101,False,final_norm,0.03592724717819297
no_direct_relation,deficiencies,components,42,17,False,embedding,0.8008244707128278
no_direct_relation,deficiencies,components,42,17,False,block_01,0.2945929903895674
no_direct_relation,deficiencies,components,42,17,False,block_02,0.09600890973448949
no_direct_relation,deficiencies,components,42,17,False,block_03,0.0555696580899615
no_direct_relation,deficiencies,components,42,17,False,block_04,0.03705776439668907
no_direct_relation,deficiencies,components,42,17,False,final_norm,0.027509582544564596
no_direct_relation,deficiencies,components,42,42,True,embedding,0.7653155950303518
no_direct_relation,deficiencies,components,42,42,True,block_01,0.41890568917242604
no_direct_relation,deficiencies,components,42,42,True,block_02,0.10397672844356652
no_direct_relation,deficiencies,components,42,42,True,block_03,0.06470522040121081
no_direct_relation,deficiencies,components,42,42,True,block_04,0.03222238953427497
no_direct_relation,deficiencies,components,42,42,True,final_norm,0.023396425291170562
no_direct_relation,deficiencies,components,42,101,False,embedding,0.7844412647439566
no_direct_relation,deficiencies,components,42,101,False,block_01,0.20249581832160768
no_direct_relation,deficiencies,components,42,101,False,block_02,0.11831558510643023
no_direct_relation,deficiencies,components,42,101,False,block_03,0.06340233367468201
no_direct_relation,deficiencies,components,42,101,False,block_04,0.03863663393196584
no_direct_relation,deficiencies,components,42,101,False,final_norm,0.026066110276618
no_direct_relation,deficiencies,components,101,17,False,embedding,0.7674987377212296
no_direct_relation,deficiencies,components,101,17,False,block_01,0.3307808699076438
no_direct_relation,deficiencies,components,101,17,False,block_02,0.11110934257401847
no_direct_relation,deficiencies,components,101,17,False,block_03,0.08105311273715446
no_direct_relation,deficiencies,components,101,17,False,block_04,0.04998288946877257
no_direct_relation,deficiencies,components,101,17,False,final_norm,0.04010575218128456
no_direct_relation,deficiencies,components,101,42,False,embedding,0.7449449334541314
no_direct_relation,deficiencies,components,101,42,False,block_01,0.5201890241103438
no_direct_relation,deficiencies,components,101,42,False,block_02,0.11568557087534903
no_direct_relation,deficiencies,components,101,42,False,block_03,0.09758608746398603
no_direct_relation,deficiencies,components,101,42,False,block_04,0.04505175098075088
no_direct_relation,deficiencies,components,101,42,False,final_norm,0.03437377719969862
no_direct_relation,deficiencies,components,101,101,True,embedding,0.7758014843231501
no_direct_relation,deficiencies,components,101,101,True,block_01,0.24462610618376632
no_direct_relation,deficiencies,components,101,101,True,block_02,0.1320684066299882
no_direct_relation,deficiencies,components,101,101,True,block_03,0.08967290247306338
no_direct_relation,deficiencies,components,101,101,True,block_04,0.05421185831379905
no_direct_relation,deficiencies,components,101,101,True,final_norm,0.038347037990129854
direct_relation,lis_length,lds_length,17,17,True,embedding,0.9048552125539417
direct_relation,lis_length,lds_length,17,17,True,block_01,0.7548728193854921
direct_relation,lis_length,lds_length,17,17,True,block_02,0.29223448355528253
direct_relation,lis_length,lds_length,17,17,True,block_03,0.34308136878225565
direct_relation,lis_length,lds_length,17,17,True,block_04,0.13443162968070094
direct_relation,lis_length,lds_length,17,17,True,final_norm,0.10658773241860506
direct_relation,lis_length,lds_length,17,42,False,embedding,0.9197382024470263
direct_relation,lis_length,lds_length,17,42,False,block_01,0.6345993679735163
direct_relation,lis_length,lds_length,17,42,False,block_02,0.4247832273169963
direct_relation,lis_length,lds_length,17,42,False,block_03,0.45329873083432287
direct_relation,lis_length,lds_length,17,42,False,block_04,0.15556039608110658
direct_relation,lis_length,lds_length,17,42,False,final_norm,0.1280530743258334
direct_relation,lis_length,lds_length,17,101,False,embedding,0.9294669468990753
direct_relation,lis_length,lds_length,17,101,False,block_01,0.6934156878425337
direct_relation,lis_length,lds_length,17,101,False,block_02,0.4647347388618819
direct_relation,lis_length,lds_length,17,101,False,block_03,0.462244632392246
direct_relation,lis_length,lds_length,17,101,False,block_04,0.15087718653195617
direct_relation,lis_length,lds_length,17,101,False,final_norm,0.13783952460728996
direct_relation,lis_length,lds_length,42,17,False,embedding,0.8924595399184473
direct_relation,lis_length,lds_length,42,17,False,block_01,0.4520302220464926
direct_relation,lis_length,lds_length,42,17,False,block_02,0.22201132842010715
direct_relation,lis_length,lds_length,42,17,False,block_03,0.3413625967441615
direct_relation,lis_length,lds_length,42,17,False,block_04,0.11199696912439437
direct_relation,lis_length,lds_length,42,17,False,final_norm,0.10607391446806909
direct_relation,lis_length,lds_length,42,42,True,embedding,0.9311218580020563
direct_relation,lis_length,lds_length,42,42,True,block_01,0.4108448115809336
direct_relation,lis_length,lds_length,42,42,True,block_02,0.34581505797500384
direct_relation,lis_length,lds_length,42,42,True,block_03,0.46746212310989743
direct_relation,lis_length,lds_length,42,42,True,block_04,0.1351173656736359
direct_relation,lis_length,lds_length,42,42,True,final_norm,0.12436275622295599
direct_relation,lis_length,lds_length,42,101,False,embedding,0.9164493324789301
direct_relation,lis_length,lds_length,42,101,False,block_01,0.45155826881833383
direct_relation,lis_length,lds_length,42,101,False,block_02,0.39456334159794876
direct_relation,lis_length,lds_length,42,101,False,block_03,0.4747497725553723
direct_relation,lis_length,lds_length,42,101,False,block_04,0.13098488098197122
direct_relation,lis_length,lds_length,42,101,False,final_norm,0.13167092441660908
direct_relation,lis_length,lds_length,101,17,False,embedding,0.8990947774773271
direct_relation,lis_length,lds_length,101,17,False,block_01,0.6715377037030774
direct_relation,lis_length,lds_length,101,17,False,block_02,0.21767947490657247
direct_relation,lis_length,lds_length,101,17,False,block_03,0.34340900169126937
direct_relation,lis_length,lds_length,101,17,False,block_04,0.11299863642271207
direct_relation,lis_length,lds_length,101,17,False,final_norm,0.09948097910067644
direct_relation,lis_length,lds_length,101,42,False,embedding,0.9209120586990103
direct_relation,lis_length,lds_length,101,42,False,block_01,0.5759409477507405
direct_relation,lis_length,lds_length,101,42,False,block_02,0.3378624022299104
direct_relation,lis_length,lds_length,101,42,False,block_03,0.4733705182120677
direct_relation,lis_length,lds_length,101,42,False,block_04,0.12482120424139075
direct_relation,lis_length,lds_length,101,42,False,final_norm,0.11154619857282781
direct_relation,lis_length,lds_length,101,101,True,embedding,0.9269867954003309
direct_relation,lis_length,lds_length,101,101,True,block_01,0.6128528422624746
direct_relation,lis_length,lds_length,101,101,True,block_02,0.3664350374910634
direct_relation,lis_length,lds_length,101,101,True,block_03,0.4779768133220181
direct_relation,lis_length,lds_length,101,101,True,block_04,0.12011766811828951
direct_relation,lis_length,lds_length,101,101,True,final_norm,0.11274205197140273
no_direct_relation,lis_length,longest_increasing_run,17,17,True,embedding,0.8631210362961514
no_direct_relation,lis_length,longest_increasing_run,17,17,True,block_01,0.4496509902434873
no_direct_relation,lis_length,longest_increasing_run,17,17,True,block_02,0.45183004985939706
no_direct_relation,lis_length,longest_increasing_run,17,17,True,block_03,0.5717013372743245
no_direct_relation,lis_length,longest_increasing_run,17,17,True,block_04,0.21060596002692752
no_direct_relation,lis_length,longest_increasing_run,17,17,True,final_norm,0.2636495075660195
no_direct_relation,lis_length,longest_increasing_run,17,42,False,embedding,0.7914480568541381
no_direct_relation,lis_length,longest_increasing_run,17,42,False,block_01,0.6140164928556422
no_direct_relation,lis_length,longest_increasing_run,17,42,False,block_02,0.46654023511279635
no_direct_relation,lis_length,longest_increasing_run,17,42,False,block_03,0.35527826405172863
no_direct_relation,lis_length,longest_increasing_run,17,42,False,block_04,0.3032479715325482
no_direct_relation,lis_length,longest_increasing_run,17,42,False,final_norm,0.3249658944598843
no_direct_relation,lis_length,longest_increasing_run,17,101,False,embedding,0.8130186135780523
no_direct_relation,lis_length,longest_increasing_run,17,101,False,block_01,0.6584234665980193
no_direct_relation,lis_length,longest_increasing_run,17,101,False,block_02,0.5117111522341311
no_direct_relation,lis_length,longest_increasing_run,17,101,False,block_03,0.6282704984218437
no_direct_relation,lis_length,longest_increasing_run,17,101,False,block_04,0.336490444006368
no_direct_relation,lis_length,longest_increasing_run,17,101,False,final_norm,0.3123442020531193
no_direct_relation,lis_length,longest_increasing_run,42,17,False,embedding,0.8622657615946961
no_direct_relation,lis_length,longest_increasing_run,42,17,False,block_01,0.30981506733877917
no_direct_relation,lis_length,longest_increasing_run,42,17,False,block_02,0.39946221112690283
no_direct_relation,lis_length,longest_increasing_run,42,17,False,block_03,0.5122922899275262
no_direct_relation,lis_length,longest_increasing_run,42,17,False,block_04,0.1663246183011964
no_direct_relation,lis_length,longest_increasing_run,42,17,False,final_norm,0.20758107529006217
no_direct_relation,lis_length,longest_increasing_run,42,42,True,embedding,0.7777188256961178
no_direct_relation,lis_length,longest_increasing_run,42,42,True,block_01,0.3956628362390164
no_direct_relation,lis_length,longest_increasing_run,42,42,True,block_02,0.4036543232935978
no_direct_relation,lis_length,longest_increasing_run,42,42,True,block_03,0.3469371678927425
no_direct_relation,lis_length,longest_increasing_run,42,42,True,block_04,0.2581722187151816
no_direct_relation,lis_length,longest_increasing_run,42,42,True,final_norm,0.27224887518338636
no_direct_relation,lis_length,longest_increasing_run,42,101,False,embedding,0.805949750253763
no_direct_relation,lis_length,longest_increasing_run,42,101,False,block_01,0.45426685194849525
no_direct_relation,lis_length,longest_increasing_run,42,101,False,block_02,0.4366598908790929
no_direct_relation,lis_length,longest_increasing_run,42,101,False,block_03,0.586953408619348
no_direct_relation,lis_length,longest_increasing_run,42,101,False,block_04,0.2922850053571101
no_direct_relation,lis_length,longest_increasing_run,42,101,False,final_norm,0.2597628291327312
no_direct_relation,lis_length,longest_increasing_run,101,17,False,embedding,0.838282911763411
no_direct_relation,lis_length,longest_increasing_run,101,17,False,block_01,0.41414847855995574
no_direct_relation,lis_length,longest_increasing_run,101,17,False,block_02,0.36964900028681597
no_direct_relation,lis_length,longest_increasing_run,101,17,False,block_03,0.5241962531979869
no_direct_relation,lis_length,longest_increasing_run,101,17,False,block_04,0.12227075899643108
no_direct_relation,lis_length,longest_increasing_run,101,17,False,final_norm,0.13372368033888046
no_direct_relation,lis_length,longest_increasing_run,101,42,False,embedding,0.7652300931410183
no_direct_relation,lis_length,longest_increasing_run,101,42,False,block_01,0.5466516849158476
no_direct_relation,lis_length,longest_increasing_run,101,42,False,block_02,0.37300451955383496
no_direct_relation,lis_length,longest_increasing_run,101,42,False,block_03,0.3545724711143033
no_direct_relation,lis_length,longest_increasing_run,101,42,False,block_04,0.16831833581636974
no_direct_relation,lis_length,longest_increasing_run,101,42,False,final_norm,0.1630387775365888
no_direct_relation,lis_length,longest_increasing_run,101,101,True,embedding,0.8097554383284679
no_direct_relation,lis_length,longest_increasing_run,101,101,True,block_01,0.5804811830586506
no_direct_relation,lis_length,longest_increasing_run,101,101,True,block_02,0.4115801669863219
no_direct_relation,lis_length,longest_increasing_run,101,101,True,block_03,0.5932273847477931
no_direct_relation,lis_length,longest_increasing_run,101,101,True,block_04,0.19127168334423297
no_direct_relation,lis_length,longest_increasing_run,101,101,True,final_norm,0.1613230172441186
no_direct_relation,lis_length,longest_decreasing_run,17,17,True,embedding,0.844746138718346
no_direct_relation,lis_length,longest_decreasing_run,17,17,True,block_01,0.46453523091339716
no_direct_relation,lis_length,longest_decreasing_run,17,17,True,block_02,0.29544856962559296
no_direct_relation,lis_length,longest_decreasing_run,17,17,True,block_03,0.2703483063045151
no_direct_relation,lis_length,longest_decreasing_run,17,17,True,block_04,0.09768881678206068
no_direct_relation,lis_length,longest_decreasing_run,17,17,True,final_norm,0.10867637378127355
no_direct_relation,lis_length,longest_decreasing_run,17,42,False,embedding,0.8130410336802538
no_direct_relation,lis_length,longest_decreasing_run,17,42,False,block_01,0.466326187665019
no_direct_relation,lis_length,longest_decreasing_run,17,42,False,block_02,0.30896808201093307
no_direct_relation,lis_length,longest_decreasing_run,17,42,False,block_03,0.3554277355865439
no_direct_relation,lis_length,longest_decreasing_run,17,42,False,block_04,0.12728825899237392
no_direct_relation,lis_length,longest_decreasing_run,17,42,False,final_norm,0.13182680189236187
no_direct_relation,lis_length,longest_decreasing_run,17,101,False,embedding,0.8748092742669412
no_direct_relation,lis_length,longest_decreasing_run,17,101,False,block_01,0.6291750973158888
no_direct_relation,lis_length,longest_decreasing_run,17,101,False,block_02,0.30179239256102136
no_direct_relation,lis_length,longest_decreasing_run,17,101,False,block_03,0.35270216170991925
no_direct_relation,lis_length,longest_decreasing_run,17,101,False,block_04,0.11535016568693865
no_direct_relation,lis_length,longest_decreasing_run,17,101,False,final_norm,0.10198889752402425
no_direct_relation,lis_length,longest_decreasing_run,42,17,False,embedding,0.8497837777378062
no_direct_relation,lis_length,longest_decreasing_run,42,17,False,block_01,0.3117924811889279
no_direct_relation,lis_length,longest_decreasing_run,42,17,False,block_02,0.20727372948539508
no_direct_relation,lis_length,longest_decreasing_run,42,17,False,block_03,0.2562685697871544
no_direct_relation,lis_length,longest_decreasing_run,42,17,False,block_04,0.07640596815463988
no_direct_relation,lis_length,longest_decreasing_run,42,17,False,final_norm,0.09195289492925512
no_direct_relation,lis_length,longest_decreasing_run,42,42,True,embedding,0.8547750973690649
no_direct_relation,lis_length,longest_decreasing_run,42,42,True,block_01,0.3192067714617099
no_direct_relation,lis_length,longest_decreasing_run,42,42,True,block_02,0.21989003043553298
no_direct_relation,lis_length,longest_decreasing_run,42,42,True,block_03,0.338689803962484
no_direct_relation,lis_length,longest_decreasing_run,42,42,True,block_04,0.09299535016982569
no_direct_relation,lis_length,longest_decreasing_run,42,42,True,final_norm,0.1104761757935847
no_direct_relation,lis_length,longest_decreasing_run,42,101,False,embedding,0.854503268477064
no_direct_relation,lis_length,longest_decreasing_run,42,101,False,block_01,0.436076982654729
no_direct_relation,lis_length,longest_decreasing_run,42,101,False,block_02,0.23619859106812305
no_direct_relation,lis_length,longest_decreasing_run,42,101,False,block_03,0.37179300105736807
no_direct_relation,lis_length,longest_decreasing_run,42,101,False,block_04,0.08954981268998119
no_direct_relation,lis_length,longest_decreasing_run,42,101,False,final_norm,0.08629214253603107
no_direct_relation,lis_length,longest_decreasing_run,101,17,False,embedding,0.8302376613052947
no_direct_relation,lis_length,longest_decreasing_run,101,17,False,block_01,0.44132196359881737
no_direct_relation,lis_length,longest_decreasing_run,101,17,False,block_02,0.21908488849174243
no_direct_relation,lis_length,longest_decreasing_run,101,17,False,block_03,0.2828586360898941
no_direct_relation,lis_length,longest_decreasing_run,101,17,False,block_04,0.061540774803377815
no_direct_relation,lis_length,longest_decreasing_run,101,17,False,final_norm,0.0670782698055423
no_direct_relation,lis_length,longest_decreasing_run,101,42,False,embedding,0.8261067041924829
no_direct_relation,lis_length,longest_decreasing_run,101,42,False,block_01,0.44224175666988585
no_direct_relation,lis_length,longest_decreasing_run,101,42,False,block_02,0.24034492727964057
no_direct_relation,lis_length,longest_decreasing_run,101,42,False,block_03,0.3527753848711176
no_direct_relation,lis_length,longest_decreasing_run,101,42,False,block_04,0.07546573186439559
no_direct_relation,lis_length,longest_decreasing_run,101,42,False,final_norm,0.07808410703502128
no_direct_relation,lis_length,longest_decreasing_run,101,101,True,embedding,0.8485479739586568
no_direct_relation,lis_length,longest_decreasing_run,101,101,True,block_01,0.5546202382356151
no_direct_relation,lis_length,longest_decreasing_run,101,101,True,block_02,0.23150172721865683
no_direct_relation,lis_length,longest_decreasing_run,101,101,True,block_03,0.3601405679502022
no_direct_relation,lis_length,longest_decreasing_run,101,101,True,block_04,0.06830616599651858
no_direct_relation,lis_length,longest_decreasing_run,101,101,True,final_norm,0.06140228713659056
no_direct_relation,lis_length,left_to_right_maxima,17,17,True,embedding,0.6535595050439404
no_direct_relation,lis_length,left_to_right_maxima,17,17,True,block_01,0.24707476630049496
no_direct_relation,lis_length,left_to_right_maxima,17,17,True,block_02,0.22020081159181423
no_direct_relation,lis_length,left_to_right_maxima,17,17,True,block_03,0.21980959922360618
no_direct_relation,lis_length,left_to_right_maxima,17,17,True,block_04,0.1505564000538825
no_direct_relation,lis_length,left_to_right_maxima,17,17,True,final_norm,0.17527938707858132
no_direct_relation,lis_length,left_to_right_maxima,17,42,False,embedding,0.6680653858904179
no_direct_relation,lis_length,left_to_right_maxima,17,42,False,block_01,0.2918039548182999
no_direct_relation,lis_length,left_to_right_maxima,17,42,False,block_02,0.2562333879125869
no_direct_relation,lis_length,left_to_right_maxima,17,42,False,block_03,0.24491189771913255
no_direct_relation,lis_length,left_to_right_maxima,17,42,False,block_04,0.15290169042210805
no_direct_relation,lis_length,left_to_right_maxima,17,42,False,final_norm,0.1764174485472601
no_direct_relation,lis_length,left_to_right_maxima,17,101,False,embedding,0.7495689474581326
no_direct_relation,lis_length,left_to_right_maxima,17,101,False,block_01,0.1611868408727177
no_direct_relation,lis_length,left_to_right_maxima,17,101,False,block_02,0.10979881136684895
no_direct_relation,lis_length,left_to_right_maxima,17,101,False,block_03,0.16275820326078042
no_direct_relation,lis_length,left_to_right_maxima,17,101,False,block_04,0.11269772750606344
no_direct_relation,lis_length,left_to_right_maxima,17,101,False,final_norm,0.12503787284903953
no_direct_relation,lis_length,left_to_right_maxima,42,17,False,embedding,0.6391740497266937
no_direct_relation,lis_length,left_to_right_maxima,42,17,False,block_01,0.14780782175732382
no_direct_relation,lis_length,left_to_right_maxima,42,17,False,block_02,0.18166320815294393
no_direct_relation,lis_length,left_to_right_maxima,42,17,False,block_03,0.21486901883132825
no_direct_relation,lis_length,left_to_right_maxima,42,17,False,block_04,0.13260430452043168
no_direct_relation,lis_length,left_to_right_maxima,42,17,False,final_norm,0.14728514117686037
no_direct_relation,lis_length,left_to_right_maxima,42,42,True,embedding,0.6735391180454106
no_direct_relation,lis_length,left_to_right_maxima,42,42,True,block_01,0.16880329621191428
no_direct_relation,lis_length,left_to_right_maxima,42,42,True,block_02,0.20831117349576073
no_direct_relation,lis_length,left_to_right_maxima,42,42,True,block_03,0.23464669431927818
no_direct_relation,lis_length,left_to_right_maxima,42,42,True,block_04,0.14027864619407784
no_direct_relation,lis_length,left_to_right_maxima,42,42,True,final_norm,0.1544632956670405
no_direct_relation,lis_length,left_to_right_maxima,42,101,False,embedding,0.750488153853017
no_direct_relation,lis_length,left_to_right_maxima,42,101,False,block_01,0.08737020324688562
no_direct_relation,lis_length,left_to_right_maxima,42,101,False,block_02,0.08392425748477779
no_direct_relation,lis_length,left_to_right_maxima,42,101,False,block_03,0.15615790001918875
no_direct_relation,lis_length,left_to_right_maxima,42,101,False,block_04,0.09985952113693289
no_direct_relation,lis_length,left_to_right_maxima,42,101,False,final_norm,0.11102060553750337
no_direct_relation,lis_length,left_to_right_maxima,101,17,False,embedding,0.6397301866455061
no_direct_relation,lis_length,left_to_right_maxima,101,17,False,block_01,0.21410252744982114
no_direct_relation,lis_length,left_to_right_maxima,101,17,False,block_02,0.17072077069400352
no_direct_relation,lis_length,left_to_right_maxima,101,17,False,block_03,0.2132687211807122
no_direct_relation,lis_length,left_to_right_maxima,101,17,False,block_04,0.09360338821036224
no_direct_relation,lis_length,left_to_right_maxima,101,17,False,final_norm,0.09823508530856065
no_direct_relation,lis_length,left_to_right_maxima,101,42,False,embedding,0.6752028435842331
no_direct_relation,lis_length,left_to_right_maxima,101,42,False,block_01,0.24590680387576094
no_direct_relation,lis_length,left_to_right_maxima,101,42,False,block_02,0.20202410563616224
no_direct_relation,lis_length,left_to_right_maxima,101,42,False,block_03,0.22812743577810768
no_direct_relation,lis_length,left_to_right_maxima,101,42,False,block_04,0.09646087652624614
no_direct_relation,lis_length,left_to_right_maxima,101,42,False,final_norm,0.10055912712299364
no_direct_relation,lis_length,left_to_right_maxima,101,101,True,embedding,0.7766965293677476
no_direct_relation,lis_length,left_to_right_maxima,101,101,True,block_01,0.14818977170909062
no_direct_relation,lis_length,left_to_right_maxima,101,101,True,block_02,0.08333024776673972
no_direct_relation,lis_length,left_to_right_maxima,101,101,True,block_03,0.15798726776944966
no_direct_relation,lis_length,left_to_right_maxima,101,101,True,block_04,0.07394869834320468
no_direct_relation,lis_length,left_to_right_maxima,101,101,True,final_norm,0.07868362345848694
no_direct_relation,lis_length,left_to_right_minima,17,17,True,embedding,0.7638727376304562
no_direct_relation,lis_length,left_to_right_minima,17,17,True,block_01,0.27734706330953657
no_direct_relation,lis_length,left_to_right_minima,17,17,True,block_02,0.22086616343324272
no_direct_relation,lis_length,left_to_right_minima,17,17,True,block_03,0.16630750003746628
no_direct_relation,lis_length,left_to_right_minima,17,17,True,block_04,0.1411761423558155
no_direct_relation,lis_length,left_to_right_minima,17,17,True,final_norm,0.1307933222743979
no_direct_relation,lis_length,left_to_right_minima,17,42,False,embedding,0.7780456274767308
no_direct_relation,lis_length,left_to_right_minima,17,42,False,block_01,0.2426009546679758
no_direct_relation,lis_length,left_to_right_minima,17,42,False,block_02,0.11713063493961971
no_direct_relation,lis_length,left_to_right_minima,17,42,False,block_03,0.10278334027681352
no_direct_relation,lis_length,left_to_right_minima,17,42,False,block_04,0.08155470163514753
no_direct_relation,lis_length,left_to_right_minima,17,42,False,final_norm,0.058258177556479246
no_direct_relation,lis_length,left_to_right_minima,17,101,False,embedding,0.7374710492406593
no_direct_relation,lis_length,left_to_right_minima,17,101,False,block_01,0.11484647209829477
no_direct_relation,lis_length,left_to_right_minima,17,101,False,block_02,0.119570332145041
no_direct_relation,lis_length,left_to_right_minima,17,101,False,block_03,0.11725871877431045
no_direct_relation,lis_length,left_to_right_minima,17,101,False,block_04,0.128073115864882
no_direct_relation,lis_length,left_to_right_minima,17,101,False,final_norm,0.0987177137622297
no_direct_relation,lis_length,left_to_right_minima,42,17,False,embedding,0.7336826297178284
no_direct_relation,lis_length,left_to_right_minima,42,17,False,block_01,0.22090285419183367
no_direct_relation,lis_length,left_to_right_minima,42,17,False,block_02,0.26949230838169325
no_direct_relation,lis_length,left_to_right_minima,42,17,False,block_03,0.1920292660456176
no_direct_relation,lis_length,left_to_right_minima,42,17,False,block_04,0.16369096492114613
no_direct_relation,lis_length,left_to_right_minima,42,17,False,final_norm,0.13760370589561519
no_direct_relation,lis_length,left_to_right_minima,42,42,True,embedding,0.7787310128485696
no_direct_relation,lis_length,left_to_right_minima,42,42,True,block_01,0.27361122147099176
no_direct_relation,lis_length,left_to_right_minima,42,42,True,block_02,0.1914189619951607
no_direct_relation,lis_length,left_to_right_minima,42,42,True,block_03,0.151500817109341
no_direct_relation,lis_length,left_to_right_minima,42,42,True,block_04,0.07970901580548934
no_direct_relation,lis_length,left_to_right_minima,42,42,True,final_norm,0.08088247255194485
no_direct_relation,lis_length,left_to_right_minima,42,101,False,embedding,0.738052181454573
no_direct_relation,lis_length,left_to_right_minima,42,101,False,block_01,0.11705833647127789
no_direct_relation,lis_length,left_to_right_minima,42,101,False,block_02,0.1754015652211269
no_direct_relation,lis_length,left_to_right_minima,42,101,False,block_03,0.18414602990428694
no_direct_relation,lis_length,left_to_right_minima,42,101,False,block_04,0.12476332428723097
no_direct_relation,lis_length,left_to_right_minima,42,101,False,final_norm,0.12361500248508794
no_direct_relation,lis_length,left_to_right_minima,101,17,False,embedding,0.749987842200759
no_direct_relation,lis_length,left_to_right_minima,101,17,False,block_01,0.21555862337944418
no_direct_relation,lis_length,left_to_right_minima,101,17,False,block_02,0.2436011394791345
no_direct_relation,lis_length,left_to_right_minima,101,17,False,block_03,0.17156882949284935
no_direct_relation,lis_length,left_to_right_minima,101,17,False,block_04,0.13612246479979623
no_direct_relation,lis_length,left_to_right_minima,101,17,False,final_norm,0.08998728081599344
no_direct_relation,lis_length,left_to_right_minima,101,42,False,embedding,0.7715869404181973
no_direct_relation,lis_length,left_to_right_minima,101,42,False,block_01,0.269363364378078
no_direct_relation,lis_length,left_to_right_minima,101,42,False,block_02,0.17648224682569738
no_direct_relation,lis_length,left_to_right_minima,101,42,False,block_03,0.12729561000364015
no_direct_relation,lis_length,left_to_right_minima,101,42,False,block_04,0.061054514374227535
no_direct_relation,lis_length,left_to_right_minima,101,42,False,final_norm,0.06142053361262864
no_direct_relation,lis_length,left_to_right_minima,101,101,True,embedding,0.7599875499575638
no_direct_relation,lis_length,left_to_right_minima,101,101,True,block_01,0.10078335181126571
no_direct_relation,lis_length,left_to_right_minima,101,101,True,block_02,0.1465587445971677
no_direct_relation,lis_length,left_to_right_minima,101,101,True,block_03,0.1373057437310035
no_direct_relation,lis_length,left_to_right_minima,101,101,True,block_04,0.0947454484219443
no_direct_relation,lis_length,left_to_right_minima,101,101,True,final_norm,0.08624397201287604
no_direct_relation,lis_length,global_descents,17,17,True,embedding,0.6499931053374461
no_direct_relation,lis_length,global_descents,17,17,True,block_01,0.21776822385252517
no_direct_relation,lis_length,global_descents,17,17,True,block_02,0.16340861639114246
no_direct_relation,lis_length,global_descents,17,17,True,block_03,0.17148394987607365
no_direct_relation,lis_length,global_descents,17,17,True,block_04,0.20166082063103433
no_direct_relation,lis_length,global_descents,17,17,True,final_norm,0.19693698868342613
no_direct_relation,lis_length,global_descents,17,42,False,embedding,0.6531801172497598
no_direct_relation,lis_length,global_descents,17,42,False,block_01,0.16868936696842124
no_direct_relation,lis_length,global_descents,17,42,False,block_02,0.2582307408658607
no_direct_relation,lis_length,global_descents,17,42,False,block_03,0.24109002366395213
no_direct_relation,lis_length,global_descents,17,42,False,block_04,0.15968457525376692
no_direct_relation,lis_length,global_descents,17,42,False,final_norm,0.12646330505567482
no_direct_relation,lis_length,global_descents,17,101,False,embedding,0.6073018231586387
no_direct_relation,lis_length,global_descents,17,101,False,block_01,0.07448176914952526
no_direct_relation,lis_length,global_descents,17,101,False,block_02,0.1434043605308402
no_direct_relation,lis_length,global_descents,17,101,False,block_03,0.18849842358852043
no_direct_relation,lis_length,global_descents,17,101,False,block_04,0.14150842767381636
no_direct_relation,lis_length,global_descents,17,101,False,final_norm,0.13366665578515
no_direct_relation,lis_length,global_descents,42,17,False,embedding,0.6579453282231527
no_direct_relation,lis_length,global_descents,42,17,False,block_01,0.2041199363308372
no_direct_relation,lis_length,global_descents,42,17,False,block_02,0.18157132880604457
no_direct_relation,lis_length,global_descents,42,17,False,block_03,0.18127953785594123
no_direct_relation,lis_length,global_descents,42,17,False,block_04,0.18403993092862816
no_direct_relation,lis_length,global_descents,42,17,False,final_norm,0.18108823271463684
no_direct_relation,lis_length,global_descents,42,42,True,embedding,0.678467291928448
no_direct_relation,lis_length,global_descents,42,42,True,block_01,0.13454994301359635
no_direct_relation,lis_length,global_descents,42,42,True,block_02,0.2664611469814212
no_direct_relation,lis_length,global_descents,42,42,True,block_03,0.23310210285923658
no_direct_relation,lis_length,global_descents,42,42,True,block_04,0.13175823299450368
no_direct_relation,lis_length,global_descents,42,42,True,final_norm,0.09606552809581526
no_direct_relation,lis_length,global_descents,42,101,False,embedding,0.6164371953798158
no_direct_relation,lis_length,global_descents,42,101,False,block_01,0.05121640466419194
no_direct_relation,lis_length,global_descents,42,101,False,block_02,0.14165612015361964
no_direct_relation,lis_length,global_descents,42,101,False,block_03,0.17199330634779922
no_direct_relation,lis_length,global_descents,42,101,False,block_04,0.12419520824381311
no_direct_relation,lis_length,global_descents,42,101,False,final_norm,0.10363752369920451
no_direct_relation,lis_length,global_descents,101,17,False,embedding,0.651080317178904
no_direct_relation,lis_length,global_descents,101,17,False,block_01,0.1665551877381654
no_direct_relation,lis_length,global_descents,101,17,False,block_02,0.16363999703378282
no_direct_relation,lis_length,global_descents,101,17,False,block_03,0.18695694649551042
no_direct_relation,lis_length,global_descents,101,17,False,block_04,0.15776744429341816
no_direct_relation,lis_length,global_descents,101,17,False,final_norm,0.1267366076317362
no_direct_relation,lis_length,global_descents,101,42,False,embedding,0.6701860025584522
no_direct_relation,lis_length,global_descents,101,42,False,block_01,0.1251253810235226
no_direct_relation,lis_length,global_descents,101,42,False,block_02,0.2082291763863697
no_direct_relation,lis_length,global_descents,101,42,False,block_03,0.21924158351846376
no_direct_relation,lis_length,global_descents,101,42,False,block_04,0.10267030993398053
no_direct_relation,lis_length,global_descents,101,42,False,final_norm,0.06001185537534862
no_direct_relation,lis_length,global_descents,101,101,True,embedding,0.6443563369513448
no_direct_relation,lis_length,global_descents,101,101,True,block_01,0.05875693270955846
no_direct_relation,lis_length,global_descents,101,101,True,block_02,0.14374288556417827
no_direct_relation,lis_length,global_descents,101,101,True,block_03,0.1888647320935185
no_direct_relation,lis_length,global_descents,101,101,True,block_04,0.10338541303104348
no_direct_relation,lis_length,global_descents,101,101,True,final_norm,0.06498377880323492
no_direct_relation,lis_length,components,17,17,True,embedding,0.8120028266537489
no_direct_relation,lis_length,components,17,17,True,block_01,0.24059464581419904
no_direct_relation,lis_length,components,17,17,True,block_02,0.06308270285733457
no_direct_relation,lis_length,components,17,17,True,block_03,0.05988101687266522
no_direct_relation,lis_length,components,17,17,True,block_04,0.08420138942742716
no_direct_relation,lis_length,components,17,17,True,final_norm,0.07016796929425997
no_direct_relation,lis_length,components,17,42,False,embedding,0.7691487517213148
no_direct_relation,lis_length,components,17,42,False,block_01,0.5491892053923789
no_direct_relation,lis_length,components,17,42,False,block_02,0.07626540142029599
no_direct_relation,lis_length,components,17,42,False,block_03,0.08975317760604468
no_direct_relation,lis_length,components,17,42,False,block_04,0.08177358291444428
no_direct_relation,lis_length,components,17,42,False,final_norm,0.06878711196957144
no_direct_relation,lis_length,components,17,101,False,embedding,0.8257068428086994
no_direct_relation,lis_length,components,17,101,False,block_01,0.16974233958379356
no_direct_relation,lis_length,components,17,101,False,block_02,0.07875781590463694
no_direct_relation,lis_length,components,17,101,False,block_03,0.07288023752090782
no_direct_relation,lis_length,components,17,101,False,block_04,0.10019697262361306
no_direct_relation,lis_length,components,17,101,False,final_norm,0.07659677590815765
no_direct_relation,lis_length,components,42,17,False,embedding,0.8140114741002682
no_direct_relation,lis_length,components,42,17,False,block_01,0.16362858220070625
no_direct_relation,lis_length,components,42,17,False,block_02,0.12163838457253277
no_direct_relation,lis_length,components,42,17,False,block_03,0.1332940993714211
no_direct_relation,lis_length,components,42,17,False,block_04,0.1176542976970249
no_direct_relation,lis_length,components,42,17,False,final_norm,0.10872239621538012
no_direct_relation,lis_length,components,42,42,True,embedding,0.8157718264058939
no_direct_relation,lis_length,components,42,42,True,block_01,0.36935980192180456
no_direct_relation,lis_length,components,42,42,True,block_02,0.12585828506475463
no_direct_relation,lis_length,components,42,42,True,block_03,0.15790993948873808
no_direct_relation,lis_length,components,42,42,True,block_04,0.11208755519364581
no_direct_relation,lis_length,components,42,42,True,final_norm,0.10004996419170008
no_direct_relation,lis_length,components,42,101,False,embedding,0.8203870162288194
no_direct_relation,lis_length,components,42,101,False,block_01,0.13922360155128535
no_direct_relation,lis_length,components,42,101,False,block_02,0.1302304345147376
no_direct_relation,lis_length,components,42,101,False,block_03,0.13436016020872643
no_direct_relation,lis_length,components,42,101,False,block_04,0.1270979304866162
no_direct_relation,lis_length,components,42,101,False,final_norm,0.10647078999585233
no_direct_relation,lis_length,components,101,17,False,embedding,0.8229958820010596
no_direct_relation,lis_length,components,101,17,False,block_01,0.20501786589533444
no_direct_relation,lis_length,components,101,17,False,block_02,0.09723643073464308
no_direct_relation,lis_length,components,101,17,False,block_03,0.09040524663508553
no_direct_relation,lis_length,components,101,17,False,block_04,0.06750312499456919
no_direct_relation,lis_length,components,101,17,False,final_norm,0.06014968541745901
no_direct_relation,lis_length,components,101,42,False,embedding,0.8014761367433424
no_direct_relation,lis_length,components,101,42,False,block_01,0.4862152796247722
no_direct_relation,lis_length,components,101,42,False,block_02,0.10300850311005408
no_direct_relation,lis_length,components,101,42,False,block_03,0.12305068245316993
no_direct_relation,lis_length,components,101,42,False,block_04,0.06544383026770609
no_direct_relation,lis_length,components,101,42,False,final_norm,0.057970373937840824
no_direct_relation,lis_length,components,101,101,True,embedding,0.8352768024319598
no_direct_relation,lis_length,components,101,101,True,block_01,0.21977609584432403
no_direct_relation,lis_length,components,101,101,True,block_02,0.10892281986430458
no_direct_relation,lis_length,components,101,101,True,block_03,0.09979148211529848
no_direct_relation,lis_length,components,101,101,True,block_04,0.07421698301504963
no_direct_relation,lis_length,components,101,101,True,final_norm,0.06267127029745978
no_direct_relation,lds_length,longest_increasing_run,17,17,True,embedding,0.8580845414641504
no_direct_relation,lds_length,longest_increasing_run,17,17,True,block_01,0.49959973527457807
no_direct_relation,lds_length,longest_increasing_run,17,17,True,block_02,0.4713066266510544
no_direct_relation,lds_length,longest_increasing_run,17,17,True,block_03,0.31046236968474333
no_direct_relation,lds_length,longest_increasing_run,17,17,True,block_04,0.04112260658852464
no_direct_relation,lds_length,longest_increasing_run,17,17,True,final_norm,0.04217708681680119
no_direct_relation,lds_length,longest_increasing_run,17,42,False,embedding,0.785415520021906
no_direct_relation,lds_length,longest_increasing_run,17,42,False,block_01,0.7619822553375591
no_direct_relation,lds_length,longest_increasing_run,17,42,False,block_02,0.6024643608229581
no_direct_relation,lds_length,longest_increasing_run,17,42,False,block_03,0.2701785977405273
no_direct_relation,lds_length,longest_increasing_run,17,42,False,block_04,0.06693650074090736
no_direct_relation,lds_length,longest_increasing_run,17,42,False,final_norm,0.05931359203975128
no_direct_relation,lds_length,longest_increasing_run,17,101,False,embedding,0.8018295085334243
no_direct_relation,lds_length,longest_increasing_run,17,101,False,block_01,0.7348801196311269
no_direct_relation,lds_length,longest_increasing_run,17,101,False,block_02,0.6014892744350477
no_direct_relation,lds_length,longest_increasing_run,17,101,False,block_03,0.38863510764221143
no_direct_relation,lds_length,longest_increasing_run,17,101,False,block_04,0.06454752675327351
no_direct_relation,lds_length,longest_increasing_run,17,101,False,final_norm,0.052883818258888125
no_direct_relation,lds_length,longest_increasing_run,42,17,False,embedding,0.8536825460639595
no_direct_relation,lds_length,longest_increasing_run,42,17,False,block_01,0.4645162142948543
no_direct_relation,lds_length,longest_increasing_run,42,17,False,block_02,0.6653963796350479
no_direct_relation,lds_length,longest_increasing_run,42,17,False,block_03,0.3918711650897304
no_direct_relation,lds_length,longest_increasing_run,42,17,False,block_04,0.04619155934033004
no_direct_relation,lds_length,longest_increasing_run,42,17,False,final_norm,0.050098537578998986
no_direct_relation,lds_length,longest_increasing_run,42,42,True,embedding,0.8213809601617624
no_direct_relation,lds_length,longest_increasing_run,42,42,True,block_01,0.7499081808236042
no_direct_relation,lds_length,longest_increasing_run,42,42,True,block_02,0.7781982605319322
no_direct_relation,lds_length,longest_increasing_run,42,42,True,block_03,0.3531228331452108
no_direct_relation,lds_length,longest_increasing_run,42,42,True,block_04,0.08065667539809351
no_direct_relation,lds_length,longest_increasing_run,42,42,True,final_norm,0.07417003686422821
no_direct_relation,lds_length,longest_increasing_run,42,101,False,embedding,0.8317564217434875
no_direct_relation,lds_length,longest_increasing_run,42,101,False,block_01,0.6901992696948226
no_direct_relation,lds_length,longest_increasing_run,42,101,False,block_02,0.8229068371052873
no_direct_relation,lds_length,longest_increasing_run,42,101,False,block_03,0.5062684958490996
no_direct_relation,lds_length,longest_increasing_run,42,101,False,block_04,0.07493999041316106
no_direct_relation,lds_length,longest_increasing_run,42,101,False,final_norm,0.06404933625656127
no_direct_relation,lds_length,longest_increasing_run,101,17,False,embedding,0.8592417455052074
no_direct_relation,lds_length,longest_increasing_run,101,17,False,block_01,0.47427813012467307
no_direct_relation,lds_length,longest_increasing_run,101,17,False,block_02,0.6538296177129549
no_direct_relation,lds_length,longest_increasing_run,101,17,False,block_03,0.38093613292626294
no_direct_relation,lds_length,longest_increasing_run,101,17,False,block_04,0.04262223144753428
no_direct_relation,lds_length,longest_increasing_run,101,17,False,final_norm,0.05066178840061849
no_direct_relation,lds_length,longest_increasing_run,101,42,False,embedding,0.8054018121750425
no_direct_relation,lds_length,longest_increasing_run,101,42,False,block_01,0.7437645251749254
no_direct_relation,lds_length,longest_increasing_run,101,42,False,block_02,0.7272789579497689
no_direct_relation,lds_length,longest_increasing_run,101,42,False,block_03,0.3438523786113443
no_direct_relation,lds_length,longest_increasing_run,101,42,False,block_04,0.07245087825393949
no_direct_relation,lds_length,longest_increasing_run,101,42,False,final_norm,0.07126232635820759
no_direct_relation,lds_length,longest_increasing_run,101,101,True,embedding,0.8384476272501027
no_direct_relation,lds_length,longest_increasing_run,101,101,True,block_01,0.7112703108337749
no_direct_relation,lds_length,longest_increasing_run,101,101,True,block_02,0.7808564695642795
no_direct_relation,lds_length,longest_increasing_run,101,101,True,block_03,0.4914484076543147
no_direct_relation,lds_length,longest_increasing_run,101,101,True,block_04,0.0674771261739591
no_direct_relation,lds_length,longest_increasing_run,101,101,True,final_norm,0.061250400966045684
no_direct_relation,lds_length,longest_decreasing_run,17,17,True,embedding,0.8494248587408548
no_direct_relation,lds_length,longest_decreasing_run,17,17,True,block_01,0.6675108811634564
no_direct_relation,lds_length,longest_decreasing_run,17,17,True,block_02,0.6069048528340185
no_direct_relation,lds_length,longest_decreasing_run,17,17,True,block_03,0.40545597607529493
no_direct_relation,lds_length,longest_decreasing_run,17,17,True,block_04,0.09023873210171887
no_direct_relation,lds_length,longest_decreasing_run,17,17,True,final_norm,0.09370214369467018
no_direct_relation,lds_length,longest_decreasing_run,17,42,False,embedding,0.8059647379675123
no_direct_relation,lds_length,longest_decreasing_run,17,42,False,block_01,0.6292188846175731
no_direct_relation,lds_length,longest_decreasing_run,17,42,False,block_02,0.5987534771129884
no_direct_relation,lds_length,longest_decreasing_run,17,42,False,block_03,0.44679407993454145
no_direct_relation,lds_length,longest_decreasing_run,17,42,False,block_04,0.09656954796162581
no_direct_relation,lds_length,longest_decreasing_run,17,42,False,final_norm,0.09508979892247815
no_direct_relation,lds_length,longest_decreasing_run,17,101,False,embedding,0.8137546338378845
no_direct_relation,lds_length,longest_decreasing_run,17,101,False,block_01,0.7198505516500303
no_direct_relation,lds_length,longest_decreasing_run,17,101,False,block_02,0.6139157404228028
no_direct_relation,lds_length,longest_decreasing_run,17,101,False,block_03,0.4655615182134408
no_direct_relation,lds_length,longest_decreasing_run,17,101,False,block_04,0.10611360168071822
no_direct_relation,lds_length,longest_decreasing_run,17,101,False,final_norm,0.09036008012482413
no_direct_relation,lds_length,longest_decreasing_run,42,17,False,embedding,0.8540545730297407
no_direct_relation,lds_length,longest_decreasing_run,42,17,False,block_01,0.6995505277327756
no_direct_relation,lds_length,longest_decreasing_run,42,17,False,block_02,0.743091832514352
no_direct_relation,lds_length,longest_decreasing_run,42,17,False,block_03,0.4556924593485377
no_direct_relation,lds_length,longest_decreasing_run,42,17,False,block_04,0.1020463269371872
no_direct_relation,lds_length,longest_decreasing_run,42,17,False,final_norm,0.10636641158489571
no_direct_relation,lds_length,longest_decreasing_run,42,42,True,embedding,0.8297912754605659
no_direct_relation,lds_length,longest_decreasing_run,42,42,True,block_01,0.6373772774113464
no_direct_relation,lds_length,longest_decreasing_run,42,42,True,block_02,0.7756948589812962
no_direct_relation,lds_length,longest_decreasing_run,42,42,True,block_03,0.5436004224328399
no_direct_relation,lds_length,longest_decreasing_run,42,42,True,block_04,0.11026366964675499
no_direct_relation,lds_length,longest_decreasing_run,42,42,True,final_norm,0.11134815966208159
no_direct_relation,lds_length,longest_decreasing_run,42,101,False,embedding,0.8614829819100233
no_direct_relation,lds_length,longest_decreasing_run,42,101,False,block_01,0.6311360629559194
no_direct_relation,lds_length,longest_decreasing_run,42,101,False,block_02,0.8017363075010466
no_direct_relation,lds_length,longest_decreasing_run,42,101,False,block_03,0.5846999581680576
no_direct_relation,lds_length,longest_decreasing_run,42,101,False,block_04,0.11812773521329221
no_direct_relation,lds_length,longest_decreasing_run,42,101,False,final_norm,0.10369956617364288
no_direct_relation,lds_length,longest_decreasing_run,101,17,False,embedding,0.8562102522103916
no_direct_relation,lds_length,longest_decreasing_run,101,17,False,block_01,0.6639752937033546
no_direct_relation,lds_length,longest_decreasing_run,101,17,False,block_02,0.6870561281318223
no_direct_relation,lds_length,longest_decreasing_run,101,17,False,block_03,0.4405036852850982
no_direct_relation,lds_length,longest_decreasing_run,101,17,False,block_04,0.09019253164235107
no_direct_relation,lds_length,longest_decreasing_run,101,17,False,final_norm,0.09821101640923571
no_direct_relation,lds_length,longest_decreasing_run,101,42,False,embedding,0.8210783108338093
no_direct_relation,lds_length,longest_decreasing_run,101,42,False,block_01,0.612093108960494
no_direct_relation,lds_length,longest_decreasing_run,101,42,False,block_02,0.7003232758733525
no_direct_relation,lds_length,longest_decreasing_run,101,42,False,block_03,0.530282976621006
no_direct_relation,lds_length,longest_decreasing_run,101,42,False,block_04,0.09861385407513318
no_direct_relation,lds_length,longest_decreasing_run,101,42,False,final_norm,0.10651711786860513
no_direct_relation,lds_length,longest_decreasing_run,101,101,True,embedding,0.8718056352115594
no_direct_relation,lds_length,longest_decreasing_run,101,101,True,block_01,0.6557768365992012
no_direct_relation,lds_length,longest_decreasing_run,101,101,True,block_02,0.7709369255956202
no_direct_relation,lds_length,longest_decreasing_run,101,101,True,block_03,0.5721829312027777
no_direct_relation,lds_length,longest_decreasing_run,101,101,True,block_04,0.10103098305147384
no_direct_relation,lds_length,longest_decreasing_run,101,101,True,final_norm,0.09500743177568104
no_direct_relation,lds_length,left_to_right_maxima,17,17,True,embedding,0.7312864739781558
no_direct_relation,lds_length,left_to_right_maxima,17,17,True,block_01,0.26604970459666355
no_direct_relation,lds_length,left_to_right_maxima,17,17,True,block_02,0.21362940800110827
no_direct_relation,lds_length,left_to_right_maxima,17,17,True,block_03,0.11578945922947578
no_direct_relation,lds_length,left_to_right_maxima,17,17,True,block_04,0.03222568184355306
no_direct_relation,lds_length,left_to_right_maxima,17,17,True,final_norm,0.03250913092295213
no_direct_relation,lds_length,left_to_right_maxima,17,42,False,embedding,0.7354372240581828
no_direct_relation,lds_length,left_to_right_maxima,17,42,False,block_01,0.281845929299417
no_direct_relation,lds_length,left_to_right_maxima,17,42,False,block_02,0.242290077845798
no_direct_relation,lds_length,left_to_right_maxima,17,42,False,block_03,0.128648345553057
no_direct_relation,lds_length,left_to_right_maxima,17,42,False,block_04,0.03497593576876682
no_direct_relation,lds_length,left_to_right_maxima,17,42,False,final_norm,0.03589911984926918
no_direct_relation,lds_length,left_to_right_maxima,17,101,False,embedding,0.7543581418124332
no_direct_relation,lds_length,left_to_right_maxima,17,101,False,block_01,0.16125406696583117
no_direct_relation,lds_length,left_to_right_maxima,17,101,False,block_02,0.13445411657476075
no_direct_relation,lds_length,left_to_right_maxima,17,101,False,block_03,0.06671985655015497
no_direct_relation,lds_length,left_to_right_maxima,17,101,False,block_04,0.0244609769233105
no_direct_relation,lds_length,left_to_right_maxima,17,101,False,final_norm,0.02402394390935845
no_direct_relation,lds_length,left_to_right_maxima,42,17,False,embedding,0.7020965779311684
no_direct_relation,lds_length,left_to_right_maxima,42,17,False,block_01,0.28488166137590126
no_direct_relation,lds_length,left_to_right_maxima,42,17,False,block_02,0.2841024272714586
no_direct_relation,lds_length,left_to_right_maxima,42,17,False,block_03,0.14653728178274672
no_direct_relation,lds_length,left_to_right_maxima,42,17,False,block_04,0.038995063737096915
no_direct_relation,lds_length,left_to_right_maxima,42,17,False,final_norm,0.039100586440972175
no_direct_relation,lds_length,left_to_right_maxima,42,42,True,embedding,0.7301364471201702
no_direct_relation,lds_length,left_to_right_maxima,42,42,True,block_01,0.294540645646808
no_direct_relation,lds_length,left_to_right_maxima,42,42,True,block_02,0.3302997266969794
no_direct_relation,lds_length,left_to_right_maxima,42,42,True,block_03,0.15499823975343083
no_direct_relation,lds_length,left_to_right_maxima,42,42,True,block_04,0.040353674691698836
no_direct_relation,lds_length,left_to_right_maxima,42,42,True,final_norm,0.04155054035977701
no_direct_relation,lds_length,left_to_right_maxima,42,101,False,embedding,0.7707968952675205
no_direct_relation,lds_length,left_to_right_maxima,42,101,False,block_01,0.16510181537432095
no_direct_relation,lds_length,left_to_right_maxima,42,101,False,block_02,0.1560886019211844
no_direct_relation,lds_length,left_to_right_maxima,42,101,False,block_03,0.09451925383664575
no_direct_relation,lds_length,left_to_right_maxima,42,101,False,block_04,0.03215137796303776
no_direct_relation,lds_length,left_to_right_maxima,42,101,False,final_norm,0.031113900896605033
no_direct_relation,lds_length,left_to_right_maxima,101,17,False,embedding,0.7214640655591271
no_direct_relation,lds_length,left_to_right_maxima,101,17,False,block_01,0.2833994635019005
no_direct_relation,lds_length,left_to_right_maxima,101,17,False,block_02,0.2716500736274556
no_direct_relation,lds_length,left_to_right_maxima,101,17,False,block_03,0.143916534937633
no_direct_relation,lds_length,left_to_right_maxima,101,17,False,block_04,0.03626717025974224
no_direct_relation,lds_length,left_to_right_maxima,101,17,False,final_norm,0.040785463307336234
no_direct_relation,lds_length,left_to_right_maxima,101,42,False,embedding,0.7395526589424603
no_direct_relation,lds_length,left_to_right_maxima,101,42,False,block_01,0.2936905599617248
no_direct_relation,lds_length,left_to_right_maxima,101,42,False,block_02,0.3096155278708966
no_direct_relation,lds_length,left_to_right_maxima,101,42,False,block_03,0.15390752397556923
no_direct_relation,lds_length,left_to_right_maxima,101,42,False,block_04,0.03901167806226313
no_direct_relation,lds_length,left_to_right_maxima,101,42,False,final_norm,0.04345198624215761
no_direct_relation,lds_length,left_to_right_maxima,101,101,True,embedding,0.7792628313527737
no_direct_relation,lds_length,left_to_right_maxima,101,101,True,block_01,0.16298380396857698
no_direct_relation,lds_length,left_to_right_maxima,101,101,True,block_02,0.1394376840070301
no_direct_relation,lds_length,left_to_right_maxima,101,101,True,block_03,0.08733521127405018
no_direct_relation,lds_length,left_to_right_maxima,101,101,True,block_04,0.026432541020535345
no_direct_relation,lds_length,left_to_right_maxima,101,101,True,final_norm,0.027741796118956843
no_direct_relation,lds_length,left_to_right_minima,17,17,True,embedding,0.8130674691493908
no_direct_relation,lds_length,left_to_right_minima,17,17,True,block_01,0.203302086476165
no_direct_relation,lds_length,left_to_right_minima,17,17,True,block_02,0.1700743033878975
no_direct_relation,lds_length,left_to_right_minima,17,17,True,block_03,0.19684408376834797
no_direct_relation,lds_length,left_to_right_minima,17,17,True,block_04,0.09044321031124074
no_direct_relation,lds_length,left_to_right_minima,17,17,True,final_norm,0.08298440597386868
no_direct_relation,lds_length,left_to_right_minima,17,42,False,embedding,0.7858632428502875
no_direct_relation,lds_length,left_to_right_minima,17,42,False,block_01,0.22539609214728368
no_direct_relation,lds_length,left_to_right_minima,17,42,False,block_02,0.14835991432457513
no_direct_relation,lds_length,left_to_right_minima,17,42,False,block_03,0.1474138077864794
no_direct_relation,lds_length,left_to_right_minima,17,42,False,block_04,0.05285541364438133
no_direct_relation,lds_length,left_to_right_minima,17,42,False,final_norm,0.04999936553769093
no_direct_relation,lds_length,left_to_right_minima,17,101,False,embedding,0.7609064502568855
no_direct_relation,lds_length,left_to_right_minima,17,101,False,block_01,0.09462185433753716
no_direct_relation,lds_length,left_to_right_minima,17,101,False,block_02,0.15671935394803577
no_direct_relation,lds_length,left_to_right_minima,17,101,False,block_03,0.17686395212575867
no_direct_relation,lds_length,left_to_right_minima,17,101,False,block_04,0.06791059739238123
no_direct_relation,lds_length,left_to_right_minima,17,101,False,final_norm,0.06063492136402475
no_direct_relation,lds_length,left_to_right_minima,42,17,False,embedding,0.7691302648776028
no_direct_relation,lds_length,left_to_right_minima,42,17,False,block_01,0.1977811051780185
no_direct_relation,lds_length,left_to_right_minima,42,17,False,block_02,0.23661179853085684
no_direct_relation,lds_length,left_to_right_minima,42,17,False,block_03,0.21463236412910378
no_direct_relation,lds_length,left_to_right_minima,42,17,False,block_04,0.09316345105568491
no_direct_relation,lds_length,left_to_right_minima,42,17,False,final_norm,0.09215751236918777
no_direct_relation,lds_length,left_to_right_minima,42,42,True,embedding,0.7894855367984898
no_direct_relation,lds_length,left_to_right_minima,42,42,True,block_01,0.18680506086770382
no_direct_relation,lds_length,left_to_right_minima,42,42,True,block_02,0.1969047748352491
no_direct_relation,lds_length,left_to_right_minima,42,42,True,block_03,0.17037415969217698
no_direct_relation,lds_length,left_to_right_minima,42,42,True,block_04,0.062432086289846984
no_direct_relation,lds_length,left_to_right_minima,42,42,True,final_norm,0.058509462567159644
no_direct_relation,lds_length,left_to_right_minima,42,101,False,embedding,0.764651758489312
no_direct_relation,lds_length,left_to_right_minima,42,101,False,block_01,0.11840339078616166
no_direct_relation,lds_length,left_to_right_minima,42,101,False,block_02,0.1647554443943501
no_direct_relation,lds_length,left_to_right_minima,42,101,False,block_03,0.21208737136484515
no_direct_relation,lds_length,left_to_right_minima,42,101,False,block_04,0.08492045558168186
no_direct_relation,lds_length,left_to_right_minima,42,101,False,final_norm,0.07336707663421836
no_direct_relation,lds_length,left_to_right_minima,101,17,False,embedding,0.7827369588389352
no_direct_relation,lds_length,left_to_right_minima,101,17,False,block_01,0.2083551407062382
no_direct_relation,lds_length,left_to_right_minima,101,17,False,block_02,0.2539344984635287
no_direct_relation,lds_length,left_to_right_minima,101,17,False,block_03,0.21749697552133573
no_direct_relation,lds_length,left_to_right_minima,101,17,False,block_04,0.0862377659713387
no_direct_relation,lds_length,left_to_right_minima,101,17,False,final_norm,0.08707581262747216
no_direct_relation,lds_length,left_to_right_minima,101,42,False,embedding,0.8023220381596943
no_direct_relation,lds_length,left_to_right_minima,101,42,False,block_01,0.18785254882234786
no_direct_relation,lds_length,left_to_right_minima,101,42,False,block_02,0.20821680826568725
no_direct_relation,lds_length,left_to_right_minima,101,42,False,block_03,0.15753263661214226
no_direct_relation,lds_length,left_to_right_minima,101,42,False,block_04,0.05380269823218443
no_direct_relation,lds_length,left_to_right_minima,101,42,False,final_norm,0.05422913460456488
no_direct_relation,lds_length,left_to_right_minima,101,101,True,embedding,0.779314334635485
no_direct_relation,lds_length,left_to_right_minima,101,101,True,block_01,0.11019145168805475
no_direct_relation,lds_length,left_to_right_minima,101,101,True,block_02,0.20441512460171402
no_direct_relation,lds_length,left_to_right_minima,101,101,True,block_03,0.2023507773460696
no_direct_relation,lds_length,left_to_right_minima,101,101,True,block_04,0.07183411043508756
no_direct_relation,lds_length,left_to_right_minima,101,101,True,final_norm,0.07434314408561458
no_direct_relation,lds_length,global_descents,17,17,True,embedding,0.698611390669185
no_direct_relation,lds_length,global_descents,17,17,True,block_01,0.20300325903250174
no_direct_relation,lds_length,global_descents,17,17,True,block_02,0.19901831900515488
no_direct_relation,lds_length,global_descents,17,17,True,block_03,0.11077578544727801
no_direct_relation,lds_length,global_descents,17,17,True,block_04,0.04854540539155455
no_direct_relation,lds_length,global_descents,17,17,True,final_norm,0.043337105220766406
no_direct_relation,lds_length,global_descents,17,42,False,embedding,0.6911896252440417
no_direct_relation,lds_length,global_descents,17,42,False,block_01,0.12059491669678347
no_direct_relation,lds_length,global_descents,17,42,False,block_02,0.1353057030210146
no_direct_relation,lds_length,global_descents,17,42,False,block_03,0.09283071862540007
no_direct_relation,lds_length,global_descents,17,42,False,block_04,0.03359105017619977
no_direct_relation,lds_length,global_descents,17,42,False,final_norm,0.021202885137085997
no_direct_relation,lds_length,global_descents,17,101,False,embedding,0.6430963139274489
no_direct_relation,lds_length,global_descents,17,101,False,block_01,0.07866306904663836
no_direct_relation,lds_length,global_descents,17,101,False,block_02,0.09162760318552285
no_direct_relation,lds_length,global_descents,17,101,False,block_03,0.06701229415855994
no_direct_relation,lds_length,global_descents,17,101,False,block_04,0.022677258319286818
no_direct_relation,lds_length,global_descents,17,101,False,final_norm,0.01947476748243936
no_direct_relation,lds_length,global_descents,42,17,False,embedding,0.6648410162711829
no_direct_relation,lds_length,global_descents,42,17,False,block_01,0.229043545289491
no_direct_relation,lds_length,global_descents,42,17,False,block_02,0.19661975324283254
no_direct_relation,lds_length,global_descents,42,17,False,block_03,0.13467170452075997
no_direct_relation,lds_length,global_descents,42,17,False,block_04,0.07111839567395586
no_direct_relation,lds_length,global_descents,42,17,False,final_norm,0.054174875153258535
no_direct_relation,lds_length,global_descents,42,42,True,embedding,0.6720964858781979
no_direct_relation,lds_length,global_descents,42,42,True,block_01,0.13107136706222786
no_direct_relation,lds_length,global_descents,42,42,True,block_02,0.182107955872755
no_direct_relation,lds_length,global_descents,42,42,True,block_03,0.16328384577327926
no_direct_relation,lds_length,global_descents,42,42,True,block_04,0.04809602749906421
no_direct_relation,lds_length,global_descents,42,42,True,final_norm,0.026730734497779643
no_direct_relation,lds_length,global_descents,42,101,False,embedding,0.6132993549519656
no_direct_relation,lds_length,global_descents,42,101,False,block_01,0.09547163410998723
no_direct_relation,lds_length,global_descents,42,101,False,block_02,0.11430976231714722
no_direct_relation,lds_length,global_descents,42,101,False,block_03,0.08667417789830324
no_direct_relation,lds_length,global_descents,42,101,False,block_04,0.028715701470756663
no_direct_relation,lds_length,global_descents,42,101,False,final_norm,0.0234087390684808
no_direct_relation,lds_length,global_descents,101,17,False,embedding,0.6629272349536338
no_direct_relation,lds_length,global_descents,101,17,False,block_01,0.2315173964447233
no_direct_relation,lds_length,global_descents,101,17,False,block_02,0.21667181468940944
no_direct_relation,lds_length,global_descents,101,17,False,block_03,0.1270403833721516
no_direct_relation,lds_length,global_descents,101,17,False,block_04,0.06288105480427084
no_direct_relation,lds_length,global_descents,101,17,False,final_norm,0.053965589165877285
no_direct_relation,lds_length,global_descents,101,42,False,embedding,0.6766807183071731
no_direct_relation,lds_length,global_descents,101,42,False,block_01,0.14285398622360887
no_direct_relation,lds_length,global_descents,101,42,False,block_02,0.21308935091513975
no_direct_relation,lds_length,global_descents,101,42,False,block_03,0.1604723285492888
no_direct_relation,lds_length,global_descents,101,42,False,block_04,0.043522121087221956
no_direct_relation,lds_length,global_descents,101,42,False,final_norm,0.030207476186878215
no_direct_relation,lds_length,global_descents,101,101,True,embedding,0.6272046885950817
no_direct_relation,lds_length,global_descents,101,101,True,block_01,0.08915715167633662
no_direct_relation,lds_length,global_descents,101,101,True,block_02,0.09967445698782447
no_direct_relation,lds_length,global_descents,101,101,True,block_03,0.08369594642965908
no_direct_relation,lds_length,global_descents,101,101,True,block_04,0.025214490981109595
no_direct_relation,lds_length,global_descents,101,101,True,final_norm,0.02452040575449735
no_direct_relation,lds_length,components,17,17,True,embedding,0.8067056830577497
no_direct_relation,lds_length,components,17,17,True,block_01,0.33885532098241344
no_direct_relation,lds_length,components,17,17,True,block_02,0.10113679866874642
no_direct_relation,lds_length,components,17,17,True,block_03,0.0717934759836173
no_direct_relation,lds_length,components,17,17,True,block_04,0.033819137558417964
no_direct_relation,lds_length,components,17,17,True,final_norm,0.02860279896036038
no_direct_relation,lds_length,components,17,42,False,embedding,0.7811179861455154
no_direct_relation,lds_length,components,17,42,False,block_01,0.5021426962161101
no_direct_relation,lds_length,components,17,42,False,block_02,0.10152990959630061
no_direct_relation,lds_length,components,17,42,False,block_03,0.09410148900216689
no_direct_relation,lds_length,components,17,42,False,block_04,0.031560600293754695
no_direct_relation,lds_length,components,17,42,False,final_norm,0.025534170787392375
no_direct_relation,lds_length,components,17,101,False,embedding,0.8186604590265388
no_direct_relation,lds_length,components,17,101,False,block_01,0.34690726427015733
no_direct_relation,lds_length,components,17,101,False,block_02,0.13123979367271513
no_direct_relation,lds_length,components,17,101,False,block_03,0.08282964449515996
no_direct_relation,lds_length,components,17,101,False,block_04,0.03852340659315505
no_direct_relation,lds_length,components,17,101,False,final_norm,0.02920495703440671
no_direct_relation,lds_length,components,42,17,False,embedding,0.7818658158527301
no_direct_relation,lds_length,components,42,17,False,block_01,0.39043271167977617
no_direct_relation,lds_length,components,42,17,False,block_02,0.12186563157808905
no_direct_relation,lds_length,components,42,17,False,block_03,0.11378175099307691
no_direct_relation,lds_length,components,42,17,False,block_04,0.04839411374244107
no_direct_relation,lds_length,components,42,17,False,final_norm,0.03731726445207313
no_direct_relation,lds_length,components,42,42,True,embedding,0.7784646015222408
no_direct_relation,lds_length,components,42,42,True,block_01,0.4122919398746556
no_direct_relation,lds_length,components,42,42,True,block_02,0.1306529621554123
no_direct_relation,lds_length,components,42,42,True,block_03,0.14429200366968387
no_direct_relation,lds_length,components,42,42,True,block_04,0.044600186696129994
no_direct_relation,lds_length,components,42,42,True,final_norm,0.03311272933882731
no_direct_relation,lds_length,components,42,101,False,embedding,0.7983014495396866
no_direct_relation,lds_length,components,42,101,False,block_01,0.4849099127291143
no_direct_relation,lds_length,components,42,101,False,block_02,0.15618592663248038
no_direct_relation,lds_length,components,42,101,False,block_03,0.12119109506353457
no_direct_relation,lds_length,components,42,101,False,block_04,0.05316284995716138
no_direct_relation,lds_length,components,42,101,False,final_norm,0.03751935149024708
no_direct_relation,lds_length,components,101,17,False,embedding,0.8028153576010025
no_direct_relation,lds_length,components,101,17,False,block_01,0.38763354066940237
no_direct_relation,lds_length,components,101,17,False,block_02,0.14185902195921465
no_direct_relation,lds_length,components,101,17,False,block_03,0.11327866360724168
no_direct_relation,lds_length,components,101,17,False,block_04,0.04729897670936639
no_direct_relation,lds_length,components,101,17,False,final_norm,0.04140672437904484
no_direct_relation,lds_length,components,101,42,False,embedding,0.7927938261476145
no_direct_relation,lds_length,components,101,42,False,block_01,0.4592648385749474
no_direct_relation,lds_length,components,101,42,False,block_02,0.1489430271846226
no_direct_relation,lds_length,components,101,42,False,block_03,0.1428597219646165
no_direct_relation,lds_length,components,101,42,False,block_04,0.04285482192869245
no_direct_relation,lds_length,components,101,42,False,final_norm,0.035604895044525534
no_direct_relation,lds_length,components,101,101,True,embedding,0.830214921559397
no_direct_relation,lds_length,components,101,101,True,block_01,0.4241743834679181
no_direct_relation,lds_length,components,101,101,True,block_02,0.16973262343376075
no_direct_relation,lds_length,components,101,101,True,block_03,0.12097296600356354
no_direct_relation,lds_length,components,101,101,True,block_04,0.05091221600666169
no_direct_relation,lds_length,components,101,101,True,final_norm,0.03949978551258755
direct_relation,longest_increasing_run,longest_decreasing_run,17,17,True,embedding,0.8225214208794188
direct_relation,longest_increasing_run,longest_decreasing_run,17,17,True,block_01,0.4211394211825777
direct_relation,longest_increasing_run,longest_decreasing_run,17,17,True,block_02,0.5176451434273334
direct_relation,longest_increasing_run,longest_decreasing_run,17,17,True,block_03,0.24032725535266924
direct_relation,longest_increasing_run,longest_decreasing_run,17,17,True,block_04,0.028249860103968166
direct_relation,longest_increasing_run,longest_decreasing_run,17,17,True,final_norm,0.040543581973586026
direct_relation,longest_increasing_run,longest_decreasing_run,17,42,False,embedding,0.8141363688833043
direct_relation,longest_increasing_run,longest_decreasing_run,17,42,False,block_01,0.5337281904071459
direct_relation,longest_increasing_run,longest_decreasing_run,17,42,False,block_02,0.6334531533888617
direct_relation,longest_increasing_run,longest_decreasing_run,17,42,False,block_03,0.30360234335368164
direct_relation,longest_increasing_run,longest_decreasing_run,17,42,False,block_04,0.03612368946482531
direct_relation,longest_increasing_run,longest_decreasing_run,17,42,False,final_norm,0.04917415571540326
direct_relation,longest_increasing_run,longest_decreasing_run,17,101,False,embedding,0.7868567340610241
direct_relation,longest_increasing_run,longest_decreasing_run,17,101,False,block_01,0.5308804503690477
direct_relation,longest_increasing_run,longest_decreasing_run,17,101,False,block_02,0.6043296258321247
direct_relation,longest_increasing_run,longest_decreasing_run,17,101,False,block_03,0.28211118314507166
direct_relation,longest_increasing_run,longest_decreasing_run,17,101,False,block_04,0.0319923124125568
direct_relation,longest_increasing_run,longest_decreasing_run,17,101,False,final_norm,0.03819355676419603
direct_relation,longest_increasing_run,longest_decreasing_run,42,17,False,embedding,0.769496219436325
direct_relation,longest_increasing_run,longest_decreasing_run,42,17,False,block_01,0.6367103395273589
direct_relation,longest_increasing_run,longest_decreasing_run,42,17,False,block_02,0.6427177577338157
direct_relation,longest_increasing_run,longest_decreasing_run,42,17,False,block_03,0.24275072109129808
direct_relation,longest_increasing_run,longest_decreasing_run,42,17,False,block_04,0.052128902102382746
direct_relation,longest_increasing_run,longest_decreasing_run,42,17,False,final_norm,0.06102325693868482
direct_relation,longest_increasing_run,longest_decreasing_run,42,42,True,embedding,0.738493051282222
direct_relation,longest_increasing_run,longest_decreasing_run,42,42,True,block_01,0.7120565172905132
direct_relation,longest_increasing_run,longest_decreasing_run,42,42,True,block_02,0.7543476152642896
direct_relation,longest_increasing_run,longest_decreasing_run,42,42,True,block_03,0.3081795241158818
direct_relation,longest_increasing_run,longest_decreasing_run,42,42,True,block_04,0.06663844664383523
direct_relation,longest_increasing_run,longest_decreasing_run,42,42,True,final_norm,0.07455939077045053
direct_relation,longest_increasing_run,longest_decreasing_run,42,101,False,embedding,0.7905561807001676
direct_relation,longest_increasing_run,longest_decreasing_run,42,101,False,block_01,0.7380161970829155
direct_relation,longest_increasing_run,longest_decreasing_run,42,101,False,block_02,0.696779654788194
direct_relation,longest_increasing_run,longest_decreasing_run,42,101,False,block_03,0.29156578469305056
direct_relation,longest_increasing_run,longest_decreasing_run,42,101,False,block_04,0.06019851516657362
direct_relation,longest_increasing_run,longest_decreasing_run,42,101,False,final_norm,0.057339353302172866
direct_relation,longest_increasing_run,longest_decreasing_run,101,17,False,embedding,0.777025240003037
direct_relation,longest_increasing_run,longest_decreasing_run,101,17,False,block_01,0.607206943195808
direct_relation,longest_increasing_run,longest_decreasing_run,101,17,False,block_02,0.6579354431767408
direct_relation,longest_increasing_run,longest_decreasing_run,101,17,False,block_03,0.3040661017669943
direct_relation,longest_increasing_run,longest_decreasing_run,101,17,False,block_04,0.04521513874359201
direct_relation,longest_increasing_run,longest_decreasing_run,101,17,False,final_norm,0.05023481456530828
direct_relation,longest_increasing_run,longest_decreasing_run,101,42,False,embedding,0.7135491277356271
direct_relation,longest_increasing_run,longest_decreasing_run,101,42,False,block_01,0.7033939649102307
direct_relation,longest_increasing_run,longest_decreasing_run,101,42,False,block_02,0.7739985635218819
direct_relation,longest_increasing_run,longest_decreasing_run,101,42,False,block_03,0.3912129530924428
direct_relation,longest_increasing_run,longest_decreasing_run,101,42,False,block_04,0.058906328810248244
direct_relation,longest_increasing_run,longest_decreasing_run,101,42,False,final_norm,0.061770426852271486
direct_relation,longest_increasing_run,longest_decreasing_run,101,101,True,embedding,0.8198022522021006
direct_relation,longest_increasing_run,longest_decreasing_run,101,101,True,block_01,0.7721061596331485
direct_relation,longest_increasing_run,longest_decreasing_run,101,101,True,block_02,0.7411997496754387
direct_relation,longest_increasing_run,longest_decreasing_run,101,101,True,block_03,0.37210896310940056
direct_relation,longest_increasing_run,longest_decreasing_run,101,101,True,block_04,0.0524290701509283
direct_relation,longest_increasing_run,longest_decreasing_run,101,101,True,final_norm,0.04664853681507126
no_direct_relation,longest_increasing_run,left_to_right_maxima,17,17,True,embedding,0.6528451598942068
no_direct_relation,longest_increasing_run,left_to_right_maxima,17,17,True,block_01,0.18684122757495086
no_direct_relation,longest_increasing_run,left_to_right_maxima,17,17,True,block_02,0.27375337420324636
no_direct_relation,longest_increasing_run,left_to_right_maxima,17,17,True,block_03,0.17329758613033258
no_direct_relation,longest_increasing_run,left_to_right_maxima,17,17,True,block_04,0.05747085017553843
no_direct_relation,longest_increasing_run,left_to_right_maxima,17,17,True,final_norm,0.07540473618760174
no_direct_relation,longest_increasing_run,left_to_right_maxima,17,42,False,embedding,0.6585631439228821
no_direct_relation,longest_increasing_run,left_to_right_maxima,17,42,False,block_01,0.21033103050528523
no_direct_relation,longest_increasing_run,left_to_right_maxima,17,42,False,block_02,0.3209026100568252
no_direct_relation,longest_increasing_run,left_to_right_maxima,17,42,False,block_03,0.1924738725619657
no_direct_relation,longest_increasing_run,left_to_right_maxima,17,42,False,block_04,0.057126300482921596
no_direct_relation,longest_increasing_run,left_to_right_maxima,17,42,False,final_norm,0.0752077988603965
no_direct_relation,longest_increasing_run,left_to_right_maxima,17,101,False,embedding,0.7144585419527794
no_direct_relation,longest_increasing_run,left_to_right_maxima,17,101,False,block_01,0.10069716341033878
no_direct_relation,longest_increasing_run,left_to_right_maxima,17,101,False,block_02,0.14440799690650374
no_direct_relation,longest_increasing_run,left_to_right_maxima,17,101,False,block_03,0.1348935994937199
no_direct_relation,longest_increasing_run,left_to_right_maxima,17,101,False,block_04,0.04599082847286166
no_direct_relation,longest_increasing_run,left_to_right_maxima,17,101,False,final_norm,0.05775263531684385
no_direct_relation,longest_increasing_run,left_to_right_maxima,42,17,False,embedding,0.7131638252886536
no_direct_relation,longest_increasing_run,left_to_right_maxima,42,17,False,block_01,0.27137854268876677
no_direct_relation,longest_increasing_run,left_to_right_maxima,42,17,False,block_02,0.2773715936661721
no_direct_relation,longest_increasing_run,left_to_right_maxima,42,17,False,block_03,0.10507433776661551
no_direct_relation,longest_increasing_run,left_to_right_maxima,42,17,False,block_04,0.07508759181334974
no_direct_relation,longest_increasing_run,left_to_right_maxima,42,17,False,final_norm,0.08625732907392665
no_direct_relation,longest_increasing_run,left_to_right_maxima,42,42,True,embedding,0.7046151143125291
no_direct_relation,longest_increasing_run,left_to_right_maxima,42,42,True,block_01,0.28075356473967117
no_direct_relation,longest_increasing_run,left_to_right_maxima,42,42,True,block_02,0.31807715829501265
no_direct_relation,longest_increasing_run,left_to_right_maxima,42,42,True,block_03,0.11073152286163924
no_direct_relation,longest_increasing_run,left_to_right_maxima,42,42,True,block_04,0.07581618651278292
no_direct_relation,longest_increasing_run,left_to_right_maxima,42,42,True,final_norm,0.08731621826739333
no_direct_relation,longest_increasing_run,left_to_right_maxima,42,101,False,embedding,0.6478026493486223
no_direct_relation,longest_increasing_run,left_to_right_maxima,42,101,False,block_01,0.14884322719656662
no_direct_relation,longest_increasing_run,left_to_right_maxima,42,101,False,block_02,0.15602989425189184
no_direct_relation,longest_increasing_run,left_to_right_maxima,42,101,False,block_03,0.07854794539681295
no_direct_relation,longest_increasing_run,left_to_right_maxima,42,101,False,block_04,0.0597513070903461
no_direct_relation,longest_increasing_run,left_to_right_maxima,42,101,False,final_norm,0.06723449745184261
no_direct_relation,longest_increasing_run,left_to_right_maxima,101,17,False,embedding,0.7361779661198583
no_direct_relation,longest_increasing_run,left_to_right_maxima,101,17,False,block_01,0.26688439495237726
no_direct_relation,longest_increasing_run,left_to_right_maxima,101,17,False,block_02,0.30874429612732124
no_direct_relation,longest_increasing_run,left_to_right_maxima,101,17,False,block_03,0.18595985874547213
no_direct_relation,longest_increasing_run,left_to_right_maxima,101,17,False,block_04,0.08334356188450108
no_direct_relation,longest_increasing_run,left_to_right_maxima,101,17,False,final_norm,0.0835744165880823
no_direct_relation,longest_increasing_run,left_to_right_maxima,101,42,False,embedding,0.701152852018393
no_direct_relation,longest_increasing_run,left_to_right_maxima,101,42,False,block_01,0.2830036888668878
no_direct_relation,longest_increasing_run,left_to_right_maxima,101,42,False,block_02,0.358085273501262
no_direct_relation,longest_increasing_run,left_to_right_maxima,101,42,False,block_03,0.20120835021587397
no_direct_relation,longest_increasing_run,left_to_right_maxima,101,42,False,block_04,0.08246545995444061
no_direct_relation,longest_increasing_run,left_to_right_maxima,101,42,False,final_norm,0.08271637140814651
no_direct_relation,longest_increasing_run,left_to_right_maxima,101,101,True,embedding,0.7047159057483016
no_direct_relation,longest_increasing_run,left_to_right_maxima,101,101,True,block_01,0.13746937354028854
no_direct_relation,longest_increasing_run,left_to_right_maxima,101,101,True,block_02,0.1618107272653021
no_direct_relation,longest_increasing_run,left_to_right_maxima,101,101,True,block_03,0.12820946972616915
no_direct_relation,longest_increasing_run,left_to_right_maxima,101,101,True,block_04,0.06503390057318915
no_direct_relation,longest_increasing_run,left_to_right_maxima,101,101,True,final_norm,0.06637704687362413
no_direct_relation,longest_increasing_run,left_to_right_minima,17,17,True,embedding,0.7249798137684721
no_direct_relation,longest_increasing_run,left_to_right_minima,17,17,True,block_01,0.24654637334711083
no_direct_relation,longest_increasing_run,left_to_right_minima,17,17,True,block_02,0.21113624958612642
no_direct_relation,longest_increasing_run,left_to_right_minima,17,17,True,block_03,0.10927251260644796
no_direct_relation,longest_increasing_run,left_to_right_minima,17,17,True,block_04,0.02653704751000467
no_direct_relation,longest_increasing_run,left_to_right_minima,17,17,True,final_norm,0.049709212630404766
no_direct_relation,longest_increasing_run,left_to_right_minima,17,42,False,embedding,0.7199351793937154
no_direct_relation,longest_increasing_run,left_to_right_minima,17,42,False,block_01,0.17577611808029167
no_direct_relation,longest_increasing_run,left_to_right_minima,17,42,False,block_02,0.16503472354909493
no_direct_relation,longest_increasing_run,left_to_right_minima,17,42,False,block_03,0.08255769382147855
no_direct_relation,longest_increasing_run,left_to_right_minima,17,42,False,block_04,0.018166121856174642
no_direct_relation,longest_increasing_run,left_to_right_minima,17,42,False,final_norm,0.023385635337691682
no_direct_relation,longest_increasing_run,left_to_right_minima,17,101,False,embedding,0.6649587642073634
no_direct_relation,longest_increasing_run,left_to_right_minima,17,101,False,block_01,0.0710470300555701
no_direct_relation,longest_increasing_run,left_to_right_minima,17,101,False,block_02,0.1318188613621323
no_direct_relation,longest_increasing_run,left_to_right_minima,17,101,False,block_03,0.08804946612667824
no_direct_relation,longest_increasing_run,left_to_right_minima,17,101,False,block_04,0.027851167821153523
no_direct_relation,longest_increasing_run,left_to_right_minima,17,101,False,final_norm,0.040548432934928796
no_direct_relation,longest_increasing_run,left_to_right_minima,42,17,False,embedding,0.7035070721944204
no_direct_relation,longest_increasing_run,left_to_right_minima,42,17,False,block_01,0.2524698905395232
no_direct_relation,longest_increasing_run,left_to_right_minima,42,17,False,block_02,0.20016867752746736
no_direct_relation,longest_increasing_run,left_to_right_minima,42,17,False,block_03,0.09363981953863817
no_direct_relation,longest_increasing_run,left_to_right_minima,42,17,False,block_04,0.044750631232746696
no_direct_relation,longest_increasing_run,left_to_right_minima,42,17,False,final_norm,0.05871938277910878
no_direct_relation,longest_increasing_run,left_to_right_minima,42,42,True,embedding,0.6713641605920468
no_direct_relation,longest_increasing_run,left_to_right_minima,42,42,True,block_01,0.21724420673896896
no_direct_relation,longest_increasing_run,left_to_right_minima,42,42,True,block_02,0.16142343011650875
no_direct_relation,longest_increasing_run,left_to_right_minima,42,42,True,block_03,0.06736869925898403
no_direct_relation,longest_increasing_run,left_to_right_minima,42,42,True,block_04,0.031371470417172045
no_direct_relation,longest_increasing_run,left_to_right_minima,42,42,True,final_norm,0.03319905187821027
no_direct_relation,longest_increasing_run,left_to_right_minima,42,101,False,embedding,0.6553735950162171
no_direct_relation,longest_increasing_run,left_to_right_minima,42,101,False,block_01,0.0857712137372333
no_direct_relation,longest_increasing_run,left_to_right_minima,42,101,False,block_02,0.11114048623318452
no_direct_relation,longest_increasing_run,left_to_right_minima,42,101,False,block_03,0.07396843551468867
no_direct_relation,longest_increasing_run,left_to_right_minima,42,101,False,block_04,0.04769263637518923
no_direct_relation,longest_increasing_run,left_to_right_minima,42,101,False,final_norm,0.05279780423522563
no_direct_relation,longest_increasing_run,left_to_right_minima,101,17,False,embedding,0.7657634143587468
no_direct_relation,longest_increasing_run,left_to_right_minima,101,17,False,block_01,0.4167948630453145
no_direct_relation,longest_increasing_run,left_to_right_minima,101,17,False,block_02,0.23797214577161618
no_direct_relation,longest_increasing_run,left_to_right_minima,101,17,False,block_03,0.16715663283545848
no_direct_relation,longest_increasing_run,left_to_right_minima,101,17,False,block_04,0.052105011965867525
no_direct_relation,longest_increasing_run,left_to_right_minima,101,17,False,final_norm,0.053998178832839916
no_direct_relation,longest_increasing_run,left_to_right_minima,101,42,False,embedding,0.7576522831382424
no_direct_relation,longest_increasing_run,left_to_right_minima,101,42,False,block_01,0.2867736338696857
no_direct_relation,longest_increasing_run,left_to_right_minima,101,42,False,block_02,0.1899288748917258
no_direct_relation,longest_increasing_run,left_to_right_minima,101,42,False,block_03,0.11955571316240919
no_direct_relation,longest_increasing_run,left_to_right_minima,101,42,False,block_04,0.03317770407675396
no_direct_relation,longest_increasing_run,left_to_right_minima,101,42,False,final_norm,0.030141275090531428
no_direct_relation,longest_increasing_run,left_to_right_minima,101,101,True,embedding,0.75781147565978
no_direct_relation,longest_increasing_run,left_to_right_minima,101,101,True,block_01,0.1316637228214853
no_direct_relation,longest_increasing_run,left_to_right_minima,101,101,True,block_02,0.13576013943183965
no_direct_relation,longest_increasing_run,left_to_right_minima,101,101,True,block_03,0.13072893542538447
no_direct_relation,longest_increasing_run,left_to_right_minima,101,101,True,block_04,0.04988262355655294
no_direct_relation,longest_increasing_run,left_to_right_minima,101,101,True,final_norm,0.04746436531170631
no_direct_relation,longest_increasing_run,global_descents,17,17,True,embedding,0.6423818869209333
no_direct_relation,longest_increasing_run,global_descents,17,17,True,block_01,0.14391989559506513
no_direct_relation,longest_increasing_run,global_descents,17,17,True,block_02,0.17886734329464993
no_direct_relation,longest_increasing_run,global_descents,17,17,True,block_03,0.11430527929460245
no_direct_relation,longest_increasing_run,global_descents,17,17,True,block_04,0.058275634499127996
no_direct_relation,longest_increasing_run,global_descents,17,17,True,final_norm,0.06429337320953335
no_direct_relation,longest_increasing_run,global_descents,17,42,False,embedding,0.6152123368103551
no_direct_relation,longest_increasing_run,global_descents,17,42,False,block_01,0.1303852790099179
no_direct_relation,longest_increasing_run,global_descents,17,42,False,block_02,0.22656075382634613
no_direct_relation,longest_increasing_run,global_descents,17,42,False,block_03,0.1615922198061151
no_direct_relation,longest_increasing_run,global_descents,17,42,False,block_04,0.04950009543125079
no_direct_relation,longest_increasing_run,global_descents,17,42,False,final_norm,0.04685135983257259
no_direct_relation,longest_increasing_run,global_descents,17,101,False,embedding,0.579388182245049
no_direct_relation,longest_increasing_run,global_descents,17,101,False,block_01,0.0677719190202626
no_direct_relation,longest_increasing_run,global_descents,17,101,False,block_02,0.12434297764003269
no_direct_relation,longest_increasing_run,global_descents,17,101,False,block_03,0.13490831344342097
no_direct_relation,longest_increasing_run,global_descents,17,101,False,block_04,0.04132012274543529
no_direct_relation,longest_increasing_run,global_descents,17,101,False,final_norm,0.0454762657126582
no_direct_relation,longest_increasing_run,global_descents,42,17,False,embedding,0.6152009372099051
no_direct_relation,longest_increasing_run,global_descents,42,17,False,block_01,0.19946456408055285
no_direct_relation,longest_increasing_run,global_descents,42,17,False,block_02,0.1551291465927281
no_direct_relation,longest_increasing_run,global_descents,42,17,False,block_03,0.06919968220677401
no_direct_relation,longest_increasing_run,global_descents,42,17,False,block_04,0.07982888174724836
no_direct_relation,longest_increasing_run,global_descents,42,17,False,final_norm,0.06992101295829488
no_direct_relation,longest_increasing_run,global_descents,42,42,True,embedding,0.6303051219264738
no_direct_relation,longest_increasing_run,global_descents,42,42,True,block_01,0.15933245261811124
no_direct_relation,longest_increasing_run,global_descents,42,42,True,block_02,0.228376271109024
no_direct_relation,longest_increasing_run,global_descents,42,42,True,block_03,0.11353791867684442
no_direct_relation,longest_increasing_run,global_descents,42,42,True,block_04,0.06876768096974845
no_direct_relation,longest_increasing_run,global_descents,42,42,True,final_norm,0.0510390112292038
no_direct_relation,longest_increasing_run,global_descents,42,101,False,embedding,0.48909102516193476
no_direct_relation,longest_increasing_run,global_descents,42,101,False,block_01,0.09791063603526216
no_direct_relation,longest_increasing_run,global_descents,42,101,False,block_02,0.1392603318413336
no_direct_relation,longest_increasing_run,global_descents,42,101,False,block_03,0.09057714865176406
no_direct_relation,longest_increasing_run,global_descents,42,101,False,block_04,0.05618138948952477
no_direct_relation,longest_increasing_run,global_descents,42,101,False,final_norm,0.04916647999628264
no_direct_relation,longest_increasing_run,global_descents,101,17,False,embedding,0.6546904589882423
no_direct_relation,longest_increasing_run,global_descents,101,17,False,block_01,0.2733790905927278
no_direct_relation,longest_increasing_run,global_descents,101,17,False,block_02,0.1803529482257049
no_direct_relation,longest_increasing_run,global_descents,101,17,False,block_03,0.12760340280729246
no_direct_relation,longest_increasing_run,global_descents,101,17,False,block_04,0.08703027463110288
no_direct_relation,longest_increasing_run,global_descents,101,17,False,final_norm,0.06625902588877511
no_direct_relation,longest_increasing_run,global_descents,101,42,False,embedding,0.6351987488091236
no_direct_relation,longest_increasing_run,global_descents,101,42,False,block_01,0.22637445434372847
no_direct_relation,longest_increasing_run,global_descents,101,42,False,block_02,0.27003211017498996
no_direct_relation,longest_increasing_run,global_descents,101,42,False,block_03,0.22992997719813318
no_direct_relation,longest_increasing_run,global_descents,101,42,False,block_04,0.08022838224371871
no_direct_relation,longest_increasing_run,global_descents,101,42,False,final_norm,0.049928182199827066
no_direct_relation,longest_increasing_run,global_descents,101,101,True,embedding,0.5994881413426701
no_direct_relation,longest_increasing_run,global_descents,101,101,True,block_01,0.09220655320246375
no_direct_relation,longest_increasing_run,global_descents,101,101,True,block_02,0.14996353029137544
no_direct_relation,longest_increasing_run,global_descents,101,101,True,block_03,0.1758554741262244
no_direct_relation,longest_increasing_run,global_descents,101,101,True,block_04,0.06750509656623567
no_direct_relation,longest_increasing_run,global_descents,101,101,True,final_norm,0.046869029438334514
no_direct_relation,longest_increasing_run,components,17,17,True,embedding,0.7649468943806336
no_direct_relation,longest_increasing_run,components,17,17,True,block_01,0.16146298167784254
no_direct_relation,longest_increasing_run,components,17,17,True,block_02,0.08546657131060646
no_direct_relation,longest_increasing_run,components,17,17,True,block_03,0.044493188567385836
no_direct_relation,longest_increasing_run,components,17,17,True,block_04,0.020177821898056517
no_direct_relation,longest_increasing_run,components,17,17,True,final_norm,0.020588048636977305
no_direct_relation,longest_increasing_run,components,17,42,False,embedding,0.7234704607407096
no_direct_relation,longest_increasing_run,components,17,42,False,block_01,0.378130707780264
no_direct_relation,longest_increasing_run,components,17,42,False,block_02,0.09959669648019996
no_direct_relation,longest_increasing_run,components,17,42,False,block_03,0.07475616077892652
no_direct_relation,longest_increasing_run,components,17,42,False,block_04,0.022379515576418346
no_direct_relation,longest_increasing_run,components,17,42,False,final_norm,0.02387443865667776
no_direct_relation,longest_increasing_run,components,17,101,False,embedding,0.7553136023185666
no_direct_relation,longest_increasing_run,components,17,101,False,block_01,0.2473087399488723
no_direct_relation,longest_increasing_run,components,17,101,False,block_02,0.11675551830668218
no_direct_relation,longest_increasing_run,components,17,101,False,block_03,0.0625974065695544
no_direct_relation,longest_increasing_run,components,17,101,False,block_04,0.029992024324389466
no_direct_relation,longest_increasing_run,components,17,101,False,final_norm,0.028965676208906235
no_direct_relation,longest_increasing_run,components,42,17,False,embedding,0.6862750368872272
no_direct_relation,longest_increasing_run,components,42,17,False,block_01,0.26420644412903616
no_direct_relation,longest_increasing_run,components,42,17,False,block_02,0.0978718497763372
no_direct_relation,longest_increasing_run,components,42,17,False,block_03,0.07331765028964624
no_direct_relation,longest_increasing_run,components,42,17,False,block_04,0.046712477063462175
no_direct_relation,longest_increasing_run,components,42,17,False,final_norm,0.044174660619585915
no_direct_relation,longest_increasing_run,components,42,42,True,embedding,0.6919430405152932
no_direct_relation,longest_increasing_run,components,42,42,True,block_01,0.4393114273878336
no_direct_relation,longest_increasing_run,components,42,42,True,block_02,0.11360446178689876
no_direct_relation,longest_increasing_run,components,42,42,True,block_03,0.09921154539321819
no_direct_relation,longest_increasing_run,components,42,42,True,block_04,0.051598703729050704
no_direct_relation,longest_increasing_run,components,42,42,True,final_norm,0.047745257509361996
no_direct_relation,longest_increasing_run,components,42,101,False,embedding,0.6890348240391262
no_direct_relation,longest_increasing_run,components,42,101,False,block_01,0.36847517705576116
no_direct_relation,longest_increasing_run,components,42,101,False,block_02,0.133521843392492
no_direct_relation,longest_increasing_run,components,42,101,False,block_03,0.08061267818673071
no_direct_relation,longest_increasing_run,components,42,101,False,block_04,0.06138827443499106
no_direct_relation,longest_increasing_run,components,42,101,False,final_norm,0.053533517147217574
no_direct_relation,longest_increasing_run,components,101,17,False,embedding,0.6882097409203111
no_direct_relation,longest_increasing_run,components,101,17,False,block_01,0.23789306361243553
no_direct_relation,longest_increasing_run,components,101,17,False,block_02,0.10058629200676118
no_direct_relation,longest_increasing_run,components,101,17,False,block_03,0.06735353456449783
no_direct_relation,longest_increasing_run,components,101,17,False,block_04,0.047943880765818264
no_direct_relation,longest_increasing_run,components,101,17,False,final_norm,0.03922531398864437
no_direct_relation,longest_increasing_run,components,101,42,False,embedding,0.7293914268064213
no_direct_relation,longest_increasing_run,components,101,42,False,block_01,0.5124477446452871
no_direct_relation,longest_increasing_run,components,101,42,False,block_02,0.11745042185507251
no_direct_relation,longest_increasing_run,components,101,42,False,block_03,0.10297314146752569
no_direct_relation,longest_increasing_run,components,101,42,False,block_04,0.05221836011250129
no_direct_relation,longest_increasing_run,components,101,42,False,final_norm,0.043083472771474236
no_direct_relation,longest_increasing_run,components,101,101,True,embedding,0.7770349087193136
no_direct_relation,longest_increasing_run,components,101,101,True,block_01,0.2883358332480946
no_direct_relation,longest_increasing_run,components,101,101,True,block_02,0.13553776205361345
no_direct_relation,longest_increasing_run,components,101,101,True,block_03,0.08789921162680292
no_direct_relation,longest_increasing_run,components,101,101,True,block_04,0.0634516571799409
no_direct_relation,longest_increasing_run,components,101,101,True,final_norm,0.04919586602247034
no_direct_relation,longest_decreasing_run,left_to_right_maxima,17,17,True,embedding,0.6913459923311973
no_direct_relation,longest_decreasing_run,left_to_right_maxima,17,17,True,block_01,0.22152714360567036
no_direct_relation,longest_decreasing_run,left_to_right_maxima,17,17,True,block_02,0.22640108748659707
no_direct_relation,longest_decreasing_run,left_to_right_maxima,17,17,True,block_03,0.09724211824837532
no_direct_relation,longest_decreasing_run,left_to_right_maxima,17,17,True,block_04,0.02339901317936917
no_direct_relation,longest_decreasing_run,left_to_right_maxima,17,17,True,final_norm,0.03009174771224151
no_direct_relation,longest_decreasing_run,left_to_right_maxima,17,42,False,embedding,0.7066232493048203
no_direct_relation,longest_decreasing_run,left_to_right_maxima,17,42,False,block_01,0.21494203407944382
no_direct_relation,longest_decreasing_run,left_to_right_maxima,17,42,False,block_02,0.2525831792230003
no_direct_relation,longest_decreasing_run,left_to_right_maxima,17,42,False,block_03,0.101941275693581
no_direct_relation,longest_decreasing_run,left_to_right_maxima,17,42,False,block_04,0.02233228700309902
no_direct_relation,longest_decreasing_run,left_to_right_maxima,17,42,False,final_norm,0.03081281353784435
no_direct_relation,longest_decreasing_run,left_to_right_maxima,17,101,False,embedding,0.7410259813512035
no_direct_relation,longest_decreasing_run,left_to_right_maxima,17,101,False,block_01,0.12482122179493096
no_direct_relation,longest_decreasing_run,left_to_right_maxima,17,101,False,block_02,0.13603665231107026
no_direct_relation,longest_decreasing_run,left_to_right_maxima,17,101,False,block_03,0.0686720111048
no_direct_relation,longest_decreasing_run,left_to_right_maxima,17,101,False,block_04,0.019759959502976505
no_direct_relation,longest_decreasing_run,left_to_right_maxima,17,101,False,final_norm,0.022698061904300074
no_direct_relation,longest_decreasing_run,left_to_right_maxima,42,17,False,embedding,0.64664109719503
no_direct_relation,longest_decreasing_run,left_to_right_maxima,42,17,False,block_01,0.22325638662591887
no_direct_relation,longest_decreasing_run,left_to_right_maxima,42,17,False,block_02,0.24329277275658165
no_direct_relation,longest_decreasing_run,left_to_right_maxima,42,17,False,block_03,0.1150951316058496
no_direct_relation,longest_decreasing_run,left_to_right_maxima,42,17,False,block_04,0.028444624652519932
no_direct_relation,longest_decreasing_run,left_to_right_maxima,42,17,False,final_norm,0.034662211772956815
no_direct_relation,longest_decreasing_run,left_to_right_maxima,42,42,True,embedding,0.6731036084722931
no_direct_relation,longest_decreasing_run,left_to_right_maxima,42,42,True,block_01,0.2218395791912232
no_direct_relation,longest_decreasing_run,left_to_right_maxima,42,42,True,block_02,0.2807105206909685
no_direct_relation,longest_decreasing_run,left_to_right_maxima,42,42,True,block_03,0.1244286498009619
no_direct_relation,longest_decreasing_run,left_to_right_maxima,42,42,True,block_04,0.028146097314216866
no_direct_relation,longest_decreasing_run,left_to_right_maxima,42,42,True,final_norm,0.036010537796570305
no_direct_relation,longest_decreasing_run,left_to_right_maxima,42,101,False,embedding,0.7366147600193691
no_direct_relation,longest_decreasing_run,left_to_right_maxima,42,101,False,block_01,0.10315345640146342
no_direct_relation,longest_decreasing_run,left_to_right_maxima,42,101,False,block_02,0.13944801835886952
no_direct_relation,longest_decreasing_run,left_to_right_maxima,42,101,False,block_03,0.07693682367511408
no_direct_relation,longest_decreasing_run,left_to_right_maxima,42,101,False,block_04,0.019339778049514294
no_direct_relation,longest_decreasing_run,left_to_right_maxima,42,101,False,final_norm,0.021872733646456463
no_direct_relation,longest_decreasing_run,left_to_right_maxima,101,17,False,embedding,0.6650619146358773
no_direct_relation,longest_decreasing_run,left_to_right_maxima,101,17,False,block_01,0.23140280385215378
no_direct_relation,longest_decreasing_run,left_to_right_maxima,101,17,False,block_02,0.23642627970127697
no_direct_relation,longest_decreasing_run,left_to_right_maxima,101,17,False,block_03,0.11155064783069059
no_direct_relation,longest_decreasing_run,left_to_right_maxima,101,17,False,block_04,0.025886221920666894
no_direct_relation,longest_decreasing_run,left_to_right_maxima,101,17,False,final_norm,0.027772908595467643
no_direct_relation,longest_decreasing_run,left_to_right_maxima,101,42,False,embedding,0.6858188481668563
no_direct_relation,longest_decreasing_run,left_to_right_maxima,101,42,False,block_01,0.23081478404279068
no_direct_relation,longest_decreasing_run,left_to_right_maxima,101,42,False,block_02,0.27005705087814874
no_direct_relation,longest_decreasing_run,left_to_right_maxima,101,42,False,block_03,0.12166855829143136
no_direct_relation,longest_decreasing_run,left_to_right_maxima,101,42,False,block_04,0.02554195132133651
no_direct_relation,longest_decreasing_run,left_to_right_maxima,101,42,False,final_norm,0.029154702286753733
no_direct_relation,longest_decreasing_run,left_to_right_maxima,101,101,True,embedding,0.7323614903843212
no_direct_relation,longest_decreasing_run,left_to_right_maxima,101,101,True,block_01,0.11474614985752447
no_direct_relation,longest_decreasing_run,left_to_right_maxima,101,101,True,block_02,0.11925866300306404
no_direct_relation,longest_decreasing_run,left_to_right_maxima,101,101,True,block_03,0.07008901320845892
no_direct_relation,longest_decreasing_run,left_to_right_maxima,101,101,True,block_04,0.018569676688525057
no_direct_relation,longest_decreasing_run,left_to_right_maxima,101,101,True,final_norm,0.01785690096970469
no_direct_relation,longest_decreasing_run,left_to_right_minima,17,17,True,embedding,0.722292522711337
no_direct_relation,longest_decreasing_run,left_to_right_minima,17,17,True,block_01,0.15107413959244326
no_direct_relation,longest_decreasing_run,left_to_right_minima,17,17,True,block_02,0.16304628400326748
no_direct_relation,longest_decreasing_run,left_to_right_minima,17,17,True,block_03,0.13407768048884092
no_direct_relation,longest_decreasing_run,left_to_right_minima,17,17,True,block_04,0.05553399078132161
no_direct_relation,longest_decreasing_run,left_to_right_minima,17,17,True,final_norm,0.09083756990280424
no_direct_relation,longest_decreasing_run,left_to_right_minima,17,42,False,embedding,0.7283556890786964
no_direct_relation,longest_decreasing_run,left_to_right_minima,17,42,False,block_01,0.17205141503911534
no_direct_relation,longest_decreasing_run,left_to_right_minima,17,42,False,block_02,0.15421122022085273
no_direct_relation,longest_decreasing_run,left_to_right_minima,17,42,False,block_03,0.11451963749181102
no_direct_relation,longest_decreasing_run,left_to_right_minima,17,42,False,block_04,0.04668820407385084
no_direct_relation,longest_decreasing_run,left_to_right_minima,17,42,False,final_norm,0.05937914397710696
no_direct_relation,longest_decreasing_run,left_to_right_minima,17,101,False,embedding,0.6646307748686243
no_direct_relation,longest_decreasing_run,left_to_right_minima,17,101,False,block_01,0.07275551867155623
no_direct_relation,longest_decreasing_run,left_to_right_minima,17,101,False,block_02,0.10961677402520706
no_direct_relation,longest_decreasing_run,left_to_right_minima,17,101,False,block_03,0.1393297051475426
no_direct_relation,longest_decreasing_run,left_to_right_minima,17,101,False,block_04,0.06083503077772737
no_direct_relation,longest_decreasing_run,left_to_right_minima,17,101,False,final_norm,0.07552647552738656
no_direct_relation,longest_decreasing_run,left_to_right_minima,42,17,False,embedding,0.6852502241333669
no_direct_relation,longest_decreasing_run,left_to_right_minima,42,17,False,block_01,0.1491830831583351
no_direct_relation,longest_decreasing_run,left_to_right_minima,42,17,False,block_02,0.16058216891539118
no_direct_relation,longest_decreasing_run,left_to_right_minima,42,17,False,block_03,0.15685609555010055
no_direct_relation,longest_decreasing_run,left_to_right_minima,42,17,False,block_04,0.06402731936482568
no_direct_relation,longest_decreasing_run,left_to_right_minima,42,17,False,final_norm,0.09631923021330475
no_direct_relation,longest_decreasing_run,left_to_right_minima,42,42,True,embedding,0.6911931677638828
no_direct_relation,longest_decreasing_run,left_to_right_minima,42,42,True,block_01,0.19660824464438947
no_direct_relation,longest_decreasing_run,left_to_right_minima,42,42,True,block_02,0.1687778646930363
no_direct_relation,longest_decreasing_run,left_to_right_minima,42,42,True,block_03,0.13497161814888484
no_direct_relation,longest_decreasing_run,left_to_right_minima,42,42,True,block_04,0.054910869849740813
no_direct_relation,longest_decreasing_run,left_to_right_minima,42,42,True,final_norm,0.06523571142203063
no_direct_relation,longest_decreasing_run,left_to_right_minima,42,101,False,embedding,0.6382540531407739
no_direct_relation,longest_decreasing_run,left_to_right_minima,42,101,False,block_01,0.06255855691980815
no_direct_relation,longest_decreasing_run,left_to_right_minima,42,101,False,block_02,0.12229298029980329
no_direct_relation,longest_decreasing_run,left_to_right_minima,42,101,False,block_03,0.16249390556872498
no_direct_relation,longest_decreasing_run,left_to_right_minima,42,101,False,block_04,0.06959808537602015
no_direct_relation,longest_decreasing_run,left_to_right_minima,42,101,False,final_norm,0.08535247072152673
no_direct_relation,longest_decreasing_run,left_to_right_minima,101,17,False,embedding,0.725159680229313
no_direct_relation,longest_decreasing_run,left_to_right_minima,101,17,False,block_01,0.20796197973380418
no_direct_relation,longest_decreasing_run,left_to_right_minima,101,17,False,block_02,0.21982293126021848
no_direct_relation,longest_decreasing_run,left_to_right_minima,101,17,False,block_03,0.19205381432538257
no_direct_relation,longest_decreasing_run,left_to_right_minima,101,17,False,block_04,0.07116466296540577
no_direct_relation,longest_decreasing_run,left_to_right_minima,101,17,False,final_norm,0.09661872900577227
no_direct_relation,longest_decreasing_run,left_to_right_minima,101,42,False,embedding,0.7123987626238386
no_direct_relation,longest_decreasing_run,left_to_right_minima,101,42,False,block_01,0.3291681036806248
no_direct_relation,longest_decreasing_run,left_to_right_minima,101,42,False,block_02,0.23057953499402548
no_direct_relation,longest_decreasing_run,left_to_right_minima,101,42,False,block_03,0.17851469818671037
no_direct_relation,longest_decreasing_run,left_to_right_minima,101,42,False,block_04,0.06477076864923051
no_direct_relation,longest_decreasing_run,left_to_right_minima,101,42,False,final_norm,0.06535538373991176
no_direct_relation,longest_decreasing_run,left_to_right_minima,101,101,True,embedding,0.7260531714491218
no_direct_relation,longest_decreasing_run,left_to_right_minima,101,101,True,block_01,0.21568391878665458
no_direct_relation,longest_decreasing_run,left_to_right_minima,101,101,True,block_02,0.20967279435949848
no_direct_relation,longest_decreasing_run,left_to_right_minima,101,101,True,block_03,0.21441320679667933
no_direct_relation,longest_decreasing_run,left_to_right_minima,101,101,True,block_04,0.08435628633652538
no_direct_relation,longest_decreasing_run,left_to_right_minima,101,101,True,final_norm,0.08228760021157716
no_direct_relation,longest_decreasing_run,global_descents,17,17,True,embedding,0.6450712093719476
no_direct_relation,longest_decreasing_run,global_descents,17,17,True,block_01,0.17967380124433802
no_direct_relation,longest_decreasing_run,global_descents,17,17,True,block_02,0.13477480250764207
no_direct_relation,longest_decreasing_run,global_descents,17,17,True,block_03,0.07216002459334424
no_direct_relation,longest_decreasing_run,global_descents,17,17,True,block_04,0.04263577874021304
no_direct_relation,longest_decreasing_run,global_descents,17,17,True,final_norm,0.04650164943751546
no_direct_relation,longest_decreasing_run,global_descents,17,42,False,embedding,0.6281148627892524
no_direct_relation,longest_decreasing_run,global_descents,17,42,False,block_01,0.10445607841373551
no_direct_relation,longest_decreasing_run,global_descents,17,42,False,block_02,0.12218475769808368
no_direct_relation,longest_decreasing_run,global_descents,17,42,False,block_03,0.06617355753542727
no_direct_relation,longest_decreasing_run,global_descents,17,42,False,block_04,0.026206136843816723
no_direct_relation,longest_decreasing_run,global_descents,17,42,False,final_norm,0.0193225459852461
no_direct_relation,longest_decreasing_run,global_descents,17,101,False,embedding,0.6046764112907046
no_direct_relation,longest_decreasing_run,global_descents,17,101,False,block_01,0.0785276570797661
no_direct_relation,longest_decreasing_run,global_descents,17,101,False,block_02,0.08625853223259397
no_direct_relation,longest_decreasing_run,global_descents,17,101,False,block_03,0.05131894340069044
no_direct_relation,longest_decreasing_run,global_descents,17,101,False,block_04,0.016507432623480194
no_direct_relation,longest_decreasing_run,global_descents,17,101,False,final_norm,0.01936181108747401
no_direct_relation,longest_decreasing_run,global_descents,42,17,False,embedding,0.6195354394449235
no_direct_relation,longest_decreasing_run,global_descents,42,17,False,block_01,0.1349474646396606
no_direct_relation,longest_decreasing_run,global_descents,42,17,False,block_02,0.1233584048779876
no_direct_relation,longest_decreasing_run,global_descents,42,17,False,block_03,0.07792845320506223
no_direct_relation,longest_decreasing_run,global_descents,42,17,False,block_04,0.04121662797592893
no_direct_relation,longest_decreasing_run,global_descents,42,17,False,final_norm,0.04570075738301048
no_direct_relation,longest_decreasing_run,global_descents,42,42,True,embedding,0.6342332494163581
no_direct_relation,longest_decreasing_run,global_descents,42,42,True,block_01,0.12432846824017918
no_direct_relation,longest_decreasing_run,global_descents,42,42,True,block_02,0.16011622540437045
no_direct_relation,longest_decreasing_run,global_descents,42,42,True,block_03,0.0978678571096898
no_direct_relation,longest_decreasing_run,global_descents,42,42,True,block_04,0.028468652839675365
no_direct_relation,longest_decreasing_run,global_descents,42,42,True,final_norm,0.02116170095381295
no_direct_relation,longest_decreasing_run,global_descents,42,101,False,embedding,0.6010776157766953
no_direct_relation,longest_decreasing_run,global_descents,42,101,False,block_01,0.09258220208856577
no_direct_relation,longest_decreasing_run,global_descents,42,101,False,block_02,0.10485530646693172
no_direct_relation,longest_decreasing_run,global_descents,42,101,False,block_03,0.06610270537044835
no_direct_relation,longest_decreasing_run,global_descents,42,101,False,block_04,0.020950351662391155
no_direct_relation,longest_decreasing_run,global_descents,42,101,False,final_norm,0.021119449833435673
no_direct_relation,longest_decreasing_run,global_descents,101,17,False,embedding,0.6343552581759899
no_direct_relation,longest_decreasing_run,global_descents,101,17,False,block_01,0.22727878734999352
no_direct_relation,longest_decreasing_run,global_descents,101,17,False,block_02,0.15676055894443452
no_direct_relation,longest_decreasing_run,global_descents,101,17,False,block_03,0.0819527133777453
no_direct_relation,longest_decreasing_run,global_descents,101,17,False,block_04,0.043057652580208786
no_direct_relation,longest_decreasing_run,global_descents,101,17,False,final_norm,0.04237859016931192
no_direct_relation,longest_decreasing_run,global_descents,101,42,False,embedding,0.6297899645057576
no_direct_relation,longest_decreasing_run,global_descents,101,42,False,block_01,0.18235792123345956
no_direct_relation,longest_decreasing_run,global_descents,101,42,False,block_02,0.1677163462744843
no_direct_relation,longest_decreasing_run,global_descents,101,42,False,block_03,0.09668347262770598
no_direct_relation,longest_decreasing_run,global_descents,101,42,False,block_04,0.024968180049388878
no_direct_relation,longest_decreasing_run,global_descents,101,42,False,final_norm,0.01611027201582148
no_direct_relation,longest_decreasing_run,global_descents,101,101,True,embedding,0.5966907862518595
no_direct_relation,longest_decreasing_run,global_descents,101,101,True,block_01,0.07939784319995037
no_direct_relation,longest_decreasing_run,global_descents,101,101,True,block_02,0.08061190922368096
no_direct_relation,longest_decreasing_run,global_descents,101,101,True,block_03,0.056531776638607305
no_direct_relation,longest_decreasing_run,global_descents,101,101,True,block_04,0.018706819391437188
no_direct_relation,longest_decreasing_run,global_descents,101,101,True,final_norm,0.018778185934050777
no_direct_relation,longest_decreasing_run,components,17,17,True,embedding,0.758669899661933
no_direct_relation,longest_decreasing_run,components,17,17,True,block_01,0.2936815137084786
no_direct_relation,longest_decreasing_run,components,17,17,True,block_02,0.11105167585191433
no_direct_relation,longest_decreasing_run,components,17,17,True,block_03,0.06732136319547843
no_direct_relation,longest_decreasing_run,components,17,17,True,block_04,0.03349865350972993
no_direct_relation,longest_decreasing_run,components,17,17,True,final_norm,0.031371608812270003
no_direct_relation,longest_decreasing_run,components,17,42,False,embedding,0.7128431020856782
no_direct_relation,longest_decreasing_run,components,17,42,False,block_01,0.30274848027991824
no_direct_relation,longest_decreasing_run,components,17,42,False,block_02,0.11679603215238714
no_direct_relation,longest_decreasing_run,components,17,42,False,block_03,0.09363286525499273
no_direct_relation,longest_decreasing_run,components,17,42,False,block_04,0.03143306580650316
no_direct_relation,longest_decreasing_run,components,17,42,False,final_norm,0.028273282531318646
no_direct_relation,longest_decreasing_run,components,17,101,False,embedding,0.7502841019932788
no_direct_relation,longest_decreasing_run,components,17,101,False,block_01,0.4063208340390099
no_direct_relation,longest_decreasing_run,components,17,101,False,block_02,0.14076256086183908
no_direct_relation,longest_decreasing_run,components,17,101,False,block_03,0.07487858648929728
no_direct_relation,longest_decreasing_run,components,17,101,False,block_04,0.036826086148829346
no_direct_relation,longest_decreasing_run,components,17,101,False,final_norm,0.03101179604921833
no_direct_relation,longest_decreasing_run,components,42,17,False,embedding,0.7678281711898154
no_direct_relation,longest_decreasing_run,components,42,17,False,block_01,0.24306232808176226
no_direct_relation,longest_decreasing_run,components,42,17,False,block_02,0.13219430937647061
no_direct_relation,longest_decreasing_run,components,42,17,False,block_03,0.09857187206079199
no_direct_relation,longest_decreasing_run,components,42,17,False,block_04,0.03798222455293748
no_direct_relation,longest_decreasing_run,components,42,17,False,final_norm,0.04273335455346981
no_direct_relation,longest_decreasing_run,components,42,42,True,embedding,0.7137070614849489
no_direct_relation,longest_decreasing_run,components,42,42,True,block_01,0.33891829931846157
no_direct_relation,longest_decreasing_run,components,42,42,True,block_02,0.1390326355265238
no_direct_relation,longest_decreasing_run,components,42,42,True,block_03,0.1265836610240621
no_direct_relation,longest_decreasing_run,components,42,42,True,block_04,0.037473385994503276
no_direct_relation,longest_decreasing_run,components,42,42,True,final_norm,0.038761005951900636
no_direct_relation,longest_decreasing_run,components,42,101,False,embedding,0.7489998219131787
no_direct_relation,longest_decreasing_run,components,42,101,False,block_01,0.4862311539900029
no_direct_relation,longest_decreasing_run,components,42,101,False,block_02,0.16579195977847105
no_direct_relation,longest_decreasing_run,components,42,101,False,block_03,0.10254384813985773
no_direct_relation,longest_decreasing_run,components,42,101,False,block_04,0.04362029147743133
no_direct_relation,longest_decreasing_run,components,42,101,False,final_norm,0.041752917497470295
no_direct_relation,longest_decreasing_run,components,101,17,False,embedding,0.7336179901231631
no_direct_relation,longest_decreasing_run,components,101,17,False,block_01,0.22050096267913685
no_direct_relation,longest_decreasing_run,components,101,17,False,block_02,0.17400055717373972
no_direct_relation,longest_decreasing_run,components,101,17,False,block_03,0.13107115982867162
no_direct_relation,longest_decreasing_run,components,101,17,False,block_04,0.04107526584999491
no_direct_relation,longest_decreasing_run,components,101,17,False,final_norm,0.03339223796831068
no_direct_relation,longest_decreasing_run,components,101,42,False,embedding,0.729008872589611
no_direct_relation,longest_decreasing_run,components,101,42,False,block_01,0.4483762714434387
no_direct_relation,longest_decreasing_run,components,101,42,False,block_02,0.17855839523077657
no_direct_relation,longest_decreasing_run,components,101,42,False,block_03,0.1541613026762546
no_direct_relation,longest_decreasing_run,components,101,42,False,block_04,0.03860088393628632
no_direct_relation,longest_decreasing_run,components,101,42,False,final_norm,0.02970047024537165
no_direct_relation,longest_decreasing_run,components,101,101,True,embedding,0.7678577725440158
no_direct_relation,longest_decreasing_run,components,101,101,True,block_01,0.30769636402540995
no_direct_relation,longest_decreasing_run,components,101,101,True,block_02,0.20210622452337046
no_direct_relation,longest_decreasing_run,components,101,101,True,block_03,0.1301066020570278
no_direct_relation,longest_decreasing_run,components,101,101,True,block_04,0.04498410577673027
no_direct_relation,longest_decreasing_run,components,101,101,True,final_norm,0.032174050864250785
direct_relation,left_to_right_maxima,left_to_right_minima,17,17,True,embedding,0.7344666453904551
direct_relation,left_to_right_maxima,left_to_right_minima,17,17,True,block_01,0.08543674811516448
direct_relation,left_to_right_maxima,left_to_right_minima,17,17,True,block_02,0.07148518066004564
direct_relation,left_to_right_maxima,left_to_right_minima,17,17,True,block_03,0.042929681446228
direct_relation,left_to_right_maxima,left_to_right_minima,17,17,True,block_04,0.03950258703516143
direct_relation,left_to_right_maxima,left_to_right_minima,17,17,True,final_norm,0.03485680108088742
direct_relation,left_to_right_maxima,left_to_right_minima,17,42,False,embedding,0.7049710834579872
direct_relation,left_to_right_maxima,left_to_right_minima,17,42,False,block_01,0.07044960971264982
direct_relation,left_to_right_maxima,left_to_right_minima,17,42,False,block_02,0.05145666425420171
direct_relation,left_to_right_maxima,left_to_right_minima,17,42,False,block_03,0.026430006916934118
direct_relation,left_to_right_maxima,left_to_right_minima,17,42,False,block_04,0.014585831179224195
direct_relation,left_to_right_maxima,left_to_right_minima,17,42,False,final_norm,0.015601935909924758
direct_relation,left_to_right_maxima,left_to_right_minima,17,101,False,embedding,0.6566909006387076
direct_relation,left_to_right_maxima,left_to_right_minima,17,101,False,block_01,0.0532577481930837
direct_relation,left_to_right_maxima,left_to_right_minima,17,101,False,block_02,0.06078069031803714
direct_relation,left_to_right_maxima,left_to_right_minima,17,101,False,block_03,0.03366045363763098
direct_relation,left_to_right_maxima,left_to_right_minima,17,101,False,block_04,0.02300751833101993
direct_relation,left_to_right_maxima,left_to_right_minima,17,101,False,final_norm,0.027861160181162446
direct_relation,left_to_right_maxima,left_to_right_minima,42,17,False,embedding,0.6995669743059784
direct_relation,left_to_right_maxima,left_to_right_minima,42,17,False,block_01,0.08530707603011636
direct_relation,left_to_right_maxima,left_to_right_minima,42,17,False,block_02,0.07472879282069045
direct_relation,left_to_right_maxima,left_to_right_minima,42,17,False,block_03,0.0494501955793705
direct_relation,left_to_right_maxima,left_to_right_minima,42,17,False,block_04,0.0415815764939273
direct_relation,left_to_right_maxima,left_to_right_minima,42,17,False,final_norm,0.038298583050036514
direct_relation,left_to_right_maxima,left_to_right_minima,42,42,True,embedding,0.6759380176246721
direct_relation,left_to_right_maxima,left_to_right_minima,42,42,True,block_01,0.06346070406625377
direct_relation,left_to_right_maxima,left_to_right_minima,42,42,True,block_02,0.054157723545203866
direct_relation,left_to_right_maxima,left_to_right_minima,42,42,True,block_03,0.03272909744784341
direct_relation,left_to_right_maxima,left_to_right_minima,42,42,True,block_04,0.01707323197289897
direct_relation,left_to_right_maxima,left_to_right_minima,42,42,True,final_norm,0.01753508507042263
direct_relation,left_to_right_maxima,left_to_right_minima,42,101,False,embedding,0.6527751245984984
direct_relation,left_to_right_maxima,left_to_right_minima,42,101,False,block_01,0.03482365366480426
direct_relation,left_to_right_maxima,left_to_right_minima,42,101,False,block_02,0.04920292254878986
direct_relation,left_to_right_maxima,left_to_right_minima,42,101,False,block_03,0.03459013181434971
direct_relation,left_to_right_maxima,left_to_right_minima,42,101,False,block_04,0.025682176700902587
direct_relation,left_to_right_maxima,left_to_right_minima,42,101,False,final_norm,0.029134854973070952
direct_relation,left_to_right_maxima,left_to_right_minima,101,17,False,embedding,0.7175106024651674
direct_relation,left_to_right_maxima,left_to_right_minima,101,17,False,block_01,0.0396675504213624
direct_relation,left_to_right_maxima,left_to_right_minima,101,17,False,block_02,0.03473528199513912
direct_relation,left_to_right_maxima,left_to_right_minima,101,17,False,block_03,0.02396093778223539
direct_relation,left_to_right_maxima,left_to_right_minima,101,17,False,block_04,0.02534552850549556
direct_relation,left_to_right_maxima,left_to_right_minima,101,17,False,final_norm,0.019601209480603024
direct_relation,left_to_right_maxima,left_to_right_minima,101,42,False,embedding,0.6577131261171962
direct_relation,left_to_right_maxima,left_to_right_minima,101,42,False,block_01,0.02914407611629045
direct_relation,left_to_right_maxima,left_to_right_minima,101,42,False,block_02,0.023658212560746378
direct_relation,left_to_right_maxima,left_to_right_minima,101,42,False,block_03,0.013753144128352861
direct_relation,left_to_right_maxima,left_to_right_minima,101,42,False,block_04,0.010596139405793193
direct_relation,left_to_right_maxima,left_to_right_minima,101,42,False,final_norm,0.009760342979076663
direct_relation,left_to_right_maxima,left_to_right_minima,101,101,True,embedding,0.664062247702919
direct_relation,left_to_right_maxima,left_to_right_minima,101,101,True,block_01,0.03787142881071932
direct_relation,left_to_right_maxima,left_to_right_minima,101,101,True,block_02,0.06098380853180983
direct_relation,left_to_right_maxima,left_to_right_minima,101,101,True,block_03,0.025487139535448414
direct_relation,left_to_right_maxima,left_to_right_minima,101,101,True,block_04,0.02225234286349286
direct_relation,left_to_right_maxima,left_to_right_minima,101,101,True,final_norm,0.021449444896430934
no_direct_relation,left_to_right_maxima,global_descents,17,17,True,embedding,0.6106853394248712
no_direct_relation,left_to_right_maxima,global_descents,17,17,True,block_01,0.09588940231729841
no_direct_relation,left_to_right_maxima,global_descents,17,17,True,block_02,0.1774763510861934
no_direct_relation,left_to_right_maxima,global_descents,17,17,True,block_03,0.19577699566153106
no_direct_relation,left_to_right_maxima,global_descents,17,17,True,block_04,0.18975818598283173
no_direct_relation,left_to_right_maxima,global_descents,17,17,True,final_norm,0.1710597452387027
no_direct_relation,left_to_right_maxima,global_descents,17,42,False,embedding,0.6328668192485328
no_direct_relation,left_to_right_maxima,global_descents,17,42,False,block_01,0.46488369790990125
no_direct_relation,left_to_right_maxima,global_descents,17,42,False,block_02,0.40300977355900997
no_direct_relation,left_to_right_maxima,global_descents,17,42,False,block_03,0.2721059522232606
no_direct_relation,left_to_right_maxima,global_descents,17,42,False,block_04,0.17913979315664352
no_direct_relation,left_to_right_maxima,global_descents,17,42,False,final_norm,0.17164342870103058
no_direct_relation,left_to_right_maxima,global_descents,17,101,False,embedding,0.5264038475724392
no_direct_relation,left_to_right_maxima,global_descents,17,101,False,block_01,0.4789482598108912
no_direct_relation,left_to_right_maxima,global_descents,17,101,False,block_02,0.4018907060710247
no_direct_relation,left_to_right_maxima,global_descents,17,101,False,block_03,0.25550638921159274
no_direct_relation,left_to_right_maxima,global_descents,17,101,False,block_04,0.17096979875041013
no_direct_relation,left_to_right_maxima,global_descents,17,101,False,final_norm,0.17009180302711988
no_direct_relation,left_to_right_maxima,global_descents,42,17,False,embedding,0.5928189119361464
no_direct_relation,left_to_right_maxima,global_descents,42,17,False,block_01,0.08527272261372854
no_direct_relation,left_to_right_maxima,global_descents,42,17,False,block_02,0.18270120996239306
no_direct_relation,left_to_right_maxima,global_descents,42,17,False,block_03,0.17690076713365321
no_direct_relation,left_to_right_maxima,global_descents,42,17,False,block_04,0.17065423814130773
no_direct_relation,left_to_right_maxima,global_descents,42,17,False,final_norm,0.1523906717689155
no_direct_relation,left_to_right_maxima,global_descents,42,42,True,embedding,0.7202288240960506
no_direct_relation,left_to_right_maxima,global_descents,42,42,True,block_01,0.5111802086416979
no_direct_relation,left_to_right_maxima,global_descents,42,42,True,block_02,0.4635329898894302
no_direct_relation,left_to_right_maxima,global_descents,42,42,True,block_03,0.28606470132440903
no_direct_relation,left_to_right_maxima,global_descents,42,42,True,block_04,0.17485843053991842
no_direct_relation,left_to_right_maxima,global_descents,42,42,True,final_norm,0.15826854184395947
no_direct_relation,left_to_right_maxima,global_descents,42,101,False,embedding,0.5720812595649408
no_direct_relation,left_to_right_maxima,global_descents,42,101,False,block_01,0.5450065254121628
no_direct_relation,left_to_right_maxima,global_descents,42,101,False,block_02,0.47817009780539
no_direct_relation,left_to_right_maxima,global_descents,42,101,False,block_03,0.27489030441331486
no_direct_relation,left_to_right_maxima,global_descents,42,101,False,block_04,0.1776038821845634
no_direct_relation,left_to_right_maxima,global_descents,42,101,False,final_norm,0.16303965432025633
no_direct_relation,left_to_right_maxima,global_descents,101,17,False,embedding,0.6794856951171022
no_direct_relation,left_to_right_maxima,global_descents,101,17,False,block_01,0.07109293446138695
no_direct_relation,left_to_right_maxima,global_descents,101,17,False,block_02,0.2108307554313877
no_direct_relation,left_to_right_maxima,global_descents,101,17,False,block_03,0.21445127656953777
no_direct_relation,left_to_right_maxima,global_descents,101,17,False,block_04,0.1912019264267712
no_direct_relation,left_to_right_maxima,global_descents,101,17,False,final_norm,0.18091011036661533
no_direct_relation,left_to_right_maxima,global_descents,101,42,False,embedding,0.6706534891020512
no_direct_relation,left_to_right_maxima,global_descents,101,42,False,block_01,0.36684079467051495
no_direct_relation,left_to_right_maxima,global_descents,101,42,False,block_02,0.3670411215026364
no_direct_relation,left_to_right_maxima,global_descents,101,42,False,block_03,0.25077953265892167
no_direct_relation,left_to_right_maxima,global_descents,101,42,False,block_04,0.2112394929667087
no_direct_relation,left_to_right_maxima,global_descents,101,42,False,final_norm,0.17467436873454753
no_direct_relation,left_to_right_maxima,global_descents,101,101,True,embedding,0.7877869869415112
no_direct_relation,left_to_right_maxima,global_descents,101,101,True,block_01,0.4154104126302613
no_direct_relation,left_to_right_maxima,global_descents,101,101,True,block_02,0.38269255356439175
no_direct_relation,left_to_right_maxima,global_descents,101,101,True,block_03,0.2260454476947703
no_direct_relation,left_to_right_maxima,global_descents,101,101,True,block_04,0.1719706386123066
no_direct_relation,left_to_right_maxima,global_descents,101,101,True,final_norm,0.15232180375176402
no_direct_relation,left_to_right_maxima,components,17,17,True,embedding,0.5992605668566403
no_direct_relation,left_to_right_maxima,components,17,17,True,block_01,0.1164400731346975
no_direct_relation,left_to_right_maxima,components,17,17,True,block_02,0.03300057596865984
no_direct_relation,left_to_right_maxima,components,17,17,True,block_03,0.021317993200656676
no_direct_relation,left_to_right_maxima,components,17,17,True,block_04,0.01896945060818695
no_direct_relation,left_to_right_maxima,components,17,17,True,final_norm,0.019534791418272638
no_direct_relation,left_to_right_maxima,components,17,42,False,embedding,0.6111427214503647
no_direct_relation,left_to_right_maxima,components,17,42,False,block_01,0.16491605826994857
no_direct_relation,left_to_right_maxima,components,17,42,False,block_02,0.039588555100911076
no_direct_relation,left_to_right_maxima,components,17,42,False,block_03,0.026704917381173338
no_direct_relation,left_to_right_maxima,components,17,42,False,block_04,0.019025897540471834
no_direct_relation,left_to_right_maxima,components,17,42,False,final_norm,0.018208149934130065
no_direct_relation,left_to_right_maxima,components,17,101,False,embedding,0.6383008733437825
no_direct_relation,left_to_right_maxima,components,17,101,False,block_01,0.14450713124608364
no_direct_relation,left_to_right_maxima,components,17,101,False,block_02,0.049515132795531255
no_direct_relation,left_to_right_maxima,components,17,101,False,block_03,0.02791556279321927
no_direct_relation,left_to_right_maxima,components,17,101,False,block_04,0.022303830582815824
no_direct_relation,left_to_right_maxima,components,17,101,False,final_norm,0.02101783388788777
no_direct_relation,left_to_right_maxima,components,42,17,False,embedding,0.6379593866032238
no_direct_relation,left_to_right_maxima,components,42,17,False,block_01,0.11683061564478436
no_direct_relation,left_to_right_maxima,components,42,17,False,block_02,0.03525386984888459
no_direct_relation,left_to_right_maxima,components,42,17,False,block_03,0.02678432745442093
no_direct_relation,left_to_right_maxima,components,42,17,False,block_04,0.020454172137196358
no_direct_relation,left_to_right_maxima,components,42,17,False,final_norm,0.02277263544872715
no_direct_relation,left_to_right_maxima,components,42,42,True,embedding,0.659911853510874
no_direct_relation,left_to_right_maxima,components,42,42,True,block_01,0.21301914434261263
no_direct_relation,left_to_right_maxima,components,42,42,True,block_02,0.04520220035958271
no_direct_relation,left_to_right_maxima,components,42,42,True,block_03,0.03345142632523538
no_direct_relation,left_to_right_maxima,components,42,42,True,block_04,0.020145888727879695
no_direct_relation,left_to_right_maxima,components,42,42,True,final_norm,0.021425447845191518
no_direct_relation,left_to_right_maxima,components,42,101,False,embedding,0.6476916070010966
no_direct_relation,left_to_right_maxima,components,42,101,False,block_01,0.1279617255332136
no_direct_relation,left_to_right_maxima,components,42,101,False,block_02,0.05448976333151565
no_direct_relation,left_to_right_maxima,components,42,101,False,block_03,0.03379882941766356
no_direct_relation,left_to_right_maxima,components,42,101,False,block_04,0.023862299468495038
no_direct_relation,left_to_right_maxima,components,42,101,False,final_norm,0.024536648424389386
no_direct_relation,left_to_right_maxima,components,101,17,False,embedding,0.7768006806777682
no_direct_relation,left_to_right_maxima,components,101,17,False,block_01,0.07753337222175022
no_direct_relation,left_to_right_maxima,components,101,17,False,block_02,0.019939831643192747
no_direct_relation,left_to_right_maxima,components,101,17,False,block_03,0.018929926063290588
no_direct_relation,left_to_right_maxima,components,101,17,False,block_04,0.012256484264074828
no_direct_relation,left_to_right_maxima,components,101,17,False,final_norm,0.014723435380226524
no_direct_relation,left_to_right_maxima,components,101,42,False,embedding,0.7228815049074052
no_direct_relation,left_to_right_maxima,components,101,42,False,block_01,0.114884236731777
no_direct_relation,left_to_right_maxima,components,101,42,False,block_02,0.026261912896133183
no_direct_relation,left_to_right_maxima,components,101,42,False,block_03,0.01861956917061995
no_direct_relation,left_to_right_maxima,components,101,42,False,block_04,0.011476030088832353
no_direct_relation,left_to_right_maxima,components,101,42,False,final_norm,0.013085480807670302
no_direct_relation,left_to_right_maxima,components,101,101,True,embedding,0.7784335072536481
no_direct_relation,left_to_right_maxima,components,101,101,True,block_01,0.07566112339090282
no_direct_relation,left_to_right_maxima,components,101,101,True,block_02,0.03693626247883875
no_direct_relation,left_to_right_maxima,components,101,101,True,block_03,0.02981108760181944
no_direct_relation,left_to_right_maxima,components,101,101,True,block_04,0.013783274854557348
no_direct_relation,left_to_right_maxima,components,101,101,True,final_norm,0.01586562904293418
no_direct_relation,left_to_right_minima,global_descents,17,17,True,embedding,0.6770611410153695
no_direct_relation,left_to_right_minima,global_descents,17,17,True,block_01,0.2791679395589725
no_direct_relation,left_to_right_minima,global_descents,17,17,True,block_02,0.23762674723083027
no_direct_relation,left_to_right_minima,global_descents,17,17,True,block_03,0.17076931637085951
no_direct_relation,left_to_right_minima,global_descents,17,17,True,block_04,0.1193980261235648
no_direct_relation,left_to_right_minima,global_descents,17,17,True,final_norm,0.10437082601430567
no_direct_relation,left_to_right_minima,global_descents,17,42,False,embedding,0.7125670076800199
no_direct_relation,left_to_right_minima,global_descents,17,42,False,block_01,0.1765537968642281
no_direct_relation,left_to_right_minima,global_descents,17,42,False,block_02,0.11822317386414599
no_direct_relation,left_to_right_minima,global_descents,17,42,False,block_03,0.05671704192341111
no_direct_relation,left_to_right_minima,global_descents,17,42,False,block_04,0.04896656896915529
no_direct_relation,left_to_right_minima,global_descents,17,42,False,final_norm,0.03529111222708031
no_direct_relation,left_to_right_minima,global_descents,17,101,False,embedding,0.6554116387344344
no_direct_relation,left_to_right_minima,global_descents,17,101,False,block_01,0.025722696686133438
no_direct_relation,left_to_right_minima,global_descents,17,101,False,block_02,0.04788933817265139
no_direct_relation,left_to_right_minima,global_descents,17,101,False,block_03,0.04358205841939117
no_direct_relation,left_to_right_minima,global_descents,17,101,False,block_04,0.05001120488006678
no_direct_relation,left_to_right_minima,global_descents,17,101,False,final_norm,0.040756861001507994
no_direct_relation,left_to_right_minima,global_descents,42,17,False,embedding,0.6463277254520339
no_direct_relation,left_to_right_minima,global_descents,42,17,False,block_01,0.18091973465507524
no_direct_relation,left_to_right_minima,global_descents,42,17,False,block_02,0.2183553094744271
no_direct_relation,left_to_right_minima,global_descents,42,17,False,block_03,0.13750104136029292
no_direct_relation,left_to_right_minima,global_descents,42,17,False,block_04,0.0947016210321293
no_direct_relation,left_to_right_minima,global_descents,42,17,False,final_norm,0.09614252081363993
no_direct_relation,left_to_right_minima,global_descents,42,42,True,embedding,0.6838043626326937
no_direct_relation,left_to_right_minima,global_descents,42,42,True,block_01,0.09225509328713143
no_direct_relation,left_to_right_minima,global_descents,42,42,True,block_02,0.0716725525268171
no_direct_relation,left_to_right_minima,global_descents,42,42,True,block_03,0.035453956371919025
no_direct_relation,left_to_right_minima,global_descents,42,42,True,block_04,0.01995469881655358
no_direct_relation,left_to_right_minima,global_descents,42,42,True,final_norm,0.019349071036452205
no_direct_relation,left_to_right_minima,global_descents,42,101,False,embedding,0.603832680730926
no_direct_relation,left_to_right_minima,global_descents,42,101,False,block_01,0.019960155728962765
no_direct_relation,left_to_right_minima,global_descents,42,101,False,block_02,0.04082461054691041
no_direct_relation,left_to_right_minima,global_descents,42,101,False,block_03,0.03472862330205029
no_direct_relation,left_to_right_minima,global_descents,42,101,False,block_04,0.021517907975971976
no_direct_relation,left_to_right_minima,global_descents,42,101,False,final_norm,0.024242988138990538
no_direct_relation,left_to_right_minima,global_descents,101,17,False,embedding,0.5833267875033771
no_direct_relation,left_to_right_minima,global_descents,101,17,False,block_01,0.29677653879378724
no_direct_relation,left_to_right_minima,global_descents,101,17,False,block_02,0.25154703346396423
no_direct_relation,left_to_right_minima,global_descents,101,17,False,block_03,0.1393056555730707
no_direct_relation,left_to_right_minima,global_descents,101,17,False,block_04,0.10741207231826617
no_direct_relation,left_to_right_minima,global_descents,101,17,False,final_norm,0.1237203243536094
no_direct_relation,left_to_right_minima,global_descents,101,42,False,embedding,0.6544541602596217
no_direct_relation,left_to_right_minima,global_descents,101,42,False,block_01,0.19392932298727644
no_direct_relation,left_to_right_minima,global_descents,101,42,False,block_02,0.22100282134330626
no_direct_relation,left_to_right_minima,global_descents,101,42,False,block_03,0.08316980789735753
no_direct_relation,left_to_right_minima,global_descents,101,42,False,block_04,0.047936889345046696
no_direct_relation,left_to_right_minima,global_descents,101,42,False,final_norm,0.040827498690489565
no_direct_relation,left_to_right_minima,global_descents,101,101,True,embedding,0.6114408675191026
no_direct_relation,left_to_right_minima,global_descents,101,101,True,block_01,0.02322500146799075
no_direct_relation,left_to_right_minima,global_descents,101,101,True,block_02,0.027641944385899703
no_direct_relation,left_to_right_minima,global_descents,101,101,True,block_03,0.024298331594798474
no_direct_relation,left_to_right_minima,global_descents,101,101,True,block_04,0.025675627473045203
no_direct_relation,left_to_right_minima,global_descents,101,101,True,final_norm,0.02817915478499534
no_direct_relation,left_to_right_minima,components,17,17,True,embedding,0.7377612139853574
no_direct_relation,left_to_right_minima,components,17,17,True,block_01,0.14515761074739172
no_direct_relation,left_to_right_minima,components,17,17,True,block_02,0.07070782578248534
no_direct_relation,left_to_right_minima,components,17,17,True,block_03,0.08974943302745633
no_direct_relation,left_to_right_minima,components,17,17,True,block_04,0.11577636471591234
no_direct_relation,left_to_right_minima,components,17,17,True,final_norm,0.08766571931982647
no_direct_relation,left_to_right_minima,components,17,42,False,embedding,0.726768208881276
no_direct_relation,left_to_right_minima,components,17,42,False,block_01,0.20634779236661988
no_direct_relation,left_to_right_minima,components,17,42,False,block_02,0.06231861032188853
no_direct_relation,left_to_right_minima,components,17,42,False,block_03,0.09772331543900124
no_direct_relation,left_to_right_minima,components,17,42,False,block_04,0.10116469506256566
no_direct_relation,left_to_right_minima,components,17,42,False,final_norm,0.07846586494354939
no_direct_relation,left_to_right_minima,components,17,101,False,embedding,0.7725137653089037
no_direct_relation,left_to_right_minima,components,17,101,False,block_01,0.06320802560360711
no_direct_relation,left_to_right_minima,components,17,101,False,block_02,0.07212845533941331
no_direct_relation,left_to_right_minima,components,17,101,False,block_03,0.08240875583465203
no_direct_relation,left_to_right_minima,components,17,101,False,block_04,0.10368377082873809
no_direct_relation,left_to_right_minima,components,17,101,False,final_norm,0.08053496511312637
no_direct_relation,left_to_right_minima,components,42,17,False,embedding,0.7247178433554837
no_direct_relation,left_to_right_minima,components,42,17,False,block_01,0.0818945496956078
no_direct_relation,left_to_right_minima,components,42,17,False,block_02,0.39912121479461266
no_direct_relation,left_to_right_minima,components,42,17,False,block_03,0.2870771762205651
no_direct_relation,left_to_right_minima,components,42,17,False,block_04,0.20925384574228173
no_direct_relation,left_to_right_minima,components,42,17,False,final_norm,0.18947819519349188
no_direct_relation,left_to_right_minima,components,42,42,True,embedding,0.7445751313918557
no_direct_relation,left_to_right_minima,components,42,42,True,block_01,0.14151320147597357
no_direct_relation,left_to_right_minima,components,42,42,True,block_02,0.35769166493258114
no_direct_relation,left_to_right_minima,components,42,42,True,block_03,0.27400217222224915
no_direct_relation,left_to_right_minima,components,42,42,True,block_04,0.1906123879488938
no_direct_relation,left_to_right_minima,components,42,42,True,final_norm,0.17265416820366475
no_direct_relation,left_to_right_minima,components,42,101,False,embedding,0.7414979552332942
no_direct_relation,left_to_right_minima,components,42,101,False,block_01,0.040692540669851375
no_direct_relation,left_to_right_minima,components,42,101,False,block_02,0.4234025875685788
no_direct_relation,left_to_right_minima,components,42,101,False,block_03,0.2670758717001877
no_direct_relation,left_to_right_minima,components,42,101,False,block_04,0.1992853838704045
no_direct_relation,left_to_right_minima,components,42,101,False,final_norm,0.17216308662711582
no_direct_relation,left_to_right_minima,components,101,17,False,embedding,0.6829374941527205
no_direct_relation,left_to_right_minima,components,101,17,False,block_01,0.08462303888319789
no_direct_relation,left_to_right_minima,components,101,17,False,block_02,0.09334197454168436
no_direct_relation,left_to_right_minima,components,101,17,False,block_03,0.1214172427974667
no_direct_relation,left_to_right_minima,components,101,17,False,block_04,0.1133751570306266
no_direct_relation,left_to_right_minima,components,101,17,False,final_norm,0.09754832085386676
no_direct_relation,left_to_right_minima,components,101,42,False,embedding,0.7333171872528618
no_direct_relation,left_to_right_minima,components,101,42,False,block_01,0.07914051354276272
no_direct_relation,left_to_right_minima,components,101,42,False,block_02,0.08193918549224467
no_direct_relation,left_to_right_minima,components,101,42,False,block_03,0.12655571520648953
no_direct_relation,left_to_right_minima,components,101,42,False,block_04,0.10060706858893763
no_direct_relation,left_to_right_minima,components,101,42,False,final_norm,0.0891686315092759
no_direct_relation,left_to_right_minima,components,101,101,True,embedding,0.7266681620853904
no_direct_relation,left_to_right_minima,components,101,101,True,block_01,0.023428370429484247
no_direct_relation,left_to_right_minima,components,101,101,True,block_02,0.09911484756562308
no_direct_relation,left_to_right_minima,components,101,101,True,block_03,0.11184596488160846
no_direct_relation,left_to_right_minima,components,101,101,True,block_04,0.10570814478432164
no_direct_relation,left_to_right_minima,components,101,101,True,final_norm,0.08990427607228073
direct_relation,global_descents,components,17,17,True,embedding,0.6909247803803719
direct_relation,global_descents,components,17,17,True,block_01,0.16267150683154696
direct_relation,global_descents,components,17,17,True,block_02,0.15147425164352318
direct_relation,global_descents,components,17,17,True,block_03,0.19413693019781642
direct_relation,global_descents,components,17,17,True,block_04,0.14762240528030157
direct_relation,global_descents,components,17,17,True,final_norm,0.17669016213367397
direct_relation,global_descents,components,17,42,False,embedding,0.6992485619348249
direct_relation,global_descents,components,17,42,False,block_01,0.1402858278275885
direct_relation,global_descents,components,17,42,False,block_02,0.1326697264952315
direct_relation,global_descents,components,17,42,False,block_03,0.1515460877400163
direct_relation,global_descents,components,17,42,False,block_04,0.1325270828364545
direct_relation,global_descents,components,17,42,False,final_norm,0.15955145176264895
direct_relation,global_descents,components,17,101,False,embedding,0.7116488022485578
direct_relation,global_descents,components,17,101,False,block_01,0.09232817109074205
direct_relation,global_descents,components,17,101,False,block_02,0.17945347636645334
direct_relation,global_descents,components,17,101,False,block_03,0.19738828503117217
direct_relation,global_descents,components,17,101,False,block_04,0.1465604647196518
direct_relation,global_descents,components,17,101,False,final_norm,0.16354029761715347
direct_relation,global_descents,components,42,17,False,embedding,0.7252976963733752
direct_relation,global_descents,components,42,17,False,block_01,0.05349935487324708
direct_relation,global_descents,components,42,17,False,block_02,0.028189435433661005
direct_relation,global_descents,components,42,17,False,block_03,0.0254053929483149
direct_relation,global_descents,components,42,17,False,block_04,0.023696947707862594
direct_relation,global_descents,components,42,17,False,final_norm,0.024820351935243075
direct_relation,global_descents,components,42,42,True,embedding,0.735283078063577
direct_relation,global_descents,components,42,42,True,block_01,0.10136681834985045
direct_relation,global_descents,components,42,42,True,block_02,0.031164162366012646
direct_relation,global_descents,components,42,42,True,block_03,0.023137096258387186
direct_relation,global_descents,components,42,42,True,block_04,0.021488569312890234
direct_relation,global_descents,components,42,42,True,final_norm,0.020574721360314626
direct_relation,global_descents,components,42,101,False,embedding,0.7356178732257123
direct_relation,global_descents,components,42,101,False,block_01,0.039203134573987886
direct_relation,global_descents,components,42,101,False,block_02,0.04085868357425477
direct_relation,global_descents,components,42,101,False,block_03,0.03177010843333079
direct_relation,global_descents,components,42,101,False,block_04,0.02428338245780867
direct_relation,global_descents,components,42,101,False,final_norm,0.02205022381717069
direct_relation,global_descents,components,101,17,False,embedding,0.707112480129031
direct_relation,global_descents,components,101,17,False,block_01,0.043881657654343674
direct_relation,global_descents,components,101,17,False,block_02,0.026710106789773286
direct_relation,global_descents,components,101,17,False,block_03,0.03864695521938405
direct_relation,global_descents,components,101,17,False,block_04,0.0326477503254698
direct_relation,global_descents,components,101,17,False,final_norm,0.03937410111963319
direct_relation,global_descents,components,101,42,False,embedding,0.6865520621488453
direct_relation,global_descents,components,101,42,False,block_01,0.05396593217068555
direct_relation,global_descents,components,101,42,False,block_02,0.02929735795683859
direct_relation,global_descents,components,101,42,False,block_03,0.02950601438382342
direct_relation,global_descents,components,101,42,False,block_04,0.02916389578744793
direct_relation,global_descents,components,101,42,False,final_norm,0.033545466717178084
direct_relation,global_descents,components,101,101,True,embedding,0.7194751944207367
direct_relation,global_descents,components,101,101,True,block_01,0.06516700729259997
direct_relation,global_descents,components,101,101,True,block_02,0.03970860183735802
direct_relation,global_descents,components,101,101,True,block_03,0.04127580277950882
direct_relation,global_descents,components,101,101,True,block_04,0.0288961807667512
direct_relation,global_descents,components,101,101,True,final_norm,0.0333824075589215
