run_id,initialization,architecture,base_run_id,base_trained_task_count,seed,task,shots,evaluation_split,examples,supervised_tokens,loss,token_accuracy,sequence_accuracy,zero_shot_loss,zero_shot_token_accuracy,zero_shot_sequence_accuracy,loss_improvement_from_zero_shot,token_accuracy_improvement_from_zero_shot,sequence_accuracy_improvement_from_zero_shot,checkpoint_sha256,fewshot_config_sha256,support_artifact_sha256,test_manifest_sha256,evaluator_commit
pretrained-mlp-tasks01-seed17-to_reduced_word,pretrained,mlp,mlp-tasks01-seed17,1,17,to_reduced_word,5,test_shard_099,5000,790719,7.8791600396136694,0.025056941846597843,0,12.148689567362901,0.010408248695174897,0,4.2695295277492313,0.014648693151422946,0,26e2eb563e2468a548eb8b865e171de29fb2a6a7aefa5b4ed4e0e92276d768e1,f788f8d94c6b9914ed99002376f2e88474aa3654f79fbf3624656c25bd4ef5b5,2f40d0987604639945509b844a1f7fe1d0f7490415143673d149f8029ae6f622,3ca12e6b6eeb29fc0ddd441b9c44c80d7a160faaf7e832eb55007f4c6a3ab52b,4ede5c17ed7f6c27d752530849995d987175465e
pretrained-mlp-tasks01-seed17-compose,pretrained,mlp,mlp-tasks01-seed17,1,17,compose,5,test_shard_099,5000,169758,8.6959594752449529,0.019592596519751645,0,12.834305742402419,0.0096431390567749391,0,4.1383462671574662,0.0099494574629767057,0,6e7807dceaa7ddb74cb52f838af141959828900b5edb6e364929391e2fd75e19,f788f8d94c6b9914ed99002376f2e88474aa3654f79fbf3624656c25bd4ef5b5,2f40d0987604639945509b844a1f7fe1d0f7490415143673d149f8029ae6f622,3ca12e6b6eeb29fc0ddd441b9c44c80d7a160faaf7e832eb55007f4c6a3ab52b,4ede5c17ed7f6c27d752530849995d987175465e
pretrained-mlp-tasks01-seed17-parity,pretrained,mlp,mlp-tasks01-seed17,1,17,parity,5,test_shard_099,5000,10000,6.1457970306396481,0.53480000000000005,0.069599999999999995,6.9094206268310545,0.5343,0.068599999999999994,0.76362359619140641,0.00050000000000005596,0.0010000000000000009,a4aa9fcdc8c68bf139f9d9d72e3b3e744bd871e2e4e9e7a834e8a19d0e2f52d7,f788f8d94c6b9914ed99002376f2e88474aa3654f79fbf3624656c25bd4ef5b5,2f40d0987604639945509b844a1f7fe1d0f7490415143673d149f8029ae6f622,3ca12e6b6eeb29fc0ddd441b9c44c80d7a160faaf7e832eb55007f4c6a3ab52b,4ede5c17ed7f6c27d752530849995d987175465e
pretrained-mlp-tasks01-seed17-to_lehmer,pretrained,mlp,mlp-tasks01-seed17,1,17,to_lehmer,5,test_shard_099,5000,171258,9.9401087669878017,0.009406859825526399,0,15.106068254384466,0.0047297060575272392,0,5.1659594873966643,0.0046771537679991598,0,97cfcea7f5da4b031bfdfefe05be756c9042853847540f0cab1c4270ca2e4c24,f788f8d94c6b9914ed99002376f2e88474aa3654f79fbf3624656c25bd4ef5b5,2f40d0987604639945509b844a1f7fe1d0f7490415143673d149f8029ae6f622,3ca12e6b6eeb29fc0ddd441b9c44c80d7a160faaf7e832eb55007f4c6a3ab52b,4ede5c17ed7f6c27d752530849995d987175465e
pretrained-mlp-tasks01-seed42-to_reduced_word,pretrained,mlp,mlp-tasks01-seed42,1,42,to_reduced_word,5,test_shard_099,5000,790719,8.4338103219536187,0.024508074296937344,0,11.216033413398913,0.018239096316137592,0,2.7822230914452941,0.0062689779807997524,0,1e0078a980b25bb8c2e2a52ae6b7a493e9821720a6dd529595ddd1823d068a4c,f788f8d94c6b9914ed99002376f2e88474aa3654f79fbf3624656c25bd4ef5b5,2f40d0987604639945509b844a1f7fe1d0f7490415143673d149f8029ae6f622,3ca12e6b6eeb29fc0ddd441b9c44c80d7a160faaf7e832eb55007f4c6a3ab52b,4ede5c17ed7f6c27d752530849995d987175465e
pretrained-mlp-tasks01-seed42-compose,pretrained,mlp,mlp-tasks01-seed42,1,42,compose,5,test_shard_099,5000,169758,9.0081108336941416,0.020841433098881937,0,11.451067780356817,0.018673641301146338,0,2.4429569466626759,0.0021677917977355986,0,5a15f64b0c6d5c55f29f3b955ad7446f0edc5531ddeec7f3180372f6f218d61e,f788f8d94c6b9914ed99002376f2e88474aa3654f79fbf3624656c25bd4ef5b5,2f40d0987604639945509b844a1f7fe1d0f7490415143673d149f8029ae6f622,3ca12e6b6eeb29fc0ddd441b9c44c80d7a160faaf7e832eb55007f4c6a3ab52b,4ede5c17ed7f6c27d752530849995d987175465e
pretrained-mlp-tasks01-seed42-parity,pretrained,mlp,mlp-tasks01-seed42,1,42,parity,5,test_shard_099,5000,10000,5.8761909961700436,0.53449999999999998,0.069000000000000006,6.485611022949219,0.53420000000000001,0.068400000000000002,0.60942002677917539,0.00029999999999996696,0.00060000000000000331,4dceb5194105fdb6c8bbb509e30a37dba9dbf22c60f72da8785ad25296b97b4d,f788f8d94c6b9914ed99002376f2e88474aa3654f79fbf3624656c25bd4ef5b5,2f40d0987604639945509b844a1f7fe1d0f7490415143673d149f8029ae6f622,3ca12e6b6eeb29fc0ddd441b9c44c80d7a160faaf7e832eb55007f4c6a3ab52b,4ede5c17ed7f6c27d752530849995d987175465e
pretrained-mlp-tasks01-seed42-to_lehmer,pretrained,mlp,mlp-tasks01-seed42,1,42,to_lehmer,5,test_shard_099,5000,171258,9.4745348289842664,0.020524588632355862,0,13.52363498735278,0.015257681392986021,0,4.049100158368514,0.0052669072393698411,0,92a5990393d2f96cb3bbb9f8cdd3e784c58280a5034850de6a0085a004858886,f788f8d94c6b9914ed99002376f2e88474aa3654f79fbf3624656c25bd4ef5b5,2f40d0987604639945509b844a1f7fe1d0f7490415143673d149f8029ae6f622,3ca12e6b6eeb29fc0ddd441b9c44c80d7a160faaf7e832eb55007f4c6a3ab52b,4ede5c17ed7f6c27d752530849995d987175465e
pretrained-mlp-tasks01-seed314159-to_reduced_word,pretrained,mlp,mlp-tasks01-seed314159,1,314159,to_reduced_word,5,test_shard_099,5000,790719,8.5406188138530794,0.023326870860571201,0,11.139960810193001,0.022673035553717566,0,2.5993419963399216,0.0006538353068536347,0,7cda71c5234b0d1a3d36e2b47bdd57945757f39c2a88ab6717a8d5d6ff8951d4,f788f8d94c6b9914ed99002376f2e88474aa3654f79fbf3624656c25bd4ef5b5,2f40d0987604639945509b844a1f7fe1d0f7490415143673d149f8029ae6f622,3ca12e6b6eeb29fc0ddd441b9c44c80d7a160faaf7e832eb55007f4c6a3ab52b,4ede5c17ed7f6c27d752530849995d987175465e
pretrained-mlp-tasks01-seed314159-compose,pretrained,mlp,mlp-tasks01-seed314159,1,314159,compose,5,test_shard_099,5000,169758,9.3585266401634062,0.022655780581769341,0,11.94157629330245,0.022537965810153278,0,2.5830496531390441,0.00011781477161606352,0,0a0ab49197ae946373d8d48eb29ea1926b3335ddea0e03ce23ac3aa27e68ece5,f788f8d94c6b9914ed99002376f2e88474aa3654f79fbf3624656c25bd4ef5b5,2f40d0987604639945509b844a1f7fe1d0f7490415143673d149f8029ae6f622,3ca12e6b6eeb29fc0ddd441b9c44c80d7a160faaf7e832eb55007f4c6a3ab52b,4ede5c17ed7f6c27d752530849995d987175465e
pretrained-mlp-tasks01-seed314159-parity,pretrained,mlp,mlp-tasks01-seed314159,1,314159,parity,5,test_shard_099,5000,10000,6.9722916282653813,0.53610000000000002,0.0722,7.6323518035888673,0.53420000000000001,0.068400000000000002,0.66006017532348604,0.0019000000000000128,0.0037999999999999978,fc1e0c4d5b0d743c07894ac360d23c274b5be706a12b34ada3ae65a696df6867,f788f8d94c6b9914ed99002376f2e88474aa3654f79fbf3624656c25bd4ef5b5,2f40d0987604639945509b844a1f7fe1d0f7490415143673d149f8029ae6f622,3ca12e6b6eeb29fc0ddd441b9c44c80d7a160faaf7e832eb55007f4c6a3ab52b,4ede5c17ed7f6c27d752530849995d987175465e
pretrained-mlp-tasks01-seed314159-to_lehmer,pretrained,mlp,mlp-tasks01-seed314159,1,314159,to_lehmer,5,test_shard_099,5000,171258,10.004990150237735,0.011999439442245035,0,14.540510031602539,0.0082390311693468343,0,4.5355198813648041,0.0037604082728982004,0,485ef225f380c94ec83a0cf8a848b618cf205092578525c04a9a997758de13cd,f788f8d94c6b9914ed99002376f2e88474aa3654f79fbf3624656c25bd4ef5b5,2f40d0987604639945509b844a1f7fe1d0f7490415143673d149f8029ae6f622,3ca12e6b6eeb29fc0ddd441b9c44c80d7a160faaf7e832eb55007f4c6a3ab52b,4ede5c17ed7f6c27d752530849995d987175465e
pretrained-mlp-tasks02-seed17-to_reduced_word,pretrained,mlp,mlp-tasks02-seed17,2,17,to_reduced_word,5,test_shard_099,5000,790719,7.6633814409041801,0.025279524078718231,0,12.136927247938269,0.009806264931031124,0,4.473545807034089,0.015473259147687107,0,99da876ee5789a72d8f107988d0624be24dce3bbf358fdcd66ef9bf5588b1356,f788f8d94c6b9914ed99002376f2e88474aa3654f79fbf3624656c25bd4ef5b5,2f40d0987604639945509b844a1f7fe1d0f7490415143673d149f8029ae6f622,3ca12e6b6eeb29fc0ddd441b9c44c80d7a160faaf7e832eb55007f4c6a3ab52b,4ede5c17ed7f6c27d752530849995d987175465e
pretrained-mlp-tasks02-seed17-compose,pretrained,mlp,mlp-tasks02-seed17,2,17,compose,5,test_shard_099,5000,169758,8.5360829684527015,0.019474781748135581,0,12.687202293347369,0.012547273177110947,0,4.1511193248946672,0.0069275085710246345,0,3e5c6156d765f440be493f4a475d14230c36f37c9209f8e4e7560b175499602c,f788f8d94c6b9914ed99002376f2e88474aa3654f79fbf3624656c25bd4ef5b5,2f40d0987604639945509b844a1f7fe1d0f7490415143673d149f8029ae6f622,3ca12e6b6eeb29fc0ddd441b9c44c80d7a160faaf7e832eb55007f4c6a3ab52b,4ede5c17ed7f6c27d752530849995d987175465e
pretrained-mlp-tasks02-seed17-parity,pretrained,mlp,mlp-tasks02-seed17,2,17,parity,5,test_shard_099,5000,10000,5.2705743770599369,0.53149999999999997,0.063,5.9283924346923831,0.53010000000000002,0.060199999999999997,0.65781805763244616,0.0013999999999999568,0.0028000000000000039,f1ca00fe60c0f0eccc6a3857257593f33b7726e60106f02529bfaa01ff611ea4,f788f8d94c6b9914ed99002376f2e88474aa3654f79fbf3624656c25bd4ef5b5,2f40d0987604639945509b844a1f7fe1d0f7490415143673d149f8029ae6f622,3ca12e6b6eeb29fc0ddd441b9c44c80d7a160faaf7e832eb55007f4c6a3ab52b,4ede5c17ed7f6c27d752530849995d987175465e
pretrained-mlp-tasks02-seed17-to_lehmer,pretrained,mlp,mlp-tasks02-seed17,2,17,to_lehmer,5,test_shard_099,5000,171258,9.6033305629335572,0.010954232794964323,0,15.221221291943296,0.0081456048768524681,0,5.6178907290097388,0.0028086279181118549,0,951f2a2b8d127f00451ec933879980725f5a330d700ae4d6df376b6dba83c3ec,f788f8d94c6b9914ed99002376f2e88474aa3654f79fbf3624656c25bd4ef5b5,2f40d0987604639945509b844a1f7fe1d0f7490415143673d149f8029ae6f622,3ca12e6b6eeb29fc0ddd441b9c44c80d7a160faaf7e832eb55007f4c6a3ab52b,4ede5c17ed7f6c27d752530849995d987175465e
pretrained-mlp-tasks02-seed42-to_reduced_word,pretrained,mlp,mlp-tasks02-seed42,2,42,to_reduced_word,5,test_shard_099,5000,790719,7.2283140617609574,0.022114050629869778,0,13.36585584014359,0.0083607450940220238,0,6.1375417783826327,0.013753305535847754,0,637202d6ce7b6067684237f96cc7c934bc5438b544c087e7c083cd223bf611b9,f788f8d94c6b9914ed99002376f2e88474aa3654f79fbf3624656c25bd4ef5b5,2f40d0987604639945509b844a1f7fe1d0f7490415143673d149f8029ae6f622,3ca12e6b6eeb29fc0ddd441b9c44c80d7a160faaf7e832eb55007f4c6a3ab52b,4ede5c17ed7f6c27d752530849995d987175465e
pretrained-mlp-tasks02-seed42-compose,pretrained,mlp,mlp-tasks02-seed42,2,42,compose,5,test_shard_099,5000,169758,8.1923251879605825,0.019433546578069959,0,13.616775769588179,0.0085592431579071381,0,5.4244505816275961,0.010874303420162821,0,b5636416d40bb233c79a4b466172940f01666aa0f6a2d3200065945ac1b555ba,f788f8d94c6b9914ed99002376f2e88474aa3654f79fbf3624656c25bd4ef5b5,2f40d0987604639945509b844a1f7fe1d0f7490415143673d149f8029ae6f622,3ca12e6b6eeb29fc0ddd441b9c44c80d7a160faaf7e832eb55007f4c6a3ab52b,4ede5c17ed7f6c27d752530849995d987175465e
pretrained-mlp-tasks02-seed42-parity,pretrained,mlp,mlp-tasks02-seed42,2,42,parity,5,test_shard_099,5000,10000,5.1944237949371335,0.52869999999999995,0.0574,5.8492719604492187,0.52729999999999999,0.054600000000000003,0.65484816551208525,0.0013999999999999568,0.0027999999999999969,eda0c5c7dcd2e325518dffe9fbb1fd4818c429bbb3eb3620007dddcd44479062,f788f8d94c6b9914ed99002376f2e88474aa3654f79fbf3624656c25bd4ef5b5,2f40d0987604639945509b844a1f7fe1d0f7490415143673d149f8029ae6f622,3ca12e6b6eeb29fc0ddd441b9c44c80d7a160faaf7e832eb55007f4c6a3ab52b,4ede5c17ed7f6c27d752530849995d987175465e
pretrained-mlp-tasks02-seed42-to_lehmer,pretrained,mlp,mlp-tasks02-seed42,2,42,to_lehmer,5,test_shard_099,5000,171258,9.7126689613701434,0.024384262341029323,0,15.808000615071633,0.0066274276238190329,0,6.0953316537014892,0.01775683471721029,0,826a82e9f895577291d97f927f9ab49eb65a9118bb9877e5968c7ac0d3a9b79d,f788f8d94c6b9914ed99002376f2e88474aa3654f79fbf3624656c25bd4ef5b5,2f40d0987604639945509b844a1f7fe1d0f7490415143673d149f8029ae6f622,3ca12e6b6eeb29fc0ddd441b9c44c80d7a160faaf7e832eb55007f4c6a3ab52b,4ede5c17ed7f6c27d752530849995d987175465e
pretrained-mlp-tasks02-seed314159-to_reduced_word,pretrained,mlp,mlp-tasks02-seed314159,2,314159,to_reduced_word,5,test_shard_099,5000,790719,7.4952435287041759,0.022857677632635614,0,10.653745999289887,0.023680978957126363,0,3.1585024705857112,-0.00082330132449074875,0,7244074c6f91c9a2d9286e1616803d34b7fa78742cd8745ba15123fce4407e71,f788f8d94c6b9914ed99002376f2e88474aa3654f79fbf3624656c25bd4ef5b5,2f40d0987604639945509b844a1f7fe1d0f7490415143673d149f8029ae6f622,3ca12e6b6eeb29fc0ddd441b9c44c80d7a160faaf7e832eb55007f4c6a3ab52b,4ede5c17ed7f6c27d752530849995d987175465e
pretrained-mlp-tasks02-seed314159-compose,pretrained,mlp,mlp-tasks02-seed314159,2,314159,compose,5,test_shard_099,5000,169758,7.9665957514359595,0.023586517277536259,0,11.165272396726149,0.022532075071572472,0,3.1986766452901891,0.0010544422059637869,0,a4c625323e1c0e7fe5a04a60153833de6c6aef3a0746063f8d568966a8b093f0,f788f8d94c6b9914ed99002376f2e88474aa3654f79fbf3624656c25bd4ef5b5,2f40d0987604639945509b844a1f7fe1d0f7490415143673d149f8029ae6f622,3ca12e6b6eeb29fc0ddd441b9c44c80d7a160faaf7e832eb55007f4c6a3ab52b,4ede5c17ed7f6c27d752530849995d987175465e
pretrained-mlp-tasks02-seed314159-parity,pretrained,mlp,mlp-tasks02-seed314159,2,314159,parity,5,test_shard_099,5000,10000,5.5490309127807613,0.53610000000000002,0.0722,5.975612942504883,0.52590000000000003,0.051799999999999999,0.42658202972412163,0.010199999999999987,0.020400000000000001,0bf8f69a19757f9e98091f30bf8a23cbc19290e279f41a0f6f48f8debd02a9e2,f788f8d94c6b9914ed99002376f2e88474aa3654f79fbf3624656c25bd4ef5b5,2f40d0987604639945509b844a1f7fe1d0f7490415143673d149f8029ae6f622,3ca12e6b6eeb29fc0ddd441b9c44c80d7a160faaf7e832eb55007f4c6a3ab52b,4ede5c17ed7f6c27d752530849995d987175465e
pretrained-mlp-tasks02-seed314159-to_lehmer,pretrained,mlp,mlp-tasks02-seed314159,2,314159,to_lehmer,5,test_shard_099,5000,171258,8.5855568551450876,0.024209088042602391,0,13.430301448280883,0.0091207418047624059,0,4.8447445931357951,0.015088346237839985,0,6350f2615ab58576bf31e3ff461f0da772773bb0fd77d3d47526ddf7ddf91661,f788f8d94c6b9914ed99002376f2e88474aa3654f79fbf3624656c25bd4ef5b5,2f40d0987604639945509b844a1f7fe1d0f7490415143673d149f8029ae6f622,3ca12e6b6eeb29fc0ddd441b9c44c80d7a160faaf7e832eb55007f4c6a3ab52b,4ede5c17ed7f6c27d752530849995d987175465e
pretrained-mlp-tasks04-seed17-to_reduced_word,pretrained,mlp,mlp-tasks04-seed17,4,17,to_reduced_word,5,test_shard_099,5000,790719,6.2009154357816367,0.35689669781553246,0,9.7075731223339137,0.27262023550717762,0,3.5066576865522769,0.084276462308354838,0,52af6a9eb2f4a5461befcd75db911d36f1cbf2ab53a4eba7a22c296a9677ee7a,f788f8d94c6b9914ed99002376f2e88474aa3654f79fbf3624656c25bd4ef5b5,2f40d0987604639945509b844a1f7fe1d0f7490415143673d149f8029ae6f622,3ca12e6b6eeb29fc0ddd441b9c44c80d7a160faaf7e832eb55007f4c6a3ab52b,4ede5c17ed7f6c27d752530849995d987175465e
pretrained-mlp-tasks04-seed17-compose,pretrained,mlp,mlp-tasks04-seed17,4,17,compose,5,test_shard_099,5000,169758,9.4839439859045207,0.1051202299744342,0,13.213101132614147,0.058689428480542892,0,3.7291571467096265,0.046430801493891304,0,46fabb86862534972822656d50b4130d850e2d520bf9af8bb5c75fcedcd46e48,f788f8d94c6b9914ed99002376f2e88474aa3654f79fbf3624656c25bd4ef5b5,2f40d0987604639945509b844a1f7fe1d0f7490415143673d149f8029ae6f622,3ca12e6b6eeb29fc0ddd441b9c44c80d7a160faaf7e832eb55007f4c6a3ab52b,4ede5c17ed7f6c27d752530849995d987175465e
pretrained-mlp-tasks04-seed17-parity,pretrained,mlp,mlp-tasks04-seed17,4,17,parity,5,test_shard_099,5000,10000,2.3335323643684389,0.63619999999999999,0.27239999999999998,4.3171380325317381,0.53110000000000002,0.062199999999999998,1.9836056681632992,0.10509999999999997,0.21019999999999997,299ed75040649be6ab4aceb3683e84a16b19094c8fb1bd907027be2504b8ec8e,f788f8d94c6b9914ed99002376f2e88474aa3654f79fbf3624656c25bd4ef5b5,2f40d0987604639945509b844a1f7fe1d0f7490415143673d149f8029ae6f622,3ca12e6b6eeb29fc0ddd441b9c44c80d7a160faaf7e832eb55007f4c6a3ab52b,4ede5c17ed7f6c27d752530849995d987175465e
pretrained-mlp-tasks04-seed17-to_lehmer,pretrained,mlp,mlp-tasks04-seed17,4,17,to_lehmer,5,test_shard_099,5000,171258,2.6100654467957907,0.54414392320358762,0,3.3882414399014844,0.53228462320008407,0,0.77817599310569374,0.011859300003503548,0,d5d21eae724944edb5e994fed3d6f03236873ce3b263aaef7a51ae7b38a8f528,f788f8d94c6b9914ed99002376f2e88474aa3654f79fbf3624656c25bd4ef5b5,2f40d0987604639945509b844a1f7fe1d0f7490415143673d149f8029ae6f622,3ca12e6b6eeb29fc0ddd441b9c44c80d7a160faaf7e832eb55007f4c6a3ab52b,4ede5c17ed7f6c27d752530849995d987175465e
pretrained-mlp-tasks04-seed42-to_reduced_word,pretrained,mlp,mlp-tasks04-seed42,4,42,to_reduced_word,5,test_shard_099,5000,790719,4.8277103792425091,0.39393766938697566,0,8.8636660923068415,0.2946305830516277,0,4.0359557130643324,0.09930708633534796,0,57a7674309e6139328a2225ff836cf3b17908344429556320fe1bde64429bff1,f788f8d94c6b9914ed99002376f2e88474aa3654f79fbf3624656c25bd4ef5b5,2f40d0987604639945509b844a1f7fe1d0f7490415143673d149f8029ae6f622,3ca12e6b6eeb29fc0ddd441b9c44c80d7a160faaf7e832eb55007f4c6a3ab52b,4ede5c17ed7f6c27d752530849995d987175465e
pretrained-mlp-tasks04-seed42-compose,pretrained,mlp,mlp-tasks04-seed42,4,42,compose,5,test_shard_099,5000,169758,8.5030019080125268,0.11284298825386727,0,12.231352868460636,0.05684562730475147,0,3.7283509604481093,0.055997360949115796,0,78816b146ad60d3dd12ef10baf40036bbedc287aab9c320181819f2bc3459e15,f788f8d94c6b9914ed99002376f2e88474aa3654f79fbf3624656c25bd4ef5b5,2f40d0987604639945509b844a1f7fe1d0f7490415143673d149f8029ae6f622,3ca12e6b6eeb29fc0ddd441b9c44c80d7a160faaf7e832eb55007f4c6a3ab52b,4ede5c17ed7f6c27d752530849995d987175465e
pretrained-mlp-tasks04-seed42-parity,pretrained,mlp,mlp-tasks04-seed42,4,42,parity,5,test_shard_099,5000,10000,1.3206616547107697,0.69379999999999997,0.3876,3.2672487579345701,0.57530000000000003,0.15060000000000001,1.9465871032238005,0.11849999999999994,0.23699999999999999,0caa25a5d958537cd8d9b59a6219d64c848d4ca1a54c733bef9b761d78748058,f788f8d94c6b9914ed99002376f2e88474aa3654f79fbf3624656c25bd4ef5b5,2f40d0987604639945509b844a1f7fe1d0f7490415143673d149f8029ae6f622,3ca12e6b6eeb29fc0ddd441b9c44c80d7a160faaf7e832eb55007f4c6a3ab52b,4ede5c17ed7f6c27d752530849995d987175465e
pretrained-mlp-tasks04-seed42-to_lehmer,pretrained,mlp,mlp-tasks04-seed42,4,42,to_lehmer,5,test_shard_099,5000,171258,2.5941562418927715,0.54653797194875564,0,3.3128022077401584,0.53882446367468961,0,0.71864596584738694,0.0077135082740660277,0,0b005b33fe39c8665ca6e4994a56782a45d1366f9bf7b31911d915d9e2450f37,f788f8d94c6b9914ed99002376f2e88474aa3654f79fbf3624656c25bd4ef5b5,2f40d0987604639945509b844a1f7fe1d0f7490415143673d149f8029ae6f622,3ca12e6b6eeb29fc0ddd441b9c44c80d7a160faaf7e832eb55007f4c6a3ab52b,4ede5c17ed7f6c27d752530849995d987175465e
pretrained-mlp-tasks04-seed314159-to_reduced_word,pretrained,mlp,mlp-tasks04-seed314159,4,314159,to_reduced_word,5,test_shard_099,5000,790719,3.5672402487001249,0.43428955166120958,0,5.983456640344154,0.34221512319800079,0,2.4162163916440291,0.092074428463208791,0,312dd6506b0f125cedfe890a0672ea3fccf2fa47987423464c6583d1896e85b4,f788f8d94c6b9914ed99002376f2e88474aa3654f79fbf3624656c25bd4ef5b5,2f40d0987604639945509b844a1f7fe1d0f7490415143673d149f8029ae6f622,3ca12e6b6eeb29fc0ddd441b9c44c80d7a160faaf7e832eb55007f4c6a3ab52b,4ede5c17ed7f6c27d752530849995d987175465e
pretrained-mlp-tasks04-seed314159-compose,pretrained,mlp,mlp-tasks04-seed314159,4,314159,compose,5,test_shard_099,5000,169758,8.8496831185330738,0.1289659397495258,0,13.461458416171844,0.066694942211854527,0,4.6117752976387703,0.062270997537671277,0,79c56f91d2d36374cbb3213f57ae038a0f5411fc1d2e82f94045dae021d01a2d,f788f8d94c6b9914ed99002376f2e88474aa3654f79fbf3624656c25bd4ef5b5,2f40d0987604639945509b844a1f7fe1d0f7490415143673d149f8029ae6f622,3ca12e6b6eeb29fc0ddd441b9c44c80d7a160faaf7e832eb55007f4c6a3ab52b,4ede5c17ed7f6c27d752530849995d987175465e
pretrained-mlp-tasks04-seed314159-parity,pretrained,mlp,mlp-tasks04-seed314159,4,314159,parity,5,test_shard_099,5000,10000,1.8246941118240356,0.64390000000000003,0.2878,3.0015021667480468,0.56320000000000003,0.12640000000000001,1.1768080549240112,0.080699999999999994,0.16139999999999999,ea8a0b1f2bba829149c7191edf93881d4f6cf1833d09303364455ef8c901de69,f788f8d94c6b9914ed99002376f2e88474aa3654f79fbf3624656c25bd4ef5b5,2f40d0987604639945509b844a1f7fe1d0f7490415143673d149f8029ae6f622,3ca12e6b6eeb29fc0ddd441b9c44c80d7a160faaf7e832eb55007f4c6a3ab52b,4ede5c17ed7f6c27d752530849995d987175465e
pretrained-mlp-tasks04-seed314159-to_lehmer,pretrained,mlp,mlp-tasks04-seed314159,4,314159,to_lehmer,5,test_shard_099,5000,171258,2.0371490094680338,0.56305106914713476,0,2.5955204714376023,0.56286421656214602,0,0.55837146196956855,0.00018685258498873925,0,6c1a5b20e03d7552cdeda2b5de925660e1e81299e5ef5928f55bf49c5fa89cda,f788f8d94c6b9914ed99002376f2e88474aa3654f79fbf3624656c25bd4ef5b5,2f40d0987604639945509b844a1f7fe1d0f7490415143673d149f8029ae6f622,3ca12e6b6eeb29fc0ddd441b9c44c80d7a160faaf7e832eb55007f4c6a3ab52b,4ede5c17ed7f6c27d752530849995d987175465e
pretrained-mlp-tasks08-seed17-to_reduced_word,pretrained,mlp,mlp-tasks08-seed17,8,17,to_reduced_word,5,test_shard_099,5000,790719,4.4467644319637314,0.37246860136154564,0,8.8591941800333576,0.24663502457889591,0,4.4124297480696262,0.12583357678264973,0,31cdd04c8dfe67ef1cd5e95f57ebea69934fadbab3e4b1994efbaccd677d0414,f788f8d94c6b9914ed99002376f2e88474aa3654f79fbf3624656c25bd4ef5b5,2f40d0987604639945509b844a1f7fe1d0f7490415143673d149f8029ae6f622,3ca12e6b6eeb29fc0ddd441b9c44c80d7a160faaf7e832eb55007f4c6a3ab52b,4ede5c17ed7f6c27d752530849995d987175465e
pretrained-mlp-tasks08-seed17-compose,pretrained,mlp,mlp-tasks08-seed17,8,17,compose,5,test_shard_099,5000,169758,13.140019029099053,0.13364907692126438,0,20.166909832213356,0.083495328644305422,0,7.0268908031143038,0.050153748276958954,0,1f54fd6bc5b40f54125c29910f62c1c439f3fdd0e53164ac2344378a481b0ea8,f788f8d94c6b9914ed99002376f2e88474aa3654f79fbf3624656c25bd4ef5b5,2f40d0987604639945509b844a1f7fe1d0f7490415143673d149f8029ae6f622,3ca12e6b6eeb29fc0ddd441b9c44c80d7a160faaf7e832eb55007f4c6a3ab52b,4ede5c17ed7f6c27d752530849995d987175465e
pretrained-mlp-tasks08-seed17-parity,pretrained,mlp,mlp-tasks08-seed17,8,17,parity,5,test_shard_099,5000,10000,1.9643763920783996,0.58379999999999999,0.1676,4.9123883544921876,0.5,0,2.9480119624137879,0.083799999999999986,0.1676,e65d7c8062bf1ed62fa067f29b1147060074dd399fb4e18cd6efb7ca5642308c,f788f8d94c6b9914ed99002376f2e88474aa3654f79fbf3624656c25bd4ef5b5,2f40d0987604639945509b844a1f7fe1d0f7490415143673d149f8029ae6f622,3ca12e6b6eeb29fc0ddd441b9c44c80d7a160faaf7e832eb55007f4c6a3ab52b,4ede5c17ed7f6c27d752530849995d987175465e
pretrained-mlp-tasks08-seed17-to_lehmer,pretrained,mlp,mlp-tasks08-seed17,8,17,to_lehmer,5,test_shard_099,5000,171258,2.4473573639497292,0.52906725525230935,0,3.3054107568720328,0.51324901610435714,0,0.85805339292230354,0.015818239147952218,0,86a48131ae3afe401ed17319f3bb316ac459aa909431e050e27dbd1c119bd3db,f788f8d94c6b9914ed99002376f2e88474aa3654f79fbf3624656c25bd4ef5b5,2f40d0987604639945509b844a1f7fe1d0f7490415143673d149f8029ae6f622,3ca12e6b6eeb29fc0ddd441b9c44c80d7a160faaf7e832eb55007f4c6a3ab52b,4ede5c17ed7f6c27d752530849995d987175465e
pretrained-mlp-tasks08-seed42-to_reduced_word,pretrained,mlp,mlp-tasks08-seed42,8,42,to_reduced_word,5,test_shard_099,5000,790719,4.7476621907771301,0.37314646543209407,0,9.3643747501779231,0.24652879214992937,0,4.6167125594007929,0.12661767328216469,0,485052c99b7a9c7d310a399afeb4648cf1d12549e5811f7358808457caa58c95,f788f8d94c6b9914ed99002376f2e88474aa3654f79fbf3624656c25bd4ef5b5,2f40d0987604639945509b844a1f7fe1d0f7490415143673d149f8029ae6f622,3ca12e6b6eeb29fc0ddd441b9c44c80d7a160faaf7e832eb55007f4c6a3ab52b,4ede5c17ed7f6c27d752530849995d987175465e
pretrained-mlp-tasks08-seed42-compose,pretrained,mlp,mlp-tasks08-seed42,8,42,compose,5,test_shard_099,5000,169758,12.939284234389682,0.10126179620400806,0,18.241990269558357,0.075042118780852748,0,5.3027060351686757,0.026219677423155313,0,b18bd698e671d644dbcda7c6b61286409d6495b44ce2c6f0bb0be6a4c1b3af5d,f788f8d94c6b9914ed99002376f2e88474aa3654f79fbf3624656c25bd4ef5b5,2f40d0987604639945509b844a1f7fe1d0f7490415143673d149f8029ae6f622,3ca12e6b6eeb29fc0ddd441b9c44c80d7a160faaf7e832eb55007f4c6a3ab52b,4ede5c17ed7f6c27d752530849995d987175465e
pretrained-mlp-tasks08-seed42-parity,pretrained,mlp,mlp-tasks08-seed42,8,42,parity,5,test_shard_099,5000,10000,1.9574911861419677,0.60489999999999999,0.20979999999999999,5.2328989074707035,0.50009999999999999,0.00020000000000000001,3.2754077213287358,0.1048,0.20959999999999998,ced996e49a6797f65aed7573559e025799f88a62a7d2a094d47f1a4a13c6d456,f788f8d94c6b9914ed99002376f2e88474aa3654f79fbf3624656c25bd4ef5b5,2f40d0987604639945509b844a1f7fe1d0f7490415143673d149f8029ae6f622,3ca12e6b6eeb29fc0ddd441b9c44c80d7a160faaf7e832eb55007f4c6a3ab52b,4ede5c17ed7f6c27d752530849995d987175465e
pretrained-mlp-tasks08-seed42-to_lehmer,pretrained,mlp,mlp-tasks08-seed42,8,42,to_lehmer,5,test_shard_099,5000,171258,2.6451513066790926,0.55285592497868707,0,3.1519721037125135,0.54540517815226153,0,0.50682079703342087,0.0074507468264255472,0,2be6c55f366baae61ee5ca618da27bb44b00d7a9038e4aa9be0f28e370595801,f788f8d94c6b9914ed99002376f2e88474aa3654f79fbf3624656c25bd4ef5b5,2f40d0987604639945509b844a1f7fe1d0f7490415143673d149f8029ae6f622,3ca12e6b6eeb29fc0ddd441b9c44c80d7a160faaf7e832eb55007f4c6a3ab52b,4ede5c17ed7f6c27d752530849995d987175465e
pretrained-mlp-tasks08-seed314159-to_reduced_word,pretrained,mlp,mlp-tasks08-seed314159,8,314159,to_reduced_word,5,test_shard_099,5000,790719,4.4452500217871824,0.40465576266663633,0,8.8306316015310813,0.28075207501021221,0,4.3853815797438989,0.12390368765642412,0,f100a43bff2732ac89f1d098e1a2f0888a6a499e8b5325dd420a7ada18c02926,f788f8d94c6b9914ed99002376f2e88474aa3654f79fbf3624656c25bd4ef5b5,2f40d0987604639945509b844a1f7fe1d0f7490415143673d149f8029ae6f622,3ca12e6b6eeb29fc0ddd441b9c44c80d7a160faaf7e832eb55007f4c6a3ab52b,4ede5c17ed7f6c27d752530849995d987175465e
pretrained-mlp-tasks08-seed314159-compose,pretrained,mlp,mlp-tasks08-seed314159,8,314159,compose,5,test_shard_099,5000,169758,11.144535238041524,0.12364660281106045,0,16.853409910978975,0.087630627128029312,0,5.7088746729374513,0.036015975683031137,0,80ec9f9f0be6a0236311fc284df69549602fd97fd8520a0a53dc4728ee4210f6,f788f8d94c6b9914ed99002376f2e88474aa3654f79fbf3624656c25bd4ef5b5,2f40d0987604639945509b844a1f7fe1d0f7490415143673d149f8029ae6f622,3ca12e6b6eeb29fc0ddd441b9c44c80d7a160faaf7e832eb55007f4c6a3ab52b,4ede5c17ed7f6c27d752530849995d987175465e
pretrained-mlp-tasks08-seed314159-parity,pretrained,mlp,mlp-tasks08-seed314159,8,314159,parity,5,test_shard_099,5000,10000,2.7658900913238527,0.56789999999999996,0.1358,6.5525438110351564,0.5,0,3.7866537197113037,0.06789999999999996,0.1358,c39dfbff56dc6ec1c1ad15ae2a199927bf6c1e497ebdf2f615f1acd1538d551f,f788f8d94c6b9914ed99002376f2e88474aa3654f79fbf3624656c25bd4ef5b5,2f40d0987604639945509b844a1f7fe1d0f7490415143673d149f8029ae6f622,3ca12e6b6eeb29fc0ddd441b9c44c80d7a160faaf7e832eb55007f4c6a3ab52b,4ede5c17ed7f6c27d752530849995d987175465e
pretrained-mlp-tasks08-seed314159-to_lehmer,pretrained,mlp,mlp-tasks08-seed314159,8,314159,to_lehmer,5,test_shard_099,5000,171258,2.5310030928741627,0.55192750119702438,0,3.1116459890856376,0.53285102009833119,0,0.58064289621147491,0.019076481098693199,0,35abc865851afaa2c610428b283748ad017ff74af660a059bde1c6fb7bc959d6,f788f8d94c6b9914ed99002376f2e88474aa3654f79fbf3624656c25bd4ef5b5,2f40d0987604639945509b844a1f7fe1d0f7490415143673d149f8029ae6f622,3ca12e6b6eeb29fc0ddd441b9c44c80d7a160faaf7e832eb55007f4c6a3ab52b,4ede5c17ed7f6c27d752530849995d987175465e
pretrained-mlp-tasks16-seed17-to_reduced_word,pretrained,mlp,mlp-tasks16-seed17,16,17,to_reduced_word,5,test_shard_099,5000,790719,3.3619440928661031,0.42108511367502233,0,8.6539572374532501,0.22501040192533631,0,5.2920131445871466,0.19607471174968602,0,8d564759c50b3cd3dbb375c801a0a427d0ac9beafce30aac3ad485248c0a46f1,f788f8d94c6b9914ed99002376f2e88474aa3654f79fbf3624656c25bd4ef5b5,2f40d0987604639945509b844a1f7fe1d0f7490415143673d149f8029ae6f622,3ca12e6b6eeb29fc0ddd441b9c44c80d7a160faaf7e832eb55007f4c6a3ab52b,4ede5c17ed7f6c27d752530849995d987175465e
pretrained-mlp-tasks16-seed17-compose,pretrained,mlp,mlp-tasks16-seed17,16,17,compose,5,test_shard_099,5000,169758,9.9859531455485531,0.1703601597568303,0,15.922700770522413,0.081486586788251505,0,5.9367476249738598,0.088873572968578798,0,8859b6dccb55c7055f3b45a883688f1ee4c2483d6dc97b502efda18868ae59af,f788f8d94c6b9914ed99002376f2e88474aa3654f79fbf3624656c25bd4ef5b5,2f40d0987604639945509b844a1f7fe1d0f7490415143673d149f8029ae6f622,3ca12e6b6eeb29fc0ddd441b9c44c80d7a160faaf7e832eb55007f4c6a3ab52b,4ede5c17ed7f6c27d752530849995d987175465e
pretrained-mlp-tasks16-seed17-parity,pretrained,mlp,mlp-tasks16-seed17,16,17,parity,5,test_shard_099,5000,10000,1.8511725154876708,0.58509999999999995,0.17019999999999999,4.5673333496093749,0.52429999999999999,0.048599999999999997,2.7161608341217041,0.060799999999999965,0.12159999999999999,b9b22c7c0c75cb96a303c892559e77c71fcf3c6c6d091a6a0054cdaaaf34c1ce,f788f8d94c6b9914ed99002376f2e88474aa3654f79fbf3624656c25bd4ef5b5,2f40d0987604639945509b844a1f7fe1d0f7490415143673d149f8029ae6f622,3ca12e6b6eeb29fc0ddd441b9c44c80d7a160faaf7e832eb55007f4c6a3ab52b,4ede5c17ed7f6c27d752530849995d987175465e
pretrained-mlp-tasks16-seed17-to_lehmer,pretrained,mlp,mlp-tasks16-seed17,16,17,to_lehmer,5,test_shard_099,5000,171258,2.1721808816176309,0.53571220030597111,0,2.9034490174250069,0.50058975347137069,0,0.73126813580737604,0.035122446834600418,0,3a3bdb04554cac363afb3fdd0f8dd85d726f325cae34a76d33f67ee3b88aeb9d,f788f8d94c6b9914ed99002376f2e88474aa3654f79fbf3624656c25bd4ef5b5,2f40d0987604639945509b844a1f7fe1d0f7490415143673d149f8029ae6f622,3ca12e6b6eeb29fc0ddd441b9c44c80d7a160faaf7e832eb55007f4c6a3ab52b,4ede5c17ed7f6c27d752530849995d987175465e
pretrained-mlp-tasks16-seed42-to_reduced_word,pretrained,mlp,mlp-tasks16-seed42,16,42,to_reduced_word,5,test_shard_099,5000,790719,2.9469190339969904,0.43836179477159393,0,8.841418997496266,0.21626899062751748,0,5.8944999634992756,0.22209280414407645,0,afa4c8d758475a2c6e37a282347122d819bf5e85670142af4fc9d2e11b1de355,f788f8d94c6b9914ed99002376f2e88474aa3654f79fbf3624656c25bd4ef5b5,2f40d0987604639945509b844a1f7fe1d0f7490415143673d149f8029ae6f622,3ca12e6b6eeb29fc0ddd441b9c44c80d7a160faaf7e832eb55007f4c6a3ab52b,4ede5c17ed7f6c27d752530849995d987175465e
pretrained-mlp-tasks16-seed42-compose,pretrained,mlp,mlp-tasks16-seed42,16,42,compose,5,test_shard_099,5000,169758,6.7021119324664555,0.16863417335265496,0,11.922067835398405,0.060061970569870053,0,5.2199559029319493,0.1085722027827849,0,e3048ae41c1f6cb3b6bde331a2e7ff348c2093921cc8185e0efb114983d550a2,f788f8d94c6b9914ed99002376f2e88474aa3654f79fbf3624656c25bd4ef5b5,2f40d0987604639945509b844a1f7fe1d0f7490415143673d149f8029ae6f622,3ca12e6b6eeb29fc0ddd441b9c44c80d7a160faaf7e832eb55007f4c6a3ab52b,4ede5c17ed7f6c27d752530849995d987175465e
pretrained-mlp-tasks16-seed42-parity,pretrained,mlp,mlp-tasks16-seed42,16,42,parity,5,test_shard_099,5000,10000,1.2061681834220885,0.63260000000000005,0.26519999999999999,3.7138248275756838,0.51849999999999996,0.036999999999999998,2.5076566441535952,0.11410000000000009,0.22819999999999999,c4a5c7262b92fd1815bfe0155f685557b4b39e339ba154e3800d468017b1ceb0,f788f8d94c6b9914ed99002376f2e88474aa3654f79fbf3624656c25bd4ef5b5,2f40d0987604639945509b844a1f7fe1d0f7490415143673d149f8029ae6f622,3ca12e6b6eeb29fc0ddd441b9c44c80d7a160faaf7e832eb55007f4c6a3ab52b,4ede5c17ed7f6c27d752530849995d987175465e
pretrained-mlp-tasks16-seed42-to_lehmer,pretrained,mlp,mlp-tasks16-seed42,16,42,to_lehmer,5,test_shard_099,5000,171258,1.9027200714511558,0.54929404757733946,0,2.7849758648791907,0.51109437223370591,0,0.88225579342803484,0.038199675343633555,0,6b0d0a0b0662dde1089d70c66ba43086f95c8d4aff388ffd7399c4fec1b69d90,f788f8d94c6b9914ed99002376f2e88474aa3654f79fbf3624656c25bd4ef5b5,2f40d0987604639945509b844a1f7fe1d0f7490415143673d149f8029ae6f622,3ca12e6b6eeb29fc0ddd441b9c44c80d7a160faaf7e832eb55007f4c6a3ab52b,4ede5c17ed7f6c27d752530849995d987175465e
pretrained-mlp-tasks16-seed314159-to_reduced_word,pretrained,mlp,mlp-tasks16-seed314159,16,314159,to_reduced_word,5,test_shard_099,5000,790719,2.6863620662616725,0.44450430557505261,0,7.0726245778145227,0.23818575246073509,0,4.3862625115528502,0.20631855311431752,0,9723a389a63ee6d3ec7f853f1a94f27d2adbe62e23a547f4e330111c5b065d16,f788f8d94c6b9914ed99002376f2e88474aa3654f79fbf3624656c25bd4ef5b5,2f40d0987604639945509b844a1f7fe1d0f7490415143673d149f8029ae6f622,3ca12e6b6eeb29fc0ddd441b9c44c80d7a160faaf7e832eb55007f4c6a3ab52b,4ede5c17ed7f6c27d752530849995d987175465e
pretrained-mlp-tasks16-seed314159-compose,pretrained,mlp,mlp-tasks16-seed314159,16,314159,compose,5,test_shard_099,5000,169758,4.8462205859717855,0.30464543644482145,0,9.915948031075855,0.08906796734174531,0,5.0697274451040695,0.21557746910307612,0,3a3eaf359a6239d7cda739c0084de90e0f3539387ab38c1b82390d7904a2752a,f788f8d94c6b9914ed99002376f2e88474aa3654f79fbf3624656c25bd4ef5b5,2f40d0987604639945509b844a1f7fe1d0f7490415143673d149f8029ae6f622,3ca12e6b6eeb29fc0ddd441b9c44c80d7a160faaf7e832eb55007f4c6a3ab52b,4ede5c17ed7f6c27d752530849995d987175465e
pretrained-mlp-tasks16-seed314159-parity,pretrained,mlp,mlp-tasks16-seed314159,16,314159,parity,5,test_shard_099,5000,10000,3.2764790201187135,0.54359999999999997,0.0872,5.9526992935180667,0.51449999999999996,0.029000000000000001,2.6762202733993532,0.029100000000000015,0.058200000000000002,5f0c78eb41806186e66ac93c56c267ae801222d3a8371280a4e484e37996278c,f788f8d94c6b9914ed99002376f2e88474aa3654f79fbf3624656c25bd4ef5b5,2f40d0987604639945509b844a1f7fe1d0f7490415143673d149f8029ae6f622,3ca12e6b6eeb29fc0ddd441b9c44c80d7a160faaf7e832eb55007f4c6a3ab52b,4ede5c17ed7f6c27d752530849995d987175465e
pretrained-mlp-tasks16-seed314159-to_lehmer,pretrained,mlp,mlp-tasks16-seed314159,16,314159,to_lehmer,5,test_shard_099,5000,171258,1.9095087433957236,0.55071295939459763,0,2.9637009023563405,0.50081748005932569,0,1.0541921589606169,0.049895479335271942,0,fd76f4d16ef1a737c18420357fa70837e6be35b6f61e3af7fd553ca08b7180ea,f788f8d94c6b9914ed99002376f2e88474aa3654f79fbf3624656c25bd4ef5b5,2f40d0987604639945509b844a1f7fe1d0f7490415143673d149f8029ae6f622,3ca12e6b6eeb29fc0ddd441b9c44c80d7a160faaf7e832eb55007f4c6a3ab52b,4ede5c17ed7f6c27d752530849995d987175465e
pretrained-transformer-tasks01-seed17-to_reduced_word,pretrained,transformer,transformer-tasks01-seed17,1,17,to_reduced_word,5,test_shard_099,5000,790719,8.0855274996479665,0.028759900799146094,0,15.4720575835292,0.0041228299813207978,0,7.3865300838812331,0.024637070817825298,0,11f2fc0b6a2f6b023614359c7cc2372809a0fef28eb0d3dc869fd32786445216,f788f8d94c6b9914ed99002376f2e88474aa3654f79fbf3624656c25bd4ef5b5,2f40d0987604639945509b844a1f7fe1d0f7490415143673d149f8029ae6f622,3ca12e6b6eeb29fc0ddd441b9c44c80d7a160faaf7e832eb55007f4c6a3ab52b,4ede5c17ed7f6c27d752530849995d987175465e
pretrained-transformer-tasks01-seed17-compose,pretrained,transformer,transformer-tasks01-seed17,1,17,compose,5,test_shard_099,5000,169758,8.1428369356637926,0.019569033565428433,0,14.738192049030825,0.0053311184156269514,0,6.5953551133670327,0.014237915149801481,0,aaf4a7133196e962b344391499616f54a79fcc96d92cb6234618f7a1ba4423da,f788f8d94c6b9914ed99002376f2e88474aa3654f79fbf3624656c25bd4ef5b5,2f40d0987604639945509b844a1f7fe1d0f7490415143673d149f8029ae6f622,3ca12e6b6eeb29fc0ddd441b9c44c80d7a160faaf7e832eb55007f4c6a3ab52b,4ede5c17ed7f6c27d752530849995d987175465e
pretrained-transformer-tasks01-seed17-parity,pretrained,transformer,transformer-tasks01-seed17,1,17,parity,5,test_shard_099,5000,10000,3.1151562655448912,0.58840000000000003,0.17680000000000001,6.0902567138671877,0.52669999999999995,0.053400000000000003,2.9751004483222965,0.061700000000000088,0.12340000000000001,47e79f6966ffa1a2ed09c8b1714e05dc1b00ff917cf25304281ce1839a53d906,f788f8d94c6b9914ed99002376f2e88474aa3654f79fbf3624656c25bd4ef5b5,2f40d0987604639945509b844a1f7fe1d0f7490415143673d149f8029ae6f622,3ca12e6b6eeb29fc0ddd441b9c44c80d7a160faaf7e832eb55007f4c6a3ab52b,4ede5c17ed7f6c27d752530849995d987175465e
pretrained-transformer-tasks01-seed17-to_lehmer,pretrained,transformer,transformer-tasks01-seed17,1,17,to_lehmer,5,test_shard_099,5000,171258,10.999716736687347,0.020915811232176014,0,16.034145833014005,0.0061544570180663092,0,5.034429096326658,0.014761354214109705,0,e8557b3497e8184e51a3e114cde2ead010e0850c410034d477b10cac3782a15a,f788f8d94c6b9914ed99002376f2e88474aa3654f79fbf3624656c25bd4ef5b5,2f40d0987604639945509b844a1f7fe1d0f7490415143673d149f8029ae6f622,3ca12e6b6eeb29fc0ddd441b9c44c80d7a160faaf7e832eb55007f4c6a3ab52b,4ede5c17ed7f6c27d752530849995d987175465e
pretrained-transformer-tasks01-seed42-to_reduced_word,pretrained,transformer,transformer-tasks01-seed42,1,42,to_reduced_word,5,test_shard_099,5000,790719,6.6970862067935757,0.029093774147326674,0,14.340558049955957,0.033345600649535422,0,7.6434718431623816,-0.004251826502208747,0,0a9db3e29cd82280a0367aae27ded4b721d218f565121f9f0e4c01a047311337,f788f8d94c6b9914ed99002376f2e88474aa3654f79fbf3624656c25bd4ef5b5,2f40d0987604639945509b844a1f7fe1d0f7490415143673d149f8029ae6f622,3ca12e6b6eeb29fc0ddd441b9c44c80d7a160faaf7e832eb55007f4c6a3ab52b,4ede5c17ed7f6c27d752530849995d987175465e
pretrained-transformer-tasks01-seed42-compose,pretrained,transformer,transformer-tasks01-seed42,1,42,compose,5,test_shard_099,5000,169758,7.0126763862012398,0.034826046489708877,0,13.645203743389487,0.028805711660127947,0,6.6325273571882475,0.0060203348295809304,0,7a46db3cb1dac8380d63b72a27c78ff6f8a4bacedf0c3f6e4833567538babeaa,f788f8d94c6b9914ed99002376f2e88474aa3654f79fbf3624656c25bd4ef5b5,2f40d0987604639945509b844a1f7fe1d0f7490415143673d149f8029ae6f622,3ca12e6b6eeb29fc0ddd441b9c44c80d7a160faaf7e832eb55007f4c6a3ab52b,4ede5c17ed7f6c27d752530849995d987175465e
pretrained-transformer-tasks01-seed42-parity,pretrained,transformer,transformer-tasks01-seed42,1,42,parity,5,test_shard_099,5000,10000,4.1439987346649172,0.53259999999999996,0.065199999999999994,6.578010217285156,0.53159999999999996,0.063200000000000006,2.4340114826202388,0.0010000000000000009,0.0019999999999999879,739abf493c5c9bec25f4ff5131a5a7a9073cb155e3165b460c64b98a5bdedbeb,f788f8d94c6b9914ed99002376f2e88474aa3654f79fbf3624656c25bd4ef5b5,2f40d0987604639945509b844a1f7fe1d0f7490415143673d149f8029ae6f622,3ca12e6b6eeb29fc0ddd441b9c44c80d7a160faaf7e832eb55007f4c6a3ab52b,4ede5c17ed7f6c27d752530849995d987175465e
pretrained-transformer-tasks01-seed42-to_lehmer,pretrained,transformer,transformer-tasks01-seed42,1,42,to_lehmer,5,test_shard_099,5000,171258,8.1861875577470737,0.033715213303904049,0,14.700458153779678,0.023899613448714805,0,6.5142705960326044,0.0098155998551892436,0,0d6451e74583bb586a4dcf778d162845a4dd849b8f6f36eeae22e7976a16a9d3,f788f8d94c6b9914ed99002376f2e88474aa3654f79fbf3624656c25bd4ef5b5,2f40d0987604639945509b844a1f7fe1d0f7490415143673d149f8029ae6f622,3ca12e6b6eeb29fc0ddd441b9c44c80d7a160faaf7e832eb55007f4c6a3ab52b,4ede5c17ed7f6c27d752530849995d987175465e
pretrained-transformer-tasks01-seed314159-to_reduced_word,pretrained,transformer,transformer-tasks01-seed314159,1,314159,to_reduced_word,5,test_shard_099,5000,790719,8.6827533641825312,0.032055635440655907,0,15.162067141878941,0.031836847223855755,0,6.4793137776964098,0.00021878821680015176,0,9d211e94880690b62d151fbfb7a9b25a3d2e36dfef21f3c216fb94088ef7d066,f788f8d94c6b9914ed99002376f2e88474aa3654f79fbf3624656c25bd4ef5b5,2f40d0987604639945509b844a1f7fe1d0f7490415143673d149f8029ae6f622,3ca12e6b6eeb29fc0ddd441b9c44c80d7a160faaf7e832eb55007f4c6a3ab52b,4ede5c17ed7f6c27d752530849995d987175465e
pretrained-transformer-tasks01-seed314159-compose,pretrained,transformer,transformer-tasks01-seed314159,1,314159,compose,5,test_shard_099,5000,169758,8.7510632711229928,0.024222717044263011,0,14.672025015366543,0.022420151038537211,0,5.9209617442435505,0.0018025660057258003,0,7a16765ce5f1e3a39725a41e52a96a9b72c9c97118adb187995fb0db26babac0,f788f8d94c6b9914ed99002376f2e88474aa3654f79fbf3624656c25bd4ef5b5,2f40d0987604639945509b844a1f7fe1d0f7490415143673d149f8029ae6f622,3ca12e6b6eeb29fc0ddd441b9c44c80d7a160faaf7e832eb55007f4c6a3ab52b,4ede5c17ed7f6c27d752530849995d987175465e
pretrained-transformer-tasks01-seed314159-parity,pretrained,transformer,transformer-tasks01-seed314159,1,314159,parity,5,test_shard_099,5000,10000,2.9111956413269042,0.57709999999999995,0.1542,6.2335615570068361,0.52400000000000002,0.048000000000000001,3.3223659156799319,0.053099999999999925,0.1062,14eaa2efdd43e550641c94deb69f537c7bcae9491ae14b89760c24a09f48b8e3,f788f8d94c6b9914ed99002376f2e88474aa3654f79fbf3624656c25bd4ef5b5,2f40d0987604639945509b844a1f7fe1d0f7490415143673d149f8029ae6f622,3ca12e6b6eeb29fc0ddd441b9c44c80d7a160faaf7e832eb55007f4c6a3ab52b,4ede5c17ed7f6c27d752530849995d987175465e
pretrained-transformer-tasks01-seed314159-to_lehmer,pretrained,transformer,transformer-tasks01-seed314159,1,314159,to_lehmer,5,test_shard_099,5000,171258,9.5904230198142209,0.03004239218021932,0,15.92254783011049,0.016448866622289178,0,6.3321248102962695,0.013593525557930142,0,cffe008167d9a6594c1debbbad1431755ad9ae203bd50c5abf2002faaf716e3a,f788f8d94c6b9914ed99002376f2e88474aa3654f79fbf3624656c25bd4ef5b5,2f40d0987604639945509b844a1f7fe1d0f7490415143673d149f8029ae6f622,3ca12e6b6eeb29fc0ddd441b9c44c80d7a160faaf7e832eb55007f4c6a3ab52b,4ede5c17ed7f6c27d752530849995d987175465e
pretrained-transformer-tasks02-seed17-to_reduced_word,pretrained,transformer,transformer-tasks02-seed17,2,17,to_reduced_word,5,test_shard_099,5000,790719,5.6649584520247549,0.027184119769475629,0,14.099156590394312,0.03439021953437315,0,8.4341981383695561,-0.0072060997648975209,0,dea19aae63570e58187e0f10b428a024a86171806521870f673d9a71a335a89d,f788f8d94c6b9914ed99002376f2e88474aa3654f79fbf3624656c25bd4ef5b5,2f40d0987604639945509b844a1f7fe1d0f7490415143673d149f8029ae6f622,3ca12e6b6eeb29fc0ddd441b9c44c80d7a160faaf7e832eb55007f4c6a3ab52b,4ede5c17ed7f6c27d752530849995d987175465e
pretrained-transformer-tasks02-seed17-compose,pretrained,transformer,transformer-tasks02-seed17,2,17,compose,5,test_shard_099,5000,169758,5.8101940721083469,0.0263728366262562,0,14.42251964469274,0.028116495246173965,0,8.6123255725843926,-0.0017436586199177651,0,0d57ee3811bff6cc6739c0177221db137c529800491f3f143f2349c02a681573,f788f8d94c6b9914ed99002376f2e88474aa3654f79fbf3624656c25bd4ef5b5,2f40d0987604639945509b844a1f7fe1d0f7490415143673d149f8029ae6f622,3ca12e6b6eeb29fc0ddd441b9c44c80d7a160faaf7e832eb55007f4c6a3ab52b,4ede5c17ed7f6c27d752530849995d987175465e
pretrained-transformer-tasks02-seed17-parity,pretrained,transformer,transformer-tasks02-seed17,2,17,parity,5,test_shard_099,5000,10000,2.4789518310546876,0.62229999999999996,0.24460000000000001,7.238937942504883,0.52580000000000005,0.052400000000000002,4.7599861114501953,0.096499999999999919,0.19220000000000001,d695e44b2a7a82973184522b17e6f2d558800a78d2076ec12aff8f893ec0ce97,f788f8d94c6b9914ed99002376f2e88474aa3654f79fbf3624656c25bd4ef5b5,2f40d0987604639945509b844a1f7fe1d0f7490415143673d149f8029ae6f622,3ca12e6b6eeb29fc0ddd441b9c44c80d7a160faaf7e832eb55007f4c6a3ab52b,4ede5c17ed7f6c27d752530849995d987175465e
pretrained-transformer-tasks02-seed17-to_lehmer,pretrained,transformer,transformer-tasks02-seed17,2,17,to_lehmer,5,test_shard_099,5000,171258,7.3280874033872685,0.063284634878370646,0,15.762748748644224,0.028956311529972321,0,8.4346613452569557,0.034328323348398325,0,dc65460c7cfca12f7ee1a027ffdc773a6890c06a60105d16d7f39422f22c05aa,f788f8d94c6b9914ed99002376f2e88474aa3654f79fbf3624656c25bd4ef5b5,2f40d0987604639945509b844a1f7fe1d0f7490415143673d149f8029ae6f622,3ca12e6b6eeb29fc0ddd441b9c44c80d7a160faaf7e832eb55007f4c6a3ab52b,4ede5c17ed7f6c27d752530849995d987175465e
pretrained-transformer-tasks02-seed42-to_reduced_word,pretrained,transformer,transformer-tasks02-seed42,2,42,to_reduced_word,5,test_shard_099,5000,790719,5.5262845904773457,0.029834871806545687,0,13.62709389013156,0.033230515518154993,0,8.1008092996542143,-0.0033956437116093065,0,0bfb08b04da948c95be4aebb17e11c6d7a1a0728c514db5240269f0cfcf3b3e3,f788f8d94c6b9914ed99002376f2e88474aa3654f79fbf3624656c25bd4ef5b5,2f40d0987604639945509b844a1f7fe1d0f7490415143673d149f8029ae6f622,3ca12e6b6eeb29fc0ddd441b9c44c80d7a160faaf7e832eb55007f4c6a3ab52b,4ede5c17ed7f6c27d752530849995d987175465e
pretrained-transformer-tasks02-seed42-compose,pretrained,transformer,transformer-tasks02-seed42,2,42,compose,5,test_shard_099,5000,169758,6.2309147498122783,0.029165046713556946,0,13.105964693812295,0.029736448355894861,0,6.8750499440000166,-0.00057140164233791466,0,4f52d52f2157e42856575393f2ec61c84d9d72927d76a76457b8d1dd75d86db3,f788f8d94c6b9914ed99002376f2e88474aa3654f79fbf3624656c25bd4ef5b5,2f40d0987604639945509b844a1f7fe1d0f7490415143673d149f8029ae6f622,3ca12e6b6eeb29fc0ddd441b9c44c80d7a160faaf7e832eb55007f4c6a3ab52b,4ede5c17ed7f6c27d752530849995d987175465e
pretrained-transformer-tasks02-seed42-parity,pretrained,transformer,transformer-tasks02-seed42,2,42,parity,5,test_shard_099,5000,10000,1.8318726468086242,0.6089,0.21859999999999999,6.5416419044494631,0.52569999999999995,0.067400000000000002,4.709769257640839,0.083200000000000052,0.1512,96263a9a41b9b43223a6f4818c680fc3f33468401e84e02fde5bd26694b5844e,f788f8d94c6b9914ed99002376f2e88474aa3654f79fbf3624656c25bd4ef5b5,2f40d0987604639945509b844a1f7fe1d0f7490415143673d149f8029ae6f622,3ca12e6b6eeb29fc0ddd441b9c44c80d7a160faaf7e832eb55007f4c6a3ab52b,4ede5c17ed7f6c27d752530849995d987175465e
pretrained-transformer-tasks02-seed42-to_lehmer,pretrained,transformer,transformer-tasks02-seed42,2,42,to_lehmer,5,test_shard_099,5000,171258,8.6595901606689321,0.044108888343902183,0,14.176722161793172,0.025517056137523503,0,5.5171320011242404,0.018591832206378681,0,739f215a3819a99e508809b3b597aa195fbab40e64d34b7e1b2ed1c7af17a2c5,f788f8d94c6b9914ed99002376f2e88474aa3654f79fbf3624656c25bd4ef5b5,2f40d0987604639945509b844a1f7fe1d0f7490415143673d149f8029ae6f622,3ca12e6b6eeb29fc0ddd441b9c44c80d7a160faaf7e832eb55007f4c6a3ab52b,4ede5c17ed7f6c27d752530849995d987175465e
pretrained-transformer-tasks02-seed314159-to_reduced_word,pretrained,transformer,transformer-tasks02-seed314159,2,314159,to_reduced_word,5,test_shard_099,5000,790719,6.4233553020158709,0.035046584184773605,0,14.730318015697975,0.031260156895180212,0,8.306962713682104,0.0037864272895933929,0,b0af16d634b5e0df65fc3ce2e47dd0b107081b861b93e01032a5b6f67cd00be1,f788f8d94c6b9914ed99002376f2e88474aa3654f79fbf3624656c25bd4ef5b5,2f40d0987604639945509b844a1f7fe1d0f7490415143673d149f8029ae6f622,3ca12e6b6eeb29fc0ddd441b9c44c80d7a160faaf7e832eb55007f4c6a3ab52b,4ede5c17ed7f6c27d752530849995d987175465e
pretrained-transformer-tasks02-seed314159-compose,pretrained,transformer,transformer-tasks02-seed314159,2,314159,compose,5,test_shard_099,5000,169758,6.4463123385396877,0.048792987664793411,0,14.362970326577944,0.041930277218157612,0,7.9166579880382564,0.0068627104466357988,0,2d69893790a1ee889767c9e05cce91a8edcfc0837604c90fbf61b5f9164673ae,f788f8d94c6b9914ed99002376f2e88474aa3654f79fbf3624656c25bd4ef5b5,2f40d0987604639945509b844a1f7fe1d0f7490415143673d149f8029ae6f622,3ca12e6b6eeb29fc0ddd441b9c44c80d7a160faaf7e832eb55007f4c6a3ab52b,4ede5c17ed7f6c27d752530849995d987175465e
pretrained-transformer-tasks02-seed314159-parity,pretrained,transformer,transformer-tasks02-seed314159,2,314159,parity,5,test_shard_099,5000,10000,4.0871834553718571,0.51949999999999996,0.2172,6.5207485763549808,0.43869999999999998,0.075999999999999998,2.4335651209831237,0.080799999999999983,0.14119999999999999,0e37e756fb0ac5957308df3dc81baf0cd750097bd4e18a947ae4e90e0c41d27f,f788f8d94c6b9914ed99002376f2e88474aa3654f79fbf3624656c25bd4ef5b5,2f40d0987604639945509b844a1f7fe1d0f7490415143673d149f8029ae6f622,3ca12e6b6eeb29fc0ddd441b9c44c80d7a160faaf7e832eb55007f4c6a3ab52b,4ede5c17ed7f6c27d752530849995d987175465e
pretrained-transformer-tasks02-seed314159-to_lehmer,pretrained,transformer,transformer-tasks02-seed314159,2,314159,to_lehmer,5,test_shard_099,5000,171258,8.4015611301677779,0.049988905627766297,0,16.325015710374661,0.026100970465613285,0,7.923454580206883,0.023887935162153012,0,5774c779e85ff64bb120515250013b0ab0adb0a88e171cca092b5451e849b4a1,f788f8d94c6b9914ed99002376f2e88474aa3654f79fbf3624656c25bd4ef5b5,2f40d0987604639945509b844a1f7fe1d0f7490415143673d149f8029ae6f622,3ca12e6b6eeb29fc0ddd441b9c44c80d7a160faaf7e832eb55007f4c6a3ab52b,4ede5c17ed7f6c27d752530849995d987175465e
pretrained-transformer-tasks04-seed17-to_reduced_word,pretrained,transformer,transformer-tasks04-seed17,4,17,to_reduced_word,5,test_shard_099,5000,790719,2.1947832714506217,0.5094919939953384,0,8.5445514015072828,0.11788132067143954,0,6.3497681300566615,0.39161067332389887,0,f2734814e49ce925e19807eb01af7b1efc749b57334b1f9586172153e5f27713,f788f8d94c6b9914ed99002376f2e88474aa3654f79fbf3624656c25bd4ef5b5,2f40d0987604639945509b844a1f7fe1d0f7490415143673d149f8029ae6f622,3ca12e6b6eeb29fc0ddd441b9c44c80d7a160faaf7e832eb55007f4c6a3ab52b,4ede5c17ed7f6c27d752530849995d987175465e
pretrained-transformer-tasks04-seed17-compose,pretrained,transformer,transformer-tasks04-seed17,4,17,compose,5,test_shard_099,5000,169758,3.1795571710043213,0.43008871452302688,0,10.273449603626927,0.10588602598993861,0,7.0938924326226065,0.32420268853308826,0,26b01933d2931e4c7b1857abcc560199f47cc9a1b0ddfebbfdc19167ff223b5f,f788f8d94c6b9914ed99002376f2e88474aa3654f79fbf3624656c25bd4ef5b5,2f40d0987604639945509b844a1f7fe1d0f7490415143673d149f8029ae6f622,3ca12e6b6eeb29fc0ddd441b9c44c80d7a160faaf7e832eb55007f4c6a3ab52b,4ede5c17ed7f6c27d752530849995d987175465e
pretrained-transformer-tasks04-seed17-parity,pretrained,transformer,transformer-tasks04-seed17,4,17,parity,5,test_shard_099,5000,10000,1.7424542284727096,0.69340000000000002,0.38679999999999998,4.4770908142089842,0.52690000000000003,0.053800000000000001,2.7346365857362747,0.16649999999999998,0.33299999999999996,087a3180bf5e8eb6db6a7e1e4262c85ed77f701487f0ba78466f507579dcab5a,f788f8d94c6b9914ed99002376f2e88474aa3654f79fbf3624656c25bd4ef5b5,2f40d0987604639945509b844a1f7fe1d0f7490415143673d149f8029ae6f622,3ca12e6b6eeb29fc0ddd441b9c44c80d7a160faaf7e832eb55007f4c6a3ab52b,4ede5c17ed7f6c27d752530849995d987175465e
pretrained-transformer-tasks04-seed17-to_lehmer,pretrained,transformer,transformer-tasks04-seed17,4,17,to_lehmer,5,test_shard_099,5000,171258,2.2044336571808301,0.56329631316493245,0,3.7827153868929662,0.44674117413493092,0,1.5782817297121361,0.11655513903000153,0,1223dfcde3328e1f586ceafa7da512344b13e57d4b0ae637ff44cf100d41ebc8,f788f8d94c6b9914ed99002376f2e88474aa3654f79fbf3624656c25bd4ef5b5,2f40d0987604639945509b844a1f7fe1d0f7490415143673d149f8029ae6f622,3ca12e6b6eeb29fc0ddd441b9c44c80d7a160faaf7e832eb55007f4c6a3ab52b,4ede5c17ed7f6c27d752530849995d987175465e
pretrained-transformer-tasks04-seed42-to_reduced_word,pretrained,transformer,transformer-tasks04-seed42,4,42,to_reduced_word,5,test_shard_099,5000,790719,2.1140626931897288,0.51687641248028693,0,6.5880521292357317,0.18767096781536804,0,4.4739894360460024,0.32920544466491886,0,8bf7d834941c4cde4cbe4ad7ecc9cf0e173acba7ff4226f52013f5f3e5d2239d,f788f8d94c6b9914ed99002376f2e88474aa3654f79fbf3624656c25bd4ef5b5,2f40d0987604639945509b844a1f7fe1d0f7490415143673d149f8029ae6f622,3ca12e6b6eeb29fc0ddd441b9c44c80d7a160faaf7e832eb55007f4c6a3ab52b,4ede5c17ed7f6c27d752530849995d987175465e
pretrained-transformer-tasks04-seed42-compose,pretrained,transformer,transformer-tasks04-seed42,4,42,compose,5,test_shard_099,5000,169758,3.5151017885110716,0.40806324296940349,0,8.205526738683707,0.18772016635445751,0,4.6904249501726358,0.22034307661494598,0,9706fa95455cd7245282d07569295f7bdd9f095f63c4b40c166758a5cc9dbe0f,f788f8d94c6b9914ed99002376f2e88474aa3654f79fbf3624656c25bd4ef5b5,2f40d0987604639945509b844a1f7fe1d0f7490415143673d149f8029ae6f622,3ca12e6b6eeb29fc0ddd441b9c44c80d7a160faaf7e832eb55007f4c6a3ab52b,4ede5c17ed7f6c27d752530849995d987175465e
pretrained-transformer-tasks04-seed42-parity,pretrained,transformer,transformer-tasks04-seed42,4,42,parity,5,test_shard_099,5000,10000,1.8769676111578941,0.6986,0.3972,4.4015002792358402,0.53349999999999997,0.067000000000000004,2.5245326680779461,0.16510000000000002,0.33019999999999999,5d75b995ed249679e35ea558223320960dc655298526b656e551973cf67e65a6,f788f8d94c6b9914ed99002376f2e88474aa3654f79fbf3624656c25bd4ef5b5,2f40d0987604639945509b844a1f7fe1d0f7490415143673d149f8029ae6f622,3ca12e6b6eeb29fc0ddd441b9c44c80d7a160faaf7e832eb55007f4c6a3ab52b,4ede5c17ed7f6c27d752530849995d987175465e
pretrained-transformer-tasks04-seed42-to_lehmer,pretrained,transformer,transformer-tasks04-seed42,4,42,to_lehmer,5,test_shard_099,5000,171258,2.342070868173745,0.55635357180394496,0,3.7716907294111808,0.49131135479802401,0,1.4296198612374358,0.065042217005920944,0,29c032d9792c13232798edaf41f69a626217e382a4ad95cbcb1b2723315ee044,f788f8d94c6b9914ed99002376f2e88474aa3654f79fbf3624656c25bd4ef5b5,2f40d0987604639945509b844a1f7fe1d0f7490415143673d149f8029ae6f622,3ca12e6b6eeb29fc0ddd441b9c44c80d7a160faaf7e832eb55007f4c6a3ab52b,4ede5c17ed7f6c27d752530849995d987175465e
pretrained-transformer-tasks04-seed314159-to_reduced_word,pretrained,transformer,transformer-tasks04-seed314159,4,314159,to_reduced_word,5,test_shard_099,5000,790719,2.3349795384567025,0.49711591602073557,0,8.7748393966885274,0.19323299427483087,0,6.4398598582318254,0.3038829217459047,0,ae63c52f5710036531acd368c906f858526209c2c5a48546b64ed348c70225f1,f788f8d94c6b9914ed99002376f2e88474aa3654f79fbf3624656c25bd4ef5b5,2f40d0987604639945509b844a1f7fe1d0f7490415143673d149f8029ae6f622,3ca12e6b6eeb29fc0ddd441b9c44c80d7a160faaf7e832eb55007f4c6a3ab52b,4ede5c17ed7f6c27d752530849995d987175465e
pretrained-transformer-tasks04-seed314159-compose,pretrained,transformer,transformer-tasks04-seed314159,4,314159,compose,5,test_shard_099,5000,169758,3.1394489023931769,0.43761707842929348,0,9.8811575131032114,0.10690512376441759,0,6.7417086107100346,0.33071195466487591,0,0a09eed887fd24ea74c87a423359c148e040306c25ee1efbabe2302ca100256b,f788f8d94c6b9914ed99002376f2e88474aa3654f79fbf3624656c25bd4ef5b5,2f40d0987604639945509b844a1f7fe1d0f7490415143673d149f8029ae6f622,3ca12e6b6eeb29fc0ddd441b9c44c80d7a160faaf7e832eb55007f4c6a3ab52b,4ede5c17ed7f6c27d752530849995d987175465e
pretrained-transformer-tasks04-seed314159-parity,pretrained,transformer,transformer-tasks04-seed314159,4,314159,parity,5,test_shard_099,5000,10000,2.2437224848747253,0.62690000000000001,0.25380000000000003,4.1562527984619138,0.53290000000000004,0.065799999999999997,1.9125303135871885,0.093999999999999972,0.18800000000000003,2891bde61866e8814d2e96d2879ac7be7e273d6c3f551f31e7871235fb973be0,f788f8d94c6b9914ed99002376f2e88474aa3654f79fbf3624656c25bd4ef5b5,2f40d0987604639945509b844a1f7fe1d0f7490415143673d149f8029ae6f622,3ca12e6b6eeb29fc0ddd441b9c44c80d7a160faaf7e832eb55007f4c6a3ab52b,4ede5c17ed7f6c27d752530849995d987175465e
pretrained-transformer-tasks04-seed314159-to_lehmer,pretrained,transformer,transformer-tasks04-seed314159,4,314159,to_lehmer,5,test_shard_099,5000,171258,2.3672815278839163,0.55970524004718025,0,3.4028506805840824,0.51636127947307575,0,1.035569152700166,0.043343960574104501,0,dffe1f6f099a449d8b3fd458296dffe83e9b196e0aa2bdcf2d42faa7633b86dd,f788f8d94c6b9914ed99002376f2e88474aa3654f79fbf3624656c25bd4ef5b5,2f40d0987604639945509b844a1f7fe1d0f7490415143673d149f8029ae6f622,3ca12e6b6eeb29fc0ddd441b9c44c80d7a160faaf7e832eb55007f4c6a3ab52b,4ede5c17ed7f6c27d752530849995d987175465e
pretrained-transformer-tasks08-seed17-to_reduced_word,pretrained,transformer,transformer-tasks08-seed17,8,17,to_reduced_word,5,test_shard_099,5000,790719,2.2315085503340897,0.51556494785125939,0,6.6930600460872087,0.14039753692525411,0,4.4615514957531186,0.37516741092600525,0,dd31e8b2db92abea957b44ca32a2ba52fe592d63dc4d014bdf3c468378f46bae,f788f8d94c6b9914ed99002376f2e88474aa3654f79fbf3624656c25bd4ef5b5,2f40d0987604639945509b844a1f7fe1d0f7490415143673d149f8029ae6f622,3ca12e6b6eeb29fc0ddd441b9c44c80d7a160faaf7e832eb55007f4c6a3ab52b,4ede5c17ed7f6c27d752530849995d987175465e
pretrained-transformer-tasks08-seed17-compose,pretrained,transformer,transformer-tasks08-seed17,8,17,compose,5,test_shard_099,5000,169758,2.0154101025559754,0.50678024010650458,0,7.4060841539926043,0.10001885036345858,0,5.3906740514366289,0.40676138974304599,0,e43d687639e020ead156a68338d4ba18794c779328a915d436aa05d445b3268d,f788f8d94c6b9914ed99002376f2e88474aa3654f79fbf3624656c25bd4ef5b5,2f40d0987604639945509b844a1f7fe1d0f7490415143673d149f8029ae6f622,3ca12e6b6eeb29fc0ddd441b9c44c80d7a160faaf7e832eb55007f4c6a3ab52b,4ede5c17ed7f6c27d752530849995d987175465e
pretrained-transformer-tasks08-seed17-parity,pretrained,transformer,transformer-tasks08-seed17,8,17,parity,5,test_shard_099,5000,10000,1.3656598390817642,0.73950000000000005,0.47899999999999998,5.4938858520507816,0.50519999999999998,0.0104,4.1282260129690176,0.23430000000000006,0.46859999999999996,7c75a67a315ceaa8da3a7accd6cde7dcc2ff466bda688c79bfcf66a5e0220f62,f788f8d94c6b9914ed99002376f2e88474aa3654f79fbf3624656c25bd4ef5b5,2f40d0987604639945509b844a1f7fe1d0f7490415143673d149f8029ae6f622,3ca12e6b6eeb29fc0ddd441b9c44c80d7a160faaf7e832eb55007f4c6a3ab52b,4ede5c17ed7f6c27d752530849995d987175465e
pretrained-transformer-tasks08-seed17-to_lehmer,pretrained,transformer,transformer-tasks08-seed17,8,17,to_lehmer,5,test_shard_099,5000,171258,2.0530287669520764,0.56560277476088705,0.018599999999999998,3.8863039919177589,0.48589846897663175,0,1.8332752249656825,0.079704305784255303,0.018599999999999998,3695bf20076da791749777a00006655166bcce98f6ed948d813532588601c890,f788f8d94c6b9914ed99002376f2e88474aa3654f79fbf3624656c25bd4ef5b5,2f40d0987604639945509b844a1f7fe1d0f7490415143673d149f8029ae6f622,3ca12e6b6eeb29fc0ddd441b9c44c80d7a160faaf7e832eb55007f4c6a3ab52b,4ede5c17ed7f6c27d752530849995d987175465e
pretrained-transformer-tasks08-seed42-to_reduced_word,pretrained,transformer,transformer-tasks08-seed42,8,42,to_reduced_word,5,test_shard_099,5000,790719,2.0561250241689395,0.51460506197524025,0,7.6300185816222914,0.12929498342647641,0,5.5738935574533519,0.38531007854876387,0,c0086026a85dff1bcc7c621d8f0266c3e66fe6e90458121f69d4515820abaefe,f788f8d94c6b9914ed99002376f2e88474aa3654f79fbf3624656c25bd4ef5b5,2f40d0987604639945509b844a1f7fe1d0f7490415143673d149f8029ae6f622,3ca12e6b6eeb29fc0ddd441b9c44c80d7a160faaf7e832eb55007f4c6a3ab52b,4ede5c17ed7f6c27d752530849995d987175465e
pretrained-transformer-tasks08-seed42-compose,pretrained,transformer,transformer-tasks08-seed42,8,42,compose,5,test_shard_099,5000,169758,2.1546249712337517,0.46653471412245667,0,8.6514997248035623,0.088190247293205626,0,6.496874753569811,0.37834446682925105,0,5d5fc4723cc8adfa1fdd22ce165048f2221472f1937026a9d5398f9d5398561d,f788f8d94c6b9914ed99002376f2e88474aa3654f79fbf3624656c25bd4ef5b5,2f40d0987604639945509b844a1f7fe1d0f7490415143673d149f8029ae6f622,3ca12e6b6eeb29fc0ddd441b9c44c80d7a160faaf7e832eb55007f4c6a3ab52b,4ede5c17ed7f6c27d752530849995d987175465e
pretrained-transformer-tasks08-seed42-parity,pretrained,transformer,transformer-tasks08-seed42,8,42,parity,5,test_shard_099,5000,10000,1.6498535649418831,0.74139999999999995,0.48280000000000001,2.8583246276855467,0.53769999999999996,0.075399999999999995,1.2084710627436637,0.20369999999999999,0.40739999999999998,b64acb58fcd6cca1545a171fdfe50b31816c0f983dfe97ee7738f2c0e1f3c307,f788f8d94c6b9914ed99002376f2e88474aa3654f79fbf3624656c25bd4ef5b5,2f40d0987604639945509b844a1f7fe1d0f7490415143673d149f8029ae6f622,3ca12e6b6eeb29fc0ddd441b9c44c80d7a160faaf7e832eb55007f4c6a3ab52b,4ede5c17ed7f6c27d752530849995d987175465e
pretrained-transformer-tasks08-seed42-to_lehmer,pretrained,transformer,transformer-tasks08-seed42,8,42,to_lehmer,5,test_shard_099,5000,171258,1.9916708784659478,0.56320288687243802,0,4.5568672866856037,0.40221186747480409,0,2.5651964082196557,0.16099101939763394,0,d288ce407769845b8ab5e70f84e3e78ab9805b3345740c78b0a96447e5f2e26b,f788f8d94c6b9914ed99002376f2e88474aa3654f79fbf3624656c25bd4ef5b5,2f40d0987604639945509b844a1f7fe1d0f7490415143673d149f8029ae6f622,3ca12e6b6eeb29fc0ddd441b9c44c80d7a160faaf7e832eb55007f4c6a3ab52b,4ede5c17ed7f6c27d752530849995d987175465e
pretrained-transformer-tasks08-seed314159-to_reduced_word,pretrained,transformer,transformer-tasks08-seed314159,8,314159,to_reduced_word,5,test_shard_099,5000,790719,2.2308896867061714,0.50200260775319683,0,9.9938219400634107,0.12192068231571519,0,7.7629322533572394,0.38008192543748165,0,3cbf1d114dac76fac796b86c77ecb3ec0d31be8fe6eab72397a66d117fff9ec9,f788f8d94c6b9914ed99002376f2e88474aa3654f79fbf3624656c25bd4ef5b5,2f40d0987604639945509b844a1f7fe1d0f7490415143673d149f8029ae6f622,3ca12e6b6eeb29fc0ddd441b9c44c80d7a160faaf7e832eb55007f4c6a3ab52b,4ede5c17ed7f6c27d752530849995d987175465e
pretrained-transformer-tasks08-seed314159-compose,pretrained,transformer,transformer-tasks08-seed314159,8,314159,compose,5,test_shard_099,5000,169758,1.948400361776776,0.48705215659939444,0,10.681823200503622,0.059661400346375432,0,8.7334228387268453,0.42739075625301903,0,99aedd29f9205d0e782e71d73b24f4b775a3ccb3d346963aedec4727664692f6,f788f8d94c6b9914ed99002376f2e88474aa3654f79fbf3624656c25bd4ef5b5,2f40d0987604639945509b844a1f7fe1d0f7490415143673d149f8029ae6f622,3ca12e6b6eeb29fc0ddd441b9c44c80d7a160faaf7e832eb55007f4c6a3ab52b,4ede5c17ed7f6c27d752530849995d987175465e
pretrained-transformer-tasks08-seed314159-parity,pretrained,transformer,transformer-tasks08-seed314159,8,314159,parity,5,test_shard_099,5000,10000,1.0648066045761109,0.72319999999999995,0.44640000000000002,4.6166141357421875,0.50539999999999996,0.010800000000000001,3.5518075311660766,0.21779999999999999,0.43560000000000004,43ddac3fccab8fac80be95aa7e7ed6a39522249e1d05bc280e91624975995394,f788f8d94c6b9914ed99002376f2e88474aa3654f79fbf3624656c25bd4ef5b5,2f40d0987604639945509b844a1f7fe1d0f7490415143673d149f8029ae6f622,3ca12e6b6eeb29fc0ddd441b9c44c80d7a160faaf7e832eb55007f4c6a3ab52b,4ede5c17ed7f6c27d752530849995d987175465e
pretrained-transformer-tasks08-seed314159-to_lehmer,pretrained,transformer,transformer-tasks08-seed314159,8,314159,to_lehmer,5,test_shard_099,5000,171258,1.8119430444875089,0.57353233133634629,0,3.3161256974126756,0.50823903116934688,0,1.5041826529251667,0.065293300166999413,0,a6c428870f9bd86b5afa6d543af50a72a3473012cc1686170bca0b395de07288,f788f8d94c6b9914ed99002376f2e88474aa3654f79fbf3624656c25bd4ef5b5,2f40d0987604639945509b844a1f7fe1d0f7490415143673d149f8029ae6f622,3ca12e6b6eeb29fc0ddd441b9c44c80d7a160faaf7e832eb55007f4c6a3ab52b,4ede5c17ed7f6c27d752530849995d987175465e
pretrained-transformer-tasks16-seed17-to_reduced_word,pretrained,transformer,transformer-tasks16-seed17,16,17,to_reduced_word,5,test_shard_099,5000,790719,2.066670758293589,0.51943863749321817,0,5.7754918564023843,0.21171490757146344,0,3.7088210981087952,0.30772372992175473,0,d4cfe3608286b65b5feb32781dbfa11031a52d161709f96c67e0935653677e1b,f788f8d94c6b9914ed99002376f2e88474aa3654f79fbf3624656c25bd4ef5b5,2f40d0987604639945509b844a1f7fe1d0f7490415143673d149f8029ae6f622,3ca12e6b6eeb29fc0ddd441b9c44c80d7a160faaf7e832eb55007f4c6a3ab52b,4ede5c17ed7f6c27d752530849995d987175465e
pretrained-transformer-tasks16-seed17-compose,pretrained,transformer,transformer-tasks16-seed17,16,17,compose,5,test_shard_099,5000,169758,1.941947871664933,0.49178831041836024,0,6.7057466209998662,0.10714664404623052,0,4.7637987493349332,0.38464166637212971,0,9da6810ab385c250cba7aa78eaaea8a6298018e2bbf2afc626538312d56b9d9e,f788f8d94c6b9914ed99002376f2e88474aa3654f79fbf3624656c25bd4ef5b5,2f40d0987604639945509b844a1f7fe1d0f7490415143673d149f8029ae6f622,3ca12e6b6eeb29fc0ddd441b9c44c80d7a160faaf7e832eb55007f4c6a3ab52b,4ede5c17ed7f6c27d752530849995d987175465e
pretrained-transformer-tasks16-seed17-parity,pretrained,transformer,transformer-tasks16-seed17,16,17,parity,5,test_shard_099,5000,10000,1.6194716001987457,0.73160000000000003,0.4632,4.7912874694824215,0.50349999999999995,0.010999999999999999,3.1718158692836758,0.22810000000000008,0.45219999999999999,62e273965de6e8ac7b757254ba19c454a5d3a0b2c68dab3a507bade8c9fc7e93,f788f8d94c6b9914ed99002376f2e88474aa3654f79fbf3624656c25bd4ef5b5,2f40d0987604639945509b844a1f7fe1d0f7490415143673d149f8029ae6f622,3ca12e6b6eeb29fc0ddd441b9c44c80d7a160faaf7e832eb55007f4c6a3ab52b,4ede5c17ed7f6c27d752530849995d987175465e
pretrained-transformer-tasks16-seed17-to_lehmer,pretrained,transformer,transformer-tasks16-seed17,16,17,to_lehmer,5,test_shard_099,5000,171258,1.7284567044126509,0.56691658199908912,0.042200000000000001,3.2436706217225528,0.5041516308727183,0,1.515213917309902,0.062764951126370816,0.042200000000000001,9e5da2657bfa0b04969660d4bf390b85c7fc1d5611bc18a616376fffc98620cb,f788f8d94c6b9914ed99002376f2e88474aa3654f79fbf3624656c25bd4ef5b5,2f40d0987604639945509b844a1f7fe1d0f7490415143673d149f8029ae6f622,3ca12e6b6eeb29fc0ddd441b9c44c80d7a160faaf7e832eb55007f4c6a3ab52b,4ede5c17ed7f6c27d752530849995d987175465e
pretrained-transformer-tasks16-seed42-to_reduced_word,pretrained,transformer,transformer-tasks16-seed42,16,42,to_reduced_word,5,test_shard_099,5000,790719,1.8220962793978881,0.51995588824854344,0,9.1027822530773808,0.077146242849861962,0,7.2806859736794927,0.44280964539868151,0,e4de33345c347f0daf31feff8c638167abc1b7cc4a8c142beba181314c6d02a4,f788f8d94c6b9914ed99002376f2e88474aa3654f79fbf3624656c25bd4ef5b5,2f40d0987604639945509b844a1f7fe1d0f7490415143673d149f8029ae6f622,3ca12e6b6eeb29fc0ddd441b9c44c80d7a160faaf7e832eb55007f4c6a3ab52b,4ede5c17ed7f6c27d752530849995d987175465e
pretrained-transformer-tasks16-seed42-compose,pretrained,transformer,transformer-tasks16-seed42,16,42,compose,5,test_shard_099,5000,169758,2.0873881008472814,0.47721462316945301,0,6.4490359069970191,0.076956608819613803,0,4.3616478061497377,0.40025801434983921,0,75c0554253ad111ba000c96e59ab47e85d2e89536a56086f3c455510279d3683,f788f8d94c6b9914ed99002376f2e88474aa3654f79fbf3624656c25bd4ef5b5,2f40d0987604639945509b844a1f7fe1d0f7490415143673d149f8029ae6f622,3ca12e6b6eeb29fc0ddd441b9c44c80d7a160faaf7e832eb55007f4c6a3ab52b,4ede5c17ed7f6c27d752530849995d987175465e
pretrained-transformer-tasks16-seed42-parity,pretrained,transformer,transformer-tasks16-seed42,16,42,parity,5,test_shard_099,5000,10000,1.3488590489506722,0.74650000000000005,0.49299999999999999,4.7430275901794436,0.49759999999999999,0,3.3941685412287717,0.24890000000000007,0.49299999999999999,c9cf69477899cd3879c44e2bfb2bff35b7a414888c1fd9964026083b4860f730,f788f8d94c6b9914ed99002376f2e88474aa3654f79fbf3624656c25bd4ef5b5,2f40d0987604639945509b844a1f7fe1d0f7490415143673d149f8029ae6f622,3ca12e6b6eeb29fc0ddd441b9c44c80d7a160faaf7e832eb55007f4c6a3ab52b,4ede5c17ed7f6c27d752530849995d987175465e
pretrained-transformer-tasks16-seed42-to_lehmer,pretrained,transformer,transformer-tasks16-seed42,16,42,to_lehmer,5,test_shard_099,5000,171258,1.5987420977474067,0.5865944948557148,0.0132,3.7477408331837054,0.41534410071354333,0,2.1489987354362987,0.17125039414217147,0.0132,725a32e2d257532f0cbda67176eb355e80dd72499ee9d14960e37044a595b698,f788f8d94c6b9914ed99002376f2e88474aa3654f79fbf3624656c25bd4ef5b5,2f40d0987604639945509b844a1f7fe1d0f7490415143673d149f8029ae6f622,3ca12e6b6eeb29fc0ddd441b9c44c80d7a160faaf7e832eb55007f4c6a3ab52b,4ede5c17ed7f6c27d752530849995d987175465e
pretrained-transformer-tasks16-seed314159-to_reduced_word,pretrained,transformer,transformer-tasks16-seed314159,16,314159,to_reduced_word,5,test_shard_099,5000,790719,1.9248212716510325,0.51979401026154681,0,8.0339028230297256,0.1223481413751282,0,6.1090815513786936,0.39744586888641864,0,3885547b606abf3173d11d3eb253f5bb72ab55ad8338816d1d0964153d475498,f788f8d94c6b9914ed99002376f2e88474aa3654f79fbf3624656c25bd4ef5b5,2f40d0987604639945509b844a1f7fe1d0f7490415143673d149f8029ae6f622,3ca12e6b6eeb29fc0ddd441b9c44c80d7a160faaf7e832eb55007f4c6a3ab52b,4ede5c17ed7f6c27d752530849995d987175465e
pretrained-transformer-tasks16-seed314159-compose,pretrained,transformer,transformer-tasks16-seed314159,16,314159,compose,5,test_shard_099,5000,169758,1.8231261326872068,0.50939572803638122,0,8.6121587594086133,0.062141401288893602,0,6.7890326267214061,0.44725432674748761,0,50d33b5ff979436749cb43db9bf4cb5ab6eeb212e1837259674035b3256b6ec9,f788f8d94c6b9914ed99002376f2e88474aa3654f79fbf3624656c25bd4ef5b5,2f40d0987604639945509b844a1f7fe1d0f7490415143673d149f8029ae6f622,3ca12e6b6eeb29fc0ddd441b9c44c80d7a160faaf7e832eb55007f4c6a3ab52b,4ede5c17ed7f6c27d752530849995d987175465e
pretrained-transformer-tasks16-seed314159-parity,pretrained,transformer,transformer-tasks16-seed314159,16,314159,parity,5,test_shard_099,5000,10000,1.0272498616337775,0.73409999999999997,0.46820000000000001,5.4997041564941407,0.51239999999999997,0.024799999999999999,4.4724542948603627,0.22170000000000001,0.44340000000000002,2993a7a86a1281609a0c86d52e4c4ef005dc7bebe2c7d443ee8dc27aa0aecf50,f788f8d94c6b9914ed99002376f2e88474aa3654f79fbf3624656c25bd4ef5b5,2f40d0987604639945509b844a1f7fe1d0f7490415143673d149f8029ae6f622,3ca12e6b6eeb29fc0ddd441b9c44c80d7a160faaf7e832eb55007f4c6a3ab52b,4ede5c17ed7f6c27d752530849995d987175465e
pretrained-transformer-tasks16-seed314159-to_lehmer,pretrained,transformer,transformer-tasks16-seed314159,16,314159,to_lehmer,5,test_shard_099,5000,171258,1.6286701930815366,0.57545924861904263,0,4.1791178663403228,0.39595230587768165,0,2.5504476732587862,0.17950694274136098,0,729bd201e1e32592bca8c07afe4686821a94e1e00df515f8aa837489dd6d276c,f788f8d94c6b9914ed99002376f2e88474aa3654f79fbf3624656c25bd4ef5b5,2f40d0987604639945509b844a1f7fe1d0f7490415143673d149f8029ae6f622,3ca12e6b6eeb29fc0ddd441b9c44c80d7a160faaf7e832eb55007f4c6a3ab52b,4ede5c17ed7f6c27d752530849995d987175465e
random-transformer-seed17-to_reduced_word,random,transformer,,0,17,to_reduced_word,5,test_shard_099,5000,790719,2.7093295158450132,0.53447937889439867,0,,,,,,,b0ab51ef344f42233ca86e795b8d9dcade2d917adadd977673ed88c891bf91a5,f788f8d94c6b9914ed99002376f2e88474aa3654f79fbf3624656c25bd4ef5b5,2f40d0987604639945509b844a1f7fe1d0f7490415143673d149f8029ae6f622,3ca12e6b6eeb29fc0ddd441b9c44c80d7a160faaf7e832eb55007f4c6a3ab52b,4ede5c17ed7f6c27d752530849995d987175465e
random-transformer-seed17-compose,random,transformer,,0,17,compose,5,test_shard_099,5000,169758,3.2182747474788789,0.51136912546095026,0,,,,,,,26610e5bad30245bddff8fb4a7ea6b4a71663c2097bd5b22798ff323f3cbdef2,f788f8d94c6b9914ed99002376f2e88474aa3654f79fbf3624656c25bd4ef5b5,2f40d0987604639945509b844a1f7fe1d0f7490415143673d149f8029ae6f622,3ca12e6b6eeb29fc0ddd441b9c44c80d7a160faaf7e832eb55007f4c6a3ab52b,4ede5c17ed7f6c27d752530849995d987175465e
random-transformer-seed17-parity,random,transformer,,0,17,parity,5,test_shard_099,5000,10000,1.0094387268066407,0.746,0.49199999999999999,,,,,,,34dcdce968234aebc95ec1369f1a6f4d7ac63e2fac4d81ec5f2b1d7844356369,f788f8d94c6b9914ed99002376f2e88474aa3654f79fbf3624656c25bd4ef5b5,2f40d0987604639945509b844a1f7fe1d0f7490415143673d149f8029ae6f622,3ca12e6b6eeb29fc0ddd441b9c44c80d7a160faaf7e832eb55007f4c6a3ab52b,4ede5c17ed7f6c27d752530849995d987175465e
random-transformer-seed17-to_lehmer,random,transformer,,0,17,to_lehmer,5,test_shard_099,5000,171258,2.6819848445278494,0.5790795174531993,0.018599999999999998,,,,,,,dc392b0e4cef37721109d254ef80154272fe8580287bfbe2ad98006361736fb5,f788f8d94c6b9914ed99002376f2e88474aa3654f79fbf3624656c25bd4ef5b5,2f40d0987604639945509b844a1f7fe1d0f7490415143673d149f8029ae6f622,3ca12e6b6eeb29fc0ddd441b9c44c80d7a160faaf7e832eb55007f4c6a3ab52b,4ede5c17ed7f6c27d752530849995d987175465e
random-transformer-seed42-to_reduced_word,random,transformer,,0,42,to_reduced_word,5,test_shard_099,5000,790719,2.4302969340888247,0.54765978811689109,0,,,,,,,5fa51519fd23ecd50c6df0674bd840e0501a0225772f710db73c6347c87cfcb7,f788f8d94c6b9914ed99002376f2e88474aa3654f79fbf3624656c25bd4ef5b5,2f40d0987604639945509b844a1f7fe1d0f7490415143673d149f8029ae6f622,3ca12e6b6eeb29fc0ddd441b9c44c80d7a160faaf7e832eb55007f4c6a3ab52b,4ede5c17ed7f6c27d752530849995d987175465e
random-transformer-seed42-compose,random,transformer,,0,42,compose,5,test_shard_099,5000,169758,3.1288526717479348,0.50956655945522444,0,,,,,,,8ed7f7e50bd81c3098d4f34a30932e71fe365b93694a6cb3c6c54be82755a3bb,f788f8d94c6b9914ed99002376f2e88474aa3654f79fbf3624656c25bd4ef5b5,2f40d0987604639945509b844a1f7fe1d0f7490415143673d149f8029ae6f622,3ca12e6b6eeb29fc0ddd441b9c44c80d7a160faaf7e832eb55007f4c6a3ab52b,4ede5c17ed7f6c27d752530849995d987175465e
random-transformer-seed42-parity,random,transformer,,0,42,parity,5,test_shard_099,5000,10000,1.7017451522827149,0.74150000000000005,0.48299999999999998,,,,,,,806619f0d05e709008cd30c5034e766b48eb1cadebe05e609487f40188f51e2d,f788f8d94c6b9914ed99002376f2e88474aa3654f79fbf3624656c25bd4ef5b5,2f40d0987604639945509b844a1f7fe1d0f7490415143673d149f8029ae6f622,3ca12e6b6eeb29fc0ddd441b9c44c80d7a160faaf7e832eb55007f4c6a3ab52b,4ede5c17ed7f6c27d752530849995d987175465e
random-transformer-seed42-to_lehmer,random,transformer,,0,42,to_lehmer,5,test_shard_099,5000,171258,2.8950728927298859,0.56763479662263949,0.0061999999999999998,,,,,,,997face7553c3edc844337a549907b7dea025f74fb2790fca098087fca477223,f788f8d94c6b9914ed99002376f2e88474aa3654f79fbf3624656c25bd4ef5b5,2f40d0987604639945509b844a1f7fe1d0f7490415143673d149f8029ae6f622,3ca12e6b6eeb29fc0ddd441b9c44c80d7a160faaf7e832eb55007f4c6a3ab52b,4ede5c17ed7f6c27d752530849995d987175465e
random-transformer-seed314159-to_reduced_word,random,transformer,,0,314159,to_reduced_word,5,test_shard_099,5000,790719,2.4659046139426635,0.54123019682086815,0,,,,,,,69cc08a82b94a86462477857b6a0830ec65ba684133af58d80bcf25e0c83a212,f788f8d94c6b9914ed99002376f2e88474aa3654f79fbf3624656c25bd4ef5b5,2f40d0987604639945509b844a1f7fe1d0f7490415143673d149f8029ae6f622,3ca12e6b6eeb29fc0ddd441b9c44c80d7a160faaf7e832eb55007f4c6a3ab52b,4ede5c17ed7f6c27d752530849995d987175465e
random-transformer-seed314159-compose,random,transformer,,0,314159,compose,5,test_shard_099,5000,169758,3.4580512175069389,0.51342499322565061,0,,,,,,,780007c4559319f9695a51f4dae69e999885fcf03895733f869bc8c7ec35ec46,f788f8d94c6b9914ed99002376f2e88474aa3654f79fbf3624656c25bd4ef5b5,2f40d0987604639945509b844a1f7fe1d0f7490415143673d149f8029ae6f622,3ca12e6b6eeb29fc0ddd441b9c44c80d7a160faaf7e832eb55007f4c6a3ab52b,4ede5c17ed7f6c27d752530849995d987175465e
random-transformer-seed314159-parity,random,transformer,,0,314159,parity,5,test_shard_099,5000,10000,1.2344663833618164,0.74629999999999996,0.49259999999999998,,,,,,,ff27994f088e671d7dbada233a0fc4878b42f888ad0d5e5d9f95038d136112cd,f788f8d94c6b9914ed99002376f2e88474aa3654f79fbf3624656c25bd4ef5b5,2f40d0987604639945509b844a1f7fe1d0f7490415143673d149f8029ae6f622,3ca12e6b6eeb29fc0ddd441b9c44c80d7a160faaf7e832eb55007f4c6a3ab52b,4ede5c17ed7f6c27d752530849995d987175465e
random-transformer-seed314159-to_lehmer,random,transformer,,0,314159,to_lehmer,5,test_shard_099,5000,171258,2.8022702493562801,0.57658036412897495,0,,,,,,,142cd67e909da952e60850c9c9ce324bb367b5ea1a5550dc42e2540686e8e923,f788f8d94c6b9914ed99002376f2e88474aa3654f79fbf3624656c25bd4ef5b5,2f40d0987604639945509b844a1f7fe1d0f7490415143673d149f8029ae6f622,3ca12e6b6eeb29fc0ddd441b9c44c80d7a160faaf7e832eb55007f4c6a3ab52b,4ede5c17ed7f6c27d752530849995d987175465e
random-mlp-seed17-to_reduced_word,random,mlp,,0,17,to_reduced_word,5,test_shard_099,5000,790719,2.8924705332650076,0.50807556160911782,0,,,,,,,5386ce990e292fd381088a60ff07a329333741ff80b56964845b6d64f4087dfc,f788f8d94c6b9914ed99002376f2e88474aa3654f79fbf3624656c25bd4ef5b5,2f40d0987604639945509b844a1f7fe1d0f7490415143673d149f8029ae6f622,3ca12e6b6eeb29fc0ddd441b9c44c80d7a160faaf7e832eb55007f4c6a3ab52b,4ede5c17ed7f6c27d752530849995d987175465e
random-mlp-seed17-compose,random,mlp,,0,17,compose,5,test_shard_099,5000,169758,3.0821302639530659,0.49759657865903228,0,,,,,,,d4f4450f0148d4bd140cc94834531aa14742da31e53b124a5d2de5800cfa7162,f788f8d94c6b9914ed99002376f2e88474aa3654f79fbf3624656c25bd4ef5b5,2f40d0987604639945509b844a1f7fe1d0f7490415143673d149f8029ae6f622,3ca12e6b6eeb29fc0ddd441b9c44c80d7a160faaf7e832eb55007f4c6a3ab52b,4ede5c17ed7f6c27d752530849995d987175465e
random-mlp-seed17-parity,random,mlp,,0,17,parity,5,test_shard_099,5000,10000,0.80813218536376952,0.75119999999999998,0.50239999999999996,,,,,,,aa4650c966a59762dc23e27b7c5cb94fb30036b9bce20d5e0f2eb31ebeb3ec9e,f788f8d94c6b9914ed99002376f2e88474aa3654f79fbf3624656c25bd4ef5b5,2f40d0987604639945509b844a1f7fe1d0f7490415143673d149f8029ae6f622,3ca12e6b6eeb29fc0ddd441b9c44c80d7a160faaf7e832eb55007f4c6a3ab52b,4ede5c17ed7f6c27d752530849995d987175465e
random-mlp-seed17-to_lehmer,random,mlp,,0,17,to_lehmer,5,test_shard_099,5000,171258,2.9732694427276756,0.52741477770381529,0.018599999999999998,,,,,,,433e02d8502cea17d5b3fd1f0b867a6599b1b5f66f6ba40f1c69be9af225dda7,f788f8d94c6b9914ed99002376f2e88474aa3654f79fbf3624656c25bd4ef5b5,2f40d0987604639945509b844a1f7fe1d0f7490415143673d149f8029ae6f622,3ca12e6b6eeb29fc0ddd441b9c44c80d7a160faaf7e832eb55007f4c6a3ab52b,4ede5c17ed7f6c27d752530849995d987175465e
random-mlp-seed42-to_reduced_word,random,mlp,,0,42,to_reduced_word,5,test_shard_099,5000,790719,2.8960024450514439,0.51343650525660822,0,,,,,,,37580e6150e15609723cb609654b1b37788e2126af00f5f20ae0e9c8c7485110,f788f8d94c6b9914ed99002376f2e88474aa3654f79fbf3624656c25bd4ef5b5,2f40d0987604639945509b844a1f7fe1d0f7490415143673d149f8029ae6f622,3ca12e6b6eeb29fc0ddd441b9c44c80d7a160faaf7e832eb55007f4c6a3ab52b,4ede5c17ed7f6c27d752530849995d987175465e
random-mlp-seed42-compose,random,mlp,,0,42,compose,5,test_shard_099,5000,169758,3.0848651074724409,0.49762014161335549,0,,,,,,,48ed91e2e0262b9d931cd1687cd4a79b4a18eec6bf2a874d71a7233fa7914f31,f788f8d94c6b9914ed99002376f2e88474aa3654f79fbf3624656c25bd4ef5b5,2f40d0987604639945509b844a1f7fe1d0f7490415143673d149f8029ae6f622,3ca12e6b6eeb29fc0ddd441b9c44c80d7a160faaf7e832eb55007f4c6a3ab52b,4ede5c17ed7f6c27d752530849995d987175465e
random-mlp-seed42-parity,random,mlp,,0,42,parity,5,test_shard_099,5000,10000,0.87392456207275393,0.74609999999999999,0.49220000000000003,,,,,,,290a115de51bf9c55148b188fc35055c05d47b3b84e806f89bab489b6486251e,f788f8d94c6b9914ed99002376f2e88474aa3654f79fbf3624656c25bd4ef5b5,2f40d0987604639945509b844a1f7fe1d0f7490415143673d149f8029ae6f622,3ca12e6b6eeb29fc0ddd441b9c44c80d7a160faaf7e832eb55007f4c6a3ab52b,4ede5c17ed7f6c27d752530849995d987175465e
random-mlp-seed42-to_lehmer,random,mlp,,0,42,to_lehmer,5,test_shard_099,5000,171258,3.0886173319346875,0.54175571360170038,0.0061999999999999998,,,,,,,ac27d22336e62073f1c759b8973046ff831c5675913492e5307766f2fb64ec56,f788f8d94c6b9914ed99002376f2e88474aa3654f79fbf3624656c25bd4ef5b5,2f40d0987604639945509b844a1f7fe1d0f7490415143673d149f8029ae6f622,3ca12e6b6eeb29fc0ddd441b9c44c80d7a160faaf7e832eb55007f4c6a3ab52b,4ede5c17ed7f6c27d752530849995d987175465e
random-mlp-seed314159-to_reduced_word,random,mlp,,0,314159,to_reduced_word,5,test_shard_099,5000,790719,2.8157981989915486,0.51331762610990761,0,,,,,,,692c5006d694b79b33b74e0f968a98288f3e8f0bd70df5bfbb545ca5e5750120,f788f8d94c6b9914ed99002376f2e88474aa3654f79fbf3624656c25bd4ef5b5,2f40d0987604639945509b844a1f7fe1d0f7490415143673d149f8029ae6f622,3ca12e6b6eeb29fc0ddd441b9c44c80d7a160faaf7e832eb55007f4c6a3ab52b,4ede5c17ed7f6c27d752530849995d987175465e
random-mlp-seed314159-compose,random,mlp,,0,314159,compose,5,test_shard_099,5000,169758,3.1963892514368109,0.50485985932916266,0,,,,,,,7d9e4571de8a59f79f9611b71f8f8cae332ce217983c36d1e298d6a5e8228f17,f788f8d94c6b9914ed99002376f2e88474aa3654f79fbf3624656c25bd4ef5b5,2f40d0987604639945509b844a1f7fe1d0f7490415143673d149f8029ae6f622,3ca12e6b6eeb29fc0ddd441b9c44c80d7a160faaf7e832eb55007f4c6a3ab52b,4ede5c17ed7f6c27d752530849995d987175465e
random-mlp-seed314159-parity,random,mlp,,0,314159,parity,5,test_shard_099,5000,10000,0.92872123718261723,0.74460000000000004,0.48920000000000002,,,,,,,bbf2fb2f8ced4485de2c8c52d1606a4b057a9fee7ddb58e717aeb2df192ae9b2,f788f8d94c6b9914ed99002376f2e88474aa3654f79fbf3624656c25bd4ef5b5,2f40d0987604639945509b844a1f7fe1d0f7490415143673d149f8029ae6f622,3ca12e6b6eeb29fc0ddd441b9c44c80d7a160faaf7e832eb55007f4c6a3ab52b,4ede5c17ed7f6c27d752530849995d987175465e
random-mlp-seed314159-to_lehmer,random,mlp,,0,314159,to_lehmer,5,test_shard_099,5000,171258,2.8011236688521031,0.55774328790479866,0,,,,,,,a1e51110d7b5e80e23655fc75c97f352e4ef0c41ee797d035c5b76dd9da44fe7,f788f8d94c6b9914ed99002376f2e88474aa3654f79fbf3624656c25bd4ef5b5,2f40d0987604639945509b844a1f7fe1d0f7490415143673d149f8029ae6f622,3ca12e6b6eeb29fc0ddd441b9c44c80d7a160faaf7e832eb55007f4c6a3ab52b,4ede5c17ed7f6c27d752530849995d987175465e
pretrained-mlp-tasks01-seed17-to_reduced_word,pretrained,mlp,mlp-tasks01-seed17,1,17,to_reduced_word,20,test_shard_099,5000,790719,7.9185256557491108,0.025261818673890473,0,12.148689567362901,0.010408248695174897,0,4.2301639116137899,0.014853569978715576,0,542a0ab9d31e750da215adbf8046257fa81e7b2cb5f5cb4f1af6bc059b2aa116,8151ca27cabc61db753714bc3003db88815553a3ad1220e6f54268bc72714ad0,a9463d6402dde0425048ff156f94a32e6d2115cc4cbed3788398333ae3aedc0a,3ca12e6b6eeb29fc0ddd441b9c44c80d7a160faaf7e832eb55007f4c6a3ab52b,8d3ec126fb9cb88a1640a0d2d3497f0c93275c2d
pretrained-mlp-tasks01-seed17-compose,pretrained,mlp,mlp-tasks01-seed17,1,17,compose,20,test_shard_099,5000,169758,8.897815072135776,0.020723618327265873,0,12.834305742402419,0.0096431390567749391,0,3.9364906702666431,0.011080479270490934,0,0121ff09cbfdb6746bd56ca0f59d40e6735b75fc0f4449bd29379475fc1f6f1a,8151ca27cabc61db753714bc3003db88815553a3ad1220e6f54268bc72714ad0,a9463d6402dde0425048ff156f94a32e6d2115cc4cbed3788398333ae3aedc0a,3ca12e6b6eeb29fc0ddd441b9c44c80d7a160faaf7e832eb55007f4c6a3ab52b,8d3ec126fb9cb88a1640a0d2d3497f0c93275c2d
pretrained-mlp-tasks01-seed17-parity,pretrained,mlp,mlp-tasks01-seed17,1,17,parity,20,test_shard_099,5000,10000,6.0687253814697266,0.5343,0.068599999999999994,6.9094206268310545,0.5343,0.068599999999999994,0.84069524536132789,0,0,12f4a48bc1aa3b1f5715b116408ee55f3777709852fb5d9ac7c6166d9d2e7491,8151ca27cabc61db753714bc3003db88815553a3ad1220e6f54268bc72714ad0,a9463d6402dde0425048ff156f94a32e6d2115cc4cbed3788398333ae3aedc0a,3ca12e6b6eeb29fc0ddd441b9c44c80d7a160faaf7e832eb55007f4c6a3ab52b,8d3ec126fb9cb88a1640a0d2d3497f0c93275c2d
pretrained-mlp-tasks01-seed17-to_lehmer,pretrained,mlp,mlp-tasks01-seed17,1,17,to_lehmer,20,test_shard_099,5000,171258,9.6995906874605851,0.011205315956042929,0,15.106068254384466,0.0047297060575272392,0,5.4064775669238809,0.00647560989851569,0,9b9c706df7419c2d6c93655957c403e715218cdb4ae03dc9853d7f6fce1dae43,8151ca27cabc61db753714bc3003db88815553a3ad1220e6f54268bc72714ad0,a9463d6402dde0425048ff156f94a32e6d2115cc4cbed3788398333ae3aedc0a,3ca12e6b6eeb29fc0ddd441b9c44c80d7a160faaf7e832eb55007f4c6a3ab52b,8d3ec126fb9cb88a1640a0d2d3497f0c93275c2d
pretrained-mlp-tasks01-seed42-to_reduced_word,pretrained,mlp,mlp-tasks01-seed42,1,42,to_reduced_word,20,test_shard_099,5000,790719,9.1396900833638046,0.023361016998453308,0,11.216033413398913,0.018239096316137592,0,2.0763433300351082,0.0051219206823157164,0,983ceaf956883062755ad059a0957dd13594e3b9a41e362c3cf011ecd58dffa1,8151ca27cabc61db753714bc3003db88815553a3ad1220e6f54268bc72714ad0,a9463d6402dde0425048ff156f94a32e6d2115cc4cbed3788398333ae3aedc0a,3ca12e6b6eeb29fc0ddd441b9c44c80d7a160faaf7e832eb55007f4c6a3ab52b,8d3ec126fb9cb88a1640a0d2d3497f0c93275c2d
pretrained-mlp-tasks01-seed42-compose,pretrained,mlp,mlp-tasks01-seed42,1,42,compose,20,test_shard_099,5000,169758,8.9569933298085544,0.021772169794648855,0,11.451067780356817,0.018673641301146338,0,2.494074450548263,0.0030985284935025163,0,bc071d85415459d3b7f6620e83255b4675776f14a7c7f1784c5b65ddf2141fae,8151ca27cabc61db753714bc3003db88815553a3ad1220e6f54268bc72714ad0,a9463d6402dde0425048ff156f94a32e6d2115cc4cbed3788398333ae3aedc0a,3ca12e6b6eeb29fc0ddd441b9c44c80d7a160faaf7e832eb55007f4c6a3ab52b,8d3ec126fb9cb88a1640a0d2d3497f0c93275c2d
pretrained-mlp-tasks01-seed42-parity,pretrained,mlp,mlp-tasks01-seed42,1,42,parity,20,test_shard_099,5000,10000,5.7029149841308593,0.5343,0.068599999999999994,6.485611022949219,0.53420000000000001,0.068400000000000002,0.7826960388183597,9.9999999999988987e-05,0.00019999999999999185,064359ff46a7898defcafdafa3fa339c18ad1a2df166cbc786902956f0158a86,8151ca27cabc61db753714bc3003db88815553a3ad1220e6f54268bc72714ad0,a9463d6402dde0425048ff156f94a32e6d2115cc4cbed3788398333ae3aedc0a,3ca12e6b6eeb29fc0ddd441b9c44c80d7a160faaf7e832eb55007f4c6a3ab52b,8d3ec126fb9cb88a1640a0d2d3497f0c93275c2d
pretrained-mlp-tasks01-seed42-to_lehmer,pretrained,mlp,mlp-tasks01-seed42,1,42,to_lehmer,20,test_shard_099,5000,171258,9.5015433507177853,0.021102663817164746,0,13.52363498735278,0.015257681392986021,0,4.022091636634995,0.0058449824241787254,0,c9a79c4a1550d9aa9a759bcea1cf55c6373f90917ded1c14e8496d96384eba9f,8151ca27cabc61db753714bc3003db88815553a3ad1220e6f54268bc72714ad0,a9463d6402dde0425048ff156f94a32e6d2115cc4cbed3788398333ae3aedc0a,3ca12e6b6eeb29fc0ddd441b9c44c80d7a160faaf7e832eb55007f4c6a3ab52b,8d3ec126fb9cb88a1640a0d2d3497f0c93275c2d
pretrained-mlp-tasks01-seed314159-to_reduced_word,pretrained,mlp,mlp-tasks01-seed314159,1,314159,to_reduced_word,20,test_shard_099,5000,790719,8.7084982766673438,0.024408165226837853,0,11.139960810193001,0.022673035553717566,0,2.4314625335256572,0.0017351296731202871,0,503279b172b80cf3c5afe420b98ad915a31ded0a5d50c3f6a284301d804890f0,8151ca27cabc61db753714bc3003db88815553a3ad1220e6f54268bc72714ad0,a9463d6402dde0425048ff156f94a32e6d2115cc4cbed3788398333ae3aedc0a,3ca12e6b6eeb29fc0ddd441b9c44c80d7a160faaf7e832eb55007f4c6a3ab52b,8d3ec126fb9cb88a1640a0d2d3497f0c93275c2d
pretrained-mlp-tasks01-seed314159-compose,pretrained,mlp,mlp-tasks01-seed314159,1,314159,compose,20,test_shard_099,5000,169758,9.4725667110612051,0.022302336266921147,0,11.94157629330245,0.022537965810153278,0,2.4690095822412452,-0.00023562954323213051,0,434e4e6b1e558f4b1ce0cba8da1cb00884608402a3878f8a5daddb43031dbcc0,8151ca27cabc61db753714bc3003db88815553a3ad1220e6f54268bc72714ad0,a9463d6402dde0425048ff156f94a32e6d2115cc4cbed3788398333ae3aedc0a,3ca12e6b6eeb29fc0ddd441b9c44c80d7a160faaf7e832eb55007f4c6a3ab52b,8d3ec126fb9cb88a1640a0d2d3497f0c93275c2d
pretrained-mlp-tasks01-seed314159-parity,pretrained,mlp,mlp-tasks01-seed314159,1,314159,parity,20,test_shard_099,5000,10000,6.804364865875244,0.53469999999999995,0.069400000000000003,7.6323518035888673,0.53420000000000001,0.068400000000000002,0.82798693771362331,0.00049999999999994493,0.0010000000000000009,4847267d8e3624018df6f57abf03f5d5e2687b8920295affc78bb57f93f53eb4,8151ca27cabc61db753714bc3003db88815553a3ad1220e6f54268bc72714ad0,a9463d6402dde0425048ff156f94a32e6d2115cc4cbed3788398333ae3aedc0a,3ca12e6b6eeb29fc0ddd441b9c44c80d7a160faaf7e832eb55007f4c6a3ab52b,8d3ec126fb9cb88a1640a0d2d3497f0c93275c2d
pretrained-mlp-tasks01-seed314159-to_lehmer,pretrained,mlp,mlp-tasks01-seed314159,1,314159,to_lehmer,20,test_shard_099,5000,171258,10.284479270049154,0.0085601840497962142,0,14.540510031602539,0.0082390311693468343,0,4.2560307615533848,0.00032115288044937997,0,d0ec0f16aa7c6dff7b32571da9a43b88f9e29720a66959d97172e5fa241275ef,8151ca27cabc61db753714bc3003db88815553a3ad1220e6f54268bc72714ad0,a9463d6402dde0425048ff156f94a32e6d2115cc4cbed3788398333ae3aedc0a,3ca12e6b6eeb29fc0ddd441b9c44c80d7a160faaf7e832eb55007f4c6a3ab52b,8d3ec126fb9cb88a1640a0d2d3497f0c93275c2d
pretrained-mlp-tasks02-seed17-to_reduced_word,pretrained,mlp,mlp-tasks02-seed17,2,17,to_reduced_word,20,test_shard_099,5000,790719,7.7663191658626118,0.026553048554543397,0,12.136927247938269,0.009806264931031124,0,4.3706080820756572,0.016746783623512271,0,552c3056850d370724aa09de83e0c8199a2065cf38f42a579823f65f4285341f,8151ca27cabc61db753714bc3003db88815553a3ad1220e6f54268bc72714ad0,a9463d6402dde0425048ff156f94a32e6d2115cc4cbed3788398333ae3aedc0a,3ca12e6b6eeb29fc0ddd441b9c44c80d7a160faaf7e832eb55007f4c6a3ab52b,8d3ec126fb9cb88a1640a0d2d3497f0c93275c2d
pretrained-mlp-tasks02-seed17-compose,pretrained,mlp,mlp-tasks02-seed17,2,17,compose,20,test_shard_099,5000,169758,8.9268346768589328,0.020623475771392216,0,12.687202293347369,0.012547273177110947,0,3.7603676164884359,0.0080762025942812694,0,468c27e95cdcb6d15b0ecac9f702100e6959371a194de386e31b51bf06e10453,8151ca27cabc61db753714bc3003db88815553a3ad1220e6f54268bc72714ad0,a9463d6402dde0425048ff156f94a32e6d2115cc4cbed3788398333ae3aedc0a,3ca12e6b6eeb29fc0ddd441b9c44c80d7a160faaf7e832eb55007f4c6a3ab52b,8d3ec126fb9cb88a1640a0d2d3497f0c93275c2d
pretrained-mlp-tasks02-seed17-parity,pretrained,mlp,mlp-tasks02-seed17,2,17,parity,20,test_shard_099,5000,10000,5.2435884136199951,0.53320000000000001,0.066400000000000001,5.9283924346923831,0.53010000000000002,0.060199999999999997,0.68480402107238803,0.0030999999999999917,0.0062000000000000041,71b0b02a3c53b24d5cabea2848ffdb61b1e553e8768ed6bdc737236f806db405,8151ca27cabc61db753714bc3003db88815553a3ad1220e6f54268bc72714ad0,a9463d6402dde0425048ff156f94a32e6d2115cc4cbed3788398333ae3aedc0a,3ca12e6b6eeb29fc0ddd441b9c44c80d7a160faaf7e832eb55007f4c6a3ab52b,8d3ec126fb9cb88a1640a0d2d3497f0c93275c2d
pretrained-mlp-tasks02-seed17-to_lehmer,pretrained,mlp,mlp-tasks02-seed17,2,17,to_lehmer,20,test_shard_099,5000,171258,9.3403749473849853,0.011993600298964137,0,15.221221291943296,0.0081456048768524681,0,5.8808463445583108,0.0038479954221116684,0,5ae9b0fd0c7d79dffe294f0fe684bbe61218ff29160ddf2f6d670165637caa31,8151ca27cabc61db753714bc3003db88815553a3ad1220e6f54268bc72714ad0,a9463d6402dde0425048ff156f94a32e6d2115cc4cbed3788398333ae3aedc0a,3ca12e6b6eeb29fc0ddd441b9c44c80d7a160faaf7e832eb55007f4c6a3ab52b,8d3ec126fb9cb88a1640a0d2d3497f0c93275c2d
pretrained-mlp-tasks02-seed42-to_reduced_word,pretrained,mlp,mlp-tasks02-seed42,2,42,to_reduced_word,20,test_shard_099,5000,790719,8.0601312635932452,0.020772233878280401,0,13.36585584014359,0.0083607450940220238,0,5.3057245765503449,0.012411488784258377,0,c2723f61f6d9ce787a2340bfee9147c8971941736b281a2b7cd03bb34b137b8e,8151ca27cabc61db753714bc3003db88815553a3ad1220e6f54268bc72714ad0,a9463d6402dde0425048ff156f94a32e6d2115cc4cbed3788398333ae3aedc0a,3ca12e6b6eeb29fc0ddd441b9c44c80d7a160faaf7e832eb55007f4c6a3ab52b,8d3ec126fb9cb88a1640a0d2d3497f0c93275c2d
pretrained-mlp-tasks02-seed42-compose,pretrained,mlp,mlp-tasks02-seed42,2,42,compose,20,test_shard_099,5000,169758,8.3220878385978132,0.019981385266084662,0,13.616775769588179,0.0085592431579071381,0,5.2946879309903654,0.011422142108177524,0,437306cd08a22ab6a640d5905be98447fcdeaf84822a2d6c052fbc0265728e03,8151ca27cabc61db753714bc3003db88815553a3ad1220e6f54268bc72714ad0,a9463d6402dde0425048ff156f94a32e6d2115cc4cbed3788398333ae3aedc0a,3ca12e6b6eeb29fc0ddd441b9c44c80d7a160faaf7e832eb55007f4c6a3ab52b,8d3ec126fb9cb88a1640a0d2d3497f0c93275c2d
pretrained-mlp-tasks02-seed42-parity,pretrained,mlp,mlp-tasks02-seed42,2,42,parity,20,test_shard_099,5000,10000,5.0771050106048587,0.52829999999999999,0.056599999999999998,5.8492719604492187,0.52729999999999999,0.054600000000000003,0.77216694984435996,0.0010000000000000009,0.0019999999999999948,dc7e17b41f91398e744539d7b64718cb47900d64a8216f93f1ec385550de35c4,8151ca27cabc61db753714bc3003db88815553a3ad1220e6f54268bc72714ad0,a9463d6402dde0425048ff156f94a32e6d2115cc4cbed3788398333ae3aedc0a,3ca12e6b6eeb29fc0ddd441b9c44c80d7a160faaf7e832eb55007f4c6a3ab52b,8d3ec126fb9cb88a1640a0d2d3497f0c93275c2d
pretrained-mlp-tasks02-seed42-to_lehmer,pretrained,mlp,mlp-tasks02-seed42,2,42,to_lehmer,20,test_shard_099,5000,171258,9.2826657926655258,0.02265003678660267,0,15.808000615071633,0.0066274276238190329,0,6.5253348224061067,0.016022609162783637,0,96b0b90d1326d335a65c80b5c75fbef65bdc88bdb74407b2acafc0ece24ba394,8151ca27cabc61db753714bc3003db88815553a3ad1220e6f54268bc72714ad0,a9463d6402dde0425048ff156f94a32e6d2115cc4cbed3788398333ae3aedc0a,3ca12e6b6eeb29fc0ddd441b9c44c80d7a160faaf7e832eb55007f4c6a3ab52b,8d3ec126fb9cb88a1640a0d2d3497f0c93275c2d
pretrained-mlp-tasks02-seed314159-to_reduced_word,pretrained,mlp,mlp-tasks02-seed314159,2,314159,to_reduced_word,20,test_shard_099,5000,790719,7.8208947427194229,0.023841592272349596,0,10.653745999289887,0.023680978957126363,0,2.8328512565704642,0.00016061331522323335,0,a282b405a23cbe48ea7516ae64bd6a05eb32b840e8e103310ab09ab564171dee,8151ca27cabc61db753714bc3003db88815553a3ad1220e6f54268bc72714ad0,a9463d6402dde0425048ff156f94a32e6d2115cc4cbed3788398333ae3aedc0a,3ca12e6b6eeb29fc0ddd441b9c44c80d7a160faaf7e832eb55007f4c6a3ab52b,8d3ec126fb9cb88a1640a0d2d3497f0c93275c2d
pretrained-mlp-tasks02-seed314159-compose,pretrained,mlp,mlp-tasks02-seed314159,2,314159,compose,20,test_shard_099,5000,169758,8.0981071618771274,0.023291980348496093,0,11.165272396726149,0.022532075071572472,0,3.0671652348490213,0.00075990527692362114,0,3be0d736e69b03cefeb3595fdc3b166698db306d8718ff1e91204bc676045ea5,8151ca27cabc61db753714bc3003db88815553a3ad1220e6f54268bc72714ad0,a9463d6402dde0425048ff156f94a32e6d2115cc4cbed3788398333ae3aedc0a,3ca12e6b6eeb29fc0ddd441b9c44c80d7a160faaf7e832eb55007f4c6a3ab52b,8d3ec126fb9cb88a1640a0d2d3497f0c93275c2d
pretrained-mlp-tasks02-seed314159-parity,pretrained,mlp,mlp-tasks02-seed314159,2,314159,parity,20,test_shard_099,5000,10000,5.1898169387817381,0.53490000000000004,0.069800000000000001,5.975612942504883,0.52590000000000003,0.051799999999999999,0.78579600372314484,0.009000000000000008,0.018000000000000002,2e89f834db02df183e799fdac32029febe414706bc7b602293aac83caa35b9d3,8151ca27cabc61db753714bc3003db88815553a3ad1220e6f54268bc72714ad0,a9463d6402dde0425048ff156f94a32e6d2115cc4cbed3788398333ae3aedc0a,3ca12e6b6eeb29fc0ddd441b9c44c80d7a160faaf7e832eb55007f4c6a3ab52b,8d3ec126fb9cb88a1640a0d2d3497f0c93275c2d
pretrained-mlp-tasks02-seed314159-to_lehmer,pretrained,mlp,mlp-tasks02-seed314159,2,314159,to_lehmer,20,test_shard_099,5000,171258,8.9219444488827264,0.019339242546333603,0,13.430301448280883,0.0091207418047624059,0,4.5083569993981563,0.010218500741571197,0,d53747c872620c9fa45c695bdd4066adf410de36721f94a4eca57965bd9ca56e,8151ca27cabc61db753714bc3003db88815553a3ad1220e6f54268bc72714ad0,a9463d6402dde0425048ff156f94a32e6d2115cc4cbed3788398333ae3aedc0a,3ca12e6b6eeb29fc0ddd441b9c44c80d7a160faaf7e832eb55007f4c6a3ab52b,8d3ec126fb9cb88a1640a0d2d3497f0c93275c2d
pretrained-mlp-tasks04-seed17-to_reduced_word,pretrained,mlp,mlp-tasks04-seed17,4,17,to_reduced_word,20,test_shard_099,5000,790719,6.2442339053498106,0.35341505642333115,0,9.7075731223339137,0.27262023550717762,0,3.4633392169841031,0.080794820916153531,0,c7bd22089d605fb7bd6cf2741dff30650962ecadfb9a8a957cc535e93a8f3dae,8151ca27cabc61db753714bc3003db88815553a3ad1220e6f54268bc72714ad0,a9463d6402dde0425048ff156f94a32e6d2115cc4cbed3788398333ae3aedc0a,3ca12e6b6eeb29fc0ddd441b9c44c80d7a160faaf7e832eb55007f4c6a3ab52b,8d3ec126fb9cb88a1640a0d2d3497f0c93275c2d
pretrained-mlp-tasks04-seed17-compose,pretrained,mlp,mlp-tasks04-seed17,4,17,compose,20,test_shard_099,5000,169758,9.9644814314658134,0.10219253289977498,0,13.213101132614147,0.058689428480542892,0,3.2486197011483338,0.043503104419232087,0,dfb65476d8e6e429d2bc4e7520ce1ece5cbc5019f0d9dc4bc5253a8906a8b144,8151ca27cabc61db753714bc3003db88815553a3ad1220e6f54268bc72714ad0,a9463d6402dde0425048ff156f94a32e6d2115cc4cbed3788398333ae3aedc0a,3ca12e6b6eeb29fc0ddd441b9c44c80d7a160faaf7e832eb55007f4c6a3ab52b,8d3ec126fb9cb88a1640a0d2d3497f0c93275c2d
pretrained-mlp-tasks04-seed17-parity,pretrained,mlp,mlp-tasks04-seed17,4,17,parity,20,test_shard_099,5000,10000,2.0434198957443237,0.65449999999999997,0.309,4.3171380325317381,0.53110000000000002,0.062199999999999998,2.2737181367874144,0.12339999999999995,0.24679999999999999,f74ef679097ad1be1db75ec33eab59bf3f1cbabe776e299a5b975f391e7f73b5,8151ca27cabc61db753714bc3003db88815553a3ad1220e6f54268bc72714ad0,a9463d6402dde0425048ff156f94a32e6d2115cc4cbed3788398333ae3aedc0a,3ca12e6b6eeb29fc0ddd441b9c44c80d7a160faaf7e832eb55007f4c6a3ab52b,8d3ec126fb9cb88a1640a0d2d3497f0c93275c2d
pretrained-mlp-tasks04-seed17-to_lehmer,pretrained,mlp,mlp-tasks04-seed17,4,17,to_lehmer,20,test_shard_099,5000,171258,2.5799719929398601,0.53914561655513904,0,3.3882414399014844,0.53228462320008407,0,0.80826944696162428,0.0068609933550549673,0,d24763b6059d680d25582ab078ba236781b2997f0bf0658f9fc3ee4a2d98cf43,8151ca27cabc61db753714bc3003db88815553a3ad1220e6f54268bc72714ad0,a9463d6402dde0425048ff156f94a32e6d2115cc4cbed3788398333ae3aedc0a,3ca12e6b6eeb29fc0ddd441b9c44c80d7a160faaf7e832eb55007f4c6a3ab52b,8d3ec126fb9cb88a1640a0d2d3497f0c93275c2d
pretrained-mlp-tasks04-seed42-to_reduced_word,pretrained,mlp,mlp-tasks04-seed42,4,42,to_reduced_word,20,test_shard_099,5000,790719,5.3499044288528861,0.38742966844100118,0,8.8636660923068415,0.2946305830516277,0,3.5137616634539555,0.092799085389373481,0,a9de47b2e64f816399eb069e925da419b8209a684b0f46a11f79d2ff20f290a5,8151ca27cabc61db753714bc3003db88815553a3ad1220e6f54268bc72714ad0,a9463d6402dde0425048ff156f94a32e6d2115cc4cbed3788398333ae3aedc0a,3ca12e6b6eeb29fc0ddd441b9c44c80d7a160faaf7e832eb55007f4c6a3ab52b,8d3ec126fb9cb88a1640a0d2d3497f0c93275c2d
pretrained-mlp-tasks04-seed42-compose,pretrained,mlp,mlp-tasks04-seed42,4,42,compose,20,test_shard_099,5000,169758,8.7998646440298014,0.11224802365720614,0,12.231352868460636,0.05684562730475147,0,3.4314882244308347,0.055402396352454669,0,29f64ffe3e3b6380a52e0d0a33f87c2790657ebc29e194789aeabf8edfc0062d,8151ca27cabc61db753714bc3003db88815553a3ad1220e6f54268bc72714ad0,a9463d6402dde0425048ff156f94a32e6d2115cc4cbed3788398333ae3aedc0a,3ca12e6b6eeb29fc0ddd441b9c44c80d7a160faaf7e832eb55007f4c6a3ab52b,8d3ec126fb9cb88a1640a0d2d3497f0c93275c2d
pretrained-mlp-tasks04-seed42-parity,pretrained,mlp,mlp-tasks04-seed42,4,42,parity,20,test_shard_099,5000,10000,1.2100486217975617,0.70209999999999995,0.4042,3.2672487579345701,0.57530000000000003,0.15060000000000001,2.0572001361370083,0.12679999999999991,0.25359999999999999,a6182c079632de0bd7741f93aa75e513b1417db12988a01f576fe56e7f74f5a4,8151ca27cabc61db753714bc3003db88815553a3ad1220e6f54268bc72714ad0,a9463d6402dde0425048ff156f94a32e6d2115cc4cbed3788398333ae3aedc0a,3ca12e6b6eeb29fc0ddd441b9c44c80d7a160faaf7e832eb55007f4c6a3ab52b,8d3ec126fb9cb88a1640a0d2d3497f0c93275c2d
pretrained-mlp-tasks04-seed42-to_lehmer,pretrained,mlp,mlp-tasks04-seed42,4,42,to_lehmer,20,test_shard_099,5000,171258,2.5614952744323785,0.54435413236169994,0,3.3128022077401584,0.53882446367468961,0,0.75130693330777998,0.0055296686870103251,0,edbdb346d297a5e2673a3ceee63084eae0eb0fc438383809db97bb86c4e24a6b,8151ca27cabc61db753714bc3003db88815553a3ad1220e6f54268bc72714ad0,a9463d6402dde0425048ff156f94a32e6d2115cc4cbed3788398333ae3aedc0a,3ca12e6b6eeb29fc0ddd441b9c44c80d7a160faaf7e832eb55007f4c6a3ab52b,8d3ec126fb9cb88a1640a0d2d3497f0c93275c2d
pretrained-mlp-tasks04-seed314159-to_reduced_word,pretrained,mlp,mlp-tasks04-seed314159,4,314159,to_reduced_word,20,test_shard_099,5000,790719,3.7225581281741777,0.42744261867996092,0,5.983456640344154,0.34221512319800079,0,2.2608985121699763,0.085227495481960125,0,a3cea874595a33446de977e468dcb7e5d533a46fa463c7eebc73837d6c331446,8151ca27cabc61db753714bc3003db88815553a3ad1220e6f54268bc72714ad0,a9463d6402dde0425048ff156f94a32e6d2115cc4cbed3788398333ae3aedc0a,3ca12e6b6eeb29fc0ddd441b9c44c80d7a160faaf7e832eb55007f4c6a3ab52b,8d3ec126fb9cb88a1640a0d2d3497f0c93275c2d
pretrained-mlp-tasks04-seed314159-compose,pretrained,mlp,mlp-tasks04-seed314159,4,314159,compose,20,test_shard_099,5000,169758,9.3215981364372364,0.12193828862262751,0,13.461458416171844,0.066694942211854527,0,4.1398602797346076,0.055243346410772984,0,77899fddc366e26a48195e3acdda5f786d2bd935745b6f2493323569490576ea,8151ca27cabc61db753714bc3003db88815553a3ad1220e6f54268bc72714ad0,a9463d6402dde0425048ff156f94a32e6d2115cc4cbed3788398333ae3aedc0a,3ca12e6b6eeb29fc0ddd441b9c44c80d7a160faaf7e832eb55007f4c6a3ab52b,8d3ec126fb9cb88a1640a0d2d3497f0c93275c2d
pretrained-mlp-tasks04-seed314159-parity,pretrained,mlp,mlp-tasks04-seed314159,4,314159,parity,20,test_shard_099,5000,10000,1.241813216662407,0.70609999999999995,0.41220000000000001,3.0015021667480468,0.56320000000000003,0.12640000000000001,1.7596889500856399,0.14289999999999992,0.2858,d376ed11c035ebbd136668a65031eeed0eba078bb945824728d9e74ce07f0f4f,8151ca27cabc61db753714bc3003db88815553a3ad1220e6f54268bc72714ad0,a9463d6402dde0425048ff156f94a32e6d2115cc4cbed3788398333ae3aedc0a,3ca12e6b6eeb29fc0ddd441b9c44c80d7a160faaf7e832eb55007f4c6a3ab52b,8d3ec126fb9cb88a1640a0d2d3497f0c93275c2d
pretrained-mlp-tasks04-seed314159-to_lehmer,pretrained,mlp,mlp-tasks04-seed314159,4,314159,to_lehmer,20,test_shard_099,5000,171258,2.0066001380754956,0.56412547151081993,0,2.5955204714376023,0.56286421656214602,0,0.5889203333621067,0.0012612549486739066,0,dd1cb4b330331d995c6232c13423719aec3ced69cb591023ad517e622418358b,8151ca27cabc61db753714bc3003db88815553a3ad1220e6f54268bc72714ad0,a9463d6402dde0425048ff156f94a32e6d2115cc4cbed3788398333ae3aedc0a,3ca12e6b6eeb29fc0ddd441b9c44c80d7a160faaf7e832eb55007f4c6a3ab52b,8d3ec126fb9cb88a1640a0d2d3497f0c93275c2d
pretrained-mlp-tasks08-seed17-to_reduced_word,pretrained,mlp,mlp-tasks08-seed17,8,17,to_reduced_word,20,test_shard_099,5000,790719,4.4117429582754548,0.37755764057775265,0,8.8591941800333576,0.24663502457889591,0,4.4474512217579028,0.13092261599885674,0,26e1b8f3fca7ff18f5a23dd6c94903cba2d83128a0a25c6fec8015082401336a,8151ca27cabc61db753714bc3003db88815553a3ad1220e6f54268bc72714ad0,a9463d6402dde0425048ff156f94a32e6d2115cc4cbed3788398333ae3aedc0a,3ca12e6b6eeb29fc0ddd441b9c44c80d7a160faaf7e832eb55007f4c6a3ab52b,8d3ec126fb9cb88a1640a0d2d3497f0c93275c2d
pretrained-mlp-tasks08-seed17-compose,pretrained,mlp,mlp-tasks08-seed17,8,17,compose,20,test_shard_099,5000,169758,13.660562466473413,0.12881867128500571,0,20.166909832213356,0.083495328644305422,0,6.5063473657399431,0.045323342640700287,0,8abac2c02539f42aa5a5632b7980f253d233b98c03bed0d6883e85f4ab85f4d4,8151ca27cabc61db753714bc3003db88815553a3ad1220e6f54268bc72714ad0,a9463d6402dde0425048ff156f94a32e6d2115cc4cbed3788398333ae3aedc0a,3ca12e6b6eeb29fc0ddd441b9c44c80d7a160faaf7e832eb55007f4c6a3ab52b,8d3ec126fb9cb88a1640a0d2d3497f0c93275c2d
pretrained-mlp-tasks08-seed17-parity,pretrained,mlp,mlp-tasks08-seed17,8,17,parity,20,test_shard_099,5000,10000,1.7605687188148498,0.57050000000000001,0.14099999999999999,4.9123883544921876,0.5,0,3.151819635677338,0.070500000000000007,0.14099999999999999,87292f63518eb2f0bbc79fe9363937aa54f04fae1473f99b2b171f4af467e67f,8151ca27cabc61db753714bc3003db88815553a3ad1220e6f54268bc72714ad0,a9463d6402dde0425048ff156f94a32e6d2115cc4cbed3788398333ae3aedc0a,3ca12e6b6eeb29fc0ddd441b9c44c80d7a160faaf7e832eb55007f4c6a3ab52b,8d3ec126fb9cb88a1640a0d2d3497f0c93275c2d
pretrained-mlp-tasks08-seed17-to_lehmer,pretrained,mlp,mlp-tasks08-seed17,8,17,to_lehmer,20,test_shard_099,5000,171258,2.3616901397660528,0.53782597017365608,0,3.3054107568720328,0.51324901610435714,0,0.94372061710597999,0.02457695406929894,0,8949c60778da5c4e8ec779f6bb2b4e196a81dc1d152dce3f7b43d40b7ef15719,8151ca27cabc61db753714bc3003db88815553a3ad1220e6f54268bc72714ad0,a9463d6402dde0425048ff156f94a32e6d2115cc4cbed3788398333ae3aedc0a,3ca12e6b6eeb29fc0ddd441b9c44c80d7a160faaf7e832eb55007f4c6a3ab52b,8d3ec126fb9cb88a1640a0d2d3497f0c93275c2d
pretrained-mlp-tasks08-seed42-to_reduced_word,pretrained,mlp,mlp-tasks08-seed42,8,42,to_reduced_word,20,test_shard_099,5000,790719,5.1409305966952621,0.35295345122603605,0,9.3643747501779231,0.24652879214992937,0,4.223444153482661,0.10642465907610668,0,b4b60d5fd9483cb156b4baababb0b859272b5d18f3c45bd8bdae46aba16f5960,8151ca27cabc61db753714bc3003db88815553a3ad1220e6f54268bc72714ad0,a9463d6402dde0425048ff156f94a32e6d2115cc4cbed3788398333ae3aedc0a,3ca12e6b6eeb29fc0ddd441b9c44c80d7a160faaf7e832eb55007f4c6a3ab52b,8d3ec126fb9cb88a1640a0d2d3497f0c93275c2d
pretrained-mlp-tasks08-seed42-compose,pretrained,mlp,mlp-tasks08-seed42,8,42,compose,20,test_shard_099,5000,169758,13.356260448870138,0.10016611882797866,0,18.241990269558357,0.075042118780852748,0,4.8857298206882191,0.025124000047125908,0,baf79ea9da7725a0b28f4c8f160a071f9d89b7399289fb14259c96a7824f29cb,8151ca27cabc61db753714bc3003db88815553a3ad1220e6f54268bc72714ad0,a9463d6402dde0425048ff156f94a32e6d2115cc4cbed3788398333ae3aedc0a,3ca12e6b6eeb29fc0ddd441b9c44c80d7a160faaf7e832eb55007f4c6a3ab52b,8d3ec126fb9cb88a1640a0d2d3497f0c93275c2d
pretrained-mlp-tasks08-seed42-parity,pretrained,mlp,mlp-tasks08-seed42,8,42,parity,20,test_shard_099,5000,10000,1.7270447659492492,0.62649999999999995,0.253,5.2328989074707035,0.50009999999999999,0.00020000000000000001,3.5058541415214544,0.12639999999999996,0.25280000000000002,c7ff4e0952781529e7820be2d88afc00566271999b6e2a16b2d4cf298a6da8cf,8151ca27cabc61db753714bc3003db88815553a3ad1220e6f54268bc72714ad0,a9463d6402dde0425048ff156f94a32e6d2115cc4cbed3788398333ae3aedc0a,3ca12e6b6eeb29fc0ddd441b9c44c80d7a160faaf7e832eb55007f4c6a3ab52b,8d3ec126fb9cb88a1640a0d2d3497f0c93275c2d
pretrained-mlp-tasks08-seed42-to_lehmer,pretrained,mlp,mlp-tasks08-seed42,8,42,to_lehmer,20,test_shard_099,5000,171258,2.5965052532516841,0.560008875497787,0,3.1519721037125135,0.54540517815226153,0,0.55546685046082933,0.014603697345525468,0,ee13c7e2712cf97e43ce1e941a92da45c96f2e4f568698ab8cbeb12ae0b30bdb,8151ca27cabc61db753714bc3003db88815553a3ad1220e6f54268bc72714ad0,a9463d6402dde0425048ff156f94a32e6d2115cc4cbed3788398333ae3aedc0a,3ca12e6b6eeb29fc0ddd441b9c44c80d7a160faaf7e832eb55007f4c6a3ab52b,8d3ec126fb9cb88a1640a0d2d3497f0c93275c2d
pretrained-mlp-tasks08-seed314159-to_reduced_word,pretrained,mlp,mlp-tasks08-seed314159,8,314159,to_reduced_word,20,test_shard_099,5000,790719,4.64131563228446,0.3912312717918755,0,8.8306316015310813,0.28075207501021221,0,4.1893159692466213,0.11047919678166329,0,a1a53444bbb22c809b3e20af809c299ee91e2f84546897e4290b833375d5dd08,8151ca27cabc61db753714bc3003db88815553a3ad1220e6f54268bc72714ad0,a9463d6402dde0425048ff156f94a32e6d2115cc4cbed3788398333ae3aedc0a,3ca12e6b6eeb29fc0ddd441b9c44c80d7a160faaf7e832eb55007f4c6a3ab52b,8d3ec126fb9cb88a1640a0d2d3497f0c93275c2d
pretrained-mlp-tasks08-seed314159-compose,pretrained,mlp,mlp-tasks08-seed314159,8,314159,compose,20,test_shard_099,5000,169758,11.667433457894841,0.12166731464791056,0,16.853409910978975,0.087630627128029312,0,5.1859764530841339,0.034036687519881245,0,89599ee7b9264ab7d0bbceb242c3d7bf50230c8958570b21588144b044dcd417,8151ca27cabc61db753714bc3003db88815553a3ad1220e6f54268bc72714ad0,a9463d6402dde0425048ff156f94a32e6d2115cc4cbed3788398333ae3aedc0a,3ca12e6b6eeb29fc0ddd441b9c44c80d7a160faaf7e832eb55007f4c6a3ab52b,8d3ec126fb9cb88a1640a0d2d3497f0c93275c2d
pretrained-mlp-tasks08-seed314159-parity,pretrained,mlp,mlp-tasks08-seed314159,8,314159,parity,20,test_shard_099,5000,10000,1.8124479240417481,0.60750000000000004,0.215,6.5525438110351564,0.5,0,4.7400958869934087,0.10750000000000004,0.215,1489b434532da991479f94a8421335f0568b72baeef46c432d3df43db89346af,8151ca27cabc61db753714bc3003db88815553a3ad1220e6f54268bc72714ad0,a9463d6402dde0425048ff156f94a32e6d2115cc4cbed3788398333ae3aedc0a,3ca12e6b6eeb29fc0ddd441b9c44c80d7a160faaf7e832eb55007f4c6a3ab52b,8d3ec126fb9cb88a1640a0d2d3497f0c93275c2d
pretrained-mlp-tasks08-seed314159-to_lehmer,pretrained,mlp,mlp-tasks08-seed314159,8,314159,to_lehmer,20,test_shard_099,5000,171258,2.5300008570681962,0.55581053147882142,0,3.1116459890856376,0.53285102009833119,0,0.58164513201744139,0.022959511380490238,0,1d3a46abb09fcdbd0d9ba13e688b77c1e4752e3113dce2d338cf3c773fa07e1f,8151ca27cabc61db753714bc3003db88815553a3ad1220e6f54268bc72714ad0,a9463d6402dde0425048ff156f94a32e6d2115cc4cbed3788398333ae3aedc0a,3ca12e6b6eeb29fc0ddd441b9c44c80d7a160faaf7e832eb55007f4c6a3ab52b,8d3ec126fb9cb88a1640a0d2d3497f0c93275c2d
pretrained-mlp-tasks16-seed17-to_reduced_word,pretrained,mlp,mlp-tasks16-seed17,16,17,to_reduced_word,20,test_shard_099,5000,790719,3.384258428323522,0.41898828787470643,0,8.6539572374532501,0.22501040192533631,0,5.2696988091297285,0.19397788594937013,0,2899254f6935aca3005821b9c179610e4b5d6c8a7f621e9570065b5cd18f37ea,8151ca27cabc61db753714bc3003db88815553a3ad1220e6f54268bc72714ad0,a9463d6402dde0425048ff156f94a32e6d2115cc4cbed3788398333ae3aedc0a,3ca12e6b6eeb29fc0ddd441b9c44c80d7a160faaf7e832eb55007f4c6a3ab52b,8d3ec126fb9cb88a1640a0d2d3497f0c93275c2d
pretrained-mlp-tasks16-seed17-compose,pretrained,mlp,mlp-tasks16-seed17,16,17,compose,20,test_shard_099,5000,169758,10.690263432333639,0.14420528045806383,0,15.922700770522413,0.081486586788251505,0,5.2324373381887739,0.062718693669812323,0,830b463deb0db11d59b391f44e20c2e7ba521dd3b395acf9f4678be8b404f7ac,8151ca27cabc61db753714bc3003db88815553a3ad1220e6f54268bc72714ad0,a9463d6402dde0425048ff156f94a32e6d2115cc4cbed3788398333ae3aedc0a,3ca12e6b6eeb29fc0ddd441b9c44c80d7a160faaf7e832eb55007f4c6a3ab52b,8d3ec126fb9cb88a1640a0d2d3497f0c93275c2d
pretrained-mlp-tasks16-seed17-parity,pretrained,mlp,mlp-tasks16-seed17,16,17,parity,20,test_shard_099,5000,10000,1.7780913873672486,0.56369999999999998,0.12740000000000001,4.5673333496093749,0.52429999999999999,0.048599999999999997,2.7892419622421265,0.039399999999999991,0.078800000000000009,3a23fa9a67e771e2d0e18d6d8c04ba3a2181c8c5e7d9bd2c86d2ad0ac086dec0,8151ca27cabc61db753714bc3003db88815553a3ad1220e6f54268bc72714ad0,a9463d6402dde0425048ff156f94a32e6d2115cc4cbed3788398333ae3aedc0a,3ca12e6b6eeb29fc0ddd441b9c44c80d7a160faaf7e832eb55007f4c6a3ab52b,8d3ec126fb9cb88a1640a0d2d3497f0c93275c2d
pretrained-mlp-tasks16-seed17-to_lehmer,pretrained,mlp,mlp-tasks16-seed17,16,17,to_lehmer,20,test_shard_099,5000,171258,1.9855083846961255,0.54604164476987938,0,2.9034490174250069,0.50058975347137069,0,0.91794063272888149,0.045451891298508684,0,adf47a57bd98b6bb076f143f6ad967745f0430503705dafad2d2bc74b38ff243,8151ca27cabc61db753714bc3003db88815553a3ad1220e6f54268bc72714ad0,a9463d6402dde0425048ff156f94a32e6d2115cc4cbed3788398333ae3aedc0a,3ca12e6b6eeb29fc0ddd441b9c44c80d7a160faaf7e832eb55007f4c6a3ab52b,8d3ec126fb9cb88a1640a0d2d3497f0c93275c2d
pretrained-mlp-tasks16-seed42-to_reduced_word,pretrained,mlp,mlp-tasks16-seed42,16,42,to_reduced_word,20,test_shard_099,5000,790719,3.1236195189810783,0.41391189537623352,0,8.841418997496266,0.21626899062751748,0,5.7177994785151878,0.19764290474871604,0,c08b28fc87bce962573197d953fd0f2e10bb3bd25026d354356475d5be326daa,8151ca27cabc61db753714bc3003db88815553a3ad1220e6f54268bc72714ad0,a9463d6402dde0425048ff156f94a32e6d2115cc4cbed3788398333ae3aedc0a,3ca12e6b6eeb29fc0ddd441b9c44c80d7a160faaf7e832eb55007f4c6a3ab52b,8d3ec126fb9cb88a1640a0d2d3497f0c93275c2d
pretrained-mlp-tasks16-seed42-compose,pretrained,mlp,mlp-tasks16-seed42,16,42,compose,20,test_shard_099,5000,169758,6.9023810449476466,0.16930571755086654,0,11.922067835398405,0.060061970569870053,0,5.0196867904507583,0.10924374698099648,0,17b184317524c01dfa471199aad3d321e2ab372a86cb70ba68eb5e0e354698b9,8151ca27cabc61db753714bc3003db88815553a3ad1220e6f54268bc72714ad0,a9463d6402dde0425048ff156f94a32e6d2115cc4cbed3788398333ae3aedc0a,3ca12e6b6eeb29fc0ddd441b9c44c80d7a160faaf7e832eb55007f4c6a3ab52b,8d3ec126fb9cb88a1640a0d2d3497f0c93275c2d
pretrained-mlp-tasks16-seed42-parity,pretrained,mlp,mlp-tasks16-seed42,16,42,parity,20,test_shard_099,5000,10000,0.90522410607337955,0.70440000000000003,0.4088,3.7138248275756838,0.51849999999999996,0.036999999999999998,2.8086007215023043,0.18590000000000007,0.37180000000000002,5b820cbf5a873d4325d2379d4a1efbd8a11bd52ecf98dbf5ca5d77bc96b39137,8151ca27cabc61db753714bc3003db88815553a3ad1220e6f54268bc72714ad0,a9463d6402dde0425048ff156f94a32e6d2115cc4cbed3788398333ae3aedc0a,3ca12e6b6eeb29fc0ddd441b9c44c80d7a160faaf7e832eb55007f4c6a3ab52b,8d3ec126fb9cb88a1640a0d2d3497f0c93275c2d
pretrained-mlp-tasks16-seed42-to_lehmer,pretrained,mlp,mlp-tasks16-seed42,16,42,to_lehmer,20,test_shard_099,5000,171258,1.8203078905908432,0.5492531735743732,0,2.7849758648791907,0.51109437223370591,0,0.9646679742883475,0.038158801340667292,0,f0873e98a2f3a18c71561845aaea4793f50a3aa8c70e77c77931763aa61eb698,8151ca27cabc61db753714bc3003db88815553a3ad1220e6f54268bc72714ad0,a9463d6402dde0425048ff156f94a32e6d2115cc4cbed3788398333ae3aedc0a,3ca12e6b6eeb29fc0ddd441b9c44c80d7a160faaf7e832eb55007f4c6a3ab52b,8d3ec126fb9cb88a1640a0d2d3497f0c93275c2d
pretrained-mlp-tasks16-seed314159-to_reduced_word,pretrained,mlp,mlp-tasks16-seed314159,16,314159,to_reduced_word,20,test_shard_099,5000,790719,2.6639946524897851,0.44718920375000476,0,7.0726245778145227,0.23818575246073509,0,4.4086299253247372,0.20900345128926967,0,95ea7173965c26e274b5ff855ebe3fece29f8ee2437a275ae84840b7a9d89992,8151ca27cabc61db753714bc3003db88815553a3ad1220e6f54268bc72714ad0,a9463d6402dde0425048ff156f94a32e6d2115cc4cbed3788398333ae3aedc0a,3ca12e6b6eeb29fc0ddd441b9c44c80d7a160faaf7e832eb55007f4c6a3ab52b,8d3ec126fb9cb88a1640a0d2d3497f0c93275c2d
pretrained-mlp-tasks16-seed314159-compose,pretrained,mlp,mlp-tasks16-seed314159,16,314159,compose,20,test_shard_099,5000,169758,4.9626252142209655,0.27172798925529285,0,9.915948031075855,0.08906796734174531,0,4.9533228168548895,0.18266002191354752,0,78ca42418aecbcf31b36b2c88cb4ca2be692189ffbb1730fc5bbe16b8f2d72c9,8151ca27cabc61db753714bc3003db88815553a3ad1220e6f54268bc72714ad0,a9463d6402dde0425048ff156f94a32e6d2115cc4cbed3788398333ae3aedc0a,3ca12e6b6eeb29fc0ddd441b9c44c80d7a160faaf7e832eb55007f4c6a3ab52b,8d3ec126fb9cb88a1640a0d2d3497f0c93275c2d
pretrained-mlp-tasks16-seed314159-parity,pretrained,mlp,mlp-tasks16-seed314159,16,314159,parity,20,test_shard_099,5000,10000,2.3011016403198243,0.56210000000000004,0.1242,5.9526992935180667,0.51449999999999996,0.029000000000000001,3.6515976531982424,0.047600000000000087,0.095200000000000007,67cc9f0a50549ef38254540a44a63ae068964ac83859b20c33df98dcc6608cd8,8151ca27cabc61db753714bc3003db88815553a3ad1220e6f54268bc72714ad0,a9463d6402dde0425048ff156f94a32e6d2115cc4cbed3788398333ae3aedc0a,3ca12e6b6eeb29fc0ddd441b9c44c80d7a160faaf7e832eb55007f4c6a3ab52b,8d3ec126fb9cb88a1640a0d2d3497f0c93275c2d
pretrained-mlp-tasks16-seed314159-to_lehmer,pretrained,mlp,mlp-tasks16-seed314159,16,314159,to_lehmer,20,test_shard_099,5000,171258,1.9312341414727592,0.54754230459307007,0,2.9637009023563405,0.50081748005932569,0,1.0324667608835814,0.04672482453374438,0,bce6f345db1612fc8f45202dcdfb0fcf8888daeb7446a57535e8d48577584fec,8151ca27cabc61db753714bc3003db88815553a3ad1220e6f54268bc72714ad0,a9463d6402dde0425048ff156f94a32e6d2115cc4cbed3788398333ae3aedc0a,3ca12e6b6eeb29fc0ddd441b9c44c80d7a160faaf7e832eb55007f4c6a3ab52b,8d3ec126fb9cb88a1640a0d2d3497f0c93275c2d
pretrained-transformer-tasks01-seed17-to_reduced_word,pretrained,transformer,transformer-tasks01-seed17,1,17,to_reduced_word,20,test_shard_099,5000,790719,8.2397474572242562,0.028262884792195457,0,15.4720575835292,0.0041228299813207978,0,7.2323101263049434,0.02414005481087466,0,0f80a6b99c9deae2d3188584a6d1eac8efe306e8f000c241711a0de67dc44cab,8151ca27cabc61db753714bc3003db88815553a3ad1220e6f54268bc72714ad0,a9463d6402dde0425048ff156f94a32e6d2115cc4cbed3788398333ae3aedc0a,3ca12e6b6eeb29fc0ddd441b9c44c80d7a160faaf7e832eb55007f4c6a3ab52b,8d3ec126fb9cb88a1640a0d2d3497f0c93275c2d
pretrained-transformer-tasks01-seed17-compose,pretrained,transformer,transformer-tasks01-seed17,1,17,compose,20,test_shard_099,5000,169758,8.7096217893001082,0.021725043886002427,0,14.738192049030825,0.0053311184156269514,0,6.0285702597307171,0.016393925470375475,0,47914ce3c4459ec1d68d053af0b0e0ed68ac239ac206b219c950632ed676d6fd,8151ca27cabc61db753714bc3003db88815553a3ad1220e6f54268bc72714ad0,a9463d6402dde0425048ff156f94a32e6d2115cc4cbed3788398333ae3aedc0a,3ca12e6b6eeb29fc0ddd441b9c44c80d7a160faaf7e832eb55007f4c6a3ab52b,8d3ec126fb9cb88a1640a0d2d3497f0c93275c2d
pretrained-transformer-tasks01-seed17-parity,pretrained,transformer,transformer-tasks01-seed17,1,17,parity,20,test_shard_099,5000,10000,2.9677889564514159,0.57020000000000004,0.1404,6.0902567138671877,0.52669999999999995,0.053400000000000003,3.1224677574157718,0.043500000000000094,0.086999999999999994,05de372655ad9c214606cb32daa236165472a2dfadccd509112b5a3ba2076f70,8151ca27cabc61db753714bc3003db88815553a3ad1220e6f54268bc72714ad0,a9463d6402dde0425048ff156f94a32e6d2115cc4cbed3788398333ae3aedc0a,3ca12e6b6eeb29fc0ddd441b9c44c80d7a160faaf7e832eb55007f4c6a3ab52b,8d3ec126fb9cb88a1640a0d2d3497f0c93275c2d
pretrained-transformer-tasks01-seed17-to_lehmer,pretrained,transformer,transformer-tasks01-seed17,1,17,to_lehmer,20,test_shard_099,5000,171258,10.24450682168178,0.020261827184715458,0,16.034145833014005,0.0061544570180663092,0,5.7896390113322251,0.014107370166649149,0,9b2efb39c49189721c2b1093f9ffba4c9376c7cd5929509311451aa57e231cbf,8151ca27cabc61db753714bc3003db88815553a3ad1220e6f54268bc72714ad0,a9463d6402dde0425048ff156f94a32e6d2115cc4cbed3788398333ae3aedc0a,3ca12e6b6eeb29fc0ddd441b9c44c80d7a160faaf7e832eb55007f4c6a3ab52b,8d3ec126fb9cb88a1640a0d2d3497f0c93275c2d
pretrained-transformer-tasks01-seed42-to_reduced_word,pretrained,transformer,transformer-tasks01-seed42,1,42,to_reduced_word,20,test_shard_099,5000,790719,7.5144713053360102,0.025131557481229111,0,14.340558049955957,0.033345600649535422,0,6.8260867446199471,-0.0082140431683063106,0,13688ede2f0a4058787eac2f3e3d021a8fbe62a2b877f00d7972f01e05e776ef,8151ca27cabc61db753714bc3003db88815553a3ad1220e6f54268bc72714ad0,a9463d6402dde0425048ff156f94a32e6d2115cc4cbed3788398333ae3aedc0a,3ca12e6b6eeb29fc0ddd441b9c44c80d7a160faaf7e832eb55007f4c6a3ab52b,8d3ec126fb9cb88a1640a0d2d3497f0c93275c2d
pretrained-transformer-tasks01-seed42-compose,pretrained,transformer,transformer-tasks01-seed42,1,42,compose,20,test_shard_099,5000,169758,7.2324833466404197,0.031786425382014399,0,13.645203743389487,0.028805711660127947,0,6.4127203967490676,0.0029807137218864528,0,6a9fb698b56a5a6856038e27a463b333116c4f678e8104557baacfce6b7c09d8,8151ca27cabc61db753714bc3003db88815553a3ad1220e6f54268bc72714ad0,a9463d6402dde0425048ff156f94a32e6d2115cc4cbed3788398333ae3aedc0a,3ca12e6b6eeb29fc0ddd441b9c44c80d7a160faaf7e832eb55007f4c6a3ab52b,8d3ec126fb9cb88a1640a0d2d3497f0c93275c2d
pretrained-transformer-tasks01-seed42-parity,pretrained,transformer,transformer-tasks01-seed42,1,42,parity,20,test_shard_099,5000,10000,3.81239677028656,0.54120000000000001,0.082400000000000001,6.578010217285156,0.53159999999999996,0.063200000000000006,2.765613446998596,0.0096000000000000529,0.019199999999999995,fdc0346bfec721b4eef28c8689076ccec1eb2e935f25767968682b085eea61b0,8151ca27cabc61db753714bc3003db88815553a3ad1220e6f54268bc72714ad0,a9463d6402dde0425048ff156f94a32e6d2115cc4cbed3788398333ae3aedc0a,3ca12e6b6eeb29fc0ddd441b9c44c80d7a160faaf7e832eb55007f4c6a3ab52b,8d3ec126fb9cb88a1640a0d2d3497f0c93275c2d
pretrained-transformer-tasks01-seed42-to_lehmer,pretrained,transformer,transformer-tasks01-seed42,1,42,to_lehmer,20,test_shard_099,5000,171258,7.6733197046930837,0.035939926893926125,0,14.700458153779678,0.023899613448714805,0,7.0271384490865945,0.01204031344521132,0,b96cc01ef7ae5c83eece477ea2c3173e2ff76744d4d7e178a4befe8a9f200a84,8151ca27cabc61db753714bc3003db88815553a3ad1220e6f54268bc72714ad0,a9463d6402dde0425048ff156f94a32e6d2115cc4cbed3788398333ae3aedc0a,3ca12e6b6eeb29fc0ddd441b9c44c80d7a160faaf7e832eb55007f4c6a3ab52b,8d3ec126fb9cb88a1640a0d2d3497f0c93275c2d
pretrained-transformer-tasks01-seed314159-to_reduced_word,pretrained,transformer,transformer-tasks01-seed314159,1,314159,to_reduced_word,20,test_shard_099,5000,790719,9.1654394879652248,0.030788434323697798,0,15.162067141878941,0.031836847223855755,0,5.9966276539137162,-0.0010484129001579572,0,899a232b66dc57f08017a730d866374962e3789d66909f8cab9375bac1b8b981,8151ca27cabc61db753714bc3003db88815553a3ad1220e6f54268bc72714ad0,a9463d6402dde0425048ff156f94a32e6d2115cc4cbed3788398333ae3aedc0a,3ca12e6b6eeb29fc0ddd441b9c44c80d7a160faaf7e832eb55007f4c6a3ab52b,8d3ec126fb9cb88a1640a0d2d3497f0c93275c2d
pretrained-transformer-tasks01-seed314159-compose,pretrained,transformer,transformer-tasks01-seed314159,1,314159,compose,20,test_shard_099,5000,169758,8.7530248482398481,0.022779486091966211,0,14.672025015366543,0.022420151038537211,0,5.9190001671266952,0.00035933505342899963,0,dd25d5fd11ffd4f5de18c63c6cdb916222355af583edc6ba6e942f1ff2e8bb99,8151ca27cabc61db753714bc3003db88815553a3ad1220e6f54268bc72714ad0,a9463d6402dde0425048ff156f94a32e6d2115cc4cbed3788398333ae3aedc0a,3ca12e6b6eeb29fc0ddd441b9c44c80d7a160faaf7e832eb55007f4c6a3ab52b,8d3ec126fb9cb88a1640a0d2d3497f0c93275c2d
pretrained-transformer-tasks01-seed314159-parity,pretrained,transformer,transformer-tasks01-seed314159,1,314159,parity,20,test_shard_099,5000,10000,2.240257929611206,0.59089999999999998,0.18179999999999999,6.2335615570068361,0.52400000000000002,0.048000000000000001,3.9933036273956302,0.066899999999999959,0.13379999999999997,5486798ef92b89e973ef9722489a02c9260fe8ef369a80a7cf5eac3ac0f053d4,8151ca27cabc61db753714bc3003db88815553a3ad1220e6f54268bc72714ad0,a9463d6402dde0425048ff156f94a32e6d2115cc4cbed3788398333ae3aedc0a,3ca12e6b6eeb29fc0ddd441b9c44c80d7a160faaf7e832eb55007f4c6a3ab52b,8d3ec126fb9cb88a1640a0d2d3497f0c93275c2d
pretrained-transformer-tasks01-seed314159-to_lehmer,pretrained,transformer,transformer-tasks01-seed314159,1,314159,to_lehmer,20,test_shard_099,5000,171258,9.0368481695642959,0.021616508425883755,0,15.92254783011049,0.016448866622289178,0,6.8856996605461944,0.0051676418035945769,0,486d9ca58add9d286e8bd58a7c6f14db1210ae806ee5bf4b0092a261ce259723,8151ca27cabc61db753714bc3003db88815553a3ad1220e6f54268bc72714ad0,a9463d6402dde0425048ff156f94a32e6d2115cc4cbed3788398333ae3aedc0a,3ca12e6b6eeb29fc0ddd441b9c44c80d7a160faaf7e832eb55007f4c6a3ab52b,8d3ec126fb9cb88a1640a0d2d3497f0c93275c2d
pretrained-transformer-tasks02-seed17-to_reduced_word,pretrained,transformer,transformer-tasks02-seed17,2,17,to_reduced_word,20,test_shard_099,5000,790719,6.0324033951689655,0.031363859980599935,0,14.099156590394312,0.03439021953437315,0,8.0667531952253455,-0.0030263595537732141,0,421de74e5982455bb75fd85fc14e3d9db619a46a50960d96b063d9457b59315f,8151ca27cabc61db753714bc3003db88815553a3ad1220e6f54268bc72714ad0,a9463d6402dde0425048ff156f94a32e6d2115cc4cbed3788398333ae3aedc0a,3ca12e6b6eeb29fc0ddd441b9c44c80d7a160faaf7e832eb55007f4c6a3ab52b,8d3ec126fb9cb88a1640a0d2d3497f0c93275c2d
pretrained-transformer-tasks02-seed17-compose,pretrained,transformer,transformer-tasks02-seed17,2,17,compose,20,test_shard_099,5000,169758,6.6964317166005705,0.022844284216355048,0,14.42251964469274,0.028116495246173965,0,7.726087928092169,-0.005272211029818917,0,aef653bc7f65a146c50271b9182e1a48f0dd8012f9e187d3a05460a8bb3e4c74,8151ca27cabc61db753714bc3003db88815553a3ad1220e6f54268bc72714ad0,a9463d6402dde0425048ff156f94a32e6d2115cc4cbed3788398333ae3aedc0a,3ca12e6b6eeb29fc0ddd441b9c44c80d7a160faaf7e832eb55007f4c6a3ab52b,8d3ec126fb9cb88a1640a0d2d3497f0c93275c2d
pretrained-transformer-tasks02-seed17-parity,pretrained,transformer,transformer-tasks02-seed17,2,17,parity,20,test_shard_099,5000,10000,2.2164043778896332,0.6431,0.28620000000000001,7.238937942504883,0.52580000000000005,0.052400000000000002,5.0225335646152498,0.11729999999999996,0.23380000000000001,6a7afdd19594894b16c208ff33325fa62cdef668ce0b802ca3d83085120076f0,8151ca27cabc61db753714bc3003db88815553a3ad1220e6f54268bc72714ad0,a9463d6402dde0425048ff156f94a32e6d2115cc4cbed3788398333ae3aedc0a,3ca12e6b6eeb29fc0ddd441b9c44c80d7a160faaf7e832eb55007f4c6a3ab52b,8d3ec126fb9cb88a1640a0d2d3497f0c93275c2d
pretrained-transformer-tasks02-seed17-to_lehmer,pretrained,transformer,transformer-tasks02-seed17,2,17,to_lehmer,20,test_shard_099,5000,171258,7.0395804891031775,0.074992117156570781,0,15.762748748644224,0.028956311529972321,0,8.7231682595410476,0.04603580562659846,0,ff324164b36ea687e61180e3a2ccd16008638812c8db5921cda78ec0d8522d3b,8151ca27cabc61db753714bc3003db88815553a3ad1220e6f54268bc72714ad0,a9463d6402dde0425048ff156f94a32e6d2115cc4cbed3788398333ae3aedc0a,3ca12e6b6eeb29fc0ddd441b9c44c80d7a160faaf7e832eb55007f4c6a3ab52b,8d3ec126fb9cb88a1640a0d2d3497f0c93275c2d
pretrained-transformer-tasks02-seed42-to_reduced_word,pretrained,transformer,transformer-tasks02-seed42,2,42,to_reduced_word,20,test_shard_099,5000,790719,6.7557443460625315,0.031701527344100748,0,13.62709389013156,0.033230515518154993,0,6.8713495440690284,-0.0015289881740542452,0,770650ca9b545b3cb0f93adefb9a483fc847ac92555a6da1dfa44dc846cf85c0,8151ca27cabc61db753714bc3003db88815553a3ad1220e6f54268bc72714ad0,a9463d6402dde0425048ff156f94a32e6d2115cc4cbed3788398333ae3aedc0a,3ca12e6b6eeb29fc0ddd441b9c44c80d7a160faaf7e832eb55007f4c6a3ab52b,8d3ec126fb9cb88a1640a0d2d3497f0c93275c2d
pretrained-transformer-tasks02-seed42-compose,pretrained,transformer,transformer-tasks02-seed42,2,42,compose,20,test_shard_099,5000,169758,6.5409790405076409,0.028782148705804735,0,13.105964693812295,0.029736448355894861,0,6.564985653304654,-0.00095429965009012629,0,ba41af97ed051aad18bc694dc085b6d0064e9c6919b64b56f87507204b3481c5,8151ca27cabc61db753714bc3003db88815553a3ad1220e6f54268bc72714ad0,a9463d6402dde0425048ff156f94a32e6d2115cc4cbed3788398333ae3aedc0a,3ca12e6b6eeb29fc0ddd441b9c44c80d7a160faaf7e832eb55007f4c6a3ab52b,8d3ec126fb9cb88a1640a0d2d3497f0c93275c2d
pretrained-transformer-tasks02-seed42-parity,pretrained,transformer,transformer-tasks02-seed42,2,42,parity,20,test_shard_099,5000,10000,2.0129133886814117,0.62870000000000004,0.25840000000000002,6.5416419044494631,0.52569999999999995,0.067400000000000002,4.5287285157680515,0.10300000000000009,0.191,f731c9873be90b16d538f1ff331c8ab1c6b801dc9a001cbc68623d5ab73d26bc,8151ca27cabc61db753714bc3003db88815553a3ad1220e6f54268bc72714ad0,a9463d6402dde0425048ff156f94a32e6d2115cc4cbed3788398333ae3aedc0a,3ca12e6b6eeb29fc0ddd441b9c44c80d7a160faaf7e832eb55007f4c6a3ab52b,8d3ec126fb9cb88a1640a0d2d3497f0c93275c2d
pretrained-transformer-tasks02-seed42-to_lehmer,pretrained,transformer,transformer-tasks02-seed42,2,42,to_lehmer,20,test_shard_099,5000,171258,7.718767327828755,0.055285008583540622,0,14.176722161793172,0.025517056137523503,0,6.4579548339644175,0.029767952446017119,0,165e5c443880dd1d02fac9244661c39377cf2611a78185a2860d0743accd5e91,8151ca27cabc61db753714bc3003db88815553a3ad1220e6f54268bc72714ad0,a9463d6402dde0425048ff156f94a32e6d2115cc4cbed3788398333ae3aedc0a,3ca12e6b6eeb29fc0ddd441b9c44c80d7a160faaf7e832eb55007f4c6a3ab52b,8d3ec126fb9cb88a1640a0d2d3497f0c93275c2d
pretrained-transformer-tasks02-seed314159-to_reduced_word,pretrained,transformer,transformer-tasks02-seed314159,2,314159,to_reduced_word,20,test_shard_099,5000,790719,6.8160162346113156,0.032060694127749555,0,14.730318015697975,0.031260156895180212,0,7.9143017810866594,0.00080053723256934273,0,b9cc8f6888279c318b496c66fd3484dfbbf4a3e22dd20850032b69554c97f385,8151ca27cabc61db753714bc3003db88815553a3ad1220e6f54268bc72714ad0,a9463d6402dde0425048ff156f94a32e6d2115cc4cbed3788398333ae3aedc0a,3ca12e6b6eeb29fc0ddd441b9c44c80d7a160faaf7e832eb55007f4c6a3ab52b,8d3ec126fb9cb88a1640a0d2d3497f0c93275c2d
pretrained-transformer-tasks02-seed314159-compose,pretrained,transformer,transformer-tasks02-seed314159,2,314159,compose,20,test_shard_099,5000,169758,7.1503546743804511,0.048304056362586743,0,14.362970326577944,0.041930277218157612,0,7.2126156521974929,0.0063737791444291314,0,9adb1f8d88f28f53ec20a8e792214fc4409cb2d0e2447c46b090ae3696f9218f,8151ca27cabc61db753714bc3003db88815553a3ad1220e6f54268bc72714ad0,a9463d6402dde0425048ff156f94a32e6d2115cc4cbed3788398333ae3aedc0a,3ca12e6b6eeb29fc0ddd441b9c44c80d7a160faaf7e832eb55007f4c6a3ab52b,8d3ec126fb9cb88a1640a0d2d3497f0c93275c2d
pretrained-transformer-tasks02-seed314159-parity,pretrained,transformer,transformer-tasks02-seed314159,2,314159,parity,20,test_shard_099,5000,10000,1.6459575949192047,0.64080000000000004,0.29959999999999998,6.5207485763549808,0.43869999999999998,0.075999999999999998,4.8747909814357762,0.20210000000000006,0.22359999999999997,4e5e9c80dbfd87281e0961ad69c0a14537f27568beff428c2ded4f2c08a3234e,8151ca27cabc61db753714bc3003db88815553a3ad1220e6f54268bc72714ad0,a9463d6402dde0425048ff156f94a32e6d2115cc4cbed3788398333ae3aedc0a,3ca12e6b6eeb29fc0ddd441b9c44c80d7a160faaf7e832eb55007f4c6a3ab52b,8d3ec126fb9cb88a1640a0d2d3497f0c93275c2d
pretrained-transformer-tasks02-seed314159-to_lehmer,pretrained,transformer,transformer-tasks02-seed314159,2,314159,to_lehmer,20,test_shard_099,5000,171258,8.178226467516982,0.048441532658328373,0,16.325015710374661,0.026100970465613285,0,8.1467892428576789,0.022340562192715088,0,cd5185477664ac80d1f8c180ff484f2d85db7212ebd4b4493e0e45cfbaebced2,8151ca27cabc61db753714bc3003db88815553a3ad1220e6f54268bc72714ad0,a9463d6402dde0425048ff156f94a32e6d2115cc4cbed3788398333ae3aedc0a,3ca12e6b6eeb29fc0ddd441b9c44c80d7a160faaf7e832eb55007f4c6a3ab52b,8d3ec126fb9cb88a1640a0d2d3497f0c93275c2d
pretrained-transformer-tasks04-seed17-to_reduced_word,pretrained,transformer,transformer-tasks04-seed17,4,17,to_reduced_word,20,test_shard_099,5000,790719,2.2304793538220338,0.51694217541250431,0,8.5445514015072828,0.11788132067143954,0,6.314072047685249,0.39906085474106479,0,9617a16f5dbc889724fe93bc9166501c458f2d092c292fd5ec069cd922dc512e,8151ca27cabc61db753714bc3003db88815553a3ad1220e6f54268bc72714ad0,a9463d6402dde0425048ff156f94a32e6d2115cc4cbed3788398333ae3aedc0a,3ca12e6b6eeb29fc0ddd441b9c44c80d7a160faaf7e832eb55007f4c6a3ab52b,8d3ec126fb9cb88a1640a0d2d3497f0c93275c2d
pretrained-transformer-tasks04-seed17-compose,pretrained,transformer,transformer-tasks04-seed17,4,17,compose,20,test_shard_099,5000,169758,3.1588263479916883,0.45110097904075214,0,10.273449603626927,0.10588602598993861,0,7.1146232556352391,0.34521495305081351,0,812a9a56bc9269e90fec8e6d44fed13f9daeeecd7b5b0c20e7a69c72663a96d1,8151ca27cabc61db753714bc3003db88815553a3ad1220e6f54268bc72714ad0,a9463d6402dde0425048ff156f94a32e6d2115cc4cbed3788398333ae3aedc0a,3ca12e6b6eeb29fc0ddd441b9c44c80d7a160faaf7e832eb55007f4c6a3ab52b,8d3ec126fb9cb88a1640a0d2d3497f0c93275c2d
pretrained-transformer-tasks04-seed17-parity,pretrained,transformer,transformer-tasks04-seed17,4,17,parity,20,test_shard_099,5000,10000,1.3434605767250061,0.72060000000000002,0.44119999999999998,4.4770908142089842,0.52690000000000003,0.053800000000000001,3.1336302374839784,0.19369999999999998,0.38739999999999997,e7febbcf8c943a4fad5ceee5635017151449471990d18d4d5f019a758281252c,8151ca27cabc61db753714bc3003db88815553a3ad1220e6f54268bc72714ad0,a9463d6402dde0425048ff156f94a32e6d2115cc4cbed3788398333ae3aedc0a,3ca12e6b6eeb29fc0ddd441b9c44c80d7a160faaf7e832eb55007f4c6a3ab52b,8d3ec126fb9cb88a1640a0d2d3497f0c93275c2d
pretrained-transformer-tasks04-seed17-to_lehmer,pretrained,transformer,transformer-tasks04-seed17,4,17,to_lehmer,20,test_shard_099,5000,171258,2.0865280991920132,0.56824790666713376,0,3.7827153868929662,0.44674117413493092,0,1.696187287700953,0.12150673253220284,0,1eb038a1827427845717945319326213937983dae9c1a83355f3ea3241da2bb5,8151ca27cabc61db753714bc3003db88815553a3ad1220e6f54268bc72714ad0,a9463d6402dde0425048ff156f94a32e6d2115cc4cbed3788398333ae3aedc0a,3ca12e6b6eeb29fc0ddd441b9c44c80d7a160faaf7e832eb55007f4c6a3ab52b,8d3ec126fb9cb88a1640a0d2d3497f0c93275c2d
pretrained-transformer-tasks04-seed42-to_reduced_word,pretrained,transformer,transformer-tasks04-seed42,4,42,to_reduced_word,20,test_shard_099,5000,790719,2.4134486199538507,0.50734205198053928,0,6.5880521292357317,0.18767096781536804,0,4.174603509281881,0.3196710841651712,0,3dca42847ef0fc8a19b2dd5ae5d77cb790d9c053e85ad4e027f670588535a984,8151ca27cabc61db753714bc3003db88815553a3ad1220e6f54268bc72714ad0,a9463d6402dde0425048ff156f94a32e6d2115cc4cbed3788398333ae3aedc0a,3ca12e6b6eeb29fc0ddd441b9c44c80d7a160faaf7e832eb55007f4c6a3ab52b,8d3ec126fb9cb88a1640a0d2d3497f0c93275c2d
pretrained-transformer-tasks04-seed42-compose,pretrained,transformer,transformer-tasks04-seed42,4,42,compose,20,test_shard_099,5000,169758,3.1251954589774718,0.44179361208308299,0,8.205526738683707,0.18772016635445751,0,5.0803312797062352,0.25407344572862545,0,365a8d909e3d6a424c8cc3518058ef76389d1594b71f780764e36dc6682a325e,8151ca27cabc61db753714bc3003db88815553a3ad1220e6f54268bc72714ad0,a9463d6402dde0425048ff156f94a32e6d2115cc4cbed3788398333ae3aedc0a,3ca12e6b6eeb29fc0ddd441b9c44c80d7a160faaf7e832eb55007f4c6a3ab52b,8d3ec126fb9cb88a1640a0d2d3497f0c93275c2d
pretrained-transformer-tasks04-seed42-parity,pretrained,transformer,transformer-tasks04-seed42,4,42,parity,20,test_shard_099,5000,10000,1.0312125136613846,0.71499999999999997,0.42999999999999999,4.4015002792358402,0.53349999999999997,0.067000000000000004,3.3702877655744556,0.18149999999999999,0.36299999999999999,20141518b66c8ddc8a960ea140f9d7fe80c952c56d15180da65e2c2356fd27a4,8151ca27cabc61db753714bc3003db88815553a3ad1220e6f54268bc72714ad0,a9463d6402dde0425048ff156f94a32e6d2115cc4cbed3788398333ae3aedc0a,3ca12e6b6eeb29fc0ddd441b9c44c80d7a160faaf7e832eb55007f4c6a3ab52b,8d3ec126fb9cb88a1640a0d2d3497f0c93275c2d
pretrained-transformer-tasks04-seed42-to_lehmer,pretrained,transformer,transformer-tasks04-seed42,4,42,to_lehmer,20,test_shard_099,5000,171258,2.2007045232866402,0.56713263030048233,0,3.7716907294111808,0.49131135479802401,0,1.5709862061245405,0.075821275502458318,0,2443511c8403aca45e465548611f8751b906b6c2eb93ae603f933a6d5485e21f,8151ca27cabc61db753714bc3003db88815553a3ad1220e6f54268bc72714ad0,a9463d6402dde0425048ff156f94a32e6d2115cc4cbed3788398333ae3aedc0a,3ca12e6b6eeb29fc0ddd441b9c44c80d7a160faaf7e832eb55007f4c6a3ab52b,8d3ec126fb9cb88a1640a0d2d3497f0c93275c2d
pretrained-transformer-tasks04-seed314159-to_reduced_word,pretrained,transformer,transformer-tasks04-seed314159,4,314159,to_reduced_word,20,test_shard_099,5000,790719,2.250896648813824,0.51130300397486339,0,8.7748393966885274,0.19323299427483087,0,6.5239427478747034,0.31807000970003252,0,66b29294e54675a56562de28df664c822abb3d43fd39f08f479110526cf3adc1,8151ca27cabc61db753714bc3003db88815553a3ad1220e6f54268bc72714ad0,a9463d6402dde0425048ff156f94a32e6d2115cc4cbed3788398333ae3aedc0a,3ca12e6b6eeb29fc0ddd441b9c44c80d7a160faaf7e832eb55007f4c6a3ab52b,8d3ec126fb9cb88a1640a0d2d3497f0c93275c2d
pretrained-transformer-tasks04-seed314159-compose,pretrained,transformer,transformer-tasks04-seed314159,4,314159,compose,20,test_shard_099,5000,169758,3.0938051659901982,0.45584891433687957,0,9.8811575131032114,0.10690512376441759,0,6.7873523471130133,0.348943790572462,0,81c32db1b66b6a7b1549bb407fd641e2b6b2ee8146732fa35e8157b39e22e697,8151ca27cabc61db753714bc3003db88815553a3ad1220e6f54268bc72714ad0,a9463d6402dde0425048ff156f94a32e6d2115cc4cbed3788398333ae3aedc0a,3ca12e6b6eeb29fc0ddd441b9c44c80d7a160faaf7e832eb55007f4c6a3ab52b,8d3ec126fb9cb88a1640a0d2d3497f0c93275c2d
pretrained-transformer-tasks04-seed314159-parity,pretrained,transformer,transformer-tasks04-seed314159,4,314159,parity,20,test_shard_099,5000,10000,0.78466075615882869,0.72519999999999996,0.45040000000000002,4.1562527984619138,0.53290000000000004,0.065799999999999997,3.3715920423030852,0.19229999999999992,0.38460000000000005,2475993d7f226124672cfd3b6708f511e905d5ab03643e2b9d4e4f9885be3652,8151ca27cabc61db753714bc3003db88815553a3ad1220e6f54268bc72714ad0,a9463d6402dde0425048ff156f94a32e6d2115cc4cbed3788398333ae3aedc0a,3ca12e6b6eeb29fc0ddd441b9c44c80d7a160faaf7e832eb55007f4c6a3ab52b,8d3ec126fb9cb88a1640a0d2d3497f0c93275c2d
pretrained-transformer-tasks04-seed314159-to_lehmer,pretrained,transformer,transformer-tasks04-seed314159,4,314159,to_lehmer,20,test_shard_099,5000,171258,2.1392455565716273,0.56507725186560631,0,3.4028506805840824,0.51636127947307575,0,1.2636051240124551,0.04871597239253056,0,368e31cfb0923465b386deaacc27149d7dd976aa4da267288097bb98e109912f,8151ca27cabc61db753714bc3003db88815553a3ad1220e6f54268bc72714ad0,a9463d6402dde0425048ff156f94a32e6d2115cc4cbed3788398333ae3aedc0a,3ca12e6b6eeb29fc0ddd441b9c44c80d7a160faaf7e832eb55007f4c6a3ab52b,8d3ec126fb9cb88a1640a0d2d3497f0c93275c2d
pretrained-transformer-tasks08-seed17-to_reduced_word,pretrained,transformer,transformer-tasks08-seed17,8,17,to_reduced_word,20,test_shard_099,5000,790719,2.1459057646612116,0.51865327632192981,0,6.6930600460872087,0.14039753692525411,0,4.5471542814259971,0.37825573939667567,0,0052a9e8f07b39ad04a172b99abee433606ea478a46a6b32f7ca92fa78ce976f,8151ca27cabc61db753714bc3003db88815553a3ad1220e6f54268bc72714ad0,a9463d6402dde0425048ff156f94a32e6d2115cc4cbed3788398333ae3aedc0a,3ca12e6b6eeb29fc0ddd441b9c44c80d7a160faaf7e832eb55007f4c6a3ab52b,8d3ec126fb9cb88a1640a0d2d3497f0c93275c2d
pretrained-transformer-tasks08-seed17-compose,pretrained,transformer,transformer-tasks08-seed17,8,17,compose,20,test_shard_099,5000,169758,1.7491698874668162,0.53042566476984887,0.0077999999999999996,7.4060841539926043,0.10001885036345858,0,5.6569142665257885,0.43040681440639028,0.0077999999999999996,5694585ec27caaa065e48a091faf5636174919fe29c7399b5de4107355842d68,8151ca27cabc61db753714bc3003db88815553a3ad1220e6f54268bc72714ad0,a9463d6402dde0425048ff156f94a32e6d2115cc4cbed3788398333ae3aedc0a,3ca12e6b6eeb29fc0ddd441b9c44c80d7a160faaf7e832eb55007f4c6a3ab52b,8d3ec126fb9cb88a1640a0d2d3497f0c93275c2d
pretrained-transformer-tasks08-seed17-parity,pretrained,transformer,transformer-tasks08-seed17,8,17,parity,20,test_shard_099,5000,10000,0.75238668391704555,0.74670000000000003,0.49340000000000001,5.4938858520507816,0.50519999999999998,0.0104,4.7414991681337364,0.24150000000000005,0.48299999999999998,f70dcb1bd4ed16f62e0b75e8e0342f64bbcaa3b5acd1c85ad8d5b306fdc7cc4c,8151ca27cabc61db753714bc3003db88815553a3ad1220e6f54268bc72714ad0,a9463d6402dde0425048ff156f94a32e6d2115cc4cbed3788398333ae3aedc0a,3ca12e6b6eeb29fc0ddd441b9c44c80d7a160faaf7e832eb55007f4c6a3ab52b,8d3ec126fb9cb88a1640a0d2d3497f0c93275c2d
pretrained-transformer-tasks08-seed17-to_lehmer,pretrained,transformer,transformer-tasks08-seed17,8,17,to_lehmer,20,test_shard_099,5000,171258,1.5906508701596525,0.57532494832358194,0,3.8863039919177589,0.48589846897663175,0,2.2956531217581064,0.089426479346950194,0,7f1759150bff473d356940e3277ca7123ca022dcac0e840274491fe98b52158b,8151ca27cabc61db753714bc3003db88815553a3ad1220e6f54268bc72714ad0,a9463d6402dde0425048ff156f94a32e6d2115cc4cbed3788398333ae3aedc0a,3ca12e6b6eeb29fc0ddd441b9c44c80d7a160faaf7e832eb55007f4c6a3ab52b,8d3ec126fb9cb88a1640a0d2d3497f0c93275c2d
pretrained-transformer-tasks08-seed42-to_reduced_word,pretrained,transformer,transformer-tasks08-seed42,8,42,to_reduced_word,20,test_shard_099,5000,790719,2.1506627890193677,0.51394996199661325,0,7.6300185816222914,0.12929498342647641,0,5.4793557926029237,0.38465497857013686,0,89aeb554faa5dc8b2a2fc63c371198f9c6cf8cb8692e1031e8bd632345ca3029,8151ca27cabc61db753714bc3003db88815553a3ad1220e6f54268bc72714ad0,a9463d6402dde0425048ff156f94a32e6d2115cc4cbed3788398333ae3aedc0a,3ca12e6b6eeb29fc0ddd441b9c44c80d7a160faaf7e832eb55007f4c6a3ab52b,8d3ec126fb9cb88a1640a0d2d3497f0c93275c2d
pretrained-transformer-tasks08-seed42-compose,pretrained,transformer,transformer-tasks08-seed42,8,42,compose,20,test_shard_099,5000,169758,1.7319157648637657,0.52490015198105533,0,8.6514997248035623,0.088190247293205626,0,6.9195839599397964,0.4367099046878497,0,f82c85300b00d82a73cd97979ae51149bc0300eb28d03c25e880129bb66e3972,8151ca27cabc61db753714bc3003db88815553a3ad1220e6f54268bc72714ad0,a9463d6402dde0425048ff156f94a32e6d2115cc4cbed3788398333ae3aedc0a,3ca12e6b6eeb29fc0ddd441b9c44c80d7a160faaf7e832eb55007f4c6a3ab52b,8d3ec126fb9cb88a1640a0d2d3497f0c93275c2d
pretrained-transformer-tasks08-seed42-parity,pretrained,transformer,transformer-tasks08-seed42,8,42,parity,20,test_shard_099,5000,10000,0.69519958767890933,0.74939999999999996,0.49880000000000002,2.8583246276855467,0.53769999999999996,0.075399999999999995,2.1631250400066375,0.2117,0.4234,76cdcf2fcdee9165b8d14c0b87b73cc85e47daa5e9a794e52733623004d93915,8151ca27cabc61db753714bc3003db88815553a3ad1220e6f54268bc72714ad0,a9463d6402dde0425048ff156f94a32e6d2115cc4cbed3788398333ae3aedc0a,3ca12e6b6eeb29fc0ddd441b9c44c80d7a160faaf7e832eb55007f4c6a3ab52b,8d3ec126fb9cb88a1640a0d2d3497f0c93275c2d
pretrained-transformer-tasks08-seed42-to_lehmer,pretrained,transformer,transformer-tasks08-seed42,8,42,to_lehmer,20,test_shard_099,5000,171258,1.598531233538919,0.57242873325625665,0,4.5568672866856037,0.40221186747480409,0,2.9583360531466845,0.17021686578145256,0,676567f6e80c3e79554299acea8cf6ee57d16402ad9afb5d5c01955c51486e7f,8151ca27cabc61db753714bc3003db88815553a3ad1220e6f54268bc72714ad0,a9463d6402dde0425048ff156f94a32e6d2115cc4cbed3788398333ae3aedc0a,3ca12e6b6eeb29fc0ddd441b9c44c80d7a160faaf7e832eb55007f4c6a3ab52b,8d3ec126fb9cb88a1640a0d2d3497f0c93275c2d
pretrained-transformer-tasks08-seed314159-to_reduced_word,pretrained,transformer,transformer-tasks08-seed314159,8,314159,to_reduced_word,20,test_shard_099,5000,790719,2.2640660319108603,0.49532640546135859,0,9.9938219400634107,0.12192068231571519,0,7.7297559081525504,0.37340572314564341,0,177c342cead0df95e3d2d1a792a866526c3f80bac2a224618e70e08a23a74233,8151ca27cabc61db753714bc3003db88815553a3ad1220e6f54268bc72714ad0,a9463d6402dde0425048ff156f94a32e6d2115cc4cbed3788398333ae3aedc0a,3ca12e6b6eeb29fc0ddd441b9c44c80d7a160faaf7e832eb55007f4c6a3ab52b,8d3ec126fb9cb88a1640a0d2d3497f0c93275c2d
pretrained-transformer-tasks08-seed314159-compose,pretrained,transformer,transformer-tasks08-seed314159,8,314159,compose,20,test_shard_099,5000,169758,1.7783745305573204,0.52568951095088301,0.0023999999999999998,10.681823200503622,0.059661400346375432,0,8.903448669946302,0.46602811060450755,0.0023999999999999998,c2150b532737aaba0bb7a41a1f91c7fff5b4b0e274f63a389046495846198dc0,8151ca27cabc61db753714bc3003db88815553a3ad1220e6f54268bc72714ad0,a9463d6402dde0425048ff156f94a32e6d2115cc4cbed3788398333ae3aedc0a,3ca12e6b6eeb29fc0ddd441b9c44c80d7a160faaf7e832eb55007f4c6a3ab52b,8d3ec126fb9cb88a1640a0d2d3497f0c93275c2d
pretrained-transformer-tasks08-seed314159-parity,pretrained,transformer,transformer-tasks08-seed314159,8,314159,parity,20,test_shard_099,5000,10000,0.47720161151885987,0.75970000000000004,0.51939999999999997,4.6166141357421875,0.50539999999999996,0.010800000000000001,4.1394125242233279,0.25430000000000008,0.50859999999999994,0d926736c0e842ca8540d1ade375181fcfd0b891f17a7e8ae09cb5578cbdb08a,8151ca27cabc61db753714bc3003db88815553a3ad1220e6f54268bc72714ad0,a9463d6402dde0425048ff156f94a32e6d2115cc4cbed3788398333ae3aedc0a,3ca12e6b6eeb29fc0ddd441b9c44c80d7a160faaf7e832eb55007f4c6a3ab52b,8d3ec126fb9cb88a1640a0d2d3497f0c93275c2d
pretrained-transformer-tasks08-seed314159-to_lehmer,pretrained,transformer,transformer-tasks08-seed314159,8,314159,to_lehmer,20,test_shard_099,5000,171258,1.5740022633351891,0.58950822735288277,0,3.3161256974126756,0.50823903116934688,0,1.7421234340774865,0.081269196183535897,0,c8dcc71e7fe751c6f432ad77d48d93231fc97c7c4447f7954a45b5616af45cb7,8151ca27cabc61db753714bc3003db88815553a3ad1220e6f54268bc72714ad0,a9463d6402dde0425048ff156f94a32e6d2115cc4cbed3788398333ae3aedc0a,3ca12e6b6eeb29fc0ddd441b9c44c80d7a160faaf7e832eb55007f4c6a3ab52b,8d3ec126fb9cb88a1640a0d2d3497f0c93275c2d
pretrained-transformer-tasks16-seed17-to_reduced_word,pretrained,transformer,transformer-tasks16-seed17,16,17,to_reduced_word,20,test_shard_099,5000,790719,1.889125742882279,0.52407492421454394,0,5.7754918564023843,0.21171490757146344,0,3.8863661135201051,0.3123600166430805,0,0d7e0e49bb930f0ed115cff76642c15fe3dcd73506d9598eb9eb735ce7bc3df1,8151ca27cabc61db753714bc3003db88815553a3ad1220e6f54268bc72714ad0,a9463d6402dde0425048ff156f94a32e6d2115cc4cbed3788398333ae3aedc0a,3ca12e6b6eeb29fc0ddd441b9c44c80d7a160faaf7e832eb55007f4c6a3ab52b,8d3ec126fb9cb88a1640a0d2d3497f0c93275c2d
pretrained-transformer-tasks16-seed17-compose,pretrained,transformer,transformer-tasks16-seed17,16,17,compose,20,test_shard_099,5000,169758,1.8646084350381718,0.50225026213786683,0,6.7057466209998662,0.10714664404623052,0,4.8411381859616949,0.3951036180916363,0,fc6f0488a4e0c6b240fc8d33e681420bd0c061678a146f0f77dd4758c9c8cd30,8151ca27cabc61db753714bc3003db88815553a3ad1220e6f54268bc72714ad0,a9463d6402dde0425048ff156f94a32e6d2115cc4cbed3788398333ae3aedc0a,3ca12e6b6eeb29fc0ddd441b9c44c80d7a160faaf7e832eb55007f4c6a3ab52b,8d3ec126fb9cb88a1640a0d2d3497f0c93275c2d
pretrained-transformer-tasks16-seed17-parity,pretrained,transformer,transformer-tasks16-seed17,16,17,parity,20,test_shard_099,5000,10000,1.1154246004939079,0.74219999999999997,0.4844,4.7912874694824215,0.50349999999999995,0.010999999999999999,3.6758628689885136,0.23870000000000002,0.47339999999999999,46651ae1e67b36285d5c4746156ca60f7b259efeda6ad99a6dc7053bdd237514,8151ca27cabc61db753714bc3003db88815553a3ad1220e6f54268bc72714ad0,a9463d6402dde0425048ff156f94a32e6d2115cc4cbed3788398333ae3aedc0a,3ca12e6b6eeb29fc0ddd441b9c44c80d7a160faaf7e832eb55007f4c6a3ab52b,8d3ec126fb9cb88a1640a0d2d3497f0c93275c2d
pretrained-transformer-tasks16-seed17-to_lehmer,pretrained,transformer,transformer-tasks16-seed17,16,17,to_lehmer,20,test_shard_099,5000,171258,1.3805680390289934,0.58229688540097402,0.001,3.2436706217225528,0.5041516308727183,0,1.8631025826935594,0.078145254528255714,0.001,4c2071af185ce4d39337793f406c6827848aa91d96bc2378d0ec2bda3617c4fd,8151ca27cabc61db753714bc3003db88815553a3ad1220e6f54268bc72714ad0,a9463d6402dde0425048ff156f94a32e6d2115cc4cbed3788398333ae3aedc0a,3ca12e6b6eeb29fc0ddd441b9c44c80d7a160faaf7e832eb55007f4c6a3ab52b,8d3ec126fb9cb88a1640a0d2d3497f0c93275c2d
pretrained-transformer-tasks16-seed42-to_reduced_word,pretrained,transformer,transformer-tasks16-seed42,16,42,to_reduced_word,20,test_shard_099,5000,790719,2.0853040168466581,0.50716373326048825,0,9.1027822530773808,0.077146242849861962,0,7.0174782362307226,0.43001749041062631,0,ff092830a32f21eeb627e1b3de08626da3e4bb0e2d06b2985ce1502388a8194a,8151ca27cabc61db753714bc3003db88815553a3ad1220e6f54268bc72714ad0,a9463d6402dde0425048ff156f94a32e6d2115cc4cbed3788398333ae3aedc0a,3ca12e6b6eeb29fc0ddd441b9c44c80d7a160faaf7e832eb55007f4c6a3ab52b,8d3ec126fb9cb88a1640a0d2d3497f0c93275c2d
pretrained-transformer-tasks16-seed42-compose,pretrained,transformer,transformer-tasks16-seed42,16,42,compose,20,test_shard_099,5000,169758,1.6896816158338497,0.52205492524652741,0,6.4490359069970191,0.076956608819613803,0,4.7593542911631692,0.44509831642691361,0,fd89dfc69a27a067eb20ae62ba0f56cf68f4dc2688a8ce971a3701f15e6056ad,8151ca27cabc61db753714bc3003db88815553a3ad1220e6f54268bc72714ad0,a9463d6402dde0425048ff156f94a32e6d2115cc4cbed3788398333ae3aedc0a,3ca12e6b6eeb29fc0ddd441b9c44c80d7a160faaf7e832eb55007f4c6a3ab52b,8d3ec126fb9cb88a1640a0d2d3497f0c93275c2d
pretrained-transformer-tasks16-seed42-parity,pretrained,transformer,transformer-tasks16-seed42,16,42,parity,20,test_shard_099,5000,10000,0.65073246730566026,0.75970000000000004,0.51939999999999997,4.7430275901794436,0.49759999999999999,0,4.0922951228737832,0.26210000000000006,0.51939999999999997,ff8b54b7509f1d407cc5f271e6e802968cd31380d01678e6f3a24899de906f5d,8151ca27cabc61db753714bc3003db88815553a3ad1220e6f54268bc72714ad0,a9463d6402dde0425048ff156f94a32e6d2115cc4cbed3788398333ae3aedc0a,3ca12e6b6eeb29fc0ddd441b9c44c80d7a160faaf7e832eb55007f4c6a3ab52b,8d3ec126fb9cb88a1640a0d2d3497f0c93275c2d
pretrained-transformer-tasks16-seed42-to_lehmer,pretrained,transformer,transformer-tasks16-seed42,16,42,to_lehmer,20,test_shard_099,5000,171258,1.333117438013645,0.59800418082658913,0.0060000000000000001,3.7477408331837054,0.41534410071354333,0,2.4146233951700604,0.1826600801130458,0.0060000000000000001,a4e62f2af3e281dbb12435bb3f7ff70ae740bccaa5eeff924aed3c4e5ca6f2b4,8151ca27cabc61db753714bc3003db88815553a3ad1220e6f54268bc72714ad0,a9463d6402dde0425048ff156f94a32e6d2115cc4cbed3788398333ae3aedc0a,3ca12e6b6eeb29fc0ddd441b9c44c80d7a160faaf7e832eb55007f4c6a3ab52b,8d3ec126fb9cb88a1640a0d2d3497f0c93275c2d
pretrained-transformer-tasks16-seed314159-to_reduced_word,pretrained,transformer,transformer-tasks16-seed314159,16,314159,to_reduced_word,20,test_shard_099,5000,790719,1.9259371649484323,0.52181242641191117,0,8.0339028230297256,0.1223481413751282,0,6.1079656580812935,0.399464285036783,0,200d5d26b059c60d7bbf9281f5a2deaec165f8d365bd9d737704a0f3499d0af3,8151ca27cabc61db753714bc3003db88815553a3ad1220e6f54268bc72714ad0,a9463d6402dde0425048ff156f94a32e6d2115cc4cbed3788398333ae3aedc0a,3ca12e6b6eeb29fc0ddd441b9c44c80d7a160faaf7e832eb55007f4c6a3ab52b,8d3ec126fb9cb88a1640a0d2d3497f0c93275c2d
pretrained-transformer-tasks16-seed314159-compose,pretrained,transformer,transformer-tasks16-seed314159,16,314159,compose,20,test_shard_099,5000,169758,1.7153746837352197,0.51187572897889932,0,8.6121587594086133,0.062141401288893602,0,6.8967840756733931,0.44973432769000571,0,8d75b9b9462ca7608a41be0a61adca7a01095f6cead1faad994a9341fb512593,8151ca27cabc61db753714bc3003db88815553a3ad1220e6f54268bc72714ad0,a9463d6402dde0425048ff156f94a32e6d2115cc4cbed3788398333ae3aedc0a,3ca12e6b6eeb29fc0ddd441b9c44c80d7a160faaf7e832eb55007f4c6a3ab52b,8d3ec126fb9cb88a1640a0d2d3497f0c93275c2d
pretrained-transformer-tasks16-seed314159-parity,pretrained,transformer,transformer-tasks16-seed314159,16,314159,parity,20,test_shard_099,5000,10000,0.72027474993467333,0.74419999999999997,0.4884,5.4997041564941407,0.51239999999999997,0.024799999999999999,4.7794294065594674,0.23180000000000001,0.46360000000000001,16e65a511a398c2bb6c504931ebd26bbc773c6146caf84f96e10416cb2707895,8151ca27cabc61db753714bc3003db88815553a3ad1220e6f54268bc72714ad0,a9463d6402dde0425048ff156f94a32e6d2115cc4cbed3788398333ae3aedc0a,3ca12e6b6eeb29fc0ddd441b9c44c80d7a160faaf7e832eb55007f4c6a3ab52b,8d3ec126fb9cb88a1640a0d2d3497f0c93275c2d
pretrained-transformer-tasks16-seed314159-to_lehmer,pretrained,transformer,transformer-tasks16-seed314159,16,314159,to_lehmer,20,test_shard_099,5000,171258,1.3963265524977586,0.58170129278632243,0,4.1791178663403228,0.39595230587768165,0,2.782791313842564,0.18574898690864078,0,9eaee3c3297ec3f97a9b31f0b67ee459c2f0269b7ce91d3f6134f02c043adf45,8151ca27cabc61db753714bc3003db88815553a3ad1220e6f54268bc72714ad0,a9463d6402dde0425048ff156f94a32e6d2115cc4cbed3788398333ae3aedc0a,3ca12e6b6eeb29fc0ddd441b9c44c80d7a160faaf7e832eb55007f4c6a3ab52b,8d3ec126fb9cb88a1640a0d2d3497f0c93275c2d
random-transformer-seed17-to_reduced_word,random,transformer,,0,17,to_reduced_word,20,test_shard_099,5000,790719,1.7027750188368167,0.55203555245289415,0,,,,,,,1aea37e2bfcd4756cf282959252f32dbcb5fe575e618c6a831e44419d0094d3e,8151ca27cabc61db753714bc3003db88815553a3ad1220e6f54268bc72714ad0,a9463d6402dde0425048ff156f94a32e6d2115cc4cbed3788398333ae3aedc0a,3ca12e6b6eeb29fc0ddd441b9c44c80d7a160faaf7e832eb55007f4c6a3ab52b,8d3ec126fb9cb88a1640a0d2d3497f0c93275c2d
random-transformer-seed17-compose,random,transformer,,0,17,compose,20,test_shard_099,5000,169758,2.128373963667213,0.52530072220455004,0.018800000000000001,,,,,,,df067b42d3a80aac69fed6f7fdf38d0bf5b091520f5480e39fd28b17d12c7a26,8151ca27cabc61db753714bc3003db88815553a3ad1220e6f54268bc72714ad0,a9463d6402dde0425048ff156f94a32e6d2115cc4cbed3788398333ae3aedc0a,3ca12e6b6eeb29fc0ddd441b9c44c80d7a160faaf7e832eb55007f4c6a3ab52b,8d3ec126fb9cb88a1640a0d2d3497f0c93275c2d
random-transformer-seed17-parity,random,transformer,,0,17,parity,20,test_shard_099,5000,10000,1.3390203704833985,0.74660000000000004,0.49320000000000003,,,,,,,f952ce176a833a6789246941595e6b1ab7fa477eae4b30e5eaf11af3a3448fec,8151ca27cabc61db753714bc3003db88815553a3ad1220e6f54268bc72714ad0,a9463d6402dde0425048ff156f94a32e6d2115cc4cbed3788398333ae3aedc0a,3ca12e6b6eeb29fc0ddd441b9c44c80d7a160faaf7e832eb55007f4c6a3ab52b,8d3ec126fb9cb88a1640a0d2d3497f0c93275c2d
random-transformer-seed17-to_lehmer,random,transformer,,0,17,to_lehmer,20,test_shard_099,5000,171258,1.6970448559166305,0.59726844877319596,0.027199999999999998,,,,,,,129e179e9b3d4ead8f850e74acee1233d6fd9cca866bcfddf9ef970b700c655d,8151ca27cabc61db753714bc3003db88815553a3ad1220e6f54268bc72714ad0,a9463d6402dde0425048ff156f94a32e6d2115cc4cbed3788398333ae3aedc0a,3ca12e6b6eeb29fc0ddd441b9c44c80d7a160faaf7e832eb55007f4c6a3ab52b,8d3ec126fb9cb88a1640a0d2d3497f0c93275c2d
random-transformer-seed42-to_reduced_word,random,transformer,,0,42,to_reduced_word,20,test_shard_099,5000,790719,1.6998456195621832,0.54582601404544473,0.014800000000000001,,,,,,,0ff2b18598384eed9de75521980d3e0ec17cc437e97263a980a6dbda07ec1968,8151ca27cabc61db753714bc3003db88815553a3ad1220e6f54268bc72714ad0,a9463d6402dde0425048ff156f94a32e6d2115cc4cbed3788398333ae3aedc0a,3ca12e6b6eeb29fc0ddd441b9c44c80d7a160faaf7e832eb55007f4c6a3ab52b,8d3ec126fb9cb88a1640a0d2d3497f0c93275c2d
random-transformer-seed42-compose,random,transformer,,0,42,compose,20,test_shard_099,5000,169758,2.1225778616138027,0.52456437988194959,0.0018,,,,,,,6c97af3103a01a7ef3193fdea765b280804cc0f0df86c6010eb3d0ad28e8262c,8151ca27cabc61db753714bc3003db88815553a3ad1220e6f54268bc72714ad0,a9463d6402dde0425048ff156f94a32e6d2115cc4cbed3788398333ae3aedc0a,3ca12e6b6eeb29fc0ddd441b9c44c80d7a160faaf7e832eb55007f4c6a3ab52b,8d3ec126fb9cb88a1640a0d2d3497f0c93275c2d
random-transformer-seed42-parity,random,transformer,,0,42,parity,20,test_shard_099,5000,10000,1.4188621582031249,0.74350000000000005,0.48699999999999999,,,,,,,7254fe47ecb6b1ea144ec9c5f46c36cc603179283e82782370c6f98b8b48ca93,8151ca27cabc61db753714bc3003db88815553a3ad1220e6f54268bc72714ad0,a9463d6402dde0425048ff156f94a32e6d2115cc4cbed3788398333ae3aedc0a,3ca12e6b6eeb29fc0ddd441b9c44c80d7a160faaf7e832eb55007f4c6a3ab52b,8d3ec126fb9cb88a1640a0d2d3497f0c93275c2d
random-transformer-seed42-to_lehmer,random,transformer,,0,42,to_lehmer,20,test_shard_099,5000,171258,1.6740518229212284,0.59092713917014095,0.012,,,,,,,cf7025ae7169bd86fe07182340ba5b9ad38af01a8f000c0ae2a53d3252e60fac,8151ca27cabc61db753714bc3003db88815553a3ad1220e6f54268bc72714ad0,a9463d6402dde0425048ff156f94a32e6d2115cc4cbed3788398333ae3aedc0a,3ca12e6b6eeb29fc0ddd441b9c44c80d7a160faaf7e832eb55007f4c6a3ab52b,8d3ec126fb9cb88a1640a0d2d3497f0c93275c2d
random-transformer-seed314159-to_reduced_word,random,transformer,,0,314159,to_reduced_word,20,test_shard_099,5000,790719,1.7007245165031366,0.54599800940662868,0.023199999999999998,,,,,,,2bc4e19b11ede4dbf274cc780bb48cde8d14f8a591a2997380a7b7224f510467,8151ca27cabc61db753714bc3003db88815553a3ad1220e6f54268bc72714ad0,a9463d6402dde0425048ff156f94a32e6d2115cc4cbed3788398333ae3aedc0a,3ca12e6b6eeb29fc0ddd441b9c44c80d7a160faaf7e832eb55007f4c6a3ab52b,8d3ec126fb9cb88a1640a0d2d3497f0c93275c2d
random-transformer-seed314159-compose,random,transformer,,0,314159,compose,20,test_shard_099,5000,169758,2.2088038165278383,0.52342157659727373,0.0054000000000000003,,,,,,,0a2926fa5d1702757f636d50e27017f0a0b321a9b0d6449008405051293e092e,8151ca27cabc61db753714bc3003db88815553a3ad1220e6f54268bc72714ad0,a9463d6402dde0425048ff156f94a32e6d2115cc4cbed3788398333ae3aedc0a,3ca12e6b6eeb29fc0ddd441b9c44c80d7a160faaf7e832eb55007f4c6a3ab52b,8d3ec126fb9cb88a1640a0d2d3497f0c93275c2d
random-transformer-seed314159-parity,random,transformer,,0,314159,parity,20,test_shard_099,5000,10000,1.1381176544189453,0.754,0.50800000000000001,,,,,,,432a57f945aa0bf1da69de5e2402bda84524e4d3f1ac8cca90f6130f5f442b1d,8151ca27cabc61db753714bc3003db88815553a3ad1220e6f54268bc72714ad0,a9463d6402dde0425048ff156f94a32e6d2115cc4cbed3788398333ae3aedc0a,3ca12e6b6eeb29fc0ddd441b9c44c80d7a160faaf7e832eb55007f4c6a3ab52b,8d3ec126fb9cb88a1640a0d2d3497f0c93275c2d
random-transformer-seed314159-to_lehmer,random,transformer,,0,314159,to_lehmer,20,test_shard_099,5000,171258,1.7146371304324104,0.59313433533032034,0.0061999999999999998,,,,,,,5b353bd6ef787ba17aefff2c6b0592b35debd47a59d6bf8fe7b0b0ef48fbdb06,8151ca27cabc61db753714bc3003db88815553a3ad1220e6f54268bc72714ad0,a9463d6402dde0425048ff156f94a32e6d2115cc4cbed3788398333ae3aedc0a,3ca12e6b6eeb29fc0ddd441b9c44c80d7a160faaf7e832eb55007f4c6a3ab52b,8d3ec126fb9cb88a1640a0d2d3497f0c93275c2d
random-mlp-seed17-to_reduced_word,random,mlp,,0,17,to_reduced_word,20,test_shard_099,5000,790719,2.172921579342217,0.52529659714765931,0,,,,,,,94e6a39ee8072298d200ea936b56dda918134e88768749a4ca78ca83bed8181a,8151ca27cabc61db753714bc3003db88815553a3ad1220e6f54268bc72714ad0,a9463d6402dde0425048ff156f94a32e6d2115cc4cbed3788398333ae3aedc0a,3ca12e6b6eeb29fc0ddd441b9c44c80d7a160faaf7e832eb55007f4c6a3ab52b,8d3ec126fb9cb88a1640a0d2d3497f0c93275c2d
random-mlp-seed17-compose,random,mlp,,0,17,compose,20,test_shard_099,5000,169758,2.2719702246664415,0.52583677941540308,0.0106,,,,,,,9550f1c12f8ff4d1f03079c6c06d239eb270b7807c264d3a41113e37f6499cab,8151ca27cabc61db753714bc3003db88815553a3ad1220e6f54268bc72714ad0,a9463d6402dde0425048ff156f94a32e6d2115cc4cbed3788398333ae3aedc0a,3ca12e6b6eeb29fc0ddd441b9c44c80d7a160faaf7e832eb55007f4c6a3ab52b,8d3ec126fb9cb88a1640a0d2d3497f0c93275c2d
random-mlp-seed17-parity,random,mlp,,0,17,parity,20,test_shard_099,5000,10000,1.1472169631958007,0.75029999999999997,0.50060000000000004,,,,,,,d4fee8af1c55f0c38093ff28dc004a4f256b39a7c921837583953eb24934f592,8151ca27cabc61db753714bc3003db88815553a3ad1220e6f54268bc72714ad0,a9463d6402dde0425048ff156f94a32e6d2115cc4cbed3788398333ae3aedc0a,3ca12e6b6eeb29fc0ddd441b9c44c80d7a160faaf7e832eb55007f4c6a3ab52b,8d3ec126fb9cb88a1640a0d2d3497f0c93275c2d
random-mlp-seed17-to_lehmer,random,mlp,,0,17,to_lehmer,20,test_shard_099,5000,171258,1.8104389142872614,0.5828807997290637,0.027199999999999998,,,,,,,a402f89f888becc39c547c4dd255bd5dfacd87bbb4e0c864126cebe53a06ac03,8151ca27cabc61db753714bc3003db88815553a3ad1220e6f54268bc72714ad0,a9463d6402dde0425048ff156f94a32e6d2115cc4cbed3788398333ae3aedc0a,3ca12e6b6eeb29fc0ddd441b9c44c80d7a160faaf7e832eb55007f4c6a3ab52b,8d3ec126fb9cb88a1640a0d2d3497f0c93275c2d
random-mlp-seed42-to_reduced_word,random,mlp,,0,42,to_reduced_word,20,test_shard_099,5000,790719,2.1378216138744257,0.52494754773819774,0.0064000000000000003,,,,,,,4940d8bdcb7d8a9b249978f51cda00dbd439369633f3456a52ff92a64052355e,8151ca27cabc61db753714bc3003db88815553a3ad1220e6f54268bc72714ad0,a9463d6402dde0425048ff156f94a32e6d2115cc4cbed3788398333ae3aedc0a,3ca12e6b6eeb29fc0ddd441b9c44c80d7a160faaf7e832eb55007f4c6a3ab52b,8d3ec126fb9cb88a1640a0d2d3497f0c93275c2d
random-mlp-seed42-compose,random,mlp,,0,42,compose,20,test_shard_099,5000,169758,2.3028175784465743,0.52498851305976746,0.0018,,,,,,,3bad6c83ced873c98a8c9f20336e6b6e30994bb4aa7e3b5c5efb2ab1462d3884,8151ca27cabc61db753714bc3003db88815553a3ad1220e6f54268bc72714ad0,a9463d6402dde0425048ff156f94a32e6d2115cc4cbed3788398333ae3aedc0a,3ca12e6b6eeb29fc0ddd441b9c44c80d7a160faaf7e832eb55007f4c6a3ab52b,8d3ec126fb9cb88a1640a0d2d3497f0c93275c2d
random-mlp-seed42-parity,random,mlp,,0,42,parity,20,test_shard_099,5000,10000,1.3293739456176759,0.74319999999999997,0.4864,,,,,,,4a5b60158e7651ea0d8427c595c28af8179ac2c720cfc412d4971c8e39a4e3ad,8151ca27cabc61db753714bc3003db88815553a3ad1220e6f54268bc72714ad0,a9463d6402dde0425048ff156f94a32e6d2115cc4cbed3788398333ae3aedc0a,3ca12e6b6eeb29fc0ddd441b9c44c80d7a160faaf7e832eb55007f4c6a3ab52b,8d3ec126fb9cb88a1640a0d2d3497f0c93275c2d
random-mlp-seed42-to_lehmer,random,mlp,,0,42,to_lehmer,20,test_shard_099,5000,171258,1.79307215707909,0.57535414403998641,0.0057999999999999996,,,,,,,5be7128b82e4f6da6695266330123ca09e61724d85fa3f6f77628a89f68725e6,8151ca27cabc61db753714bc3003db88815553a3ad1220e6f54268bc72714ad0,a9463d6402dde0425048ff156f94a32e6d2115cc4cbed3788398333ae3aedc0a,3ca12e6b6eeb29fc0ddd441b9c44c80d7a160faaf7e832eb55007f4c6a3ab52b,8d3ec126fb9cb88a1640a0d2d3497f0c93275c2d
random-mlp-seed314159-to_reduced_word,random,mlp,,0,314159,to_reduced_word,20,test_shard_099,5000,790719,2.1504384984305771,0.52626027703899869,0.0172,,,,,,,d70cebe53a3cf784c10a05a26408dd4aafd36dcfcf13a6bda68f537f8f3c00fa,8151ca27cabc61db753714bc3003db88815553a3ad1220e6f54268bc72714ad0,a9463d6402dde0425048ff156f94a32e6d2115cc4cbed3788398333ae3aedc0a,3ca12e6b6eeb29fc0ddd441b9c44c80d7a160faaf7e832eb55007f4c6a3ab52b,8d3ec126fb9cb88a1640a0d2d3497f0c93275c2d
random-mlp-seed314159-compose,random,mlp,,0,314159,compose,20,test_shard_099,5000,169758,2.3646703615892966,0.52395763380812688,0.0054000000000000003,,,,,,,d182e75e1d51ed10e77accdedacee15b6c627757e50cef0fb6dd4e9e10529604,8151ca27cabc61db753714bc3003db88815553a3ad1220e6f54268bc72714ad0,a9463d6402dde0425048ff156f94a32e6d2115cc4cbed3788398333ae3aedc0a,3ca12e6b6eeb29fc0ddd441b9c44c80d7a160faaf7e832eb55007f4c6a3ab52b,8d3ec126fb9cb88a1640a0d2d3497f0c93275c2d
random-mlp-seed314159-parity,random,mlp,,0,314159,parity,20,test_shard_099,5000,10000,1.0762284790039063,0.74590000000000001,0.49180000000000001,,,,,,,772ef1d3267de4e2d3cfe12235019f8507ba3931c8aa23f286bc4e782828fcc1,8151ca27cabc61db753714bc3003db88815553a3ad1220e6f54268bc72714ad0,a9463d6402dde0425048ff156f94a32e6d2115cc4cbed3788398333ae3aedc0a,3ca12e6b6eeb29fc0ddd441b9c44c80d7a160faaf7e832eb55007f4c6a3ab52b,8d3ec126fb9cb88a1640a0d2d3497f0c93275c2d
random-mlp-seed314159-to_lehmer,random,mlp,,0,314159,to_lehmer,20,test_shard_099,5000,171258,1.8181392370886733,0.57905032173679483,0.0061999999999999998,,,,,,,0f4eb3642c203d412f23043502ca8db5544cdec7fd3bac7c174eda6bfc0b83b3,8151ca27cabc61db753714bc3003db88815553a3ad1220e6f54268bc72714ad0,a9463d6402dde0425048ff156f94a32e6d2115cc4cbed3788398333ae3aedc0a,3ca12e6b6eeb29fc0ddd441b9c44c80d7a160faaf7e832eb55007f4c6a3ab52b,8d3ec126fb9cb88a1640a0d2d3497f0c93275c2d
pretrained-mlp-tasks01-seed17-to_reduced_word,pretrained,mlp,mlp-tasks01-seed17,1,17,to_reduced_word,100,test_shard_099,5000,790719,8.0675264447560942,0.025147998214283457,0,12.148689567362901,0.010408248695174897,0,4.0811631226068066,0.01473974951910856,0,17fc851381193f4742b1c03d4c77d8d9485ddaeab07c767e2897683197a3f2f0,af2c70b009a5f3aaddc3974b33ff6ee4ec6e29c3f4f99750a7e4933ee1d7ce04,df635aea1de880d652c7ce13d7d3e70114eab9e12cbabf9e805a919f1a21cb38,3ca12e6b6eeb29fc0ddd441b9c44c80d7a160faaf7e832eb55007f4c6a3ab52b,0b2aca740c27dfc793b4657a632c9ee7e38856e9
pretrained-mlp-tasks01-seed17-compose,pretrained,mlp,mlp-tasks01-seed17,1,17,compose,100,test_shard_099,5000,169758,8.8270929601463006,0.020676492418619446,0,12.834305742402419,0.0096431390567749391,0,4.0072127822561185,0.011033353361844507,0,1e3aacb9df5810a663f4cd7203c2530c8595cecd2d38a7bdeef999badf75a8af,af2c70b009a5f3aaddc3974b33ff6ee4ec6e29c3f4f99750a7e4933ee1d7ce04,df635aea1de880d652c7ce13d7d3e70114eab9e12cbabf9e805a919f1a21cb38,3ca12e6b6eeb29fc0ddd441b9c44c80d7a160faaf7e832eb55007f4c6a3ab52b,0b2aca740c27dfc793b4657a632c9ee7e38856e9
pretrained-mlp-tasks01-seed17-parity,pretrained,mlp,mlp-tasks01-seed17,1,17,parity,100,test_shard_099,5000,10000,6.0431283428192142,0.5343,0.068599999999999994,6.9094206268310545,0.5343,0.068599999999999994,0.86629228401184033,0,0,09cd49f22f4742ea463ab85fab2de88332fa9cdb0cbcf859299fbf3fd86a5d66,af2c70b009a5f3aaddc3974b33ff6ee4ec6e29c3f4f99750a7e4933ee1d7ce04,df635aea1de880d652c7ce13d7d3e70114eab9e12cbabf9e805a919f1a21cb38,3ca12e6b6eeb29fc0ddd441b9c44c80d7a160faaf7e832eb55007f4c6a3ab52b,0b2aca740c27dfc793b4657a632c9ee7e38856e9
pretrained-mlp-tasks01-seed17-to_lehmer,pretrained,mlp,mlp-tasks01-seed17,1,17,to_lehmer,100,test_shard_099,5000,171258,9.7397687004722044,0.01149727312008782,0,15.106068254384466,0.0047297060575272392,0,5.3662995539122615,0.0067675670625605812,0,9f2d4b0deac86d9e247ef38d60b62029813d82d0f739dc765207acae47103743,af2c70b009a5f3aaddc3974b33ff6ee4ec6e29c3f4f99750a7e4933ee1d7ce04,df635aea1de880d652c7ce13d7d3e70114eab9e12cbabf9e805a919f1a21cb38,3ca12e6b6eeb29fc0ddd441b9c44c80d7a160faaf7e832eb55007f4c6a3ab52b,0b2aca740c27dfc793b4657a632c9ee7e38856e9
pretrained-mlp-tasks01-seed42-to_reduced_word,pretrained,mlp,mlp-tasks01-seed42,1,42,to_reduced_word,100,test_shard_099,5000,790719,9.0094204826111977,0.024137525467327836,0,11.216033413398913,0.018239096316137592,0,2.2066129307877151,0.0058984291511902445,0,d63b1467ec3c89551773ae221e346b41ac6f509f402fe2e393ab3c1ce31a2911,af2c70b009a5f3aaddc3974b33ff6ee4ec6e29c3f4f99750a7e4933ee1d7ce04,df635aea1de880d652c7ce13d7d3e70114eab9e12cbabf9e805a919f1a21cb38,3ca12e6b6eeb29fc0ddd441b9c44c80d7a160faaf7e832eb55007f4c6a3ab52b,0b2aca740c27dfc793b4657a632c9ee7e38856e9
pretrained-mlp-tasks01-seed42-compose,pretrained,mlp,mlp-tasks01-seed42,1,42,compose,100,test_shard_099,5000,169758,9.0237305146275784,0.022408369561375607,0,11.451067780356817,0.018673641301146338,0,2.4273372657292391,0.0037347282602292683,0,db3be90aca72144e524e11b7381fb0ebd24ead7dfaf41e2e4f44b1f34925d211,af2c70b009a5f3aaddc3974b33ff6ee4ec6e29c3f4f99750a7e4933ee1d7ce04,df635aea1de880d652c7ce13d7d3e70114eab9e12cbabf9e805a919f1a21cb38,3ca12e6b6eeb29fc0ddd441b9c44c80d7a160faaf7e832eb55007f4c6a3ab52b,0b2aca740c27dfc793b4657a632c9ee7e38856e9
pretrained-mlp-tasks01-seed42-parity,pretrained,mlp,mlp-tasks01-seed42,1,42,parity,100,test_shard_099,5000,10000,5.6718705402374265,0.53420000000000001,0.068400000000000002,6.485611022949219,0.53420000000000001,0.068400000000000002,0.81374048271179245,0,0,7bac891d23455d9911c9d1d63b41c73081b2ca361b66f22081bc35ba4a930262,af2c70b009a5f3aaddc3974b33ff6ee4ec6e29c3f4f99750a7e4933ee1d7ce04,df635aea1de880d652c7ce13d7d3e70114eab9e12cbabf9e805a919f1a21cb38,3ca12e6b6eeb29fc0ddd441b9c44c80d7a160faaf7e832eb55007f4c6a3ab52b,0b2aca740c27dfc793b4657a632c9ee7e38856e9
pretrained-mlp-tasks01-seed42-to_lehmer,pretrained,mlp,mlp-tasks01-seed42,1,42,to_lehmer,100,test_shard_099,5000,171258,9.4723518105267352,0.022118674748040967,0,13.52363498735278,0.015257681392986021,0,4.0512831768260451,0.0068609933550549465,0,aae2129c033f2dc4b5937b7da6668dd2c173b54c150f111e48a92a13264a86e0,af2c70b009a5f3aaddc3974b33ff6ee4ec6e29c3f4f99750a7e4933ee1d7ce04,df635aea1de880d652c7ce13d7d3e70114eab9e12cbabf9e805a919f1a21cb38,3ca12e6b6eeb29fc0ddd441b9c44c80d7a160faaf7e832eb55007f4c6a3ab52b,0b2aca740c27dfc793b4657a632c9ee7e38856e9
pretrained-mlp-tasks01-seed314159-to_reduced_word,pretrained,mlp,mlp-tasks01-seed314159,1,314159,to_reduced_word,100,test_shard_099,5000,790719,8.8407177030345565,0.024281698049496724,0,11.139960810193001,0.022673035553717566,0,2.2992431071584445,0.0016086624957791576,0,7e155203282ebaed182416b27ace921e0afd800d3f3fc6b5dcdc384e07c6eeff,af2c70b009a5f3aaddc3974b33ff6ee4ec6e29c3f4f99750a7e4933ee1d7ce04,df635aea1de880d652c7ce13d7d3e70114eab9e12cbabf9e805a919f1a21cb38,3ca12e6b6eeb29fc0ddd441b9c44c80d7a160faaf7e832eb55007f4c6a3ab52b,0b2aca740c27dfc793b4657a632c9ee7e38856e9
pretrained-mlp-tasks01-seed314159-compose,pretrained,mlp,mlp-tasks01-seed314159,1,314159,compose,100,test_shard_099,5000,169758,9.5099350470136166,0.022408369561375607,0,11.94157629330245,0.022537965810153278,0,2.4316412462888337,-0.00012959624877767126,0,75181ebb70d451648a95192b353babf466600ad973c0ba9c3de1873ea9337446,af2c70b009a5f3aaddc3974b33ff6ee4ec6e29c3f4f99750a7e4933ee1d7ce04,df635aea1de880d652c7ce13d7d3e70114eab9e12cbabf9e805a919f1a21cb38,3ca12e6b6eeb29fc0ddd441b9c44c80d7a160faaf7e832eb55007f4c6a3ab52b,0b2aca740c27dfc793b4657a632c9ee7e38856e9
pretrained-mlp-tasks01-seed314159-parity,pretrained,mlp,mlp-tasks01-seed314159,1,314159,parity,100,test_shard_099,5000,10000,6.8390579757690428,0.53439999999999999,0.0688,7.6323518035888673,0.53420000000000001,0.068400000000000002,0.79329382781982449,0.00019999999999997797,0.00039999999999999758,001a1d7830c20f420efcda3b12dec4863aa999b7c0b9090f824119d3570897b1,af2c70b009a5f3aaddc3974b33ff6ee4ec6e29c3f4f99750a7e4933ee1d7ce04,df635aea1de880d652c7ce13d7d3e70114eab9e12cbabf9e805a919f1a21cb38,3ca12e6b6eeb29fc0ddd441b9c44c80d7a160faaf7e832eb55007f4c6a3ab52b,0b2aca740c27dfc793b4657a632c9ee7e38856e9
pretrained-mlp-tasks01-seed314159-to_lehmer,pretrained,mlp,mlp-tasks01-seed314159,1,314159,to_lehmer,100,test_shard_099,5000,171258,10.375944966120196,0.0089630849361781641,0,14.540510031602539,0.0082390311693468343,0,4.1645650654823427,0.00072405376683132988,0,4db8b0ceb5243ef4eabb44e804a2e361f929076e85deec5308446daeebebb676,af2c70b009a5f3aaddc3974b33ff6ee4ec6e29c3f4f99750a7e4933ee1d7ce04,df635aea1de880d652c7ce13d7d3e70114eab9e12cbabf9e805a919f1a21cb38,3ca12e6b6eeb29fc0ddd441b9c44c80d7a160faaf7e832eb55007f4c6a3ab52b,0b2aca740c27dfc793b4657a632c9ee7e38856e9
pretrained-mlp-tasks02-seed17-to_reduced_word,pretrained,mlp,mlp-tasks02-seed17,2,17,to_reduced_word,100,test_shard_099,5000,790719,7.8905508265064768,0.025748717306653818,0,12.136927247938269,0.009806264931031124,0,4.2463764214317923,0.015942452375622695,0,c34e82317ea35f0a4e4d62daa5208eb205c8f2445115f406c8102199f518fb5a,af2c70b009a5f3aaddc3974b33ff6ee4ec6e29c3f4f99750a7e4933ee1d7ce04,df635aea1de880d652c7ce13d7d3e70114eab9e12cbabf9e805a919f1a21cb38,3ca12e6b6eeb29fc0ddd441b9c44c80d7a160faaf7e832eb55007f4c6a3ab52b,0b2aca740c27dfc793b4657a632c9ee7e38856e9
pretrained-mlp-tasks02-seed17-compose,pretrained,mlp,mlp-tasks02-seed17,2,17,compose,100,test_shard_099,5000,169758,8.8256467061636084,0.020647038725715432,0,12.687202293347369,0.012547273177110947,0,3.8615555871837604,0.0080997655486044848,0,2f80dc2504a80923fcef29d3b27c8c8ed7259225e5e48ec5a108e81d8faae865,af2c70b009a5f3aaddc3974b33ff6ee4ec6e29c3f4f99750a7e4933ee1d7ce04,df635aea1de880d652c7ce13d7d3e70114eab9e12cbabf9e805a919f1a21cb38,3ca12e6b6eeb29fc0ddd441b9c44c80d7a160faaf7e832eb55007f4c6a3ab52b,0b2aca740c27dfc793b4657a632c9ee7e38856e9
pretrained-mlp-tasks02-seed17-parity,pretrained,mlp,mlp-tasks02-seed17,2,17,parity,100,test_shard_099,5000,10000,5.2387438190460207,0.53310000000000002,0.066199999999999995,5.9283924346923831,0.53010000000000002,0.060199999999999997,0.68964861564636237,0.0030000000000000027,0.0059999999999999984,78079153a7eb4ddb5510db0e5f7f468bec1098457984a0f0dc8b23682a0318c0,af2c70b009a5f3aaddc3974b33ff6ee4ec6e29c3f4f99750a7e4933ee1d7ce04,df635aea1de880d652c7ce13d7d3e70114eab9e12cbabf9e805a919f1a21cb38,3ca12e6b6eeb29fc0ddd441b9c44c80d7a160faaf7e832eb55007f4c6a3ab52b,0b2aca740c27dfc793b4657a632c9ee7e38856e9
pretrained-mlp-tasks02-seed17-to_lehmer,pretrained,mlp,mlp-tasks02-seed17,2,17,to_lehmer,100,test_shard_099,5000,171258,9.4242823678652048,0.011602377699143981,0,15.221221291943296,0.0081456048768524681,0,5.7969389240780913,0.003456772822291513,0,6fb4c8fbf1647fc2714e3db51d5b505a495fe29a74d14ee058f596b151e93114,af2c70b009a5f3aaddc3974b33ff6ee4ec6e29c3f4f99750a7e4933ee1d7ce04,df635aea1de880d652c7ce13d7d3e70114eab9e12cbabf9e805a919f1a21cb38,3ca12e6b6eeb29fc0ddd441b9c44c80d7a160faaf7e832eb55007f4c6a3ab52b,0b2aca740c27dfc793b4657a632c9ee7e38856e9
pretrained-mlp-tasks02-seed42-to_reduced_word,pretrained,mlp,mlp-tasks02-seed42,2,42,to_reduced_word,100,test_shard_099,5000,790719,7.9639050634315884,0.021265455869910802,0,13.36585584014359,0.0083607450940220238,0,5.4019507767120016,0.012904710775888778,0,9c4096125bf7fef74caeeb8b51f191304507b0b7b9cdf95357a02fed2c357614,af2c70b009a5f3aaddc3974b33ff6ee4ec6e29c3f4f99750a7e4933ee1d7ce04,df635aea1de880d652c7ce13d7d3e70114eab9e12cbabf9e805a919f1a21cb38,3ca12e6b6eeb29fc0ddd441b9c44c80d7a160faaf7e832eb55007f4c6a3ab52b,0b2aca740c27dfc793b4657a632c9ee7e38856e9
pretrained-mlp-tasks02-seed42-compose,pretrained,mlp,mlp-tasks02-seed42,2,42,compose,100,test_shard_099,5000,169758,8.4131931457781999,0.019763427938594941,0,13.616775769588179,0.0085592431579071381,0,5.2035826238099787,0.011204184780687803,0,18b8a379b19a6ee16e555088122f2d21a0cd06630e1ed546540ebefbb2ddcdc5,af2c70b009a5f3aaddc3974b33ff6ee4ec6e29c3f4f99750a7e4933ee1d7ce04,df635aea1de880d652c7ce13d7d3e70114eab9e12cbabf9e805a919f1a21cb38,3ca12e6b6eeb29fc0ddd441b9c44c80d7a160faaf7e832eb55007f4c6a3ab52b,0b2aca740c27dfc793b4657a632c9ee7e38856e9
pretrained-mlp-tasks02-seed42-parity,pretrained,mlp,mlp-tasks02-seed42,2,42,parity,100,test_shard_099,5000,10000,5.0813085826873783,0.52829999999999999,0.056599999999999998,5.8492719604492187,0.52729999999999999,0.054600000000000003,0.76796337776184043,0.0010000000000000009,0.0019999999999999948,269e34cde79a8b91f5cf43966244a7db9631abb41a0b28c0fcbedf64ee286dc2,af2c70b009a5f3aaddc3974b33ff6ee4ec6e29c3f4f99750a7e4933ee1d7ce04,df635aea1de880d652c7ce13d7d3e70114eab9e12cbabf9e805a919f1a21cb38,3ca12e6b6eeb29fc0ddd441b9c44c80d7a160faaf7e832eb55007f4c6a3ab52b,0b2aca740c27dfc793b4657a632c9ee7e38856e9
pretrained-mlp-tasks02-seed42-to_lehmer,pretrained,mlp,mlp-tasks02-seed42,2,42,to_lehmer,100,test_shard_099,5000,171258,9.4302084339787235,0.02517838582723143,0,15.808000615071633,0.0066274276238190329,0,6.377792181092909,0.018550958203412397,0,100395ed09c94a9a2faf05aa5f58b8bd3227a8306e8f6fe3fe5306548cda4d72,af2c70b009a5f3aaddc3974b33ff6ee4ec6e29c3f4f99750a7e4933ee1d7ce04,df635aea1de880d652c7ce13d7d3e70114eab9e12cbabf9e805a919f1a21cb38,3ca12e6b6eeb29fc0ddd441b9c44c80d7a160faaf7e832eb55007f4c6a3ab52b,0b2aca740c27dfc793b4657a632c9ee7e38856e9
pretrained-mlp-tasks02-seed314159-to_reduced_word,pretrained,mlp,mlp-tasks02-seed314159,2,314159,to_reduced_word,100,test_shard_099,5000,790719,8.0351753123951699,0.024055321802056103,0,10.653745999289887,0.023680978957126363,0,2.6185706868947172,0.00037434284492974049,0,c6edf20bed06db129db0183ee99c75ef5b1bf46929b14cc20533a4736f0b8537,af2c70b009a5f3aaddc3974b33ff6ee4ec6e29c3f4f99750a7e4933ee1d7ce04,df635aea1de880d652c7ce13d7d3e70114eab9e12cbabf9e805a919f1a21cb38,3ca12e6b6eeb29fc0ddd441b9c44c80d7a160faaf7e832eb55007f4c6a3ab52b,0b2aca740c27dfc793b4657a632c9ee7e38856e9
pretrained-mlp-tasks02-seed314159-compose,pretrained,mlp,mlp-tasks02-seed314159,2,314159,compose,100,test_shard_099,5000,169758,8.140659037855313,0.023333215518561719,0,11.165272396726149,0.022532075071572472,0,3.0246133588708357,0.0008011404469892465,0,f03dcdefcc36ca6f169bba2ce850a620d212793e2510d3ed086ed644e604d9d3,af2c70b009a5f3aaddc3974b33ff6ee4ec6e29c3f4f99750a7e4933ee1d7ce04,df635aea1de880d652c7ce13d7d3e70114eab9e12cbabf9e805a919f1a21cb38,3ca12e6b6eeb29fc0ddd441b9c44c80d7a160faaf7e832eb55007f4c6a3ab52b,0b2aca740c27dfc793b4657a632c9ee7e38856e9
pretrained-mlp-tasks02-seed314159-parity,pretrained,mlp,mlp-tasks02-seed314159,2,314159,parity,100,test_shard_099,5000,10000,5.2393992145538331,0.53380000000000005,0.067599999999999993,5.975612942504883,0.52590000000000003,0.051799999999999999,0.73621372795104989,0.0079000000000000181,0.015799999999999995,bdc9b515907fb21a56480d78a7efc7ee25b539a7a3ae17d675bab8da32a59e06,af2c70b009a5f3aaddc3974b33ff6ee4ec6e29c3f4f99750a7e4933ee1d7ce04,df635aea1de880d652c7ce13d7d3e70114eab9e12cbabf9e805a919f1a21cb38,3ca12e6b6eeb29fc0ddd441b9c44c80d7a160faaf7e832eb55007f4c6a3ab52b,0b2aca740c27dfc793b4657a632c9ee7e38856e9
pretrained-mlp-tasks02-seed314159-to_lehmer,pretrained,mlp,mlp-tasks02-seed314159,2,314159,to_lehmer,100,test_shard_099,5000,171258,8.9053661980503289,0.020413644910018802,0,13.430301448280883,0.0091207418047624059,0,4.5249352502305538,0.011292903105256396,0,9b5cf3cfb92be070dc88c2acb21f81896e440e2ca6dbaee77261c5a67fd9438b,af2c70b009a5f3aaddc3974b33ff6ee4ec6e29c3f4f99750a7e4933ee1d7ce04,df635aea1de880d652c7ce13d7d3e70114eab9e12cbabf9e805a919f1a21cb38,3ca12e6b6eeb29fc0ddd441b9c44c80d7a160faaf7e832eb55007f4c6a3ab52b,0b2aca740c27dfc793b4657a632c9ee7e38856e9
pretrained-mlp-tasks04-seed17-to_reduced_word,pretrained,mlp,mlp-tasks04-seed17,4,17,to_reduced_word,100,test_shard_099,5000,790719,6.322855594845433,0.35178742385095085,0,9.7075731223339137,0.27262023550717762,0,3.3847175274884806,0.079167188343773232,0,4b5f593d6809f448cf5b2ec70d10af033e12c91f14a5381b740af22bfb931426,af2c70b009a5f3aaddc3974b33ff6ee4ec6e29c3f4f99750a7e4933ee1d7ce04,df635aea1de880d652c7ce13d7d3e70114eab9e12cbabf9e805a919f1a21cb38,3ca12e6b6eeb29fc0ddd441b9c44c80d7a160faaf7e832eb55007f4c6a3ab52b,0b2aca740c27dfc793b4657a632c9ee7e38856e9
pretrained-mlp-tasks04-seed17-compose,pretrained,mlp,mlp-tasks04-seed17,4,17,compose,100,test_shard_099,5000,169758,9.9584310647995515,0.097686117885460486,0,13.213101132614147,0.058689428480542892,0,3.2546700678145957,0.038996689404917594,0,da8c563db970e0a138bd64c3f6706e8d8686881146a8be03d04ccaa0212a8712,af2c70b009a5f3aaddc3974b33ff6ee4ec6e29c3f4f99750a7e4933ee1d7ce04,df635aea1de880d652c7ce13d7d3e70114eab9e12cbabf9e805a919f1a21cb38,3ca12e6b6eeb29fc0ddd441b9c44c80d7a160faaf7e832eb55007f4c6a3ab52b,0b2aca740c27dfc793b4657a632c9ee7e38856e9
pretrained-mlp-tasks04-seed17-parity,pretrained,mlp,mlp-tasks04-seed17,4,17,parity,100,test_shard_099,5000,10000,2.0419879411697388,0.64780000000000004,0.29559999999999997,4.3171380325317381,0.53110000000000002,0.062199999999999998,2.2751500913619993,0.11670000000000003,0.23339999999999997,21f0da65cbeafb83a9b0c3b9d0c5477f48856b5493b11f5376dd46f7b26164f1,af2c70b009a5f3aaddc3974b33ff6ee4ec6e29c3f4f99750a7e4933ee1d7ce04,df635aea1de880d652c7ce13d7d3e70114eab9e12cbabf9e805a919f1a21cb38,3ca12e6b6eeb29fc0ddd441b9c44c80d7a160faaf7e832eb55007f4c6a3ab52b,0b2aca740c27dfc793b4657a632c9ee7e38856e9
pretrained-mlp-tasks04-seed17-to_lehmer,pretrained,mlp,mlp-tasks04-seed17,4,17,to_lehmer,100,test_shard_099,5000,171258,2.5498191468995128,0.54078057667379043,0,3.3882414399014844,0.53228462320008407,0,0.83842229300197157,0.0084959534737063525,0,a130d2bb8445dac14380e65335489c9acc39642deb4e209db89dc4fc038f38ee,af2c70b009a5f3aaddc3974b33ff6ee4ec6e29c3f4f99750a7e4933ee1d7ce04,df635aea1de880d652c7ce13d7d3e70114eab9e12cbabf9e805a919f1a21cb38,3ca12e6b6eeb29fc0ddd441b9c44c80d7a160faaf7e832eb55007f4c6a3ab52b,0b2aca740c27dfc793b4657a632c9ee7e38856e9
pretrained-mlp-tasks04-seed42-to_reduced_word,pretrained,mlp,mlp-tasks04-seed42,4,42,to_reduced_word,100,test_shard_099,5000,790719,5.1363120803722726,0.3977873302652396,0,8.8636660923068415,0.2946305830516277,0,3.7273540119345689,0.1031567472136119,0,adf99886858546c4a356256bf318f8b7f4daf613d2a38d264ee499acfd6cf7e8,af2c70b009a5f3aaddc3974b33ff6ee4ec6e29c3f4f99750a7e4933ee1d7ce04,df635aea1de880d652c7ce13d7d3e70114eab9e12cbabf9e805a919f1a21cb38,3ca12e6b6eeb29fc0ddd441b9c44c80d7a160faaf7e832eb55007f4c6a3ab52b,0b2aca740c27dfc793b4657a632c9ee7e38856e9
pretrained-mlp-tasks04-seed42-compose,pretrained,mlp,mlp-tasks04-seed42,4,42,compose,100,test_shard_099,5000,169758,8.9680306295050336,0.10718198847771533,0,12.231352868460636,0.05684562730475147,0,3.2633222389556025,0.050336361172963862,0,1de744965219d76b413f372b22872ef9def643737d3f2458da40bbbf5eaf9fc5,af2c70b009a5f3aaddc3974b33ff6ee4ec6e29c3f4f99750a7e4933ee1d7ce04,df635aea1de880d652c7ce13d7d3e70114eab9e12cbabf9e805a919f1a21cb38,3ca12e6b6eeb29fc0ddd441b9c44c80d7a160faaf7e832eb55007f4c6a3ab52b,0b2aca740c27dfc793b4657a632c9ee7e38856e9
pretrained-mlp-tasks04-seed42-parity,pretrained,mlp,mlp-tasks04-seed42,4,42,parity,100,test_shard_099,5000,10000,1.2927670732975005,0.70309999999999995,0.40620000000000001,3.2672487579345701,0.57530000000000003,0.15060000000000001,1.9744816846370696,0.12779999999999991,0.25559999999999999,694a45b78f7fe71e59dc163a29aa31f4d56a11b9bb2f5a87899ce73e768199fa,af2c70b009a5f3aaddc3974b33ff6ee4ec6e29c3f4f99750a7e4933ee1d7ce04,df635aea1de880d652c7ce13d7d3e70114eab9e12cbabf9e805a919f1a21cb38,3ca12e6b6eeb29fc0ddd441b9c44c80d7a160faaf7e832eb55007f4c6a3ab52b,0b2aca740c27dfc793b4657a632c9ee7e38856e9
pretrained-mlp-tasks04-seed42-to_lehmer,pretrained,mlp,mlp-tasks04-seed42,4,42,to_lehmer,100,test_shard_099,5000,171258,2.5230766166035972,0.54581391818192437,0,3.3128022077401584,0.53882446367468961,0,0.78972559113656127,0.0069894545072347602,0,c7d37676c2f42d8cd51f010d268731b12ef78c9cd0b9f69fff5f5aeed80a701e,af2c70b009a5f3aaddc3974b33ff6ee4ec6e29c3f4f99750a7e4933ee1d7ce04,df635aea1de880d652c7ce13d7d3e70114eab9e12cbabf9e805a919f1a21cb38,3ca12e6b6eeb29fc0ddd441b9c44c80d7a160faaf7e832eb55007f4c6a3ab52b,0b2aca740c27dfc793b4657a632c9ee7e38856e9
pretrained-mlp-tasks04-seed314159-to_reduced_word,pretrained,mlp,mlp-tasks04-seed314159,4,314159,to_reduced_word,100,test_shard_099,5000,790719,3.7874411918671389,0.42878949411864392,0,5.983456640344154,0.34221512319800079,0,2.1960154484770151,0.086574370920643129,0,67671df3d968c589f6d1f28465ccd06ad18ad58301c0f03dd175ac125f329e21,af2c70b009a5f3aaddc3974b33ff6ee4ec6e29c3f4f99750a7e4933ee1d7ce04,df635aea1de880d652c7ce13d7d3e70114eab9e12cbabf9e805a919f1a21cb38,3ca12e6b6eeb29fc0ddd441b9c44c80d7a160faaf7e832eb55007f4c6a3ab52b,0b2aca740c27dfc793b4657a632c9ee7e38856e9
pretrained-mlp-tasks04-seed314159-compose,pretrained,mlp,mlp-tasks04-seed314159,4,314159,compose,100,test_shard_099,5000,169758,9.4587534684024472,0.11776764570741879,0,13.461458416171844,0.066694942211854527,0,4.0027049477693968,0.051072703495564267,0,9af9b41b483f798047d859ece85f6c32e7b5548735b2698b8c27491000f9d38b,af2c70b009a5f3aaddc3974b33ff6ee4ec6e29c3f4f99750a7e4933ee1d7ce04,df635aea1de880d652c7ce13d7d3e70114eab9e12cbabf9e805a919f1a21cb38,3ca12e6b6eeb29fc0ddd441b9c44c80d7a160faaf7e832eb55007f4c6a3ab52b,0b2aca740c27dfc793b4657a632c9ee7e38856e9
pretrained-mlp-tasks04-seed314159-parity,pretrained,mlp,mlp-tasks04-seed314159,4,314159,parity,100,test_shard_099,5000,10000,1.2770669435501099,0.7117,0.4234,3.0015021667480468,0.56320000000000003,0.12640000000000001,1.724435223197937,0.14849999999999997,0.29699999999999999,080c4bb2330e2d63c0724e21f0c8c57ba4e33dc5cb94f6c0cfd39366286c01d0,af2c70b009a5f3aaddc3974b33ff6ee4ec6e29c3f4f99750a7e4933ee1d7ce04,df635aea1de880d652c7ce13d7d3e70114eab9e12cbabf9e805a919f1a21cb38,3ca12e6b6eeb29fc0ddd441b9c44c80d7a160faaf7e832eb55007f4c6a3ab52b,0b2aca740c27dfc793b4657a632c9ee7e38856e9
pretrained-mlp-tasks04-seed314159-to_lehmer,pretrained,mlp,mlp-tasks04-seed314159,4,314159,to_lehmer,100,test_shard_099,5000,171258,2.0196810681822503,0.56580130563243758,0,2.5955204714376023,0.56286421656214602,0,0.57583940325535199,0.0029370890702915542,0,b8e8b3622775842de52b31db73de4613faeeb59bfb96a727f62498229576a5ea,af2c70b009a5f3aaddc3974b33ff6ee4ec6e29c3f4f99750a7e4933ee1d7ce04,df635aea1de880d652c7ce13d7d3e70114eab9e12cbabf9e805a919f1a21cb38,3ca12e6b6eeb29fc0ddd441b9c44c80d7a160faaf7e832eb55007f4c6a3ab52b,0b2aca740c27dfc793b4657a632c9ee7e38856e9
pretrained-mlp-tasks08-seed17-to_reduced_word,pretrained,mlp,mlp-tasks08-seed17,8,17,to_reduced_word,100,test_shard_099,5000,790719,4.480824487102482,0.37620570645197599,0,8.8591941800333576,0.24663502457889591,0,4.3783696929308755,0.12957068187308007,0,59e2f4098574ef6c7cfe21ebf45100992fc7f01478be0fddeb5891d73584f232,af2c70b009a5f3aaddc3974b33ff6ee4ec6e29c3f4f99750a7e4933ee1d7ce04,df635aea1de880d652c7ce13d7d3e70114eab9e12cbabf9e805a919f1a21cb38,3ca12e6b6eeb29fc0ddd441b9c44c80d7a160faaf7e832eb55007f4c6a3ab52b,0b2aca740c27dfc793b4657a632c9ee7e38856e9
pretrained-mlp-tasks08-seed17-compose,pretrained,mlp,mlp-tasks08-seed17,8,17,compose,100,test_shard_099,5000,169758,13.467074132333325,0.12472460797134745,0,20.166909832213356,0.083495328644305422,0,6.6998356998800315,0.041229279327042026,0,852a3fd5d472bf6e0bf81108c43715dd3af88840a942a898ef14512328380e2b,af2c70b009a5f3aaddc3974b33ff6ee4ec6e29c3f4f99750a7e4933ee1d7ce04,df635aea1de880d652c7ce13d7d3e70114eab9e12cbabf9e805a919f1a21cb38,3ca12e6b6eeb29fc0ddd441b9c44c80d7a160faaf7e832eb55007f4c6a3ab52b,0b2aca740c27dfc793b4657a632c9ee7e38856e9
pretrained-mlp-tasks08-seed17-parity,pretrained,mlp,mlp-tasks08-seed17,8,17,parity,100,test_shard_099,5000,10000,1.7946629234313964,0.57720000000000005,0.15440000000000001,4.9123883544921876,0.5,0,3.1177254310607911,0.077200000000000046,0.15440000000000001,9b329d6c760f386e2bee5605e18ac30224206451492c716ec513d531e372c7ac,af2c70b009a5f3aaddc3974b33ff6ee4ec6e29c3f4f99750a7e4933ee1d7ce04,df635aea1de880d652c7ce13d7d3e70114eab9e12cbabf9e805a919f1a21cb38,3ca12e6b6eeb29fc0ddd441b9c44c80d7a160faaf7e832eb55007f4c6a3ab52b,0b2aca740c27dfc793b4657a632c9ee7e38856e9
pretrained-mlp-tasks08-seed17-to_lehmer,pretrained,mlp,mlp-tasks08-seed17,8,17,to_lehmer,100,test_shard_099,5000,171258,2.3532785778435237,0.53895292482686941,0,3.3054107568720328,0.51324901610435714,0,0.95213217902850911,0.02570390872251227,0,24d1264b31bb192ba8821872cb7b7617e500ab1155fda88f14902a7121258125,af2c70b009a5f3aaddc3974b33ff6ee4ec6e29c3f4f99750a7e4933ee1d7ce04,df635aea1de880d652c7ce13d7d3e70114eab9e12cbabf9e805a919f1a21cb38,3ca12e6b6eeb29fc0ddd441b9c44c80d7a160faaf7e832eb55007f4c6a3ab52b,0b2aca740c27dfc793b4657a632c9ee7e38856e9
pretrained-mlp-tasks08-seed42-to_reduced_word,pretrained,mlp,mlp-tasks08-seed42,8,42,to_reduced_word,100,test_shard_099,5000,790719,4.8727255580579092,0.36322258602613572,0,9.3643747501779231,0.24652879214992937,0,4.4916491921200139,0.11669379387620635,0,576e49aa6d5c5d506b5064724a58429a051946d8abf934f2ed27c2b6a6870cba,af2c70b009a5f3aaddc3974b33ff6ee4ec6e29c3f4f99750a7e4933ee1d7ce04,df635aea1de880d652c7ce13d7d3e70114eab9e12cbabf9e805a919f1a21cb38,3ca12e6b6eeb29fc0ddd441b9c44c80d7a160faaf7e832eb55007f4c6a3ab52b,0b2aca740c27dfc793b4657a632c9ee7e38856e9
pretrained-mlp-tasks08-seed42-compose,pretrained,mlp,mlp-tasks08-seed42,8,42,compose,100,test_shard_099,5000,169758,13.522168941814874,0.097368018002097101,0,18.241990269558357,0.075042118780852748,0,4.7198213277434835,0.022325899221244352,0,37e23fb5974f68946e94856b154952b93ef917d90e3b825ea6ba512b3b09b2f5,af2c70b009a5f3aaddc3974b33ff6ee4ec6e29c3f4f99750a7e4933ee1d7ce04,df635aea1de880d652c7ce13d7d3e70114eab9e12cbabf9e805a919f1a21cb38,3ca12e6b6eeb29fc0ddd441b9c44c80d7a160faaf7e832eb55007f4c6a3ab52b,0b2aca740c27dfc793b4657a632c9ee7e38856e9
pretrained-mlp-tasks08-seed42-parity,pretrained,mlp,mlp-tasks08-seed42,8,42,parity,100,test_shard_099,5000,10000,1.7399531209945678,0.62749999999999995,0.255,5.2328989074707035,0.50009999999999999,0.00020000000000000001,3.4929457864761355,0.12739999999999996,0.25480000000000003,a26a167cd9947e74455ac238de4c4f6fd4eaa6fe7396720ca931e8897b794c1b,af2c70b009a5f3aaddc3974b33ff6ee4ec6e29c3f4f99750a7e4933ee1d7ce04,df635aea1de880d652c7ce13d7d3e70114eab9e12cbabf9e805a919f1a21cb38,3ca12e6b6eeb29fc0ddd441b9c44c80d7a160faaf7e832eb55007f4c6a3ab52b,0b2aca740c27dfc793b4657a632c9ee7e38856e9
pretrained-mlp-tasks08-seed42-to_lehmer,pretrained,mlp,mlp-tasks08-seed42,8,42,to_lehmer,100,test_shard_099,5000,171258,2.5910850866772352,0.5602307629424611,0,3.1519721037125135,0.54540517815226153,0,0.56088701703527821,0.014825584790199575,0,c0b08cbede5b78b15cdb6278d8e028d524cc53dafdc9b51ad69eeba363a5c228,af2c70b009a5f3aaddc3974b33ff6ee4ec6e29c3f4f99750a7e4933ee1d7ce04,df635aea1de880d652c7ce13d7d3e70114eab9e12cbabf9e805a919f1a21cb38,3ca12e6b6eeb29fc0ddd441b9c44c80d7a160faaf7e832eb55007f4c6a3ab52b,0b2aca740c27dfc793b4657a632c9ee7e38856e9
pretrained-mlp-tasks08-seed314159-to_reduced_word,pretrained,mlp,mlp-tasks08-seed314159,8,314159,to_reduced_word,100,test_shard_099,5000,790719,4.8144741694655924,0.38637619685374958,0,8.8306316015310813,0.28075207501021221,0,4.0161574320654889,0.10562412184353737,0,d1bbdc091faebb8d318e99d63ebeae65006208694d0b9a01c705b2624018868e,af2c70b009a5f3aaddc3974b33ff6ee4ec6e29c3f4f99750a7e4933ee1d7ce04,df635aea1de880d652c7ce13d7d3e70114eab9e12cbabf9e805a919f1a21cb38,3ca12e6b6eeb29fc0ddd441b9c44c80d7a160faaf7e832eb55007f4c6a3ab52b,0b2aca740c27dfc793b4657a632c9ee7e38856e9
pretrained-mlp-tasks08-seed314159-compose,pretrained,mlp,mlp-tasks08-seed314159,8,314159,compose,100,test_shard_099,5000,169758,11.768978253320306,0.11596507970169299,0,16.853409910978975,0.087630627128029312,0,5.0844316576586692,0.028334452573663682,0,6d6d250f79c9d007a511445b422f3ce436d4f1aa288232e0e2891994b628dfd6,af2c70b009a5f3aaddc3974b33ff6ee4ec6e29c3f4f99750a7e4933ee1d7ce04,df635aea1de880d652c7ce13d7d3e70114eab9e12cbabf9e805a919f1a21cb38,3ca12e6b6eeb29fc0ddd441b9c44c80d7a160faaf7e832eb55007f4c6a3ab52b,0b2aca740c27dfc793b4657a632c9ee7e38856e9
pretrained-mlp-tasks08-seed314159-parity,pretrained,mlp,mlp-tasks08-seed314159,8,314159,parity,100,test_shard_099,5000,10000,1.7576579747200012,0.60960000000000003,0.21920000000000001,6.5525438110351564,0.5,0,4.7948858363151547,0.10960000000000003,0.21920000000000001,037ab11ede56638eb35c88121dc23cc7dba42c9276543340cd2be7a18210f788,af2c70b009a5f3aaddc3974b33ff6ee4ec6e29c3f4f99750a7e4933ee1d7ce04,df635aea1de880d652c7ce13d7d3e70114eab9e12cbabf9e805a919f1a21cb38,3ca12e6b6eeb29fc0ddd441b9c44c80d7a160faaf7e832eb55007f4c6a3ab52b,0b2aca740c27dfc793b4657a632c9ee7e38856e9
pretrained-mlp-tasks08-seed314159-to_lehmer,pretrained,mlp,mlp-tasks08-seed314159,8,314159,to_lehmer,100,test_shard_099,5000,171258,2.5381106608403647,0.55491130341356321,0,3.1116459890856376,0.53285102009833119,0,0.57353532824527287,0.022060283315232021,0,8ba565c423e97f7aa6185eb57cb1b733d1927f569c5e365b431d0691b9aa222a,af2c70b009a5f3aaddc3974b33ff6ee4ec6e29c3f4f99750a7e4933ee1d7ce04,df635aea1de880d652c7ce13d7d3e70114eab9e12cbabf9e805a919f1a21cb38,3ca12e6b6eeb29fc0ddd441b9c44c80d7a160faaf7e832eb55007f4c6a3ab52b,0b2aca740c27dfc793b4657a632c9ee7e38856e9
pretrained-mlp-tasks16-seed17-to_reduced_word,pretrained,mlp,mlp-tasks16-seed17,16,17,to_reduced_word,100,test_shard_099,5000,790719,3.4988785023633602,0.41601125052009624,0,8.6539572374532501,0.22501040192533631,0,5.1550787350898899,0.19100084859475994,0,d1bb16d361d45753c20a1dd4c4ac1ba0976f45bdc3b4591bdbfbec669490f030,af2c70b009a5f3aaddc3974b33ff6ee4ec6e29c3f4f99750a7e4933ee1d7ce04,df635aea1de880d652c7ce13d7d3e70114eab9e12cbabf9e805a919f1a21cb38,3ca12e6b6eeb29fc0ddd441b9c44c80d7a160faaf7e832eb55007f4c6a3ab52b,0b2aca740c27dfc793b4657a632c9ee7e38856e9
pretrained-mlp-tasks16-seed17-compose,pretrained,mlp,mlp-tasks16-seed17,16,17,compose,100,test_shard_099,5000,169758,10.603593316305878,0.1334782455024211,0,15.922700770522413,0.081486586788251505,0,5.3191074542165353,0.051991658714169595,0,c4a12caf78e01ce6af305d120f98a925329a166028d412054c7e32c1ea43fe05,af2c70b009a5f3aaddc3974b33ff6ee4ec6e29c3f4f99750a7e4933ee1d7ce04,df635aea1de880d652c7ce13d7d3e70114eab9e12cbabf9e805a919f1a21cb38,3ca12e6b6eeb29fc0ddd441b9c44c80d7a160faaf7e832eb55007f4c6a3ab52b,0b2aca740c27dfc793b4657a632c9ee7e38856e9
pretrained-mlp-tasks16-seed17-parity,pretrained,mlp,mlp-tasks16-seed17,16,17,parity,100,test_shard_099,5000,10000,1.749968167591095,0.5696,0.13919999999999999,4.5673333496093749,0.52429999999999999,0.048599999999999997,2.8173651820182801,0.045300000000000007,0.090599999999999986,075b910f871a3a96342551389a547113ca21ed28edb61522f9eb2703c643338e,af2c70b009a5f3aaddc3974b33ff6ee4ec6e29c3f4f99750a7e4933ee1d7ce04,df635aea1de880d652c7ce13d7d3e70114eab9e12cbabf9e805a919f1a21cb38,3ca12e6b6eeb29fc0ddd441b9c44c80d7a160faaf7e832eb55007f4c6a3ab52b,0b2aca740c27dfc793b4657a632c9ee7e38856e9
pretrained-mlp-tasks16-seed17-to_lehmer,pretrained,mlp,mlp-tasks16-seed17,16,17,to_lehmer,100,test_shard_099,5000,171258,1.9909370236237025,0.54363007859486856,0,2.9034490174250069,0.50058975347137069,0,0.91251199380130443,0.043040325123497869,0,3df696abec41f790f8743bc667e96d08e5b93cc760dbac5d8998cf9b77c7d324,af2c70b009a5f3aaddc3974b33ff6ee4ec6e29c3f4f99750a7e4933ee1d7ce04,df635aea1de880d652c7ce13d7d3e70114eab9e12cbabf9e805a919f1a21cb38,3ca12e6b6eeb29fc0ddd441b9c44c80d7a160faaf7e832eb55007f4c6a3ab52b,0b2aca740c27dfc793b4657a632c9ee7e38856e9
pretrained-mlp-tasks16-seed42-to_reduced_word,pretrained,mlp,mlp-tasks16-seed42,16,42,to_reduced_word,100,test_shard_099,5000,790719,2.959432352864924,0.42374471841450628,0,8.841418997496266,0.21626899062751748,0,5.8819866446313416,0.20747572778698881,0,bb5db3932985c710379aa461ebe8258947f792d1da9b7d07fa6c9542b47881aa,af2c70b009a5f3aaddc3974b33ff6ee4ec6e29c3f4f99750a7e4933ee1d7ce04,df635aea1de880d652c7ce13d7d3e70114eab9e12cbabf9e805a919f1a21cb38,3ca12e6b6eeb29fc0ddd441b9c44c80d7a160faaf7e832eb55007f4c6a3ab52b,0b2aca740c27dfc793b4657a632c9ee7e38856e9
pretrained-mlp-tasks16-seed42-compose,pretrained,mlp,mlp-tasks16-seed42,16,42,compose,100,test_shard_099,5000,169758,7.0737333864345446,0.16684927956267157,0,11.922067835398405,0.060061970569870053,0,4.8483344489638602,0.10678730899280151,0,ca80dea3028af7f8703fd8286d41d25f37ee9357b356298b1c78a62e21fe30db,af2c70b009a5f3aaddc3974b33ff6ee4ec6e29c3f4f99750a7e4933ee1d7ce04,df635aea1de880d652c7ce13d7d3e70114eab9e12cbabf9e805a919f1a21cb38,3ca12e6b6eeb29fc0ddd441b9c44c80d7a160faaf7e832eb55007f4c6a3ab52b,0b2aca740c27dfc793b4657a632c9ee7e38856e9
pretrained-mlp-tasks16-seed42-parity,pretrained,mlp,mlp-tasks16-seed42,16,42,parity,100,test_shard_099,5000,10000,0.93788675322532655,0.69730000000000003,0.39460000000000001,3.7138248275756838,0.51849999999999996,0.036999999999999998,2.775938074350357,0.17880000000000007,0.35760000000000003,eb26d00854206c9ddbf5a173c32c8a0e540eaf2c33f04d0b79410c506ce09e6f,af2c70b009a5f3aaddc3974b33ff6ee4ec6e29c3f4f99750a7e4933ee1d7ce04,df635aea1de880d652c7ce13d7d3e70114eab9e12cbabf9e805a919f1a21cb38,3ca12e6b6eeb29fc0ddd441b9c44c80d7a160faaf7e832eb55007f4c6a3ab52b,0b2aca740c27dfc793b4657a632c9ee7e38856e9
pretrained-mlp-tasks16-seed42-to_lehmer,pretrained,mlp,mlp-tasks16-seed42,16,42,to_lehmer,100,test_shard_099,5000,171258,1.8123554765706884,0.54788681404664308,0,2.7849758648791907,0.51109437223370591,0,0.97262038830850228,0.036792441812937171,0,0b82f9dbbf89b1c2839315a372d2e01c0f3062248ef4716abd278d4a2ffd4ffb,af2c70b009a5f3aaddc3974b33ff6ee4ec6e29c3f4f99750a7e4933ee1d7ce04,df635aea1de880d652c7ce13d7d3e70114eab9e12cbabf9e805a919f1a21cb38,3ca12e6b6eeb29fc0ddd441b9c44c80d7a160faaf7e832eb55007f4c6a3ab52b,0b2aca740c27dfc793b4657a632c9ee7e38856e9
pretrained-mlp-tasks16-seed314159-to_reduced_word,pretrained,mlp,mlp-tasks16-seed314159,16,314159,to_reduced_word,100,test_shard_099,5000,790719,2.7528190799736141,0.43876648973908555,0,7.0726245778145227,0.23818575246073509,0,4.3198054978409086,0.20058073727835046,0,38f595448415f89d2b50d5231878d006200189a09a1c8f076e7ceaeaff0caf52,af2c70b009a5f3aaddc3974b33ff6ee4ec6e29c3f4f99750a7e4933ee1d7ce04,df635aea1de880d652c7ce13d7d3e70114eab9e12cbabf9e805a919f1a21cb38,3ca12e6b6eeb29fc0ddd441b9c44c80d7a160faaf7e832eb55007f4c6a3ab52b,0b2aca740c27dfc793b4657a632c9ee7e38856e9
pretrained-mlp-tasks16-seed314159-compose,pretrained,mlp,mlp-tasks16-seed314159,16,314159,compose,100,test_shard_099,5000,169758,5.0080340448390599,0.26202005207412904,0,9.915948031075855,0.08906796734174531,0,4.9079139862367951,0.17295208473238372,0,755963e5204f2c77dd8f086b58624be60ffb1272aa44a0722bac7bc9415eaaa7,af2c70b009a5f3aaddc3974b33ff6ee4ec6e29c3f4f99750a7e4933ee1d7ce04,df635aea1de880d652c7ce13d7d3e70114eab9e12cbabf9e805a919f1a21cb38,3ca12e6b6eeb29fc0ddd441b9c44c80d7a160faaf7e832eb55007f4c6a3ab52b,0b2aca740c27dfc793b4657a632c9ee7e38856e9
pretrained-mlp-tasks16-seed314159-parity,pretrained,mlp,mlp-tasks16-seed314159,16,314159,parity,100,test_shard_099,5000,10000,2.3738029304504393,0.55359999999999998,0.1072,5.9526992935180667,0.51449999999999996,0.029000000000000001,3.5788963630676274,0.039100000000000024,0.078200000000000006,e421393b93a48239647df6d78b904ef650ccd5d03f0d621707b18b1f75608a40,af2c70b009a5f3aaddc3974b33ff6ee4ec6e29c3f4f99750a7e4933ee1d7ce04,df635aea1de880d652c7ce13d7d3e70114eab9e12cbabf9e805a919f1a21cb38,3ca12e6b6eeb29fc0ddd441b9c44c80d7a160faaf7e832eb55007f4c6a3ab52b,0b2aca740c27dfc793b4657a632c9ee7e38856e9
pretrained-mlp-tasks16-seed314159-to_lehmer,pretrained,mlp,mlp-tasks16-seed314159,16,314159,to_lehmer,100,test_shard_099,5000,171258,1.9365867760243545,0.54699926426794665,0,2.9637009023563405,0.50081748005932569,0,1.0271141263319861,0.046181784208620957,0,16397766727e2886ad727fba5903406968ea709e3e2bcaebdfe9a7cf654e7149,af2c70b009a5f3aaddc3974b33ff6ee4ec6e29c3f4f99750a7e4933ee1d7ce04,df635aea1de880d652c7ce13d7d3e70114eab9e12cbabf9e805a919f1a21cb38,3ca12e6b6eeb29fc0ddd441b9c44c80d7a160faaf7e832eb55007f4c6a3ab52b,0b2aca740c27dfc793b4657a632c9ee7e38856e9
pretrained-transformer-tasks01-seed17-to_reduced_word,pretrained,transformer,transformer-tasks01-seed17,1,17,to_reduced_word,100,test_shard_099,5000,790719,8.5753870927495068,0.02862837493471132,0,15.4720575835292,0.0041228299813207978,0,6.8966704907796927,0.024505544953390523,0,1255ce276dcd0cb90e6d41ef13130b9753dd1eaa26d501307f7fa24107a45912,af2c70b009a5f3aaddc3974b33ff6ee4ec6e29c3f4f99750a7e4933ee1d7ce04,df635aea1de880d652c7ce13d7d3e70114eab9e12cbabf9e805a919f1a21cb38,3ca12e6b6eeb29fc0ddd441b9c44c80d7a160faaf7e832eb55007f4c6a3ab52b,0b2aca740c27dfc793b4657a632c9ee7e38856e9
pretrained-transformer-tasks01-seed17-compose,pretrained,transformer,transformer-tasks01-seed17,1,17,compose,100,test_shard_099,5000,169758,8.8555635857137442,0.021247894060957364,0,14.738192049030825,0.0053311184156269514,0,5.8826284633170811,0.015916775645330412,0,ec405d3bfde1fdf20f4519e186c0dbf2499e4d8a4bfab0d3657febedfda0fb02,af2c70b009a5f3aaddc3974b33ff6ee4ec6e29c3f4f99750a7e4933ee1d7ce04,df635aea1de880d652c7ce13d7d3e70114eab9e12cbabf9e805a919f1a21cb38,3ca12e6b6eeb29fc0ddd441b9c44c80d7a160faaf7e832eb55007f4c6a3ab52b,0b2aca740c27dfc793b4657a632c9ee7e38856e9
pretrained-transformer-tasks01-seed17-parity,pretrained,transformer,transformer-tasks01-seed17,1,17,parity,100,test_shard_099,5000,10000,3.1095379036903381,0.55689999999999995,0.1138,6.0902567138671877,0.52669999999999995,0.053400000000000003,2.9807188101768496,0.030200000000000005,0.060399999999999995,d7303a9fac666c49c4868ac9cefc5336f8ac19e915a79fffe98d008198712727,af2c70b009a5f3aaddc3974b33ff6ee4ec6e29c3f4f99750a7e4933ee1d7ce04,df635aea1de880d652c7ce13d7d3e70114eab9e12cbabf9e805a919f1a21cb38,3ca12e6b6eeb29fc0ddd441b9c44c80d7a160faaf7e832eb55007f4c6a3ab52b,0b2aca740c27dfc793b4657a632c9ee7e38856e9
pretrained-transformer-tasks01-seed17-to_lehmer,pretrained,transformer,transformer-tasks01-seed17,1,17,to_lehmer,100,test_shard_099,5000,171258,10.148556031329786,0.02012168774597391,0,16.034145833014005,0.0061544570180663092,0,5.885589801684219,0.013967230727907601,0,6d96cdd1e94b886d837822a8b2dbc186881ce656af8aba7dcfdfa017409062db,af2c70b009a5f3aaddc3974b33ff6ee4ec6e29c3f4f99750a7e4933ee1d7ce04,df635aea1de880d652c7ce13d7d3e70114eab9e12cbabf9e805a919f1a21cb38,3ca12e6b6eeb29fc0ddd441b9c44c80d7a160faaf7e832eb55007f4c6a3ab52b,0b2aca740c27dfc793b4657a632c9ee7e38856e9
pretrained-transformer-tasks01-seed42-to_reduced_word,pretrained,transformer,transformer-tasks01-seed42,1,42,to_reduced_word,100,test_shard_099,5000,790719,7.2831164974535838,0.023837798257029363,0,14.340558049955957,0.033345600649535422,0,7.0574415525023735,-0.0095078023925060581,0,b625b662a0066087f81424fb229e03ca3a1964d277f308ed2663c1f14dae2c85,af2c70b009a5f3aaddc3974b33ff6ee4ec6e29c3f4f99750a7e4933ee1d7ce04,df635aea1de880d652c7ce13d7d3e70114eab9e12cbabf9e805a919f1a21cb38,3ca12e6b6eeb29fc0ddd441b9c44c80d7a160faaf7e832eb55007f4c6a3ab52b,0b2aca740c27dfc793b4657a632c9ee7e38856e9
pretrained-transformer-tasks01-seed42-compose,pretrained,transformer,transformer-tasks01-seed42,1,42,compose,100,test_shard_099,5000,169758,7.4162951488870368,0.030107564886485468,0,13.645203743389487,0.028805711660127947,0,6.2289085945024505,0.0013018532263575217,0,ee34c3e84c4e37b20e0018ecb254c488621eab2b5e48e18bb22a2d1ea828c346,af2c70b009a5f3aaddc3974b33ff6ee4ec6e29c3f4f99750a7e4933ee1d7ce04,df635aea1de880d652c7ce13d7d3e70114eab9e12cbabf9e805a919f1a21cb38,3ca12e6b6eeb29fc0ddd441b9c44c80d7a160faaf7e832eb55007f4c6a3ab52b,0b2aca740c27dfc793b4657a632c9ee7e38856e9
pretrained-transformer-tasks01-seed42-parity,pretrained,transformer,transformer-tasks01-seed42,1,42,parity,100,test_shard_099,5000,10000,3.6215988779067994,0.54820000000000002,0.0964,6.578010217285156,0.53159999999999996,0.063200000000000006,2.9564113393783567,0.016600000000000059,0.033199999999999993,3050719634423b826e45169830b2018c6eb12ce366b15ab3ff93bbf21c0cf866,af2c70b009a5f3aaddc3974b33ff6ee4ec6e29c3f4f99750a7e4933ee1d7ce04,df635aea1de880d652c7ce13d7d3e70114eab9e12cbabf9e805a919f1a21cb38,3ca12e6b6eeb29fc0ddd441b9c44c80d7a160faaf7e832eb55007f4c6a3ab52b,0b2aca740c27dfc793b4657a632c9ee7e38856e9
pretrained-transformer-tasks01-seed42-to_lehmer,pretrained,transformer,transformer-tasks01-seed42,1,42,to_lehmer,100,test_shard_099,5000,171258,7.7160120690529785,0.035934087750645223,0,14.700458153779678,0.023899613448714805,0,6.9844460847266996,0.012034474301930418,0,928e3a6f321ff83f77766d8ffe117a1d7a88c47f58a176e572b9e4137a9b6e4e,af2c70b009a5f3aaddc3974b33ff6ee4ec6e29c3f4f99750a7e4933ee1d7ce04,df635aea1de880d652c7ce13d7d3e70114eab9e12cbabf9e805a919f1a21cb38,3ca12e6b6eeb29fc0ddd441b9c44c80d7a160faaf7e832eb55007f4c6a3ab52b,0b2aca740c27dfc793b4657a632c9ee7e38856e9
pretrained-transformer-tasks01-seed314159-to_reduced_word,pretrained,transformer,transformer-tasks01-seed314159,1,314159,to_reduced_word,100,test_shard_099,5000,790719,9.3742382980093719,0.03017886252891356,0,15.162067141878941,0.031836847223855755,0,5.7878288438695691,-0.0016579846949421953,0,dd014224255497d4e68086c8f4ff50cb7159713030dfc1e5154b140f2b1ae0bf,af2c70b009a5f3aaddc3974b33ff6ee4ec6e29c3f4f99750a7e4933ee1d7ce04,df635aea1de880d652c7ce13d7d3e70114eab9e12cbabf9e805a919f1a21cb38,3ca12e6b6eeb29fc0ddd441b9c44c80d7a160faaf7e832eb55007f4c6a3ab52b,0b2aca740c27dfc793b4657a632c9ee7e38856e9
pretrained-transformer-tasks01-seed314159-compose,pretrained,transformer,transformer-tasks01-seed314159,1,314159,compose,100,test_shard_099,5000,169758,8.9088721646275975,0.023557063584632242,0,14.672025015366543,0.022420151038537211,0,5.7631528507389458,0.0011369125460950306,0,1b7a160b856be621817c7e3b11d0191a7c251f2246bc80f328a8dc0ebdb24ab2,af2c70b009a5f3aaddc3974b33ff6ee4ec6e29c3f4f99750a7e4933ee1d7ce04,df635aea1de880d652c7ce13d7d3e70114eab9e12cbabf9e805a919f1a21cb38,3ca12e6b6eeb29fc0ddd441b9c44c80d7a160faaf7e832eb55007f4c6a3ab52b,0b2aca740c27dfc793b4657a632c9ee7e38856e9
pretrained-transformer-tasks01-seed314159-parity,pretrained,transformer,transformer-tasks01-seed314159,1,314159,parity,100,test_shard_099,5000,10000,2.1298030283927916,0.58260000000000001,0.16520000000000001,6.2335615570068361,0.52400000000000002,0.048000000000000001,4.1037585286140441,0.058599999999999985,0.11720000000000001,6462390f96984249f56f5f1567db3019f973a7e5609e3ae7e2e9c8be154e8314,af2c70b009a5f3aaddc3974b33ff6ee4ec6e29c3f4f99750a7e4933ee1d7ce04,df635aea1de880d652c7ce13d7d3e70114eab9e12cbabf9e805a919f1a21cb38,3ca12e6b6eeb29fc0ddd441b9c44c80d7a160faaf7e832eb55007f4c6a3ab52b,0b2aca740c27dfc793b4657a632c9ee7e38856e9
pretrained-transformer-tasks01-seed314159-to_lehmer,pretrained,transformer,transformer-tasks01-seed314159,1,314159,to_lehmer,100,test_shard_099,5000,171258,9.0837907110315648,0.022801854511906014,0,15.92254783011049,0.016448866622289178,0,6.8387571190789256,0.006352987889616836,0,441caf82d706e6ee205715d1feb0acda573f0e33eabca868f7556effa971869b,af2c70b009a5f3aaddc3974b33ff6ee4ec6e29c3f4f99750a7e4933ee1d7ce04,df635aea1de880d652c7ce13d7d3e70114eab9e12cbabf9e805a919f1a21cb38,3ca12e6b6eeb29fc0ddd441b9c44c80d7a160faaf7e832eb55007f4c6a3ab52b,0b2aca740c27dfc793b4657a632c9ee7e38856e9
pretrained-transformer-tasks02-seed17-to_reduced_word,pretrained,transformer,transformer-tasks02-seed17,2,17,to_reduced_word,100,test_shard_099,5000,790719,6.3199943393340821,0.031002163853404308,0,14.099156590394312,0.03439021953437315,0,7.7791622510602298,-0.0033880556809688413,0,a36ee075b08839972cbfae081af11429c76fb1c913075ea91c03f59bafc39df4,af2c70b009a5f3aaddc3974b33ff6ee4ec6e29c3f4f99750a7e4933ee1d7ce04,df635aea1de880d652c7ce13d7d3e70114eab9e12cbabf9e805a919f1a21cb38,3ca12e6b6eeb29fc0ddd441b9c44c80d7a160faaf7e832eb55007f4c6a3ab52b,0b2aca740c27dfc793b4657a632c9ee7e38856e9
pretrained-transformer-tasks02-seed17-compose,pretrained,transformer,transformer-tasks02-seed17,2,17,compose,100,test_shard_099,5000,169758,6.513802919484557,0.024505472496141566,0,14.42251964469274,0.028116495246173965,0,7.9087167252081825,-0.0036110227500323992,0,1bf9d11107646ea114681e373f17339e774b51785a38852d9bbe9a92a4584494,af2c70b009a5f3aaddc3974b33ff6ee4ec6e29c3f4f99750a7e4933ee1d7ce04,df635aea1de880d652c7ce13d7d3e70114eab9e12cbabf9e805a919f1a21cb38,3ca12e6b6eeb29fc0ddd441b9c44c80d7a160faaf7e832eb55007f4c6a3ab52b,0b2aca740c27dfc793b4657a632c9ee7e38856e9
pretrained-transformer-tasks02-seed17-parity,pretrained,transformer,transformer-tasks02-seed17,2,17,parity,100,test_shard_099,5000,10000,1.7837977340221405,0.66139999999999999,0.32279999999999998,7.238937942504883,0.52580000000000005,0.052400000000000002,5.4551402084827423,0.13559999999999994,0.27039999999999997,e5dfb169f18c9d5352d10f4ac54e39dfa5979dc3711ba534629412e044f5aa5c,af2c70b009a5f3aaddc3974b33ff6ee4ec6e29c3f4f99750a7e4933ee1d7ce04,df635aea1de880d652c7ce13d7d3e70114eab9e12cbabf9e805a919f1a21cb38,3ca12e6b6eeb29fc0ddd441b9c44c80d7a160faaf7e832eb55007f4c6a3ab52b,0b2aca740c27dfc793b4657a632c9ee7e38856e9
pretrained-transformer-tasks02-seed17-to_lehmer,pretrained,transformer,transformer-tasks02-seed17,2,17,to_lehmer,100,test_shard_099,5000,171258,6.8426043218829555,0.06842308096556074,0,15.762748748644224,0.028956311529972321,0,8.9201444267612686,0.039466769435588418,0,ce8dee1a9eabd4ccd407b9c631bf3420c15a2e7353d8eb225a494e3d3e918987,af2c70b009a5f3aaddc3974b33ff6ee4ec6e29c3f4f99750a7e4933ee1d7ce04,df635aea1de880d652c7ce13d7d3e70114eab9e12cbabf9e805a919f1a21cb38,3ca12e6b6eeb29fc0ddd441b9c44c80d7a160faaf7e832eb55007f4c6a3ab52b,0b2aca740c27dfc793b4657a632c9ee7e38856e9
pretrained-transformer-tasks02-seed42-to_reduced_word,pretrained,transformer,transformer-tasks02-seed42,2,42,to_reduced_word,100,test_shard_099,5000,790719,6.3813444649298221,0.032340186589673449,0,13.62709389013156,0.033230515518154993,0,7.2457494252017378,-0.00089032892848154438,0,a656a95bdb4eadc80fdff42054b5d557bfc3560139df3388f5c398463448fdfd,af2c70b009a5f3aaddc3974b33ff6ee4ec6e29c3f4f99750a7e4933ee1d7ce04,df635aea1de880d652c7ce13d7d3e70114eab9e12cbabf9e805a919f1a21cb38,3ca12e6b6eeb29fc0ddd441b9c44c80d7a160faaf7e832eb55007f4c6a3ab52b,0b2aca740c27dfc793b4657a632c9ee7e38856e9
pretrained-transformer-tasks02-seed42-compose,pretrained,transformer,transformer-tasks02-seed42,2,42,compose,100,test_shard_099,5000,169758,6.6520606817464509,0.029165046713556946,0,13.105964693812295,0.029736448355894861,0,6.453904012065844,-0.00057140164233791466,0,7934ab9cf2e1c6271174ea74384ade1bcb08b051fb0feb846d13cf14c6377b24,af2c70b009a5f3aaddc3974b33ff6ee4ec6e29c3f4f99750a7e4933ee1d7ce04,df635aea1de880d652c7ce13d7d3e70114eab9e12cbabf9e805a919f1a21cb38,3ca12e6b6eeb29fc0ddd441b9c44c80d7a160faaf7e832eb55007f4c6a3ab52b,0b2aca740c27dfc793b4657a632c9ee7e38856e9
pretrained-transformer-tasks02-seed42-parity,pretrained,transformer,transformer-tasks02-seed42,2,42,parity,100,test_shard_099,5000,10000,2.2610925051689148,0.59160000000000001,0.1832,6.5416419044494631,0.52569999999999995,0.067400000000000002,4.2805493992805488,0.06590000000000007,0.1158,390beb95b55fcabf836b3539fafda06095df67f1257f2fe8658807af772ec9fb,af2c70b009a5f3aaddc3974b33ff6ee4ec6e29c3f4f99750a7e4933ee1d7ce04,df635aea1de880d652c7ce13d7d3e70114eab9e12cbabf9e805a919f1a21cb38,3ca12e6b6eeb29fc0ddd441b9c44c80d7a160faaf7e832eb55007f4c6a3ab52b,0b2aca740c27dfc793b4657a632c9ee7e38856e9
pretrained-transformer-tasks02-seed42-to_lehmer,pretrained,transformer,transformer-tasks02-seed42,2,42,to_lehmer,100,test_shard_099,5000,171258,7.6132848673891784,0.055682070326641672,0,14.176722161793172,0.025517056137523503,0,6.563437294403994,0.030165014189118169,0,18955e2739131c6b3dd7e150330fcf89f8622aef9903ffad1c5d92d2aa1a4009,af2c70b009a5f3aaddc3974b33ff6ee4ec6e29c3f4f99750a7e4933ee1d7ce04,df635aea1de880d652c7ce13d7d3e70114eab9e12cbabf9e805a919f1a21cb38,3ca12e6b6eeb29fc0ddd441b9c44c80d7a160faaf7e832eb55007f4c6a3ab52b,0b2aca740c27dfc793b4657a632c9ee7e38856e9
pretrained-transformer-tasks02-seed314159-to_reduced_word,pretrained,transformer,transformer-tasks02-seed314159,2,314159,to_reduced_word,100,test_shard_099,5000,790719,7.1469774021654855,0.031776142978732012,0,14.730318015697975,0.031260156895180212,0,7.5833406135324894,0.00051598608355180042,0,17222b73919fbd6601e013108eb28a1ee02b9eae8d3ef76303ec0ce9299d2123,af2c70b009a5f3aaddc3974b33ff6ee4ec6e29c3f4f99750a7e4933ee1d7ce04,df635aea1de880d652c7ce13d7d3e70114eab9e12cbabf9e805a919f1a21cb38,3ca12e6b6eeb29fc0ddd441b9c44c80d7a160faaf7e832eb55007f4c6a3ab52b,0b2aca740c27dfc793b4657a632c9ee7e38856e9
pretrained-transformer-tasks02-seed314159-compose,pretrained,transformer,transformer-tasks02-seed314159,2,314159,compose,100,test_shard_099,5000,169758,7.2375382212720414,0.049576455896040247,0,14.362970326577944,0.041930277218157612,0,7.1254321053059027,0.0076461786778826354,0,1966a678de9f527ad65732dbb8ba4e44f7e2cdd535067dffc074e9ce6a453345,af2c70b009a5f3aaddc3974b33ff6ee4ec6e29c3f4f99750a7e4933ee1d7ce04,df635aea1de880d652c7ce13d7d3e70114eab9e12cbabf9e805a919f1a21cb38,3ca12e6b6eeb29fc0ddd441b9c44c80d7a160faaf7e832eb55007f4c6a3ab52b,0b2aca740c27dfc793b4657a632c9ee7e38856e9
pretrained-transformer-tasks02-seed314159-parity,pretrained,transformer,transformer-tasks02-seed314159,2,314159,parity,100,test_shard_099,5000,10000,1.758507693696022,0.65510000000000002,0.31440000000000001,6.5207485763549808,0.43869999999999998,0.075999999999999998,4.7622408826589586,0.21640000000000004,0.2384,c39b1fd4e72da4770dfe54c065b3e7e727f03e34b0f136f08eef578b08057d39,af2c70b009a5f3aaddc3974b33ff6ee4ec6e29c3f4f99750a7e4933ee1d7ce04,df635aea1de880d652c7ce13d7d3e70114eab9e12cbabf9e805a919f1a21cb38,3ca12e6b6eeb29fc0ddd441b9c44c80d7a160faaf7e832eb55007f4c6a3ab52b,0b2aca740c27dfc793b4657a632c9ee7e38856e9
pretrained-transformer-tasks02-seed314159-to_lehmer,pretrained,transformer,transformer-tasks02-seed314159,2,314159,to_lehmer,100,test_shard_099,5000,171258,8.4176943252343044,0.055763818332574246,0,16.325015710374661,0.026100970465613285,0,7.9073213851403565,0.02966284786696096,0,99698adb0a0b479deed117adfb1a2afeb42c1ecf67a01b4b21ea3751df403902,af2c70b009a5f3aaddc3974b33ff6ee4ec6e29c3f4f99750a7e4933ee1d7ce04,df635aea1de880d652c7ce13d7d3e70114eab9e12cbabf9e805a919f1a21cb38,3ca12e6b6eeb29fc0ddd441b9c44c80d7a160faaf7e832eb55007f4c6a3ab52b,0b2aca740c27dfc793b4657a632c9ee7e38856e9
pretrained-transformer-tasks04-seed17-to_reduced_word,pretrained,transformer,transformer-tasks04-seed17,4,17,to_reduced_word,100,test_shard_099,5000,790719,2.2810317045605801,0.51510966601283137,0,8.5445514015072828,0.11788132067143954,0,6.2635196969467026,0.39722834534139184,0,d171cb9d7b67e6d98c01af379dd5ad67ee57306732ee405b90967397ed2ee889,af2c70b009a5f3aaddc3974b33ff6ee4ec6e29c3f4f99750a7e4933ee1d7ce04,df635aea1de880d652c7ce13d7d3e70114eab9e12cbabf9e805a919f1a21cb38,3ca12e6b6eeb29fc0ddd441b9c44c80d7a160faaf7e832eb55007f4c6a3ab52b,0b2aca740c27dfc793b4657a632c9ee7e38856e9
pretrained-transformer-tasks04-seed17-compose,pretrained,transformer,transformer-tasks04-seed17,4,17,compose,100,test_shard_099,5000,169758,3.1252861646305421,0.45493584985685503,0,10.273449603626927,0.10588602598993861,0,7.1481634389963853,0.34904982386691641,0,83a5a93b98ac070a27dae745e41bd168708bd1bc91280a773f4f77f37f1cc680,af2c70b009a5f3aaddc3974b33ff6ee4ec6e29c3f4f99750a7e4933ee1d7ce04,df635aea1de880d652c7ce13d7d3e70114eab9e12cbabf9e805a919f1a21cb38,3ca12e6b6eeb29fc0ddd441b9c44c80d7a160faaf7e832eb55007f4c6a3ab52b,0b2aca740c27dfc793b4657a632c9ee7e38856e9
pretrained-transformer-tasks04-seed17-parity,pretrained,transformer,transformer-tasks04-seed17,4,17,parity,100,test_shard_099,5000,10000,0.98510803995132445,0.7298,0.45960000000000001,4.4770908142089842,0.52690000000000003,0.053800000000000001,3.4919827742576599,0.20289999999999997,0.40579999999999999,d53c919a0dc5b169ae5944960b896ce3b06edd186fa9c093c67cc1c5059f820c,af2c70b009a5f3aaddc3974b33ff6ee4ec6e29c3f4f99750a7e4933ee1d7ce04,df635aea1de880d652c7ce13d7d3e70114eab9e12cbabf9e805a919f1a21cb38,3ca12e6b6eeb29fc0ddd441b9c44c80d7a160faaf7e832eb55007f4c6a3ab52b,0b2aca740c27dfc793b4657a632c9ee7e38856e9
pretrained-transformer-tasks04-seed17-to_lehmer,pretrained,transformer,transformer-tasks04-seed17,4,17,to_lehmer,100,test_shard_099,5000,171258,2.0334676696601286,0.57082880799729063,0,3.7827153868929662,0.44674117413493092,0,1.7492477172328376,0.12408763386235971,0,0242429b76b2b0cab9bfcd4850f237f61d5eed13276b36ce3da64992187c94ad,af2c70b009a5f3aaddc3974b33ff6ee4ec6e29c3f4f99750a7e4933ee1d7ce04,df635aea1de880d652c7ce13d7d3e70114eab9e12cbabf9e805a919f1a21cb38,3ca12e6b6eeb29fc0ddd441b9c44c80d7a160faaf7e832eb55007f4c6a3ab52b,0b2aca740c27dfc793b4657a632c9ee7e38856e9
pretrained-transformer-tasks04-seed42-to_reduced_word,pretrained,transformer,transformer-tasks04-seed42,4,42,to_reduced_word,100,test_shard_099,5000,790719,2.3101036266864003,0.5103051779456419,0,6.5880521292357317,0.18767096781536804,0,4.2779485025493313,0.32263421013027382,0,c13032a08f6b37fe738dd9242275a76356a9d83114f098d8a0bff679daa1a37f,af2c70b009a5f3aaddc3974b33ff6ee4ec6e29c3f4f99750a7e4933ee1d7ce04,df635aea1de880d652c7ce13d7d3e70114eab9e12cbabf9e805a919f1a21cb38,3ca12e6b6eeb29fc0ddd441b9c44c80d7a160faaf7e832eb55007f4c6a3ab52b,0b2aca740c27dfc793b4657a632c9ee7e38856e9
pretrained-transformer-tasks04-seed42-compose,pretrained,transformer,transformer-tasks04-seed42,4,42,compose,100,test_shard_099,5000,169758,3.180071148731761,0.45197869908929184,0,8.205526738683707,0.18772016635445751,0,5.025455589951946,0.26425853273483435,0,8cfd80a8e3437f4ac1b8ef08f5859c33158c4bbb353b57fede207a982f064bb4,af2c70b009a5f3aaddc3974b33ff6ee4ec6e29c3f4f99750a7e4933ee1d7ce04,df635aea1de880d652c7ce13d7d3e70114eab9e12cbabf9e805a919f1a21cb38,3ca12e6b6eeb29fc0ddd441b9c44c80d7a160faaf7e832eb55007f4c6a3ab52b,0b2aca740c27dfc793b4657a632c9ee7e38856e9
pretrained-transformer-tasks04-seed42-parity,pretrained,transformer,transformer-tasks04-seed42,4,42,parity,100,test_shard_099,5000,10000,0.97918610904216763,0.72230000000000005,0.4446,4.4015002792358402,0.53349999999999997,0.067000000000000004,3.4223141701936726,0.18880000000000008,0.37759999999999999,42f769cc745858b2435b25c7ef1c8b6155b588f632028b07030a036806b9044a,af2c70b009a5f3aaddc3974b33ff6ee4ec6e29c3f4f99750a7e4933ee1d7ce04,df635aea1de880d652c7ce13d7d3e70114eab9e12cbabf9e805a919f1a21cb38,3ca12e6b6eeb29fc0ddd441b9c44c80d7a160faaf7e832eb55007f4c6a3ab52b,0b2aca740c27dfc793b4657a632c9ee7e38856e9
pretrained-transformer-tasks04-seed42-to_lehmer,pretrained,transformer,transformer-tasks04-seed42,4,42,to_lehmer,100,test_shard_099,5000,171258,2.1486187652333784,0.56933982646066172,0,3.7716907294111808,0.49131135479802401,0,1.6230719641778024,0.078028471662637711,0,27e75805965b725f1e720fb3aa9a5658ee300e76686b43722aaa6fe56bc8ca92,af2c70b009a5f3aaddc3974b33ff6ee4ec6e29c3f4f99750a7e4933ee1d7ce04,df635aea1de880d652c7ce13d7d3e70114eab9e12cbabf9e805a919f1a21cb38,3ca12e6b6eeb29fc0ddd441b9c44c80d7a160faaf7e832eb55007f4c6a3ab52b,0b2aca740c27dfc793b4657a632c9ee7e38856e9
pretrained-transformer-tasks04-seed314159-to_reduced_word,pretrained,transformer,transformer-tasks04-seed314159,4,314159,to_reduced_word,100,test_shard_099,5000,790719,2.2864267471060162,0.50987518954268207,0,8.7748393966885274,0.19323299427483087,0,6.4884126495825107,0.3166421952678512,0,ce0f30df41d02e5fe1fc46b1c725d3924bbb08717d7e0978d212d254323a909f,af2c70b009a5f3aaddc3974b33ff6ee4ec6e29c3f4f99750a7e4933ee1d7ce04,df635aea1de880d652c7ce13d7d3e70114eab9e12cbabf9e805a919f1a21cb38,3ca12e6b6eeb29fc0ddd441b9c44c80d7a160faaf7e832eb55007f4c6a3ab52b,0b2aca740c27dfc793b4657a632c9ee7e38856e9
pretrained-transformer-tasks04-seed314159-compose,pretrained,transformer,transformer-tasks04-seed314159,4,314159,compose,100,test_shard_099,5000,169758,3.0468199932869742,0.45796958022596873,0,9.8811575131032114,0.10690512376441759,0,6.8343375198162377,0.35106445646155116,0,80a74cc90c33fb810a926d5144bfe4694cd581dea8a296af7120158675028a71,af2c70b009a5f3aaddc3974b33ff6ee4ec6e29c3f4f99750a7e4933ee1d7ce04,df635aea1de880d652c7ce13d7d3e70114eab9e12cbabf9e805a919f1a21cb38,3ca12e6b6eeb29fc0ddd441b9c44c80d7a160faaf7e832eb55007f4c6a3ab52b,0b2aca740c27dfc793b4657a632c9ee7e38856e9
pretrained-transformer-tasks04-seed314159-parity,pretrained,transformer,transformer-tasks04-seed314159,4,314159,parity,100,test_shard_099,5000,10000,0.91369079439640044,0.71999999999999997,0.44,4.1562527984619138,0.53290000000000004,0.065799999999999997,3.2425620040655132,0.18709999999999993,0.37419999999999998,c50562abad1e900d90f500b24504dc183c7884ab6546b3747506e4cc6082563f,af2c70b009a5f3aaddc3974b33ff6ee4ec6e29c3f4f99750a7e4933ee1d7ce04,df635aea1de880d652c7ce13d7d3e70114eab9e12cbabf9e805a919f1a21cb38,3ca12e6b6eeb29fc0ddd441b9c44c80d7a160faaf7e832eb55007f4c6a3ab52b,0b2aca740c27dfc793b4657a632c9ee7e38856e9
pretrained-transformer-tasks04-seed314159-to_lehmer,pretrained,transformer,transformer-tasks04-seed314159,4,314159,to_lehmer,100,test_shard_099,5000,171258,2.0700421470245871,0.56635018510084201,0,3.4028506805840824,0.51636127947307575,0,1.3328085335594952,0.049988905627766256,0,a7fbd41bde557a1f771a5b4719a5ab216daf14288d8f997fb73c845ede3d8e70,af2c70b009a5f3aaddc3974b33ff6ee4ec6e29c3f4f99750a7e4933ee1d7ce04,df635aea1de880d652c7ce13d7d3e70114eab9e12cbabf9e805a919f1a21cb38,3ca12e6b6eeb29fc0ddd441b9c44c80d7a160faaf7e832eb55007f4c6a3ab52b,0b2aca740c27dfc793b4657a632c9ee7e38856e9
pretrained-transformer-tasks08-seed17-to_reduced_word,pretrained,transformer,transformer-tasks08-seed17,8,17,to_reduced_word,100,test_shard_099,5000,790719,2.1936890851357722,0.52041749344583854,0,6.6930600460872087,0.14039753692525411,0,4.4993709609514365,0.3800199565205844,0,546765511f2f738681d8620d75788b95aeb6ce0e2fe919f8aa7b83c155510df5,af2c70b009a5f3aaddc3974b33ff6ee4ec6e29c3f4f99750a7e4933ee1d7ce04,df635aea1de880d652c7ce13d7d3e70114eab9e12cbabf9e805a919f1a21cb38,3ca12e6b6eeb29fc0ddd441b9c44c80d7a160faaf7e832eb55007f4c6a3ab52b,0b2aca740c27dfc793b4657a632c9ee7e38856e9
pretrained-transformer-tasks08-seed17-compose,pretrained,transformer,transformer-tasks08-seed17,8,17,compose,100,test_shard_099,5000,169758,1.7060227020011633,0.53406614121278528,0.0095999999999999992,7.4060841539926043,0.10001885036345858,0,5.7000614519914414,0.43404729084932669,0.0095999999999999992,2e75c095ae1e37bffb402afd684ab33845018541e7127a954b27f576ab7e8cf6,af2c70b009a5f3aaddc3974b33ff6ee4ec6e29c3f4f99750a7e4933ee1d7ce04,df635aea1de880d652c7ce13d7d3e70114eab9e12cbabf9e805a919f1a21cb38,3ca12e6b6eeb29fc0ddd441b9c44c80d7a160faaf7e832eb55007f4c6a3ab52b,0b2aca740c27dfc793b4657a632c9ee7e38856e9
pretrained-transformer-tasks08-seed17-parity,pretrained,transformer,transformer-tasks08-seed17,8,17,parity,100,test_shard_099,5000,10000,0.50557099515199666,0.75090000000000001,0.50180000000000002,5.4938858520507816,0.50519999999999998,0.0104,4.9883148568987847,0.24570000000000003,0.4914,4e055c3d04b3e49e173a59989a8e5815d486af474afc12e02258a24c48e48c58,af2c70b009a5f3aaddc3974b33ff6ee4ec6e29c3f4f99750a7e4933ee1d7ce04,df635aea1de880d652c7ce13d7d3e70114eab9e12cbabf9e805a919f1a21cb38,3ca12e6b6eeb29fc0ddd441b9c44c80d7a160faaf7e832eb55007f4c6a3ab52b,0b2aca740c27dfc793b4657a632c9ee7e38856e9
pretrained-transformer-tasks08-seed17-to_lehmer,pretrained,transformer,transformer-tasks08-seed17,8,17,to_lehmer,100,test_shard_099,5000,171258,1.5387629202128912,0.57801095423279492,0,3.8863039919177589,0.48589846897663175,0,2.3475410717048675,0.092112485256163168,0,138f8c64a1ca7e5cf5f2382bee0e60fde6207c486b1ef117acf1379022349389,af2c70b009a5f3aaddc3974b33ff6ee4ec6e29c3f4f99750a7e4933ee1d7ce04,df635aea1de880d652c7ce13d7d3e70114eab9e12cbabf9e805a919f1a21cb38,3ca12e6b6eeb29fc0ddd441b9c44c80d7a160faaf7e832eb55007f4c6a3ab52b,0b2aca740c27dfc793b4657a632c9ee7e38856e9
pretrained-transformer-tasks08-seed42-to_reduced_word,pretrained,transformer,transformer-tasks08-seed42,8,42,to_reduced_word,100,test_shard_099,5000,790719,2.0623438579602373,0.51902003113621908,0,7.6300185816222914,0.12929498342647641,0,5.5676747236620541,0.3897250477097427,0,578264779282dc417d253684b6f9be8fe9ebbe44ed9fae549936bbf3c19d7f48,af2c70b009a5f3aaddc3974b33ff6ee4ec6e29c3f4f99750a7e4933ee1d7ce04,df635aea1de880d652c7ce13d7d3e70114eab9e12cbabf9e805a919f1a21cb38,3ca12e6b6eeb29fc0ddd441b9c44c80d7a160faaf7e832eb55007f4c6a3ab52b,0b2aca740c27dfc793b4657a632c9ee7e38856e9
pretrained-transformer-tasks08-seed42-compose,pretrained,transformer,transformer-tasks08-seed42,8,42,compose,100,test_shard_099,5000,169758,1.7128994298277043,0.53277606946358935,0,8.6514997248035623,0.088190247293205626,0,6.9386002949758581,0.44458582217038373,0,d9c0d926871d95d42d32d6a9663a93b83821e64546ba7e77c84e3befb204f428,af2c70b009a5f3aaddc3974b33ff6ee4ec6e29c3f4f99750a7e4933ee1d7ce04,df635aea1de880d652c7ce13d7d3e70114eab9e12cbabf9e805a919f1a21cb38,3ca12e6b6eeb29fc0ddd441b9c44c80d7a160faaf7e832eb55007f4c6a3ab52b,0b2aca740c27dfc793b4657a632c9ee7e38856e9
pretrained-transformer-tasks08-seed42-parity,pretrained,transformer,transformer-tasks08-seed42,8,42,parity,100,test_shard_099,5000,10000,0.47562117878198623,0.74360000000000004,0.48720000000000002,2.8583246276855467,0.53769999999999996,0.075399999999999995,2.3827034489035603,0.20590000000000008,0.41180000000000005,d0e26c77d19b6594f102b2c4c3435b9d37cb6f91ee751a48dba548eaa5102b71,af2c70b009a5f3aaddc3974b33ff6ee4ec6e29c3f4f99750a7e4933ee1d7ce04,df635aea1de880d652c7ce13d7d3e70114eab9e12cbabf9e805a919f1a21cb38,3ca12e6b6eeb29fc0ddd441b9c44c80d7a160faaf7e832eb55007f4c6a3ab52b,0b2aca740c27dfc793b4657a632c9ee7e38856e9
pretrained-transformer-tasks08-seed42-to_lehmer,pretrained,transformer,transformer-tasks08-seed42,8,42,to_lehmer,100,test_shard_099,5000,171258,1.5287837078053186,0.57613075009634585,0,4.5568672866856037,0.40221186747480409,0,3.0280835788802851,0.17391888262154176,0,37861fdfd40b8e916d575579f0f4690bb527cb893d9175fc571123b990e448c2,af2c70b009a5f3aaddc3974b33ff6ee4ec6e29c3f4f99750a7e4933ee1d7ce04,df635aea1de880d652c7ce13d7d3e70114eab9e12cbabf9e805a919f1a21cb38,3ca12e6b6eeb29fc0ddd441b9c44c80d7a160faaf7e832eb55007f4c6a3ab52b,0b2aca740c27dfc793b4657a632c9ee7e38856e9
pretrained-transformer-tasks08-seed314159-to_reduced_word,pretrained,transformer,transformer-tasks08-seed314159,8,314159,to_reduced_word,100,test_shard_099,5000,790719,2.4008955700605341,0.48443505214874055,0,9.9938219400634107,0.12192068231571519,0,7.5929263700028766,0.36251436983302537,0,96f21f47076c1349f2a57069dfe0e793e6f615daf49085ded203237267690b45,af2c70b009a5f3aaddc3974b33ff6ee4ec6e29c3f4f99750a7e4933ee1d7ce04,df635aea1de880d652c7ce13d7d3e70114eab9e12cbabf9e805a919f1a21cb38,3ca12e6b6eeb29fc0ddd441b9c44c80d7a160faaf7e832eb55007f4c6a3ab52b,0b2aca740c27dfc793b4657a632c9ee7e38856e9
pretrained-transformer-tasks08-seed314159-compose,pretrained,transformer,transformer-tasks08-seed314159,8,314159,compose,100,test_shard_099,5000,169758,1.7526355092142543,0.52858186359405746,0,10.681823200503622,0.059661400346375432,0,8.9291876912893677,0.468920463247682,0,f82befab06aaeed1edf93f369de07750e218803483b7479e946617dbd3de790e,af2c70b009a5f3aaddc3974b33ff6ee4ec6e29c3f4f99750a7e4933ee1d7ce04,df635aea1de880d652c7ce13d7d3e70114eab9e12cbabf9e805a919f1a21cb38,3ca12e6b6eeb29fc0ddd441b9c44c80d7a160faaf7e832eb55007f4c6a3ab52b,0b2aca740c27dfc793b4657a632c9ee7e38856e9
pretrained-transformer-tasks08-seed314159-parity,pretrained,transformer,transformer-tasks08-seed314159,8,314159,parity,100,test_shard_099,5000,10000,0.42240972456932069,0.75619999999999998,0.51239999999999997,4.6166141357421875,0.50539999999999996,0.010800000000000001,4.1942044111728665,0.25080000000000002,0.50159999999999993,fcd9d23f89d47c3e7431b6e7cc1fe1d32cda2672e3bfa3fa197b5d6f1ea6915e,af2c70b009a5f3aaddc3974b33ff6ee4ec6e29c3f4f99750a7e4933ee1d7ce04,df635aea1de880d652c7ce13d7d3e70114eab9e12cbabf9e805a919f1a21cb38,3ca12e6b6eeb29fc0ddd441b9c44c80d7a160faaf7e832eb55007f4c6a3ab52b,0b2aca740c27dfc793b4657a632c9ee7e38856e9
pretrained-transformer-tasks08-seed314159-to_lehmer,pretrained,transformer,transformer-tasks08-seed314159,8,314159,to_lehmer,100,test_shard_099,5000,171258,1.5004699226435259,0.59351971878685961,0,3.3161256974126756,0.50823903116934688,0,1.8156557747691497,0.085280687617512729,0,7a21db23a2bf510d35fd18c10bdfc7382fb1f7e596f81938b0f623407ec1c575,af2c70b009a5f3aaddc3974b33ff6ee4ec6e29c3f4f99750a7e4933ee1d7ce04,df635aea1de880d652c7ce13d7d3e70114eab9e12cbabf9e805a919f1a21cb38,3ca12e6b6eeb29fc0ddd441b9c44c80d7a160faaf7e832eb55007f4c6a3ab52b,0b2aca740c27dfc793b4657a632c9ee7e38856e9
pretrained-transformer-tasks16-seed17-to_reduced_word,pretrained,transformer,transformer-tasks16-seed17,16,17,to_reduced_word,100,test_shard_099,5000,790719,1.9454467842290479,0.52423680220154067,0,5.7754918564023843,0.21171490757146344,0,3.8300450721733363,0.31252189463007723,0,2b4e333683951e20ad23cf72ae0951da7bd1e82d901e244753c927216bdb06a9,af2c70b009a5f3aaddc3974b33ff6ee4ec6e29c3f4f99750a7e4933ee1d7ce04,df635aea1de880d652c7ce13d7d3e70114eab9e12cbabf9e805a919f1a21cb38,3ca12e6b6eeb29fc0ddd441b9c44c80d7a160faaf7e832eb55007f4c6a3ab52b,0b2aca740c27dfc793b4657a632c9ee7e38856e9
pretrained-transformer-tasks16-seed17-compose,pretrained,transformer,transformer-tasks16-seed17,16,17,compose,100,test_shard_099,5000,169758,1.8021687354700389,0.5052309758597533,0,6.7057466209998662,0.10714664404623052,0,4.9035778855298275,0.39808433181352276,0,d30b7dc6a40f4f48834931782afe581487ceb353672978784bb478a8c731852f,af2c70b009a5f3aaddc3974b33ff6ee4ec6e29c3f4f99750a7e4933ee1d7ce04,df635aea1de880d652c7ce13d7d3e70114eab9e12cbabf9e805a919f1a21cb38,3ca12e6b6eeb29fc0ddd441b9c44c80d7a160faaf7e832eb55007f4c6a3ab52b,0b2aca740c27dfc793b4657a632c9ee7e38856e9
pretrained-transformer-tasks16-seed17-parity,pretrained,transformer,transformer-tasks16-seed17,16,17,parity,100,test_shard_099,5000,10000,0.7634978596329689,0.755,0.51000000000000001,4.7912874694824215,0.50349999999999995,0.010999999999999999,4.027789609849453,0.25150000000000006,0.499,e605a20c27ad91d3659bbf7a171633d511e3ba31b2d4da5904c092787ea282c7,af2c70b009a5f3aaddc3974b33ff6ee4ec6e29c3f4f99750a7e4933ee1d7ce04,df635aea1de880d652c7ce13d7d3e70114eab9e12cbabf9e805a919f1a21cb38,3ca12e6b6eeb29fc0ddd441b9c44c80d7a160faaf7e832eb55007f4c6a3ab52b,0b2aca740c27dfc793b4657a632c9ee7e38856e9
pretrained-transformer-tasks16-seed17-to_lehmer,pretrained,transformer,transformer-tasks16-seed17,16,17,to_lehmer,100,test_shard_099,5000,171258,1.3466444442394947,0.58498289131018699,0,3.2436706217225528,0.5041516308727183,0,1.8970261774830581,0.080831260437468688,0,8d26936fbe84944919749faced6cefd28c561dfd328aba23b811c62e7eb8354d,af2c70b009a5f3aaddc3974b33ff6ee4ec6e29c3f4f99750a7e4933ee1d7ce04,df635aea1de880d652c7ce13d7d3e70114eab9e12cbabf9e805a919f1a21cb38,3ca12e6b6eeb29fc0ddd441b9c44c80d7a160faaf7e832eb55007f4c6a3ab52b,0b2aca740c27dfc793b4657a632c9ee7e38856e9
pretrained-transformer-tasks16-seed42-to_reduced_word,pretrained,transformer,transformer-tasks16-seed42,16,42,to_reduced_word,100,test_shard_099,5000,790719,1.9719808905723777,0.51624028257826104,0,9.1027822530773808,0.077146242849861962,0,7.1308013625050028,0.43909403972839911,0,19a762b8770f0aadef6b744a3f8277181ad75a5488efff70fbcba86e0a1ea12f,af2c70b009a5f3aaddc3974b33ff6ee4ec6e29c3f4f99750a7e4933ee1d7ce04,df635aea1de880d652c7ce13d7d3e70114eab9e12cbabf9e805a919f1a21cb38,3ca12e6b6eeb29fc0ddd441b9c44c80d7a160faaf7e832eb55007f4c6a3ab52b,0b2aca740c27dfc793b4657a632c9ee7e38856e9
pretrained-transformer-tasks16-seed42-compose,pretrained,transformer,transformer-tasks16-seed42,16,42,compose,100,test_shard_099,5000,169758,1.6553052047567518,0.52927697074659219,0,6.4490359069970191,0.076956608819613803,0,4.7937307022402678,0.45232036192697839,0,b113e64b39c9b182af9b1d31a86a5660c7e9a8ae5f3ab27ff9eafcfc031d0a7b,af2c70b009a5f3aaddc3974b33ff6ee4ec6e29c3f4f99750a7e4933ee1d7ce04,df635aea1de880d652c7ce13d7d3e70114eab9e12cbabf9e805a919f1a21cb38,3ca12e6b6eeb29fc0ddd441b9c44c80d7a160faaf7e832eb55007f4c6a3ab52b,0b2aca740c27dfc793b4657a632c9ee7e38856e9
pretrained-transformer-tasks16-seed42-parity,pretrained,transformer,transformer-tasks16-seed42,16,42,parity,100,test_shard_099,5000,10000,0.64532501260042185,0.75360000000000005,0.50719999999999998,4.7430275901794436,0.49759999999999999,0,4.0977025775790219,0.25600000000000006,0.50719999999999998,f3ae46d5a481bfae2e30bde1d6021485966ff286b2d3a55e779693b7b7673fe6,af2c70b009a5f3aaddc3974b33ff6ee4ec6e29c3f4f99750a7e4933ee1d7ce04,df635aea1de880d652c7ce13d7d3e70114eab9e12cbabf9e805a919f1a21cb38,3ca12e6b6eeb29fc0ddd441b9c44c80d7a160faaf7e832eb55007f4c6a3ab52b,0b2aca740c27dfc793b4657a632c9ee7e38856e9
pretrained-transformer-tasks16-seed42-to_lehmer,pretrained,transformer,transformer-tasks16-seed42,16,42,to_lehmer,100,test_shard_099,5000,171258,1.2932362899207372,0.59851218629202718,0.0023999999999999998,3.7477408331837054,0.41534410071354333,0,2.454504543262968,0.18316808557848385,0.0023999999999999998,c661d3823d918110d46661e65f653add2ad60f5e53770b2636a1230218a497ff,af2c70b009a5f3aaddc3974b33ff6ee4ec6e29c3f4f99750a7e4933ee1d7ce04,df635aea1de880d652c7ce13d7d3e70114eab9e12cbabf9e805a919f1a21cb38,3ca12e6b6eeb29fc0ddd441b9c44c80d7a160faaf7e832eb55007f4c6a3ab52b,0b2aca740c27dfc793b4657a632c9ee7e38856e9
pretrained-transformer-tasks16-seed314159-to_reduced_word,pretrained,transformer,transformer-tasks16-seed314159,16,314159,to_reduced_word,100,test_shard_099,5000,790719,2.0360766826554277,0.52077918957303415,0,8.0339028230297256,0.1223481413751282,0,5.9978261403742978,0.39843104819790598,0,814dfb5c8a7b19e5841367528655c3a526abda7d3eac9e336492d9c331fa8926,af2c70b009a5f3aaddc3974b33ff6ee4ec6e29c3f4f99750a7e4933ee1d7ce04,df635aea1de880d652c7ce13d7d3e70114eab9e12cbabf9e805a919f1a21cb38,3ca12e6b6eeb29fc0ddd441b9c44c80d7a160faaf7e832eb55007f4c6a3ab52b,0b2aca740c27dfc793b4657a632c9ee7e38856e9
pretrained-transformer-tasks16-seed314159-compose,pretrained,transformer,transformer-tasks16-seed314159,16,314159,compose,100,test_shard_099,5000,169758,1.7490935443541149,0.50888912451843216,0,8.6121587594086133,0.062141401288893602,0,6.8630652150544984,0.44674772322953854,0,53b3a0a23ca77937178243a2893aea08ece39411ef70c2f73c36095786463cef,af2c70b009a5f3aaddc3974b33ff6ee4ec6e29c3f4f99750a7e4933ee1d7ce04,df635aea1de880d652c7ce13d7d3e70114eab9e12cbabf9e805a919f1a21cb38,3ca12e6b6eeb29fc0ddd441b9c44c80d7a160faaf7e832eb55007f4c6a3ab52b,0b2aca740c27dfc793b4657a632c9ee7e38856e9
pretrained-transformer-tasks16-seed314159-parity,pretrained,transformer,transformer-tasks16-seed314159,16,314159,parity,100,test_shard_099,5000,10000,0.735211195397377,0.75470000000000004,0.50939999999999996,5.4997041564941407,0.51239999999999997,0.024799999999999999,4.7644929610967637,0.24230000000000007,0.48459999999999998,b65e313fa4b8d2bdecf907469217586a04379d91a469bd48f8e087e3def31f7e,af2c70b009a5f3aaddc3974b33ff6ee4ec6e29c3f4f99750a7e4933ee1d7ce04,df635aea1de880d652c7ce13d7d3e70114eab9e12cbabf9e805a919f1a21cb38,3ca12e6b6eeb29fc0ddd441b9c44c80d7a160faaf7e832eb55007f4c6a3ab52b,0b2aca740c27dfc793b4657a632c9ee7e38856e9
pretrained-transformer-tasks16-seed314159-to_lehmer,pretrained,transformer,transformer-tasks16-seed314159,16,314159,to_lehmer,100,test_shard_099,5000,171258,1.3808583397673679,0.57857735113104203,0,4.1791178663403228,0.39595230587768165,0,2.7982595265729548,0.18262504525336037,0,73ef5d44216ecd402978619f4b7214a8a70a12599d27a5f36ce82b1ef707f241,af2c70b009a5f3aaddc3974b33ff6ee4ec6e29c3f4f99750a7e4933ee1d7ce04,df635aea1de880d652c7ce13d7d3e70114eab9e12cbabf9e805a919f1a21cb38,3ca12e6b6eeb29fc0ddd441b9c44c80d7a160faaf7e832eb55007f4c6a3ab52b,0b2aca740c27dfc793b4657a632c9ee7e38856e9
random-transformer-seed17-to_reduced_word,random,transformer,,0,17,to_reduced_word,100,test_shard_099,5000,790719,1.4289577518127983,0.54651778950550067,0.024,,,,,,,bfefdc2dda999fa13bc90a9737163cc1a03714b8369f6714eaaf8f7c5c04cace,af2c70b009a5f3aaddc3974b33ff6ee4ec6e29c3f4f99750a7e4933ee1d7ce04,df635aea1de880d652c7ce13d7d3e70114eab9e12cbabf9e805a919f1a21cb38,3ca12e6b6eeb29fc0ddd441b9c44c80d7a160faaf7e832eb55007f4c6a3ab52b,0b2aca740c27dfc793b4657a632c9ee7e38856e9
random-transformer-seed17-compose,random,transformer,,0,17,compose,100,test_shard_099,5000,169758,1.5449519934863387,0.54073445728625458,0.020199999999999999,,,,,,,059eeb19bbfef5fbaee61907289a8faa1845f458f578666b56a8c54537f48e81,af2c70b009a5f3aaddc3974b33ff6ee4ec6e29c3f4f99750a7e4933ee1d7ce04,df635aea1de880d652c7ce13d7d3e70114eab9e12cbabf9e805a919f1a21cb38,3ca12e6b6eeb29fc0ddd441b9c44c80d7a160faaf7e832eb55007f4c6a3ab52b,0b2aca740c27dfc793b4657a632c9ee7e38856e9
random-transformer-seed17-parity,random,transformer,,0,17,parity,100,test_shard_099,5000,10000,0.49741646423339841,0.74809999999999999,0.49619999999999997,,,,,,,b58a996d06fdbe90ecb9825a5d7db8eda8339a851a62b332e8ddd79c17b4d7fd,af2c70b009a5f3aaddc3974b33ff6ee4ec6e29c3f4f99750a7e4933ee1d7ce04,df635aea1de880d652c7ce13d7d3e70114eab9e12cbabf9e805a919f1a21cb38,3ca12e6b6eeb29fc0ddd441b9c44c80d7a160faaf7e832eb55007f4c6a3ab52b,0b2aca740c27dfc793b4657a632c9ee7e38856e9
random-transformer-seed17-to_lehmer,random,transformer,,0,17,to_lehmer,100,test_shard_099,5000,171258,1.1896979253084847,0.61365892396267618,0.050599999999999999,,,,,,,b026e9614ca5e01918a98a4dfe40617b4fa095467f300433af3ed18032cb9442,af2c70b009a5f3aaddc3974b33ff6ee4ec6e29c3f4f99750a7e4933ee1d7ce04,df635aea1de880d652c7ce13d7d3e70114eab9e12cbabf9e805a919f1a21cb38,3ca12e6b6eeb29fc0ddd441b9c44c80d7a160faaf7e832eb55007f4c6a3ab52b,0b2aca740c27dfc793b4657a632c9ee7e38856e9
random-transformer-seed42-to_reduced_word,random,transformer,,0,42,to_reduced_word,100,test_shard_099,5000,790719,1.424051917485339,0.5487259064218768,0.040399999999999998,,,,,,,879f520286a9075bca74ef63ea13a0b4344c21b9036c80fce9b16a9dfe65db6f,af2c70b009a5f3aaddc3974b33ff6ee4ec6e29c3f4f99750a7e4933ee1d7ce04,df635aea1de880d652c7ce13d7d3e70114eab9e12cbabf9e805a919f1a21cb38,3ca12e6b6eeb29fc0ddd441b9c44c80d7a160faaf7e832eb55007f4c6a3ab52b,0b2aca740c27dfc793b4657a632c9ee7e38856e9
random-transformer-seed42-compose,random,transformer,,0,42,compose,100,test_shard_099,5000,169758,1.5432276350890173,0.53909683196079128,0.0095999999999999992,,,,,,,8b266c7b4529ce2e9e5db233b33cffbe000474d0ec0ae72a2f7265f94fcc32da,af2c70b009a5f3aaddc3974b33ff6ee4ec6e29c3f4f99750a7e4933ee1d7ce04,df635aea1de880d652c7ce13d7d3e70114eab9e12cbabf9e805a919f1a21cb38,3ca12e6b6eeb29fc0ddd441b9c44c80d7a160faaf7e832eb55007f4c6a3ab52b,0b2aca740c27dfc793b4657a632c9ee7e38856e9
random-transformer-seed42-parity,random,transformer,,0,42,parity,100,test_shard_099,5000,10000,0.50085758666992186,0.7591,0.51819999999999999,,,,,,,f6695bb3934d0c00d2bcbf32a585adda705cfc2aa285f2c8a281a7fb4248f185,af2c70b009a5f3aaddc3974b33ff6ee4ec6e29c3f4f99750a7e4933ee1d7ce04,df635aea1de880d652c7ce13d7d3e70114eab9e12cbabf9e805a919f1a21cb38,3ca12e6b6eeb29fc0ddd441b9c44c80d7a160faaf7e832eb55007f4c6a3ab52b,0b2aca740c27dfc793b4657a632c9ee7e38856e9
random-transformer-seed42-to_lehmer,random,transformer,,0,42,to_lehmer,100,test_shard_099,5000,171258,1.1598566246836826,0.6131801142136426,0.022599999999999999,,,,,,,76a17b3108354e3bbb41fe24d1c4c6a59bb8385b9a11b4967c7a0f15fa9b7008,af2c70b009a5f3aaddc3974b33ff6ee4ec6e29c3f4f99750a7e4933ee1d7ce04,df635aea1de880d652c7ce13d7d3e70114eab9e12cbabf9e805a919f1a21cb38,3ca12e6b6eeb29fc0ddd441b9c44c80d7a160faaf7e832eb55007f4c6a3ab52b,0b2aca740c27dfc793b4657a632c9ee7e38856e9
random-transformer-seed314159-to_reduced_word,random,transformer,,0,314159,to_reduced_word,100,test_shard_099,5000,790719,1.4337943790924481,0.5488270801637497,0.023800000000000002,,,,,,,b295620c9f8ef62ac6c277057a7e1418cd1a69a8bb53f97732077a7bc8f54ef6,af2c70b009a5f3aaddc3974b33ff6ee4ec6e29c3f4f99750a7e4933ee1d7ce04,df635aea1de880d652c7ce13d7d3e70114eab9e12cbabf9e805a919f1a21cb38,3ca12e6b6eeb29fc0ddd441b9c44c80d7a160faaf7e832eb55007f4c6a3ab52b,0b2aca740c27dfc793b4657a632c9ee7e38856e9
random-transformer-seed314159-compose,random,transformer,,0,314159,compose,100,test_shard_099,5000,169758,1.5570878292784802,0.54075802024057773,0.02,,,,,,,35226fe088eed4afd55afe562d1febc4c38590a61b2c6df6856223f67620bb32,af2c70b009a5f3aaddc3974b33ff6ee4ec6e29c3f4f99750a7e4933ee1d7ce04,df635aea1de880d652c7ce13d7d3e70114eab9e12cbabf9e805a919f1a21cb38,3ca12e6b6eeb29fc0ddd441b9c44c80d7a160faaf7e832eb55007f4c6a3ab52b,0b2aca740c27dfc793b4657a632c9ee7e38856e9
random-transformer-seed314159-parity,random,transformer,,0,314159,parity,100,test_shard_099,5000,10000,0.56894159851074222,0.75290000000000001,0.50580000000000003,,,,,,,5c1813585b8478b65dcc50705f44cdf0c75c3b5b30936d645a33bf7d576d8df9,af2c70b009a5f3aaddc3974b33ff6ee4ec6e29c3f4f99750a7e4933ee1d7ce04,df635aea1de880d652c7ce13d7d3e70114eab9e12cbabf9e805a919f1a21cb38,3ca12e6b6eeb29fc0ddd441b9c44c80d7a160faaf7e832eb55007f4c6a3ab52b,0b2aca740c27dfc793b4657a632c9ee7e38856e9
random-transformer-seed314159-to_lehmer,random,transformer,,0,314159,to_lehmer,100,test_shard_099,5000,171258,1.1468569293769078,0.61717408821777664,0.027,,,,,,,b74ef2e7e3cbb9f39f2aca6d487018b618a6ee215e86f846848349eefd5dc4d9,af2c70b009a5f3aaddc3974b33ff6ee4ec6e29c3f4f99750a7e4933ee1d7ce04,df635aea1de880d652c7ce13d7d3e70114eab9e12cbabf9e805a919f1a21cb38,3ca12e6b6eeb29fc0ddd441b9c44c80d7a160faaf7e832eb55007f4c6a3ab52b,0b2aca740c27dfc793b4657a632c9ee7e38856e9
random-mlp-seed17-to_reduced_word,random,mlp,,0,17,to_reduced_word,100,test_shard_099,5000,790719,1.6623162906705475,0.5276792387687661,0.024,,,,,,,e377f3d2e08238491f1179fd0ac44b760476f8f4d6095e4a78918eff4ec9c520,af2c70b009a5f3aaddc3974b33ff6ee4ec6e29c3f4f99750a7e4933ee1d7ce04,df635aea1de880d652c7ce13d7d3e70114eab9e12cbabf9e805a919f1a21cb38,3ca12e6b6eeb29fc0ddd441b9c44c80d7a160faaf7e832eb55007f4c6a3ab52b,0b2aca740c27dfc793b4657a632c9ee7e38856e9
random-mlp-seed17-compose,random,mlp,,0,17,compose,100,test_shard_099,5000,169758,1.6156180327203145,0.54041046666431036,0.020199999999999999,,,,,,,83d5edf7e68866096405b1fcab2e7ea647f9ae940282954eebbc0ba1beae0dc1,af2c70b009a5f3aaddc3974b33ff6ee4ec6e29c3f4f99750a7e4933ee1d7ce04,df635aea1de880d652c7ce13d7d3e70114eab9e12cbabf9e805a919f1a21cb38,3ca12e6b6eeb29fc0ddd441b9c44c80d7a160faaf7e832eb55007f4c6a3ab52b,0b2aca740c27dfc793b4657a632c9ee7e38856e9
random-mlp-seed17-parity,random,mlp,,0,17,parity,100,test_shard_099,5000,10000,0.48545023193359377,0.74480000000000002,0.48959999999999998,,,,,,,97e0b5ca68c0fd9a8bfce5a04cfde3526212b09092c3c06e48ace661271c8fde,af2c70b009a5f3aaddc3974b33ff6ee4ec6e29c3f4f99750a7e4933ee1d7ce04,df635aea1de880d652c7ce13d7d3e70114eab9e12cbabf9e805a919f1a21cb38,3ca12e6b6eeb29fc0ddd441b9c44c80d7a160faaf7e832eb55007f4c6a3ab52b,0b2aca740c27dfc793b4657a632c9ee7e38856e9
random-mlp-seed17-to_lehmer,random,mlp,,0,17,to_lehmer,100,test_shard_099,5000,171258,1.3450235633380996,0.60183465881885811,0.024799999999999999,,,,,,,2740cebb0b792e2817caac3bdc2fb53c38b965f11ad49448ac870a2bc1901e90,af2c70b009a5f3aaddc3974b33ff6ee4ec6e29c3f4f99750a7e4933ee1d7ce04,df635aea1de880d652c7ce13d7d3e70114eab9e12cbabf9e805a919f1a21cb38,3ca12e6b6eeb29fc0ddd441b9c44c80d7a160faaf7e832eb55007f4c6a3ab52b,0b2aca740c27dfc793b4657a632c9ee7e38856e9
random-mlp-seed42-to_reduced_word,random,mlp,,0,42,to_reduced_word,100,test_shard_099,5000,790719,1.6006732428468831,0.53048301609041892,0.022200000000000001,,,,,,,f6eb2e87886a45f47d5617fe91e66046c4c7c5c950d5b4337c906384c1908d2b,af2c70b009a5f3aaddc3974b33ff6ee4ec6e29c3f4f99750a7e4933ee1d7ce04,df635aea1de880d652c7ce13d7d3e70114eab9e12cbabf9e805a919f1a21cb38,3ca12e6b6eeb29fc0ddd441b9c44c80d7a160faaf7e832eb55007f4c6a3ab52b,0b2aca740c27dfc793b4657a632c9ee7e38856e9
random-mlp-seed42-compose,random,mlp,,0,42,compose,100,test_shard_099,5000,169758,1.6260030995869856,0.53226946594564029,0.018599999999999998,,,,,,,4d69e4b7d034662fbdc0bb29bdfd2e0c66c700792b3f22fe87cbd1103750b041,af2c70b009a5f3aaddc3974b33ff6ee4ec6e29c3f4f99750a7e4933ee1d7ce04,df635aea1de880d652c7ce13d7d3e70114eab9e12cbabf9e805a919f1a21cb38,3ca12e6b6eeb29fc0ddd441b9c44c80d7a160faaf7e832eb55007f4c6a3ab52b,0b2aca740c27dfc793b4657a632c9ee7e38856e9
random-mlp-seed42-parity,random,mlp,,0,42,parity,100,test_shard_099,5000,10000,0.50050726623535158,0.74909999999999999,0.49819999999999998,,,,,,,d2926deb03f76349dd24e9a3341a7ad94e95a7553ceed61221aeb0757eceebb2,af2c70b009a5f3aaddc3974b33ff6ee4ec6e29c3f4f99750a7e4933ee1d7ce04,df635aea1de880d652c7ce13d7d3e70114eab9e12cbabf9e805a919f1a21cb38,3ca12e6b6eeb29fc0ddd441b9c44c80d7a160faaf7e832eb55007f4c6a3ab52b,0b2aca740c27dfc793b4657a632c9ee7e38856e9
random-mlp-seed42-to_lehmer,random,mlp,,0,42,to_lehmer,100,test_shard_099,5000,171258,1.3152749154547365,0.60454402130119467,0.024799999999999999,,,,,,,04231b225b77dd644da40291b3d407d7b409afab030a4c0a9388fb42cab6c979,af2c70b009a5f3aaddc3974b33ff6ee4ec6e29c3f4f99750a7e4933ee1d7ce04,df635aea1de880d652c7ce13d7d3e70114eab9e12cbabf9e805a919f1a21cb38,3ca12e6b6eeb29fc0ddd441b9c44c80d7a160faaf7e832eb55007f4c6a3ab52b,0b2aca740c27dfc793b4657a632c9ee7e38856e9
random-mlp-seed314159-to_reduced_word,random,mlp,,0,314159,to_reduced_word,100,test_shard_099,5000,790719,1.6314175962115354,0.52994553058671923,0.023800000000000002,,,,,,,90e57b14547bdb884981576933fac1550df0e3021cd17c5a37392d190c1a5b78,af2c70b009a5f3aaddc3974b33ff6ee4ec6e29c3f4f99750a7e4933ee1d7ce04,df635aea1de880d652c7ce13d7d3e70114eab9e12cbabf9e805a919f1a21cb38,3ca12e6b6eeb29fc0ddd441b9c44c80d7a160faaf7e832eb55007f4c6a3ab52b,0b2aca740c27dfc793b4657a632c9ee7e38856e9
random-mlp-seed314159-compose,random,mlp,,0,314159,compose,100,test_shard_099,5000,169758,1.6334476290502049,0.53457863546931517,0.018200000000000001,,,,,,,b8115bdeee1489e80a52fb8877b4b6cef183df86afbc3a4e3551ceb7db178e9d,af2c70b009a5f3aaddc3974b33ff6ee4ec6e29c3f4f99750a7e4933ee1d7ce04,df635aea1de880d652c7ce13d7d3e70114eab9e12cbabf9e805a919f1a21cb38,3ca12e6b6eeb29fc0ddd441b9c44c80d7a160faaf7e832eb55007f4c6a3ab52b,0b2aca740c27dfc793b4657a632c9ee7e38856e9
random-mlp-seed314159-parity,random,mlp,,0,314159,parity,100,test_shard_099,5000,10000,0.54385156860351558,0.75370000000000004,0.50739999999999996,,,,,,,d89c4ca732ffb4bd017e5646a70ca568df9977f33c93f1fa2c7161d64f06ad27,af2c70b009a5f3aaddc3974b33ff6ee4ec6e29c3f4f99750a7e4933ee1d7ce04,df635aea1de880d652c7ce13d7d3e70114eab9e12cbabf9e805a919f1a21cb38,3ca12e6b6eeb29fc0ddd441b9c44c80d7a160faaf7e832eb55007f4c6a3ab52b,0b2aca740c27dfc793b4657a632c9ee7e38856e9
random-mlp-seed314159-to_lehmer,random,mlp,,0,314159,to_lehmer,100,test_shard_099,5000,171258,1.3096606891374007,0.59824358570110592,0.020199999999999999,,,,,,,0934ebe317d1068f225f6e18f59222265aa001660c8b0f11a0b9cbfff1a86fb0,af2c70b009a5f3aaddc3974b33ff6ee4ec6e29c3f4f99750a7e4933ee1d7ce04,df635aea1de880d652c7ce13d7d3e70114eab9e12cbabf9e805a919f1a21cb38,3ca12e6b6eeb29fc0ddd441b9c44c80d7a160faaf7e832eb55007f4c6a3ab52b,0b2aca740c27dfc793b4657a632c9ee7e38856e9
