run_id,architecture,trained_task_count,seed,task,task_status,examples,supervised_tokens,loss,token_accuracy,sequence_accuracy,in_domain_loss,in_domain_token_accuracy,in_domain_sequence_accuracy,loss_delta_out_minus_in,token_accuracy_delta_out_minus_in,sequence_accuracy_delta_out_minus_in
transformer-tasks01-seed17,transformer,1,17,bruhat_leq,pool_unseen,1000,2000,5.75935998916626,0.5,0.0,6.002512001037598,0.4979,0.0,-0.24315201187133795,0.0020999999999999908,0.0
transformer-tasks01-seed17,transformer,1,17,compose,fixed_train_holdout,1000,72906,12.451031229425562,0.007886868021836337,0.0,14.738192049030825,0.005331118415626951,0.0,-2.2871608196052637,0.002555749606209385,0.0
transformer-tasks01-seed17,transformer,1,17,cycle_type,pool_unseen,1000,10104,14.963948712684951,0.006334125098970704,0.0,15.341897050594477,0.00975308054617251,0.0,-0.3779483379095261,-0.0034189554472018064,0.0
transformer-tasks01-seed17,transformer,1,17,descents,pool_unseen,1000,2000,4.764508163452148,0.325,0.041,1.5124384819030763,0.6948,0.3896,3.252069681549072,-0.36979999999999996,-0.3486
transformer-tasks01-seed17,transformer,1,17,exceedances,pool_unseen,1000,2000,4.754404586791992,0.337,0.055,2.092679783630371,0.6494,0.2988,2.6617248031616207,-0.31239999999999996,-0.24380000000000002
transformer-tasks01-seed17,transformer,1,17,fixed_points,pool_unseen,1000,2000,5.929188079833985,0.4995,0.0,6.212362001037597,0.5109,0.0398,-0.2831739212036126,-0.011400000000000021,-0.0398
transformer-tasks01-seed17,transformer,1,17,inverse,pool_unseen,1000,73094,12.732621051317482,0.006813144717760691,0.0,14.92154544733327,0.005878603300517034,0.0,-2.1889243960157874,0.0009345414172436577,0.0
transformer-tasks01-seed17,transformer,1,17,lds_length,pool_unseen,1000,2000,4.336999599456787,0.5055,0.011,4.162381405639649,0.5562,0.1316,0.17461819381713806,-0.05070000000000008,-0.1206
transformer-tasks01-seed17,transformer,1,17,length,pool_unseen,1000,5000,16.3406875,0.0,0.0,13.46521497257478,0.10987564971379696,0.05,2.875472527425222,-0.10987564971379696,-0.05
transformer-tasks01-seed17,transformer,1,17,lis_length,pool_unseen,1000,2000,4.466108987808227,0.5125,0.025,4.596392701721191,0.5485,0.1138,-0.13028371391296378,-0.03600000000000003,-0.08879999999999999
transformer-tasks01-seed17,transformer,1,17,parity,fixed_train_holdout,1000,2000,5.984406295776367,0.5,0.0,6.090256713867188,0.5267,0.0534,-0.10585041809082085,-0.026699999999999946,-0.0534
transformer-tasks01-seed17,transformer,1,17,pattern_avoidance,pool_unseen,1000,2000,5.7931720123291015,0.5,0.0,5.886980801391601,0.4932,0.0,-0.0938087890624999,0.006799999999999973,0.0
transformer-tasks01-seed17,transformer,1,17,peaks,pool_unseen,1000,2000,2.4359401016235354,0.5465,0.095,4.792226383972168,0.5478,0.0956,-2.356286282348633,-0.0012999999999999678,-0.0006000000000000033
transformer-tasks01-seed17,transformer,1,17,recoils,seen,1000,2000,4.935911808013916,0.306,0.036,0.3406209774494171,0.8478,0.6956,4.595290830564499,-0.5418000000000001,-0.6596
transformer-tasks01-seed17,transformer,1,17,right_multiply_simple,pool_unseen,1000,73116,12.704719133166817,0.006729033316921057,0.0,14.927783793743806,0.0052687906478966,0.0,-2.2230646605769895,0.001460242669024457,0.0
transformer-tasks01-seed17,transformer,1,17,rsk_shape,pool_unseen,1000,20450,15.347143805394253,0.0026894865525672372,0.0,15.934563452856048,0.006542741836859484,0.0,-0.587419647461795,-0.0038532552842922467,0.0
transformer-tasks01-seed17,transformer,1,17,to_cycle,pool_unseen,1000,73182,13.054488723319942,0.007242218031756443,0.0,14.78759082331092,0.007185876239962211,0.0,-1.7331020999909779,5.634179179423229e-05,0.0
transformer-tasks01-seed17,transformer,1,17,to_inversion_vector,pool_unseen,1000,72902,14.41601074901923,0.006090367891141532,0.0,16.01350620742029,0.005652106585984681,0.0,-1.5974954584010579,0.00043826130515685086,0.0
transformer-tasks01-seed17,transformer,1,17,to_lehmer,fixed_train_holdout,1000,72832,14.436369616034161,0.005903998242530756,0.0,16.034145833014005,0.006154457018066309,0.0,-1.5977762169798435,-0.0002504587755355536,0.0
transformer-tasks01-seed42,transformer,1,42,bruhat_leq,pool_unseen,1000,2000,6.317147735595703,0.5,0.0,6.83167684173584,0.4999,0.0,-0.5145291061401371,9.999999999998899e-05,0.0
transformer-tasks01-seed42,transformer,1,42,compose,fixed_train_holdout,1000,72906,12.264735356465003,0.013743724796313061,0.0,13.645203743389487,0.028805711660127947,0.0,-1.380468386924484,-0.015061986863814885,0.0
transformer-tasks01-seed42,transformer,1,42,cycle_type,pool_unseen,1000,10104,14.557155968552058,0.014251781472684086,0.0,14.420763660120382,0.025905133450687474,0.0,0.1363923084316756,-0.011653351978003388,0.0
transformer-tasks01-seed42,transformer,1,42,descents,pool_unseen,1000,2000,6.253388748168946,0.2505,0.063,1.9884815107345581,0.6988,0.3978,4.264907237434388,-0.4483,-0.3348
transformer-tasks01-seed42,transformer,1,42,exceedances,pool_unseen,1000,2000,6.080984466552734,0.247,0.054,2.617043681335449,0.6549,0.31,3.463940785217285,-0.40790000000000004,-0.256
transformer-tasks01-seed42,transformer,1,42,fixed_points,pool_unseen,1000,2000,6.368108680725098,0.499,0.0,6.6508268524169925,0.5111,0.0402,-0.2827181716918945,-0.0121,-0.0402
transformer-tasks01-seed42,transformer,1,42,inverse,pool_unseen,1000,73094,12.128796160594577,0.014023038826716284,0.0,13.43674416524829,0.028808697499822934,0.0,-1.3079480046537135,-0.01478565867310665,0.0
transformer-tasks01-seed42,transformer,1,42,lds_length,pool_unseen,1000,2000,5.0328284301757815,0.5055,0.011,4.674197120666504,0.5616,0.1424,0.3586313095092777,-0.05610000000000004,-0.1314
transformer-tasks01-seed42,transformer,1,42,length,pool_unseen,1000,5000,16.1845287109375,0.0008,0.0,12.977036147911663,0.10474373314033818,0.0638,3.207492563025836,-0.10394373314033818,-0.0638
transformer-tasks01-seed42,transformer,1,42,lis_length,pool_unseen,1000,2000,5.090330413818359,0.5105,0.021,5.023998908996582,0.5601,0.137,0.06633150482177719,-0.04960000000000009,-0.116
transformer-tasks01-seed42,transformer,1,42,parity,fixed_train_holdout,1000,2000,6.852331615447998,0.5,0.0,6.578010217285156,0.5316,0.0632,0.27432139816284185,-0.03159999999999996,-0.0632
transformer-tasks01-seed42,transformer,1,42,pattern_avoidance,pool_unseen,1000,2000,6.667377731323242,0.5,0.0,7.034247959899902,0.5,0.0,-0.3668702285766603,0.0,0.0
transformer-tasks01-seed42,transformer,1,42,peaks,pool_unseen,1000,2000,2.92862149810791,0.5545,0.109,5.545476558685302,0.5478,0.0956,-2.616855060577392,0.006700000000000039,0.013399999999999995
transformer-tasks01-seed42,transformer,1,42,recoils,seen,1000,2000,6.223771194458008,0.233,0.034,0.2265574264526367,0.9049,0.8098,5.997213768005372,-0.6719,-0.7757999999999999
transformer-tasks01-seed42,transformer,1,42,right_multiply_simple,pool_unseen,1000,73116,12.047872157983546,0.014319711143935664,0.0,13.442189117095344,0.029001869950252265,0.0,-1.3943169591117979,-0.014682158806316601,0.0
transformer-tasks01-seed42,transformer,1,42,rsk_shape,pool_unseen,1000,20450,14.951013571592298,0.016332518337408314,0.0,14.556253316365405,0.023281765928824753,0.0,0.3947602552268936,-0.006949247591416439,0.0
transformer-tasks01-seed42,transformer,1,42,to_cycle,pool_unseen,1000,73182,12.499817463332,0.013705556011040966,0.0,13.738571566301074,0.029215871516296645,0.0,-1.2387541029690734,-0.01551031550525568,0.0
transformer-tasks01-seed42,transformer,1,42,to_inversion_vector,pool_unseen,1000,72902,14.108191422646156,0.018614029793421305,0.0,14.612764178239017,0.023180188443258566,0.0,-0.5045727555928607,-0.004566158649837261,0.0
transformer-tasks01-seed42,transformer,1,42,to_lehmer,fixed_train_holdout,1000,72832,14.175576127895361,0.018371045694200352,0.0,14.700458153779678,0.023899613448714805,0.0,-0.5248820258843168,-0.0055285677545144525,0.0
transformer-tasks01-seed314159,transformer,1,314159,bruhat_leq,pool_unseen,1000,2000,7.106818481445313,0.347,0.0,6.674214962768555,0.4558,0.0,0.43260351867675784,-0.10880000000000001,0.0
transformer-tasks01-seed314159,transformer,1,314159,compose,fixed_train_holdout,1000,72906,12.950643395905344,0.014374674238059968,0.0,14.672025015366543,0.02242015103853721,0.0,-1.7213816194611997,-0.008045476800477243,0.0
transformer-tasks01-seed314159,transformer,1,314159,cycle_type,pool_unseen,1000,10104,14.973862745416419,0.008511480601741884,0.0,15.347332481131282,0.015224320852561968,0.0,-0.3734697357148633,-0.006712840250820085,0.0
transformer-tasks01-seed314159,transformer,1,314159,descents,pool_unseen,1000,2000,5.262462799072265,0.3385,0.087,1.9372692366123199,0.6876,0.3752,3.325193562459946,-0.34909999999999997,-0.2882
transformer-tasks01-seed314159,transformer,1,314159,exceedances,pool_unseen,1000,2000,5.0839318237304685,0.3455,0.085,2.5225240280151366,0.6426,0.2852,2.561407795715332,-0.2971,-0.2002
transformer-tasks01-seed314159,transformer,1,314159,fixed_points,pool_unseen,1000,2000,6.519518035888672,0.383,0.0,6.37435552520752,0.5088,0.0356,0.1451625106811525,-0.12580000000000002,-0.0356
transformer-tasks01-seed314159,transformer,1,314159,inverse,pool_unseen,1000,73094,12.947867990404479,0.014392426190932225,0.0,14.548278977187213,0.026984913945746865,0.0,-1.6004109867827339,-0.01259248775481464,0.0
transformer-tasks01-seed314159,transformer,1,314159,lds_length,pool_unseen,1000,2000,5.382861255645752,0.5005,0.003,4.687135774230957,0.5604,0.14,0.6957254814147946,-0.059900000000000064,-0.137
transformer-tasks01-seed314159,transformer,1,314159,length,pool_unseen,1000,5000,17.085625,0.0,0.0,14.59150930821672,0.09816435291795512,0.0442,2.4941156917832803,-0.09816435291795512,-0.0442
transformer-tasks01-seed314159,transformer,1,314159,lis_length,pool_unseen,1000,2000,5.360434085845947,0.5045,0.009,5.121344293212891,0.5518,0.1206,0.23908979263305596,-0.04730000000000001,-0.1116
transformer-tasks01-seed314159,transformer,1,314159,parity,fixed_train_holdout,1000,2000,7.313567764282227,0.3265,0.0,6.233561557006836,0.524,0.048,1.0800062072753907,-0.1975,-0.048
transformer-tasks01-seed314159,transformer,1,314159,pattern_avoidance,pool_unseen,1000,2000,6.942392284393311,0.356,0.0,6.403750289916992,0.4771,0.0,0.5386419944763183,-0.12110000000000004,0.0
transformer-tasks01-seed314159,transformer,1,314159,peaks,pool_unseen,1000,2000,3.2028792037963867,0.531,0.063,5.360011972045898,0.5368,0.0736,-2.1571327682495114,-0.005800000000000027,-0.010599999999999998
transformer-tasks01-seed314159,transformer,1,314159,recoils,seen,1000,2000,5.188482822418213,0.3105,0.051,0.25649400820732116,0.891,0.782,4.931988814210892,-0.5805,-0.731
transformer-tasks01-seed314159,transformer,1,314159,right_multiply_simple,pool_unseen,1000,73116,12.953151125010258,0.01371792767656874,0.0,14.477098224564836,0.026320431852662033,0.0,-1.5239470995545776,-0.012602504176093293,0.0
transformer-tasks01-seed314159,transformer,1,314159,rsk_shape,pool_unseen,1000,20450,15.207679028499388,0.004792176039119804,0.0,15.625979152594072,0.009324935795524032,0.0,-0.4183001240946833,-0.004532759756404227,0.0
transformer-tasks01-seed314159,transformer,1,314159,to_cycle,pool_unseen,1000,73182,13.299668468894332,0.013404935639911453,0.0,14.749616824921764,0.022177609825224372,0.0,-1.4499483560274324,-0.008772674185312919,0.0
transformer-tasks01-seed314159,transformer,1,314159,to_inversion_vector,pool_unseen,1000,72902,14.126665067059204,0.013881649337466736,0.0,15.862661348130624,0.016563233314671653,0.0,-1.7359962810714205,-0.002681583977204917,0.0
transformer-tasks01-seed314159,transformer,1,314159,to_lehmer,fixed_train_holdout,1000,72832,14.201349188028614,0.01422451669595782,0.0,15.92254783011049,0.016448866622289178,0.0,-1.7211986420818768,-0.0022243499263313576,0.0
mlp-tasks01-seed17,mlp,1,17,bruhat_leq,pool_unseen,1000,2000,6.0517077674865725,0.4955,0.004,6.783455040740967,0.4503,0.0118,-0.7317472732543946,0.04520000000000002,-0.0078
mlp-tasks01-seed17,mlp,1,17,compose,fixed_train_holdout,1000,72906,13.344680537910117,0.005267056209365484,0.0,12.83430574240242,0.00964313905677494,0.0,0.5103747955076976,-0.004376082847409455,0.0
mlp-tasks01-seed17,mlp,1,17,cycle_type,pool_unseen,1000,10104,14.217295594566508,0.004453681710213777,0.0,16.35127493001124,0.008420952471573338,0.0,-2.1339793354447316,-0.0039672707613595615,0.0
mlp-tasks01-seed17,mlp,1,17,descents,pool_unseen,1000,2000,8.076649887084962,0.145,0.005,0.822153666305542,0.7013,0.4026,7.254496220779419,-0.5563,-0.3976
mlp-tasks01-seed17,mlp,1,17,exceedances,pool_unseen,1000,2000,7.687090316772461,0.1645,0.005,1.1697392955780028,0.6743,0.3486,6.517351021194458,-0.5098,-0.3436
mlp-tasks01-seed17,mlp,1,17,fixed_points,pool_unseen,1000,2000,5.764093017578125,0.452,0.017,6.634849298095703,0.5197,0.0394,-0.8707562805175781,-0.06770000000000004,-0.022399999999999996
mlp-tasks01-seed17,mlp,1,17,inverse,pool_unseen,1000,73094,13.299334269057653,0.004747311680849318,0.0,14.335542582062882,0.004633236537054088,0.0,-1.036208313005229,0.00011407514379523,0.0
mlp-tasks01-seed17,mlp,1,17,lds_length,pool_unseen,1000,2000,5.334233715057373,0.224,0.026,2.734751940155029,0.5683,0.1366,2.5994817749023436,-0.34430000000000005,-0.1106
mlp-tasks01-seed17,mlp,1,17,length,pool_unseen,1000,5000,16.06274375,0.0014,0.0,13.75211787454407,0.13185077965655637,0.0638,2.31062587545593,-0.13045077965655635,-0.0638
mlp-tasks01-seed17,mlp,1,17,lis_length,pool_unseen,1000,2000,5.584640670776367,0.2145,0.033,2.896237705230713,0.5744,0.1488,2.688402965545654,-0.3599,-0.11579999999999999
mlp-tasks01-seed17,mlp,1,17,parity,fixed_train_holdout,1000,2000,5.151456405639649,0.508,0.019,6.9094206268310545,0.5343,0.0686,-1.757964221191406,-0.02629999999999999,-0.04959999999999999
mlp-tasks01-seed17,mlp,1,17,pattern_avoidance,pool_unseen,1000,2000,5.912051139831543,0.5055,0.011,7.10931689453125,0.4303,0.0162,-1.197265754699707,0.07519999999999993,-0.0052
mlp-tasks01-seed17,mlp,1,17,peaks,pool_unseen,1000,2000,4.896352478027344,0.3125,0.076,3.3974808837890627,0.5433,0.0866,1.4988715942382815,-0.2308,-0.010599999999999998
mlp-tasks01-seed17,mlp,1,17,recoils,seen,1000,2000,7.843398639678955,0.152,0.0,0.5907261434555053,0.7535,0.507,7.2526724962234494,-0.6014999999999999,-0.507
mlp-tasks01-seed17,mlp,1,17,right_multiply_simple,pool_unseen,1000,73116,13.272561938178717,0.004540729799223152,0.0,13.858873568365278,0.004116242693669218,0.0,-0.586311630186561,0.00042448710555393395,0.0
mlp-tasks01-seed17,mlp,1,17,rsk_shape,pool_unseen,1000,20450,13.181427834657702,0.009486552567237164,0.0,16.163908139350465,0.01224471077412254,0.0,-2.9824803046927624,-0.0027581582068853753,0.0
mlp-tasks01-seed17,mlp,1,17,to_cycle,pool_unseen,1000,73182,13.518601872941776,0.005588805990544123,0.0,14.428609700443952,0.005816013226263581,0.0,-0.9100078275021755,-0.00022720723571945795,0.0
mlp-tasks01-seed17,mlp,1,17,to_inversion_vector,pool_unseen,1000,72902,13.50630675963108,0.006748786041535212,0.0,15.17209653571168,0.004574096794558731,0.0,-1.665789776080599,0.0021746892469764805,0.0
mlp-tasks01-seed17,mlp,1,17,to_lehmer,fixed_train_holdout,1000,72832,13.52189282248016,0.006453207381370826,0.0,15.106068254384466,0.004729706057527239,0.0,-1.5841754319043062,0.001723501323843587,0.0
mlp-tasks01-seed42,mlp,1,42,bruhat_leq,pool_unseen,1000,2000,6.41466569519043,0.356,0.016,9.142476608276366,0.3113,0.0246,-2.7278109130859365,0.04469999999999996,-0.0086
mlp-tasks01-seed42,mlp,1,42,compose,fixed_train_holdout,1000,72906,11.72750892416262,0.010588977587578525,0.0,11.451067780356817,0.01867364130114634,0.0,0.276441143805803,-0.008084663713567813,0.0
mlp-tasks01-seed42,mlp,1,42,cycle_type,pool_unseen,1000,10104,11.64467231224948,0.023950910530482976,0.0,15.246926951461699,0.010157476568818689,0.0,-3.6022546392122194,0.013793433961664287,0.0
mlp-tasks01-seed42,mlp,1,42,descents,pool_unseen,1000,2000,9.448872100830078,0.0765,0.008,0.8157403852462769,0.699,0.398,8.6331317155838,-0.6224999999999999,-0.39
mlp-tasks01-seed42,mlp,1,42,exceedances,pool_unseen,1000,2000,9.355616058349609,0.0795,0.003,1.0821605800628662,0.6721,0.3442,8.273455478286742,-0.5926,-0.3412
mlp-tasks01-seed42,mlp,1,42,fixed_points,pool_unseen,1000,2000,6.713454620361328,0.3625,0.023,6.496948611450195,0.5195,0.039,0.21650600891113303,-0.15699999999999997,-0.016
mlp-tasks01-seed42,mlp,1,42,inverse,pool_unseen,1000,73094,11.546084868029524,0.011779352614441678,0.0,13.68178129823214,0.022133295559175578,0.0,-2.135696430202616,-0.0103539429447339,0.0
mlp-tasks01-seed42,mlp,1,42,lds_length,pool_unseen,1000,2000,8.306243553161622,0.1285,0.006,2.6566344509124757,0.5687,0.1374,5.649609102249146,-0.4402,-0.1314
mlp-tasks01-seed42,mlp,1,42,length,pool_unseen,1000,5000,15.42406923828125,0.0008,0.0,12.784346352549663,0.18165668793999606,0.0638,2.6397228857315866,-0.18085668793999607,-0.0638
mlp-tasks01-seed42,mlp,1,42,lis_length,pool_unseen,1000,2000,8.224733551025391,0.1235,0.007,2.8779702293395997,0.5745,0.149,5.346763321685792,-0.451,-0.142
mlp-tasks01-seed42,mlp,1,42,parity,fixed_train_holdout,1000,2000,6.828248199462891,0.3195,0.014,6.485611022949219,0.5342,0.0684,0.342637176513672,-0.2147,-0.054400000000000004
mlp-tasks01-seed42,mlp,1,42,pattern_avoidance,pool_unseen,1000,2000,6.445062057495117,0.364,0.023,9.953511401367187,0.2821,0.0148,-3.50844934387207,0.08189999999999997,0.008199999999999999
mlp-tasks01-seed42,mlp,1,42,peaks,pool_unseen,1000,2000,8.618173645019532,0.107,0.009,3.3429028213500978,0.5439,0.0878,5.275270823669434,-0.43690000000000007,-0.07880000000000001
mlp-tasks01-seed42,mlp,1,42,recoils,seen,1000,2000,9.393128631591797,0.0835,0.004,0.5875862145423889,0.7489,0.4978,8.805542417049407,-0.6654,-0.4938
mlp-tasks01-seed42,mlp,1,42,right_multiply_simple,pool_unseen,1000,73116,11.578088109775903,0.011078286558345642,0.0,13.461861791156363,0.020416563760599325,0.0,-1.8837736813804593,-0.009338277202253683,0.0
mlp-tasks01-seed42,mlp,1,42,rsk_shape,pool_unseen,1000,20450,9.984730287286064,0.04665036674816626,0.0,14.942080741845936,0.007307080836492601,0.0,-4.957350454559872,0.03934328591167366,0.0
mlp-tasks01-seed42,mlp,1,42,to_cycle,pool_unseen,1000,73182,12.009106816951231,0.009455877128255581,0.0,14.172326216159364,0.008059754369390647,0.0,-2.163219399208133,0.001396122758864934,0.0
mlp-tasks01-seed42,mlp,1,42,to_inversion_vector,pool_unseen,1000,72902,10.719262848691566,0.023428712518175084,0.0,13.62746845188153,0.014282140772593536,0.0,-2.9082056031899644,0.009146571745581547,0.0
mlp-tasks01-seed42,mlp,1,42,to_lehmer,fixed_train_holdout,1000,72832,10.703842002184823,0.02384940685413005,0.0,13.52363498735278,0.01525768139298602,0.0,-2.8197929851679575,0.00859172546114403,0.0
mlp-tasks01-seed314159,mlp,1,314159,bruhat_leq,pool_unseen,1000,2000,8.347545616149903,0.332,0.019,11.980989331054687,0.2662,0.0236,-3.633443714904784,0.06580000000000003,-0.0046
mlp-tasks01-seed314159,mlp,1,314159,compose,fixed_train_holdout,1000,72906,11.522105224750021,0.01337338490659205,0.0,11.94157629330245,0.022537965810153278,0.0,-0.4194710685524292,-0.009164580903561228,0.0
mlp-tasks01-seed314159,mlp,1,314159,cycle_type,pool_unseen,1000,10104,13.528941199030086,0.004156769596199525,0.0,15.437052406918294,0.04265188638850564,0.0,-1.9081112078882079,-0.03849511679230611,0.0
mlp-tasks01-seed314159,mlp,1,314159,descents,pool_unseen,1000,2000,10.711887817382813,0.092,0.002,0.8104515016555787,0.7002,0.4004,9.901436315727235,-0.6082000000000001,-0.3984
mlp-tasks01-seed314159,mlp,1,314159,exceedances,pool_unseen,1000,2000,10.747868865966797,0.0905,0.006,1.1487729694366455,0.674,0.348,9.599095896530152,-0.5835,-0.34199999999999997
mlp-tasks01-seed314159,mlp,1,314159,fixed_points,pool_unseen,1000,2000,7.702380546569824,0.2855,0.039,7.468410406494141,0.5199,0.0398,0.23397014007568284,-0.23440000000000005,-0.0008000000000000021
mlp-tasks01-seed314159,mlp,1,314159,inverse,pool_unseen,1000,73094,11.500554388334713,0.01389990970531097,0.0,13.666377366049295,0.022570059258209978,0.0,-2.1658229777145817,-0.008670149552899008,0.0
mlp-tasks01-seed314159,mlp,1,314159,lds_length,pool_unseen,1000,2000,8.412310256958008,0.1445,0.025,2.7881034591674805,0.5662,0.1324,5.624206797790528,-0.4217000000000001,-0.1074
mlp-tasks01-seed314159,mlp,1,314159,length,pool_unseen,1000,5000,15.525521875,0.0012,0.0,13.466286926851813,0.19001250082242252,0.0638,2.0592349481481875,-0.1888125008224225,-0.0638
mlp-tasks01-seed314159,mlp,1,314159,lis_length,pool_unseen,1000,2000,8.129065315246581,0.176,0.033,2.890918640136719,0.5727,0.1454,5.238146675109863,-0.3967,-0.1124
mlp-tasks01-seed314159,mlp,1,314159,parity,fixed_train_holdout,1000,2000,7.6482297210693355,0.312,0.054,7.632351803588867,0.5342,0.0684,0.015877917480468184,-0.2222,-0.014400000000000003
mlp-tasks01-seed314159,mlp,1,314159,pattern_avoidance,pool_unseen,1000,2000,8.25369926071167,0.316,0.015,12.766946142578124,0.2375,0.0176,-4.513246881866454,0.07850000000000001,-0.0026000000000000016
mlp-tasks01-seed314159,mlp,1,314159,peaks,pool_unseen,1000,2000,8.537982711791992,0.132,0.028,3.586044842529297,0.5426,0.0852,4.951937869262695,-0.41059999999999997,-0.0572
mlp-tasks01-seed314159,mlp,1,314159,recoils,seen,1000,2000,10.744983703613281,0.0875,0.001,0.5832894058227539,0.7519,0.5038,10.161694297790527,-0.6644,-0.5028
mlp-tasks01-seed314159,mlp,1,314159,right_multiply_simple,pool_unseen,1000,73116,11.52518205232097,0.013553804912741397,0.0,13.298383518532097,0.020622375895282787,0.0,-1.7732014662111268,-0.00706857098254139,0.0
mlp-tasks01-seed314159,mlp,1,314159,rsk_shape,pool_unseen,1000,20450,12.96940059596577,0.010317848410757946,0.0,15.92514931183216,0.02390852390852391,0.0,-2.95574871586639,-0.013590675497765964,0.0
mlp-tasks01-seed314159,mlp,1,314159,to_cycle,pool_unseen,1000,73182,11.922570985266185,0.014402448689568473,0.0,13.693312743794653,0.014802786962683043,0.0,-1.7707417585284677,-0.00040033827311456924,0.0
mlp-tasks01-seed314159,mlp,1,314159,to_inversion_vector,pool_unseen,1000,72902,11.546714333754561,0.01449891635346081,0.0,14.657146737173136,0.007754523472025348,0.0,-3.1104324034185744,0.006744392881435462,0.0
mlp-tasks01-seed314159,mlp,1,314159,to_lehmer,fixed_train_holdout,1000,72832,11.574347108864407,0.015089521089630931,0.0,14.540510031602539,0.008239031169346834,0.0,-2.966162922738132,0.006850489920284097,0.0
transformer-tasks02-seed17,transformer,2,17,bruhat_leq,pool_unseen,1000,2000,6.355656433105469,0.5,0.0,8.176843029785156,0.4876,0.0,-1.821186596679687,0.012400000000000022,0.0
transformer-tasks02-seed17,transformer,2,17,compose,fixed_train_holdout,1000,72906,15.024435333468782,0.013716292211889282,0.0,14.42251964469274,0.028116495246173965,0.0,0.6019156887760424,-0.014400203034284683,0.0
transformer-tasks02-seed17,transformer,2,17,cycle_type,pool_unseen,1000,10104,16.235663310554607,0.013657957244655582,0.0,15.830284144423647,0.0375374661020981,0.0,0.4053791661309596,-0.023879508857442517,0.0
transformer-tasks02-seed17,transformer,2,17,descents,pool_unseen,1000,2000,6.460401329040527,0.494,0.001,4.045917205810547,0.6009,0.2018,2.4144841232299807,-0.1069,-0.2008
transformer-tasks02-seed17,transformer,2,17,exceedances,pool_unseen,1000,2000,6.396200832366944,0.4995,0.001,3.9257619976043703,0.6126,0.2252,2.4704388347625734,-0.11310000000000003,-0.2242
transformer-tasks02-seed17,transformer,2,17,fixed_points,pool_unseen,1000,2000,6.98456339263916,0.5,0.0,7.147016337585449,0.5129,0.0268,-0.16245294494628926,-0.012900000000000023,-0.0268
transformer-tasks02-seed17,transformer,2,17,inverse,pool_unseen,1000,73094,14.88064638406538,0.013763099570416177,0.0,14.649757756843984,0.028000094435394387,0.0,0.2308886272213968,-0.01423699486497821,0.0
transformer-tasks02-seed17,transformer,2,17,lds_length,pool_unseen,1000,2000,2.1143740234375,0.582,0.164,2.931877687454224,0.6381,0.2762,-0.8175036640167237,-0.05610000000000004,-0.1122
transformer-tasks02-seed17,transformer,2,17,length,pool_unseen,1000,5000,19.2578875,0.0,0.0,15.541248609913172,0.12836370813869333,0.0678,3.716638890086827,-0.12836370813869333,-0.0678
transformer-tasks02-seed17,transformer,2,17,lis_length,seen,1000,2000,1.1967890663146972,0.647,0.294,0.12835488560199737,0.9482,0.8964,1.0684341807126998,-0.3012,-0.6024
transformer-tasks02-seed17,transformer,2,17,parity,fixed_train_holdout,1000,2000,7.026189849853516,0.5,0.0,7.238937942504883,0.5258,0.0524,-0.21274809265136696,-0.025800000000000045,-0.0524
transformer-tasks02-seed17,transformer,2,17,pattern_avoidance,pool_unseen,1000,2000,6.43003125,0.5,0.0,8.201695565795898,0.4981,0.0,-1.7716643157958982,0.0019000000000000128,0.0
transformer-tasks02-seed17,transformer,2,17,peaks,pool_unseen,1000,2000,3.4904961929321288,0.533,0.066,3.9772790267944336,0.5917,0.1834,-0.4867828338623048,-0.058699999999999974,-0.1174
transformer-tasks02-seed17,transformer,2,17,recoils,seen,1000,2000,6.2698145027160646,0.493,0.0,0.10230946320295334,0.9591,0.9182,6.167505039513111,-0.46609999999999996,-0.9182
transformer-tasks02-seed17,transformer,2,17,right_multiply_simple,pool_unseen,1000,73116,14.923980948296201,0.013334974560971607,0.0,14.660499555436601,0.025949970010231804,0.0,0.2634813928595996,-0.012614995449260197,0.0
transformer-tasks02-seed17,transformer,2,17,rsk_shape,pool_unseen,1000,20450,15.510797199724939,0.028948655256723715,0.0,15.521890321861958,0.07178671884554237,0.0,-0.011093122137019407,-0.042838063588818656,0.0
transformer-tasks02-seed17,transformer,2,17,to_cycle,pool_unseen,1000,73182,15.37019801391992,0.013363941952939247,0.0,15.16735935562559,0.029977562588568728,0.0,0.20283865829432912,-0.016613620635629482,0.0
transformer-tasks02-seed17,transformer,2,17,to_inversion_vector,pool_unseen,1000,72902,15.489273887161875,0.020356094483004582,0.0,15.864689300831921,0.027986563590665984,0.0,-0.37541541367004605,-0.0076304691076614015,0.0
transformer-tasks02-seed17,transformer,2,17,to_lehmer,fixed_train_holdout,1000,72832,15.522253549371326,0.01977152899824253,0.0,15.762748748644224,0.02895631152997232,0.0,-0.24049519927289786,-0.009184782531729791,0.0
transformer-tasks02-seed42,transformer,2,42,bruhat_leq,pool_unseen,1000,2000,6.255462348937988,0.5,0.0,6.213872006225586,0.4936,0.0004,0.041590342712402695,0.006400000000000017,-0.0004
transformer-tasks02-seed42,transformer,2,42,compose,fixed_train_holdout,1000,72906,12.250383466810002,0.013647710750829836,0.0,13.105964693812295,0.02973644835589486,0.0,-0.8555812270022933,-0.016088737605065025,0.0
transformer-tasks02-seed42,transformer,2,42,cycle_type,pool_unseen,1000,10104,14.95201295685032,0.014944576405384007,0.0,14.991602051501394,0.037109282078119796,0.0,-0.039589094651073964,-0.02216470567273579,0.0
transformer-tasks02-seed42,transformer,2,42,descents,pool_unseen,1000,2000,5.797211563110351,0.4915,0.003,3.5696439689636232,0.633,0.266,2.227567594146728,-0.14150000000000001,-0.263
transformer-tasks02-seed42,transformer,2,42,exceedances,pool_unseen,1000,2000,5.703231994628906,0.4935,0.01,3.958686602783203,0.6099,0.2198,1.744545391845703,-0.1164,-0.2098
transformer-tasks02-seed42,transformer,2,42,fixed_points,pool_unseen,1000,2000,6.45123254776001,0.4985,0.0,6.551655487060547,0.5112,0.0326,-0.10042293930053692,-0.012699999999999989,-0.0326
transformer-tasks02-seed42,transformer,2,42,inverse,pool_unseen,1000,73094,11.922962480248037,0.012778066599173667,0.0,13.143483128941572,0.02925726562315556,0.0,-1.220520648693535,-0.016479199023981893,0.0
transformer-tasks02-seed42,transformer,2,42,lds_length,pool_unseen,1000,2000,2.37826611328125,0.5615,0.123,3.7259033828735353,0.5941,0.1882,-1.3476372695922851,-0.03259999999999996,-0.06520000000000001
transformer-tasks02-seed42,transformer,2,42,length,pool_unseen,1000,5000,19.400228125,0.0002,0.0,15.803650669349135,0.08224225277978814,0.0648,3.5965774556508663,-0.08204225277978813,-0.0648
transformer-tasks02-seed42,transformer,2,42,lis_length,seen,1000,2000,1.8548505859375,0.5925,0.185,0.14963677705526351,0.9385,0.877,1.7052138088822364,-0.346,-0.692
transformer-tasks02-seed42,transformer,2,42,parity,fixed_train_holdout,1000,2000,6.653503051757813,0.499,0.0,6.541641904449463,0.5257,0.0674,0.11186114730834973,-0.026699999999999946,-0.0674
transformer-tasks02-seed42,transformer,2,42,pattern_avoidance,pool_unseen,1000,2000,6.443006004333496,0.4985,0.0,6.336742845916748,0.4928,0.0,0.1062631584167475,0.005699999999999983,0.0
transformer-tasks02-seed42,transformer,2,42,peaks,pool_unseen,1000,2000,3.23090478515625,0.537,0.074,3.939337191772461,0.5939,0.1878,-0.7084324066162111,-0.05689999999999995,-0.1138
transformer-tasks02-seed42,transformer,2,42,recoils,seen,1000,2000,5.752198757171631,0.4935,0.001,0.10267622735500335,0.9629,0.9258,5.649522529816628,-0.4694,-0.9248
transformer-tasks02-seed42,transformer,2,42,right_multiply_simple,pool_unseen,1000,73116,11.959114732924395,0.012623775917719788,0.0,13.081092450351498,0.02829622834562326,0.0,-1.1219777174271037,-0.015672452427903473,0.0
transformer-tasks02-seed42,transformer,2,42,rsk_shape,pool_unseen,1000,20450,13.6898729752445,0.035256723716381416,0.0,14.164921806627488,0.04540173657820717,0.0,-0.47504883138298837,-0.010145012861825752,0.0
transformer-tasks02-seed42,transformer,2,42,to_cycle,pool_unseen,1000,73182,12.839562078533655,0.013063321581809735,0.0,14.011765382646894,0.02710793575814832,0.0,-1.1722033041132391,-0.014044614176338586,0.0
transformer-tasks02-seed42,transformer,2,42,to_inversion_vector,pool_unseen,1000,72902,13.303135277067158,0.014402897039861732,0.0,14.12487707033437,0.025598265654965396,0.0,-0.8217417932672113,-0.011195368615103665,0.0
transformer-tasks02-seed42,transformer,2,42,to_lehmer,fixed_train_holdout,1000,72832,13.302286506746691,0.01477372583479789,0.0,14.176722161793172,0.025517056137523503,0.0,-0.8744356550464811,-0.010743330302725613,0.0
transformer-tasks02-seed314159,transformer,2,314159,bruhat_leq,pool_unseen,1000,2000,8.424696746826172,0.2515,0.0,5.95024787902832,0.3874,0.0248,2.474448867797851,-0.13590000000000002,-0.0248
transformer-tasks02-seed314159,transformer,2,314159,compose,fixed_train_holdout,1000,72906,13.60996109020091,0.025128247332181164,0.0,14.362970326577944,0.04193027721815761,0.0,-0.753009236377034,-0.016802029885976448,0.0
transformer-tasks02-seed314159,transformer,2,314159,cycle_type,pool_unseen,1000,10104,16.154304220481986,0.012767220902612826,0.0,15.661874880827689,0.06636852371663733,0.0,0.49242933965429714,-0.053601302814024504,0.0
transformer-tasks02-seed314159,transformer,2,314159,descents,pool_unseen,1000,2000,5.264810707092285,0.3925,0.033,2.451574715423584,0.6614,0.3228,2.813235991668701,-0.2689,-0.28979999999999995
transformer-tasks02-seed314159,transformer,2,314159,exceedances,pool_unseen,1000,2000,5.092504829406738,0.408,0.038,2.951228493118286,0.6303,0.2606,2.1412763362884517,-0.2223,-0.2226
transformer-tasks02-seed314159,transformer,2,314159,fixed_points,pool_unseen,1000,2000,7.614071350097657,0.33,0.001,6.4877149200439455,0.455,0.0476,1.1263564300537112,-0.125,-0.0466
transformer-tasks02-seed314159,transformer,2,314159,inverse,pool_unseen,1000,73094,13.431487742346327,0.025145702793662954,0.0,14.617934175947894,0.041368604953136434,0.0,-1.1864464336015672,-0.01622290215947348,0.0
transformer-tasks02-seed314159,transformer,2,314159,lds_length,pool_unseen,1000,2000,3.275583984375,0.532,0.064,3.16268777923584,0.608,0.216,0.11289620513915999,-0.07599999999999996,-0.152
transformer-tasks02-seed314159,transformer,2,314159,length,pool_unseen,1000,5000,18.9178,0.0,0.0,14.343387069917995,0.1407987367589973,0.0622,4.574412930082005,-0.1407987367589973,-0.0622
transformer-tasks02-seed314159,transformer,2,314159,lis_length,seen,1000,2000,1.5487285385131835,0.6,0.2,0.1564065971493721,0.9363,0.8726,1.3923219413638113,-0.33630000000000004,-0.6726000000000001
transformer-tasks02-seed314159,transformer,2,314159,parity,fixed_train_holdout,1000,2000,8.608181320190429,0.2505,0.0,6.520748576354981,0.4387,0.076,2.087432743835448,-0.18819999999999998,-0.076
transformer-tasks02-seed314159,transformer,2,314159,pattern_avoidance,pool_unseen,1000,2000,8.475050750732422,0.26,0.0,6.19657554397583,0.3903,0.0196,2.2784752067565917,-0.13029999999999997,-0.0196
transformer-tasks02-seed314159,transformer,2,314159,peaks,pool_unseen,1000,2000,2.33295369720459,0.562,0.124,3.457405596923828,0.5858,0.1716,-1.1244518997192383,-0.023799999999999932,-0.0476
transformer-tasks02-seed314159,transformer,2,314159,recoils,seen,1000,2000,5.169103183746338,0.397,0.006,0.126364586520195,0.9474,0.8948,5.042738597226143,-0.5504,-0.8888
transformer-tasks02-seed314159,transformer,2,314159,right_multiply_simple,pool_unseen,1000,73116,13.44747286204456,0.024823568028885606,0.0,14.726667941392606,0.039545331592750706,0.0,-1.279195079348046,-0.0147217635638651,0.0
transformer-tasks02-seed314159,transformer,2,314159,rsk_shape,pool_unseen,1000,20450,16.174611810437042,0.02293398533007335,0.0,16.105915207202152,0.07258163140516082,0.0,0.06869660323489057,-0.04964764607508747,0.0
transformer-tasks02-seed314159,transformer,2,314159,to_cycle,pool_unseen,1000,73182,14.20968700572716,0.011204941105736383,0.0,15.425739992886824,0.02629900803023146,0.0,-1.2160529871596637,-0.015094066924495076,0.0
transformer-tasks02-seed314159,transformer,2,314159,to_inversion_vector,pool_unseen,1000,72902,14.964559844680187,0.016007791281446325,0.0,16.3738696467331,0.028022298721873475,0.0,-1.4093098020529151,-0.01201450744042715,0.0
transformer-tasks02-seed314159,transformer,2,314159,to_lehmer,fixed_train_holdout,1000,72832,14.996528907065231,0.016187939367311072,0.0,16.32501571037466,0.026100970465613285,0.0,-1.3284868033094295,-0.009913031098302213,0.0
mlp-tasks02-seed17,mlp,2,17,bruhat_leq,pool_unseen,1000,2000,7.247063827514649,0.3415,0.026,10.01094112701416,0.2818,0.0038,-2.7638772994995113,0.05970000000000003,0.022199999999999998
mlp-tasks02-seed17,mlp,2,17,compose,fixed_train_holdout,1000,72906,12.053721606471433,0.005815707897841056,0.0,12.687202293347369,0.012547273177110947,0.0,-0.6334806868759362,-0.006731565279269891,0.0
mlp-tasks02-seed17,mlp,2,17,cycle_type,pool_unseen,1000,10104,12.93882373317498,0.003859857482185273,0.0,15.33100962619572,0.05844711927303868,0.0,-2.3921858930207396,-0.05458726179085341,0.0
mlp-tasks02-seed17,mlp,2,17,descents,pool_unseen,1000,2000,9.15236442565918,0.047,0.001,1.0984801580429078,0.6443,0.2886,8.053884267616272,-0.5972999999999999,-0.2876
mlp-tasks02-seed17,mlp,2,17,exceedances,pool_unseen,1000,2000,9.228630859375,0.047,0.004,1.293654141998291,0.6263,0.2526,7.93497671737671,-0.5792999999999999,-0.2486
mlp-tasks02-seed17,mlp,2,17,fixed_points,pool_unseen,1000,2000,7.006269081115723,0.3665,0.009,5.771889099121093,0.518,0.036,1.2343799819946293,-0.15150000000000002,-0.026999999999999996
mlp-tasks02-seed17,mlp,2,17,inverse,pool_unseen,1000,73094,12.40159981817078,0.004241114181738583,0.0,14.843361750870946,0.009962934107703568,0.0,-2.4417619327001656,-0.005721819925964985,0.0
mlp-tasks02-seed17,mlp,2,17,lds_length,pool_unseen,1000,2000,5.482024032592774,0.2055,0.011,1.7790826759338378,0.5989,0.1978,3.702941356658936,-0.39339999999999997,-0.1868
mlp-tasks02-seed17,mlp,2,17,length,pool_unseen,1000,5000,13.06289921875,0.0004,0.0,11.887075270968948,0.18948615040463188,0.0582,1.1758239477810513,-0.18908615040463186,-0.0582
mlp-tasks02-seed17,mlp,2,17,lis_length,seen,1000,2000,5.609306213378907,0.2135,0.019,0.48603905658721924,0.787,0.574,5.123267156791687,-0.5735,-0.5549999999999999
mlp-tasks02-seed17,mlp,2,17,parity,fixed_train_holdout,1000,2000,7.155336063385009,0.352,0.003,5.928392434692383,0.5301,0.0602,1.2269436286926263,-0.17810000000000004,-0.057199999999999994
mlp-tasks02-seed17,mlp,2,17,pattern_avoidance,pool_unseen,1000,2000,6.702816169738769,0.3555,0.005,10.332070668029786,0.2796,0.0,-3.629254498291017,0.07589999999999997,0.005
mlp-tasks02-seed17,mlp,2,17,peaks,pool_unseen,1000,2000,6.476202026367187,0.1555,0.004,2.2318371292114256,0.5655,0.131,4.244364897155762,-0.41000000000000003,-0.127
mlp-tasks02-seed17,mlp,2,17,recoils,seen,1000,2000,9.212430114746093,0.0465,0.0,0.6484999537467957,0.7247,0.4494,8.563930160999297,-0.6782,-0.4494
mlp-tasks02-seed17,mlp,2,17,right_multiply_simple,pool_unseen,1000,73116,12.348398435362984,0.00488265222386345,0.0,14.474604732167665,0.010231803267120629,0.0,-2.12620629680468,-0.005349151043257179,0.0
mlp-tasks02-seed17,mlp,2,17,rsk_shape,pool_unseen,1000,20450,13.319674702017116,0.015403422982885086,0.0,16.2231041981857,0.03288186376421671,0.0,-2.9034294961685827,-0.017478440781331622,0.0
mlp-tasks02-seed17,mlp,2,17,to_cycle,pool_unseen,1000,73182,12.284513535176,0.004072039572572491,0.0,14.314594264113795,0.009937411431270665,0.0,-2.0300807289377953,-0.0058653718586981745,0.0
mlp-tasks02-seed17,mlp,2,17,to_inversion_vector,pool_unseen,1000,72902,12.738382198876574,0.005335930427148775,0.0,15.288766725483839,0.00944003049397863,0.0,-2.5503845266072656,-0.004104100066829856,0.0
mlp-tasks02-seed17,mlp,2,17,to_lehmer,fixed_train_holdout,1000,72832,12.77820159429406,0.00484677065026362,0.0,15.221221291943296,0.008145604876852468,0.0,-2.4430196976492358,-0.003298834226588848,0.0
mlp-tasks02-seed42,mlp,2,42,bruhat_leq,pool_unseen,1000,2000,6.67771696472168,0.391,0.0,7.962560931396484,0.3118,0.0058,-1.2848439666748046,0.07919999999999999,-0.0058
mlp-tasks02-seed42,mlp,2,42,compose,fixed_train_holdout,1000,72906,13.088454144934916,0.003854278111540888,0.0,13.616775769588179,0.008559243157907138,0.0,-0.5283216246532625,-0.00470496504636625,0.0
mlp-tasks02-seed42,mlp,2,42,cycle_type,pool_unseen,1000,10104,13.488945049609066,0.007818685669041963,0.0,15.53281872460445,0.047361910652267,0.0,-2.0438736749953836,-0.03954322498322503,0.0
mlp-tasks02-seed42,mlp,2,42,descents,pool_unseen,1000,2000,11.395291381835937,0.013,0.0,0.9987913712501526,0.6539,0.3078,10.396500010585784,-0.6409,-0.3078
mlp-tasks02-seed42,mlp,2,42,exceedances,pool_unseen,1000,2000,11.104107055664063,0.018,0.0,1.1385211883544921,0.6319,0.2638,9.96558586730957,-0.6139,-0.2638
mlp-tasks02-seed42,mlp,2,42,fixed_points,pool_unseen,1000,2000,5.941271011352539,0.4195,0.004,5.658048159790039,0.5115,0.023,0.28322285156249993,-0.09199999999999997,-0.019
mlp-tasks02-seed42,mlp,2,42,inverse,pool_unseen,1000,73094,13.11555045450892,0.0040906230333543105,0.0,15.694850824815703,0.01196378402625304,0.0,-2.5793003703067825,-0.007873160992898729,0.0
mlp-tasks02-seed42,mlp,2,42,lds_length,pool_unseen,1000,2000,4.621696670532226,0.302,0.056,1.7479316017150879,0.5946,0.1892,2.8737650688171383,-0.2926,-0.1332
mlp-tasks02-seed42,mlp,2,42,length,pool_unseen,1000,5000,13.6311513671875,0.0152,0.0,12.477751464763434,0.15033883808145274,0.0556,1.1533999024240664,-0.13513883808145274,-0.0556
mlp-tasks02-seed42,mlp,2,42,lis_length,seen,1000,2000,4.709560726165772,0.291,0.055,0.49607356815338133,0.7828,0.5656,4.2134871580123905,-0.49180000000000007,-0.5105999999999999
mlp-tasks02-seed42,mlp,2,42,parity,fixed_train_holdout,1000,2000,6.355581901550293,0.373,0.003,5.849271960449219,0.5273,0.0546,0.5063099411010743,-0.1543,-0.0516
mlp-tasks02-seed42,mlp,2,42,pattern_avoidance,pool_unseen,1000,2000,6.072882232666015,0.407,0.002,8.321096705627442,0.298,0.0082,-2.2482144729614264,0.10899999999999999,-0.006200000000000001
mlp-tasks02-seed42,mlp,2,42,peaks,pool_unseen,1000,2000,6.236490478515625,0.1955,0.01,2.266103504943848,0.5551,0.1102,3.9703869735717774,-0.35960000000000003,-0.10020000000000001
mlp-tasks02-seed42,mlp,2,42,recoils,seen,1000,2000,11.221254516601563,0.0195,0.0,0.6512852890014649,0.7235,0.447,10.5699692276001,-0.7040000000000001,-0.447
mlp-tasks02-seed42,mlp,2,42,right_multiply_simple,pool_unseen,1000,73116,13.105901522281375,0.004103069095683571,0.0,15.473700591535314,0.011525479542273813,0.0,-2.3677990692539392,-0.007422410446590241,0.0
mlp-tasks02-seed42,mlp,2,42,rsk_shape,pool_unseen,1000,20450,14.118193908542176,0.010660146699266503,0.0,16.170258460337017,0.024993885288002934,0.0,-2.0520645517948406,-0.014333738588736432,0.0
mlp-tasks02-seed42,mlp,2,42,to_cycle,pool_unseen,1000,73182,13.078823120354048,0.0057937744254051545,0.0,15.016825313865434,0.008614785073216816,0.0,-1.9380021935113856,-0.0028210106478116616,0.0
mlp-tasks02-seed42,mlp,2,42,to_inversion_vector,pool_unseen,1000,72902,13.352008866569161,0.006776220131134949,0.0,15.83986289714387,0.007200628938309252,0.0,-2.4878540305747094,-0.00042440880717430334,0.0
mlp-tasks02-seed42,mlp,2,42,to_lehmer,fixed_train_holdout,1000,72832,13.390428432471303,0.006810193321616872,0.0,15.808000615071633,0.006627427623819033,0.0,-2.4175721826003294,0.00018276569779783914,0.0
mlp-tasks02-seed314159,mlp,2,314159,bruhat_leq,pool_unseen,1000,2000,8.048846694946288,0.3235,0.001,10.488801342773437,0.2327,0.0,-2.4399546478271485,0.09080000000000002,0.001
mlp-tasks02-seed314159,mlp,2,314159,compose,fixed_train_holdout,1000,72906,11.015007257847433,0.013826022549584396,0.0,11.165272396726149,0.022532075071572472,0.0,-0.15026513887871573,-0.008706052521988077,0.0
mlp-tasks02-seed314159,mlp,2,314159,cycle_type,pool_unseen,1000,10104,12.57961361991538,0.009303246239113222,0.0,14.64296772902084,0.05219087492268899,0.0,-2.063354109105461,-0.04288762868357577,0.0
mlp-tasks02-seed314159,mlp,2,314159,descents,pool_unseen,1000,2000,13.767483795166015,0.032,0.0,0.9826788904190064,0.647,0.294,12.78480490474701,-0.615,-0.294
mlp-tasks02-seed314159,mlp,2,314159,exceedances,pool_unseen,1000,2000,14.077587036132812,0.021,0.0,1.0638419368743897,0.636,0.272,13.013745099258422,-0.615,-0.272
mlp-tasks02-seed314159,mlp,2,314159,fixed_points,pool_unseen,1000,2000,7.488749534606933,0.2925,0.001,5.798078112792969,0.5143,0.0286,1.6906714218139642,-0.2218,-0.0276
mlp-tasks02-seed314159,mlp,2,314159,inverse,pool_unseen,1000,73094,11.01776022677135,0.013338988152242317,0.0,13.3061023766825,0.0185093372996199,0.0,-2.2883421499111503,-0.005170349147377582,0.0
mlp-tasks02-seed314159,mlp,2,314159,lds_length,pool_unseen,1000,2000,7.122992279052735,0.19,0.025,1.7585676136016846,0.5935,0.187,5.36442466545105,-0.4035,-0.162
mlp-tasks02-seed314159,mlp,2,314159,length,pool_unseen,1000,5000,13.7657390625,0.0016,0.0,12.351250924141095,0.14435160207908415,0.0546,1.4144881383589052,-0.14275160207908416,-0.0546
mlp-tasks02-seed314159,mlp,2,314159,lis_length,seen,1000,2000,6.875938507080078,0.2155,0.032,0.4962012786865234,0.7782,0.5564,6.379737228393554,-0.5627,-0.5244
mlp-tasks02-seed314159,mlp,2,314159,parity,fixed_train_holdout,1000,2000,8.184741668701172,0.283,0.0,5.975612942504883,0.5259,0.0518,2.2091287261962886,-0.24290000000000006,-0.0518
mlp-tasks02-seed314159,mlp,2,314159,pattern_avoidance,pool_unseen,1000,2000,6.877451377868653,0.406,0.0,10.322764123535157,0.2267,0.0002,-3.445312745666504,0.17930000000000001,-0.0002
mlp-tasks02-seed314159,mlp,2,314159,peaks,pool_unseen,1000,2000,9.762600959777831,0.1205,0.006,2.2446550170898436,0.5505,0.101,7.517945942687987,-0.43,-0.095
mlp-tasks02-seed314159,mlp,2,314159,recoils,seen,1000,2000,13.84578549194336,0.027,0.0,0.6572024474143981,0.72,0.44,13.188583044528961,-0.693,-0.44
mlp-tasks02-seed314159,mlp,2,314159,right_multiply_simple,pool_unseen,1000,73116,11.012873993679564,0.01363586629465507,0.0,12.943346000656762,0.016453210081266392,0.0,-1.9304720069771975,-0.002817343786611323,0.0
mlp-tasks02-seed314159,mlp,2,314159,rsk_shape,pool_unseen,1000,20450,11.98242168398533,0.013056234718826406,0.0,15.001574601785352,0.028769719946190535,0.0,-3.0191529178000227,-0.015713485227364127,0.0
mlp-tasks02-seed314159,mlp,2,314159,to_cycle,pool_unseen,1000,73182,11.18208819279331,0.013473258451531798,0.0,13.060443821593056,0.016030940009447332,0.0,-1.8783556287997456,-0.002557681557915534,0.0
mlp-tasks02-seed314159,mlp,2,314159,to_inversion_vector,pool_unseen,1000,72902,11.09061600354757,0.017146305999835396,0.0,13.51496149795528,0.009207752141129944,0.0,-2.42434549440771,0.007938553858705451,0.0
mlp-tasks02-seed314159,mlp,2,314159,to_lehmer,fixed_train_holdout,1000,72832,11.088457023741281,0.0164213532513181,0.0,13.430301448280883,0.009120741804762406,0.0,-2.3418444245396017,0.0073006114465556955,0.0
transformer-tasks04-seed17,transformer,4,17,bruhat_leq,pool_unseen,1000,2000,7.087031723022461,0.043,0.001,8.448249490356446,0.0975,0.0058,-1.3612177673339847,-0.05450000000000001,-0.0048
transformer-tasks04-seed17,transformer,4,17,compose,fixed_train_holdout,1000,72906,10.774623811933346,0.11181521411132143,0.0,10.273449603626927,0.10588602598993861,0.0,0.5011742083064181,0.005929188121382822,0.0
transformer-tasks04-seed17,transformer,4,17,cycle_type,pool_unseen,1000,10104,7.702608273129377,0.38915281076801267,0.0,9.047999694496088,0.2401160854465008,0.0,-1.3453914213667115,0.14903672532151188,0.0
transformer-tasks04-seed17,transformer,4,17,descents,pool_unseen,1000,2000,4.544168495178223,0.4945,0.019,1.9177654453277588,0.6321,0.2642,2.626403049850464,-0.1376,-0.2452
transformer-tasks04-seed17,transformer,4,17,exceedances,pool_unseen,1000,2000,4.418533399581909,0.4975,0.027,1.9993992302894592,0.6371,0.2742,2.41913416929245,-0.1396,-0.2472
transformer-tasks04-seed17,transformer,4,17,fixed_points,seen,1000,2000,1.7652383365631104,0.7475,0.582,0.0045902682900428775,0.9989,0.9978,1.7606480682730674,-0.25139999999999996,-0.41580000000000006
transformer-tasks04-seed17,transformer,4,17,inverse,pool_unseen,1000,73094,7.504585217055692,0.2932525241469888,0.0,6.237141363664156,0.24554382982741932,0.0,1.2674438533915362,0.047708694319569506,0.0
transformer-tasks04-seed17,transformer,4,17,lds_length,pool_unseen,1000,2000,2.6017889347076415,0.523,0.054,1.945599296760559,0.6053,0.2106,0.6561896379470824,-0.08229999999999993,-0.15660000000000002
transformer-tasks04-seed17,transformer,4,17,length,pool_unseen,1000,5000,15.45881611328125,0.0158,0.0,12.21575671530482,0.21060596091848147,0.0628,3.2430593979764293,-0.19480596091848146,-0.0628
transformer-tasks04-seed17,transformer,4,17,lis_length,seen,1000,2000,1.1201654710769653,0.6325,0.27,0.3065067817211151,0.8687,0.7374,0.8136586893558502,-0.23620000000000008,-0.46740000000000004
transformer-tasks04-seed17,transformer,4,17,parity,fixed_train_holdout,1000,2000,4.963825016021729,0.459,0.0,4.477090814208984,0.5269,0.0538,0.4867342018127445,-0.06790000000000002,-0.0538
transformer-tasks04-seed17,transformer,4,17,pattern_avoidance,pool_unseen,1000,2000,7.8505017242431645,0.025,0.002,9.406807110595704,0.1015,0.009,-1.5563053863525393,-0.07650000000000001,-0.006999999999999999
transformer-tasks04-seed17,transformer,4,17,peaks,pool_unseen,1000,2000,2.6848818740844727,0.5165,0.054,2.9134013793945313,0.5525,0.105,-0.2285195053100586,-0.03600000000000003,-0.051
transformer-tasks04-seed17,transformer,4,17,recoils,seen,1000,2000,4.092347236633301,0.498,0.027,0.4005831336021423,0.8323,0.6646,3.6917641030311583,-0.33430000000000004,-0.6376
transformer-tasks04-seed17,transformer,4,17,right_multiply_simple,pool_unseen,1000,73116,7.682929699253584,0.28647628426062693,0.0,5.9469673251759145,0.2932940526173423,0.0,1.735962374077669,-0.006817768356715381,0.0
transformer-tasks04-seed17,transformer,4,17,rsk_shape,pool_unseen,1000,20450,5.749836461596501,0.42444987775061127,0.0,7.465865898528862,0.288843707961355,0.0,-1.7160294369323612,0.13560616978925627,0.0
transformer-tasks04-seed17,transformer,4,17,to_cycle,pool_unseen,1000,73182,8.074724752479264,0.2862725806892405,0.0,7.052575263382412,0.27264407179971656,0.0,1.0221494890968525,0.013628508889523938,0.0
transformer-tasks04-seed17,transformer,4,17,to_inversion_vector,seen,1000,72902,2.6208364281522627,0.5332912677292804,0.0,0.5666841883038601,0.784356350728401,0.2618,2.0541522398484027,-0.25106508299912067,-0.2618
transformer-tasks04-seed17,transformer,4,17,to_lehmer,fixed_train_holdout,1000,72832,3.2590153062280747,0.48566564147627417,0.0,3.782715386892966,0.4467411741349309,0.0,-0.5237000806648915,0.03892446734134325,0.0
transformer-tasks04-seed42,transformer,4,42,bruhat_leq,pool_unseen,1000,2000,4.0119515228271485,0.3485,0.137,10.329040454101563,0.1405,0.0042,-6.317088931274414,0.20799999999999996,0.1328
transformer-tasks04-seed42,transformer,4,42,compose,fixed_train_holdout,1000,72906,6.690328382501955,0.21273969220640276,0.0,8.205526738683707,0.1877201663544575,0.0,-1.5151983561817524,0.02501952585194525,0.0
transformer-tasks04-seed42,transformer,4,42,cycle_type,pool_unseen,1000,10104,8.009542361008016,0.3389746634996041,0.0,8.958736620585002,0.30795946524573004,0.0,-0.949194259576986,0.031015198253874054,0.0
transformer-tasks04-seed42,transformer,4,42,descents,pool_unseen,1000,2000,3.0751211128234863,0.4975,0.043,1.50067084441185,0.6674,0.3348,1.5744502684116364,-0.1699,-0.2918
transformer-tasks04-seed42,transformer,4,42,exceedances,pool_unseen,1000,2000,2.9077644386291506,0.503,0.043,1.8166302703857422,0.6352,0.2704,1.0911341682434084,-0.13219999999999998,-0.2274
transformer-tasks04-seed42,transformer,4,42,fixed_points,seen,1000,2000,0.9787921504974365,0.8615,0.755,0.0022749863505363466,0.9999,0.9998,0.9765171641469002,-0.13839999999999997,-0.24480000000000002
transformer-tasks04-seed42,transformer,4,42,inverse,pool_unseen,1000,73094,6.147075210409712,0.3486469477658905,0.0,5.530610450787678,0.3730611233090162,0.0,0.6164647596220343,-0.024414175543125693,0.0
transformer-tasks04-seed42,transformer,4,42,lds_length,pool_unseen,1000,2000,2.9434323902130126,0.495,0.019,2.569385061645508,0.583,0.166,0.3740473285675048,-0.08799999999999997,-0.14700000000000002
transformer-tasks04-seed42,transformer,4,42,length,pool_unseen,1000,5000,15.9858744140625,0.0008,0.0,12.098460887841421,0.2267912362655438,0.0636,3.8874135262210796,-0.2259912362655438,-0.0636
transformer-tasks04-seed42,transformer,4,42,lis_length,seen,1000,2000,1.0537923755645753,0.614,0.263,0.2928747690439224,0.8749,0.7498,0.7609176065206529,-0.2609,-0.4868
transformer-tasks04-seed42,transformer,4,42,parity,fixed_train_holdout,1000,2000,5.127314842224121,0.449,0.001,4.40150027923584,0.5335,0.067,0.7258145629882806,-0.08449999999999996,-0.066
transformer-tasks04-seed42,transformer,4,42,pattern_avoidance,pool_unseen,1000,2000,4.288140233993531,0.3685,0.16,9.69163285522461,0.1965,0.011,-5.403492621231079,0.172,0.149
transformer-tasks04-seed42,transformer,4,42,peaks,pool_unseen,1000,2000,2.1918804168701174,0.514,0.057,3.3162853286743164,0.5543,0.1086,-1.124404911804199,-0.0403,-0.0516
transformer-tasks04-seed42,transformer,4,42,recoils,seen,1000,2000,2.641521070480347,0.505,0.054,0.3915720123767853,0.8325,0.665,2.2499490581035615,-0.3275,-0.611
transformer-tasks04-seed42,transformer,4,42,right_multiply_simple,pool_unseen,1000,73116,6.239356155266118,0.34184036325838396,0.0,5.719726718983836,0.38208140751978736,0.0,0.5196294362822824,-0.0402410442614034,0.0
transformer-tasks04-seed42,transformer,4,42,rsk_shape,pool_unseen,1000,20450,6.603104931521241,0.31916870415647924,0.0,7.467698577623342,0.3338327014797603,0.0,-0.8645936461021018,-0.014663997323281053,0.0
transformer-tasks04-seed42,transformer,4,42,to_cycle,pool_unseen,1000,73182,7.10510371002475,0.3260364570522806,0.0,7.427049408895991,0.3439773264052905,0.0,-0.32194569887124125,-0.01794086935300987,0.0
transformer-tasks04-seed42,transformer,4,42,to_inversion_vector,seen,1000,72902,3.6803342640205345,0.46444541987874133,0.0,0.4741624296261762,0.822366618622768,0.3366,3.2061718343943584,-0.3579211987440267,-0.3366
transformer-tasks04-seed42,transformer,4,42,to_lehmer,fixed_train_holdout,1000,72832,5.203671058158673,0.34826724516695956,0.0,3.7716907294111808,0.491311354798024,0.0,1.4319803287474926,-0.14304410963106445,0.0
transformer-tasks04-seed314159,transformer,4,314159,bruhat_leq,pool_unseen,1000,2000,6.199912780761719,0.184,0.012,11.946764581298828,0.0255,0.0056,-5.746851800537109,0.1585,0.0064
transformer-tasks04-seed314159,transformer,4,314159,compose,fixed_train_holdout,1000,72906,8.698108326400176,0.1639371245165007,0.0,9.881157513103211,0.10690512376441759,0.0,-1.1830491867030357,0.057032000752083103,0.0
transformer-tasks04-seed314159,transformer,4,314159,cycle_type,pool_unseen,1000,10104,8.809181883895766,0.3096793349168646,0.0,9.07672562552222,0.26297635472667585,0.0,-0.26754374162645433,0.04670298019018876,0.0
transformer-tasks04-seed314159,transformer,4,314159,descents,pool_unseen,1000,2000,5.616341808319092,0.4495,0.002,2.1829443908691406,0.6147,0.2294,3.4333974174499513,-0.1652,-0.2274
transformer-tasks04-seed314159,transformer,4,314159,exceedances,pool_unseen,1000,2000,5.666839050292968,0.447,0.002,2.2003442207336428,0.6136,0.2272,3.4664948295593256,-0.16660000000000003,-0.2252
transformer-tasks04-seed314159,transformer,4,314159,fixed_points,seen,1000,2000,2.1666702632904054,0.649,0.356,0.0008233599781990052,1.0,1.0,2.1658469033122065,-0.351,-0.644
transformer-tasks04-seed314159,transformer,4,314159,inverse,pool_unseen,1000,73094,6.401234412195255,0.36628177415382934,0.0,4.597529572186683,0.43582524730268907,0.0,1.8037048400085727,-0.06954347314885972,0.0
transformer-tasks04-seed314159,transformer,4,314159,lds_length,pool_unseen,1000,2000,1.5463694801330568,0.5795,0.159,2.522157730102539,0.5815,0.163,-0.9757882499694821,-0.0020000000000000018,-0.0040000000000000036
transformer-tasks04-seed314159,transformer,4,314159,length,pool_unseen,1000,5000,15.9253986328125,0.0342,0.0,12.854895898374854,0.17534048292650833,0.0558,3.070502734437646,-0.14114048292650833,-0.0558
transformer-tasks04-seed314159,transformer,4,314159,lis_length,seen,1000,2000,1.0521571273803711,0.6215,0.244,0.28518952412605286,0.88,0.76,0.7669676032543182,-0.25849999999999995,-0.516
transformer-tasks04-seed314159,transformer,4,314159,parity,fixed_train_holdout,1000,2000,5.10798405456543,0.479,0.0,4.156252798461914,0.5329,0.0658,0.9517312561035158,-0.05390000000000006,-0.0658
transformer-tasks04-seed314159,transformer,4,314159,pattern_avoidance,pool_unseen,1000,2000,6.526782207489013,0.191,0.025,11.43880199279785,0.0774,0.002,-4.912019785308837,0.1136,0.023
transformer-tasks04-seed314159,transformer,4,314159,peaks,pool_unseen,1000,2000,2.549565580368042,0.5305,0.062,2.8300361671447756,0.5665,0.133,-0.28047058677673364,-0.03600000000000003,-0.07100000000000001
transformer-tasks04-seed314159,transformer,4,314159,recoils,seen,1000,2000,5.4926492233276365,0.4485,0.0,0.3575565203666687,0.8523,0.7046,5.135092702960968,-0.40379999999999994,-0.7046
transformer-tasks04-seed314159,transformer,4,314159,right_multiply_simple,pool_unseen,1000,73116,6.533177353932877,0.35726790305815415,0.0,4.816097823231173,0.45159298592245,0.0,1.717079530701704,-0.09432508286429586,0.0
transformer-tasks04-seed314159,transformer,4,314159,rsk_shape,pool_unseen,1000,20450,5.952661780471615,0.40762836185819074,0.0,7.75323731342067,0.3212058212058212,0.0,-1.800575532949055,0.08642254065236954,0.0
transformer-tasks04-seed314159,transformer,4,314159,to_cycle,pool_unseen,1000,73182,7.25872884635011,0.3430625017080703,0.0,6.70017361215223,0.3785604629192253,0.0,0.5585552341978799,-0.035497961211155005,0.0
transformer-tasks04-seed314159,transformer,4,314159,to_inversion_vector,seen,1000,72902,3.4385876250180036,0.4571753861348111,0.0,0.5112324463709265,0.8096925587545115,0.2848,2.927355178647077,-0.3525171726197004,-0.2848
transformer-tasks04-seed314159,transformer,4,314159,to_lehmer,fixed_train_holdout,1000,72832,4.6239176718338095,0.3884281634446397,0.0,3.4028506805840824,0.5163612794730758,0.0,1.2210669912497272,-0.12793311602843604,0.0
mlp-tasks04-seed17,mlp,4,17,bruhat_leq,pool_unseen,1000,2000,8.165440063476563,0.265,0.022,10.645450854492188,0.1339,0.0,-2.4800107910156246,0.13110000000000002,0.022
mlp-tasks04-seed17,mlp,4,17,compose,fixed_train_holdout,1000,72906,12.402477724955766,0.1507557677008751,0.0,13.213101132614147,0.05868942848054289,0.0,-0.8106234076583814,0.0920663392203322,0.0
mlp-tasks04-seed17,mlp,4,17,cycle_type,pool_unseen,1000,10104,6.65931666020071,0.3973673792557403,0.0,9.20594451264007,0.33277035063513966,0.0,-2.54662785243936,0.06459702862060063,0.0
mlp-tasks04-seed17,mlp,4,17,descents,pool_unseen,1000,2000,6.795391933441162,0.4465,0.0,1.311802869796753,0.6092,0.2184,5.483589063644409,-0.16269999999999996,-0.2184
mlp-tasks04-seed17,mlp,4,17,exceedances,pool_unseen,1000,2000,6.770925285339356,0.449,0.0,1.4553019721984863,0.5937,0.1874,5.315623313140869,-0.1447,-0.1874
mlp-tasks04-seed17,mlp,4,17,fixed_points,seen,1000,2000,2.9913117408752443,0.5545,0.128,0.4021850642681122,0.8136,0.6272,2.5891266766071324,-0.2591,-0.4992
mlp-tasks04-seed17,mlp,4,17,inverse,pool_unseen,1000,73094,8.026136781329948,0.3179604345089884,0.0,5.118962730798398,0.4610513020280001,0.0,2.90717405053155,-0.14309086751901168,0.0
mlp-tasks04-seed17,mlp,4,17,lds_length,pool_unseen,1000,2000,6.552217750549317,0.458,0.001,1.499722728729248,0.5899,0.1798,5.052495021820069,-0.13189999999999996,-0.1788
mlp-tasks04-seed17,mlp,4,17,length,pool_unseen,1000,5000,17.2968,0.0,0.0,13.80814245366934,0.22481742219882886,0.0298,3.4886575463306606,-0.22481742219882886,-0.0298
mlp-tasks04-seed17,mlp,4,17,lis_length,seen,1000,2000,6.627351902008057,0.4625,0.001,0.5124426748275757,0.7732,0.5464,6.1149092271804815,-0.3107,-0.5454
mlp-tasks04-seed17,mlp,4,17,parity,fixed_train_holdout,1000,2000,3.1446634941101075,0.563,0.144,4.317138032531738,0.5311,0.0622,-1.1724745384216306,0.03189999999999993,0.08179999999999998
mlp-tasks04-seed17,mlp,4,17,pattern_avoidance,pool_unseen,1000,2000,7.153997802734375,0.268,0.007,11.860970974731446,0.1683,0.0,-4.70697317199707,0.09970000000000001,0.007
mlp-tasks04-seed17,mlp,4,17,peaks,pool_unseen,1000,2000,6.769713203430176,0.4715,0.0,1.5791193790435791,0.5637,0.1274,5.190593824386597,-0.0922,-0.1274
mlp-tasks04-seed17,mlp,4,17,recoils,seen,1000,2000,6.891430843353271,0.438,0.0,0.6723925102233886,0.7142,0.4284,6.219038333129883,-0.27619999999999995,-0.4284
mlp-tasks04-seed17,mlp,4,17,right_multiply_simple,pool_unseen,1000,73116,8.285999502823424,0.3068685376661743,0.0,5.448015196929136,0.44264309823707204,0.0,2.837984305894288,-0.13577456057089776,0.0
mlp-tasks04-seed17,mlp,4,17,rsk_shape,pool_unseen,1000,20450,4.523388057046531,0.43638141809290953,0.0,7.121408873757829,0.38357588357588357,0.0,-2.5980208167112986,0.052805534517025965,0.0
mlp-tasks04-seed17,mlp,4,17,to_cycle,pool_unseen,1000,73182,8.872617895815399,0.29877565521576344,0.0,7.113384874260082,0.39313297118564006,0.0,1.7592330215553167,-0.09435731596987662,0.0
mlp-tasks04-seed17,mlp,4,17,to_inversion_vector,seen,1000,72902,5.303012741259242,0.41672382101999944,0.0,0.7800904132771995,0.703392455122631,0.1538,4.522922327982043,-0.2866686341026316,-0.1538
mlp-tasks04-seed17,mlp,4,17,to_lehmer,fixed_train_holdout,1000,72832,5.80300886224569,0.40296847539543057,0.0,3.3882414399014844,0.5322846232000841,0.0,2.4147674223442057,-0.1293161478046535,0.0
mlp-tasks04-seed42,mlp,4,42,bruhat_leq,pool_unseen,1000,2000,6.747508274078369,0.3315,0.103,6.225093273925781,0.2325,0.0,0.5224150001525878,0.099,0.103
mlp-tasks04-seed42,mlp,4,42,compose,fixed_train_holdout,1000,72906,10.528586695217987,0.16267522563300688,0.0,12.231352868460636,0.05684562730475147,0.0,-1.7027661732426491,0.1058295983282554,0.0
mlp-tasks04-seed42,mlp,4,42,cycle_type,pool_unseen,1000,10104,6.7063835609176286,0.3691607284243864,0.0,9.335353773459987,0.37644512108092676,0.0,-2.6289702125423586,-0.0072843926565403505,0.0
mlp-tasks04-seed42,mlp,4,42,descents,pool_unseen,1000,2000,7.296314086914062,0.3565,0.0,2.830034930419922,0.5288,0.0576,4.46627915649414,-0.17230000000000006,-0.0576
mlp-tasks04-seed42,mlp,4,42,exceedances,pool_unseen,1000,2000,7.341857078552246,0.35,0.0,2.6950135345458985,0.5323,0.0646,4.646843544006347,-0.18230000000000002,-0.0646
mlp-tasks04-seed42,mlp,4,42,fixed_points,seen,1000,2000,4.255533882141114,0.455,0.118,0.4062283730506897,0.8157,0.6314,3.8493055090904242,-0.36069999999999997,-0.5134
mlp-tasks04-seed42,mlp,4,42,inverse,pool_unseen,1000,73094,7.4679712376999134,0.3418885271020877,0.0,5.179704995534377,0.4570141889180065,0.0,2.2882662421655366,-0.11512566181591877,0.0
mlp-tasks04-seed42,mlp,4,42,lds_length,pool_unseen,1000,2000,6.111449737548828,0.378,0.0,2.8989753128051756,0.5092,0.0184,3.212474424743652,-0.13119999999999998,-0.0184
mlp-tasks04-seed42,mlp,4,42,length,pool_unseen,1000,5000,15.6453140625,0.0002,0.0,13.066519501758442,0.22527797881439568,0.031,2.5787945607415583,-0.22507797881439567,-0.031
mlp-tasks04-seed42,mlp,4,42,lis_length,seen,1000,2000,6.183849216461182,0.3735,0.0,0.516717441368103,0.773,0.546,5.667131775093079,-0.3995,-0.546
mlp-tasks04-seed42,mlp,4,42,parity,fixed_train_holdout,1000,2000,4.122869022369385,0.4635,0.173,3.26724875793457,0.5753,0.1506,0.855620264434815,-0.11180000000000001,0.022399999999999975
mlp-tasks04-seed42,mlp,4,42,pattern_avoidance,pool_unseen,1000,2000,10.95397314453125,0.1165,0.021,5.556606887817383,0.3142,0.0386,5.397366256713868,-0.1977,-0.0176
mlp-tasks04-seed42,mlp,4,42,peaks,pool_unseen,1000,2000,6.270390480041504,0.373,0.0,2.8509025512695314,0.509,0.018,3.419487928771973,-0.136,-0.018
mlp-tasks04-seed42,mlp,4,42,recoils,seen,1000,2000,7.517239303588867,0.3375,0.0,0.6624295202255249,0.7184,0.4368,6.854809783363342,-0.3809,-0.4368
mlp-tasks04-seed42,mlp,4,42,right_multiply_simple,pool_unseen,1000,73116,7.630401746561115,0.33147327534329013,0.0,5.354795776190604,0.4548212962636277,0.0,2.2756059703705107,-0.12334802092033759,0.0
mlp-tasks04-seed42,mlp,4,42,rsk_shape,pool_unseen,1000,20450,4.373181158312958,0.44088019559902203,0.0,7.113529608858175,0.3952091231502996,0.0,-2.740348450545217,0.04567107244872243,0.0
mlp-tasks04-seed42,mlp,4,42,to_cycle,pool_unseen,1000,73182,8.26241981944416,0.32477931731846627,0.0,7.04006450294491,0.38332546055739253,0.0,1.2223553164992502,-0.05854614323892626,0.0
mlp-tasks04-seed42,mlp,4,42,to_inversion_vector,seen,1000,72902,4.6326316198672535,0.43618830759101257,0.0,0.7964200344059111,0.6993722528617884,0.176,3.836211585461342,-0.2631839452707758,-0.176
mlp-tasks04-seed42,mlp,4,42,to_lehmer,fixed_train_holdout,1000,72832,5.003612538423186,0.42607644991212656,0.0,3.3128022077401584,0.5388244636746896,0.0,1.690810330683028,-0.11274801376256305,0.0
mlp-tasks04-seed314159,mlp,4,314159,bruhat_leq,pool_unseen,1000,2000,7.905129356384277,0.232,0.066,11.375908483886718,0.1348,0.0,-3.470779127502441,0.09720000000000001,0.066
mlp-tasks04-seed314159,mlp,4,314159,compose,fixed_train_holdout,1000,72906,8.78150948438743,0.22889748443200833,0.0,13.461458416171844,0.06669494221185453,0.0,-4.6799489317844145,0.1622025422201538,0.0
mlp-tasks04-seed314159,mlp,4,314159,cycle_type,pool_unseen,1000,10104,7.373378883536996,0.3561955661124307,0.0,7.8542607481345,0.3637661163709025,0.0,-0.4808818645975039,-0.007570550258471809,0.0
mlp-tasks04-seed314159,mlp,4,314159,descents,pool_unseen,1000,2000,5.760008338928222,0.4855,0.0,1.9358300941467286,0.5652,0.1304,3.8241782447814936,-0.07970000000000005,-0.1304
mlp-tasks04-seed314159,mlp,4,314159,exceedances,pool_unseen,1000,2000,5.642231147766113,0.4855,0.0,2.0293322128295896,0.5495,0.099,3.6128989349365233,-0.064,-0.099
mlp-tasks04-seed314159,mlp,4,314159,fixed_points,seen,1000,2000,4.7936170959472655,0.5215,0.051,0.41340656538009646,0.8115,0.623,4.380210530567169,-0.29000000000000004,-0.572
mlp-tasks04-seed314159,mlp,4,314159,inverse,pool_unseen,1000,73094,7.157241445946315,0.3678003666511615,0.0,4.530538274053221,0.4815969025190641,0.0,2.6267031718930944,-0.11379653586790262,0.0
mlp-tasks04-seed314159,mlp,4,314159,lds_length,pool_unseen,1000,2000,4.403326595306397,0.4875,0.001,1.9049994438171387,0.5706,0.1412,2.498327151489258,-0.08310000000000001,-0.1402
mlp-tasks04-seed314159,mlp,4,314159,length,pool_unseen,1000,5000,16.485571875,0.0,0.0,11.137606731409525,0.21659319692085005,0.0284,5.347965143590477,-0.21659319692085005,-0.0284
mlp-tasks04-seed314159,mlp,4,314159,lis_length,seen,1000,2000,4.450287870407104,0.4905,0.004,0.5156254397392273,0.7733,0.5466,3.934662430667877,-0.2828,-0.5426
mlp-tasks04-seed314159,mlp,4,314159,parity,fixed_train_holdout,1000,2000,5.01626123046875,0.53,0.066,3.001502166748047,0.5632,0.1264,2.014759063720703,-0.03320000000000001,-0.06040000000000001
mlp-tasks04-seed314159,mlp,4,314159,pattern_avoidance,pool_unseen,1000,2000,6.29252254486084,0.2645,0.059,8.61978367919922,0.1524,0.0,-2.3272611343383796,0.1121,0.059
mlp-tasks04-seed314159,mlp,4,314159,peaks,pool_unseen,1000,2000,4.476830581665039,0.494,0.009,1.6312690856933594,0.5803,0.1606,2.8455614959716797,-0.08630000000000004,-0.15159999999999998
mlp-tasks04-seed314159,mlp,4,314159,recoils,seen,1000,2000,5.904430223464966,0.463,0.0,0.6693887437820435,0.7159,0.4318,5.2350414796829225,-0.25289999999999996,-0.4318
mlp-tasks04-seed314159,mlp,4,314159,right_multiply_simple,pool_unseen,1000,73116,7.363033175931482,0.3604135893648449,0.0,4.650729878725544,0.4731503369438662,0.0,2.7123032972059384,-0.1127367475790213,0.0
mlp-tasks04-seed314159,mlp,4,314159,rsk_shape,pool_unseen,1000,20450,4.88780624426956,0.4641075794621027,0.0,5.964561638745204,0.41956096367861073,0.0,-1.0767553944756445,0.04454661578349195,0.0
mlp-tasks04-seed314159,mlp,4,314159,to_cycle,pool_unseen,1000,73182,7.991616030389133,0.3402612664316362,0.0,6.329031705067976,0.4124822862541332,0.0,1.6625843253211565,-0.07222101982249701,0.0
mlp-tasks04-seed314159,mlp,4,314159,to_inversion_vector,seen,1000,72902,4.455501072796142,0.4635538119667499,0.0,0.847337367645368,0.6825826970494693,0.149,3.6081637051507744,-0.2190288850827194,-0.149
mlp-tasks04-seed314159,mlp,4,314159,to_lehmer,fixed_train_holdout,1000,72832,4.857440130572328,0.44693266695957823,0.0,2.5955204714376023,0.562864216562146,0.0,2.2619196591347253,-0.1159315496025678,0.0
transformer-tasks08-seed17,transformer,8,17,bruhat_leq,pool_unseen,1000,2000,3.006161678314209,0.532,0.076,5.276500482177735,0.1338,0.0194,-2.2703388038635257,0.3982,0.0566
transformer-tasks08-seed17,transformer,8,17,compose,fixed_train_holdout,1000,72906,9.392826217095902,0.09014347241653636,0.0,7.406084153992604,0.10001885036345858,0.0,1.9867420631032973,-0.009875377946922212,0.0
transformer-tasks08-seed17,transformer,8,17,cycle_type,pool_unseen,1000,10104,7.95636778866971,0.3079968329374505,0.0,7.832436472156237,0.3147866216280508,0.0,0.123931316513473,-0.006789788690600318,0.0
transformer-tasks08-seed17,transformer,8,17,descents,pool_unseen,1000,2000,6.911751861572266,0.36,0.0,5.041064947509765,0.5107,0.0214,1.8706869140625004,-0.15070000000000006,-0.0214
transformer-tasks08-seed17,transformer,8,17,exceedances,pool_unseen,1000,2000,6.97854203414917,0.3625,0.0,4.989667054748535,0.5215,0.043,1.9888749794006344,-0.15899999999999997,-0.043
transformer-tasks08-seed17,transformer,8,17,fixed_points,seen,1000,2000,2.723254375457764,0.5975,0.215,0.0771582597374916,0.9692,0.9384,2.646096115720272,-0.3716999999999999,-0.7234
transformer-tasks08-seed17,transformer,8,17,inverse,seen,1000,73094,4.828751731369666,0.41832434946780855,0.0,0.531225922295867,0.8335103996978067,0.3612,4.297525809073798,-0.41518605022999816,-0.3612
transformer-tasks08-seed17,transformer,8,17,lds_length,seen,1000,2000,2.192498676300049,0.5805,0.161,0.3359703548908234,0.8529,0.7058,1.8565283214092254,-0.2724,-0.5448
transformer-tasks08-seed17,transformer,8,17,length,pool_unseen,1000,5000,13.868446875,0.0014,0.0,10.87502744252905,0.15520757944601618,0.0054,2.993419432470951,-0.15380757944601617,-0.0054
transformer-tasks08-seed17,transformer,8,17,lis_length,seen,1000,2000,2.9009625110626223,0.583,0.167,0.35483968949317934,0.8457,0.6914,2.546122821569443,-0.26270000000000004,-0.5244
transformer-tasks08-seed17,transformer,8,17,parity,fixed_train_holdout,1000,2000,5.178058029174805,0.501,0.005,5.493885852050782,0.5052,0.0104,-0.31582782287597677,-0.0041999999999999815,-0.005399999999999999
transformer-tasks08-seed17,transformer,8,17,pattern_avoidance,seen,1000,2000,0.901393078327179,0.777,0.554,0.031867779755592344,0.9888,0.9776,0.8695252985715867,-0.2118,-0.4236
transformer-tasks08-seed17,transformer,8,17,peaks,pool_unseen,1000,2000,4.765953033447266,0.4965,0.018,5.335553317260742,0.505,0.01,-0.5696002838134762,-0.008500000000000008,0.007999999999999998
transformer-tasks08-seed17,transformer,8,17,recoils,seen,1000,2000,5.437386131286621,0.3905,0.031,0.5252478602409363,0.774,0.548,4.912138271045684,-0.3835,-0.517
transformer-tasks08-seed17,transformer,8,17,right_multiply_simple,seen,1000,73116,4.75158874054264,0.41585972974451557,0.0,0.6087143399161948,0.7989509461477848,0.158,4.142874400626445,-0.38309121640326926,-0.158
transformer-tasks08-seed17,transformer,8,17,rsk_shape,pool_unseen,1000,20450,5.970773209476238,0.40097799511002447,0.0,6.537823429226627,0.36969548734254615,0.0,-0.5670502197503895,0.03128250776747832,0.0
transformer-tasks08-seed17,transformer,8,17,to_cycle,pool_unseen,1000,73182,6.716649407150153,0.3320351999125468,0.0,5.0093935880449285,0.4319496929617383,0.0,1.7072558191052245,-0.09991449304919148,0.0
transformer-tasks08-seed17,transformer,8,17,to_inversion_vector,seen,1000,72902,2.701015977570917,0.5219472716797893,0.0,0.42448527141218934,0.8440221081345071,0.358,2.2765307061587277,-0.3220748364547178,-0.358
transformer-tasks08-seed17,transformer,8,17,to_lehmer,fixed_train_holdout,1000,72832,4.224011104429543,0.41452932776801404,0.0,3.886303991917759,0.48589846897663175,0.0,0.3377071125117843,-0.0713691412086177,0.0
transformer-tasks08-seed42,transformer,8,42,bruhat_leq,pool_unseen,1000,2000,0.9520950856208801,0.691,0.382,3.6794259475708007,0.2805,0.1146,-2.7273308619499206,0.4104999999999999,0.2674
transformer-tasks08-seed42,transformer,8,42,compose,fixed_train_holdout,1000,72906,8.367507354825905,0.12476339395934491,0.0,8.651499724803562,0.08819024729320563,0.0,-0.283992369977657,0.03657314666613928,0.0
transformer-tasks08-seed42,transformer,8,42,cycle_type,pool_unseen,1000,10104,7.576059059028293,0.29483372921615203,0.0,8.282650977380213,0.2610495266187735,0.0,-0.7065919183519194,0.03378420259737852,0.0
transformer-tasks08-seed42,transformer,8,42,descents,pool_unseen,1000,2000,6.804787837982178,0.478,0.0,4.28598265991211,0.5271,0.0542,2.5188051780700684,-0.04910000000000003,-0.0542
transformer-tasks08-seed42,transformer,8,42,exceedances,pool_unseen,1000,2000,6.79073747253418,0.4815,0.0,4.368891830444336,0.5362,0.0724,2.4218456420898438,-0.054700000000000026,-0.0724
transformer-tasks08-seed42,transformer,8,42,fixed_points,seen,1000,2000,1.3937375583648681,0.6575,0.315,0.052802606058120725,0.9787,0.9574,1.3409349523067473,-0.32120000000000004,-0.6424000000000001
transformer-tasks08-seed42,transformer,8,42,inverse,seen,1000,73094,4.679950031167059,0.3973239937614578,0.0,0.5243242118210969,0.8374943928984584,0.3678,4.155625819345962,-0.44017039913700057,-0.3678
transformer-tasks08-seed42,transformer,8,42,lds_length,seen,1000,2000,3.086467834472656,0.5395,0.079,0.33331282186508177,0.856,0.712,2.7531550126075746,-0.3165,-0.633
transformer-tasks08-seed42,transformer,8,42,length,pool_unseen,1000,5000,13.65363984375,0.0006,0.0,11.132222572465706,0.15527337324824,0.044,2.521417271284294,-0.15467337324824001,-0.044
transformer-tasks08-seed42,transformer,8,42,lis_length,seen,1000,2000,2.0350963792800902,0.5765,0.153,0.36285446767807006,0.8363,0.6726,1.6722419116020202,-0.25980000000000003,-0.5196
transformer-tasks08-seed42,transformer,8,42,parity,fixed_train_holdout,1000,2000,3.2199746856689453,0.503,0.006,2.8583246276855467,0.5377,0.0754,0.36165005798339855,-0.03469999999999995,-0.06939999999999999
transformer-tasks08-seed42,transformer,8,42,pattern_avoidance,seen,1000,2000,0.39424977588653565,0.8235,0.647,0.025345667481422425,0.9891,0.9782,0.36890410840511323,-0.16559999999999997,-0.33119999999999994
transformer-tasks08-seed42,transformer,8,42,peaks,pool_unseen,1000,2000,4.748135063171387,0.4995,0.0,5.161380191040039,0.5157,0.0314,-0.4132451278686524,-0.016200000000000048,-0.0314
transformer-tasks08-seed42,transformer,8,42,recoils,seen,1000,2000,5.922763023376465,0.487,0.02,0.5027777708530426,0.7825,0.565,5.419985252523422,-0.2955,-0.5449999999999999
transformer-tasks08-seed42,transformer,8,42,right_multiply_simple,seen,1000,73116,4.6949965222749634,0.3922123748563926,0.0,0.5142775162330517,0.8399252019899093,0.148,4.180719006041912,-0.4477128271335167,-0.148
transformer-tasks08-seed42,transformer,8,42,rsk_shape,pool_unseen,1000,20450,6.058826187991863,0.39158924205378975,0.0,7.4282271086739575,0.3031674208144796,0.0,-1.3694009206820947,0.08842182123931014,0.0
transformer-tasks08-seed42,transformer,8,42,to_cycle,pool_unseen,1000,73182,6.532451440629185,0.30752097510316745,0.0,5.1149320837569565,0.4036962683042041,0.0,1.4175193568722282,-0.09617529320103663,0.0
transformer-tasks08-seed42,transformer,8,42,to_inversion_vector,seen,1000,72902,3.21781819203777,0.45677759183561495,0.0,0.4093657082806244,0.8494538480780456,0.3888,2.8084524837571454,-0.39267625624243063,-0.3888
transformer-tasks08-seed42,transformer,8,42,to_lehmer,fixed_train_holdout,1000,72832,5.23438184164949,0.3429399165202109,0.0,4.556867286685604,0.4022118674748041,0.0,0.6775145549638859,-0.0592719509545932,0.0
transformer-tasks08-seed314159,transformer,8,314159,bruhat_leq,pool_unseen,1000,2000,3.4117885398864747,0.498,0.0,2.605868165016174,0.3996,0.103,0.8059203748703005,0.09839999999999999,-0.103
transformer-tasks08-seed314159,transformer,8,314159,compose,fixed_train_holdout,1000,72906,10.52630817663541,0.08371053136916029,0.0,10.681823200503622,0.05966140034637543,0.0,-0.1555150238682117,0.02404913102278486,0.0
transformer-tasks08-seed314159,transformer,8,314159,cycle_type,pool_unseen,1000,10104,8.457084377889867,0.2970110847189232,0.0,8.510666421321929,0.2819829677910462,0.0,-0.053582043432061965,0.015028116927876978,0.0
transformer-tasks08-seed314159,transformer,8,314159,descents,pool_unseen,1000,2000,6.3799160308837894,0.2655,0.002,3.030633203125,0.5121,0.0242,3.3492828277587896,-0.24659999999999999,-0.022199999999999998
transformer-tasks08-seed314159,transformer,8,314159,exceedances,pool_unseen,1000,2000,6.25077473449707,0.2715,0.0,2.293961068725586,0.5498,0.0996,3.956813665771484,-0.27829999999999994,-0.0996
transformer-tasks08-seed314159,transformer,8,314159,fixed_points,seen,1000,2000,4.394084999084472,0.456,0.235,0.012908554017543792,0.9968,0.9936,4.381176445066928,-0.5408,-0.7586
transformer-tasks08-seed314159,transformer,8,314159,inverse,seen,1000,73094,5.2552050544771545,0.386652803239664,0.0,0.49918501289915784,0.8467549637604174,0.3912,4.7560200415779965,-0.46010216052075337,-0.3912
transformer-tasks08-seed314159,transformer,8,314159,lds_length,seen,1000,2000,2.9514615631103513,0.4565,0.192,0.35881359057426454,0.841,0.682,2.5926479725360867,-0.38449999999999995,-0.49000000000000005
transformer-tasks08-seed314159,transformer,8,314159,length,pool_unseen,1000,5000,15.0497171875,0.0012,0.0,12.045495892192228,0.11244160800052636,0.0066,3.0042212953077723,-0.11124160800052635,-0.0066
transformer-tasks08-seed314159,transformer,8,314159,lis_length,seen,1000,2000,3.1278077087402343,0.424,0.186,0.35992785363197327,0.8434,0.6868,2.767879855108261,-0.41940000000000005,-0.5007999999999999
transformer-tasks08-seed314159,transformer,8,314159,parity,fixed_train_holdout,1000,2000,6.930020042419434,0.3615,0.0,4.6166141357421875,0.5054,0.0108,2.3134059066772465,-0.14389999999999997,-0.0108
transformer-tasks08-seed314159,transformer,8,314159,pattern_avoidance,seen,1000,2000,1.4031578330993653,0.703,0.406,0.022698276317119598,0.9917,0.9834,1.3804595567822457,-0.28870000000000007,-0.5774
transformer-tasks08-seed314159,transformer,8,314159,peaks,pool_unseen,1000,2000,3.974102565765381,0.334,0.099,3.9645727905273436,0.5082,0.0164,0.009529775238037441,-0.17419999999999997,0.0826
transformer-tasks08-seed314159,transformer,8,314159,recoils,seen,1000,2000,5.550459480285644,0.276,0.025,0.555216939163208,0.7642,0.5284,4.995242541122436,-0.48819999999999997,-0.5034
transformer-tasks08-seed314159,transformer,8,314159,right_multiply_simple,seen,1000,73116,5.243651395449525,0.37590951364954317,0.0,0.4717698989507641,0.8586364652059886,0.1574,4.771881496498762,-0.4827269515564454,-0.1574
transformer-tasks08-seed314159,transformer,8,314159,rsk_shape,pool_unseen,1000,20450,6.056518106996867,0.4051833740831296,0.0,6.732755117286924,0.36587379234438056,0.0,-0.6762370102900572,0.039309581738749044,0.0
transformer-tasks08-seed314159,transformer,8,314159,to_cycle,pool_unseen,1000,73182,6.833829807983008,0.2975458446065973,0.0,5.254300379403988,0.40950637694851205,0.0,1.5795294285790202,-0.11196053234191478,0.0
transformer-tasks08-seed314159,transformer,8,314159,to_inversion_vector,seen,1000,72902,3.3982786789917885,0.4775314806178157,0.0,0.42069377250065676,0.8444390179985944,0.3538,2.9775849064911317,-0.36690753738077875,-0.3538
transformer-tasks08-seed314159,transformer,8,314159,to_lehmer,fixed_train_holdout,1000,72832,4.796016042806562,0.37918771968365556,0.0,3.3161256974126756,0.5082390311693469,0.0,1.479890345393886,-0.12905131148569132,0.0
mlp-tasks08-seed17,mlp,8,17,bruhat_leq,pool_unseen,1000,2000,12.909112426757812,0.224,0.013,4.31714345703125,0.4048,0.1448,8.591968969726562,-0.1808,-0.1318
mlp-tasks08-seed17,mlp,8,17,compose,fixed_train_holdout,1000,72906,12.886543833787258,0.1669135599264807,0.0,20.166909832213356,0.08349532864430542,0.0,-7.280365998426099,0.08341823128217526,0.0
mlp-tasks08-seed17,mlp,8,17,cycle_type,pool_unseen,1000,10104,12.553048188971417,0.3767814726840855,0.0,8.99391467383305,0.34304676721061894,0.0,3.5591335151383667,0.033734705473466575,0.0
mlp-tasks08-seed17,mlp,8,17,descents,pool_unseen,1000,2000,7.0590547180175784,0.5015,0.003,4.0638791259765625,0.5058,0.0116,2.995175592041016,-0.0043000000000000815,-0.0086
mlp-tasks08-seed17,mlp,8,17,exceedances,pool_unseen,1000,2000,6.944654296875,0.5015,0.003,4.100220771789551,0.5039,0.0078,2.8444335250854493,-0.0024000000000000687,-0.0048
mlp-tasks08-seed17,mlp,8,17,fixed_points,seen,1000,2000,2.2568640785217284,0.607,0.214,0.5386393447875977,0.7504,0.5008,1.7182247337341308,-0.14339999999999997,-0.28680000000000005
mlp-tasks08-seed17,mlp,8,17,inverse,seen,1000,73094,9.189739945310148,0.33537636468109555,0.0,1.049982419772625,0.6514920792312959,0.11,8.139757525537522,-0.3161157145502004,-0.11
mlp-tasks08-seed17,mlp,8,17,lds_length,seen,1000,2000,4.022794960021972,0.505,0.01,0.5246099872589112,0.7706,0.5412,3.4981849727630614,-0.26559999999999995,-0.5312
mlp-tasks08-seed17,mlp,8,17,length,pool_unseen,1000,5000,22.3347625,0.0,0.0,13.565159308062517,0.2160668465030594,0.001,8.769603191937483,-0.2160668465030594,-0.001
mlp-tasks08-seed17,mlp,8,17,lis_length,seen,1000,2000,3.9643341064453126,0.5045,0.009,0.5356399785995484,0.766,0.532,3.4286941278457643,-0.26150000000000007,-0.523
mlp-tasks08-seed17,mlp,8,17,parity,fixed_train_holdout,1000,2000,2.4142430019378662,0.6255,0.251,4.912388354492188,0.5,0.0,-2.4981453525543214,0.12549999999999994,0.251
mlp-tasks08-seed17,mlp,8,17,pattern_avoidance,seen,1000,2000,4.354109066009522,0.4675,0.176,0.21401345620155335,0.8874,0.7748,4.140095609807968,-0.41989999999999994,-0.5988
mlp-tasks08-seed17,mlp,8,17,peaks,pool_unseen,1000,2000,5.0572851982116696,0.5015,0.003,4.075255342483521,0.5035,0.007,0.9820298557281486,-0.0020000000000000018,-0.004
mlp-tasks08-seed17,mlp,8,17,recoils,seen,1000,2000,7.005234375,0.5005,0.001,0.668680655670166,0.7133,0.4266,6.336553719329833,-0.2128000000000001,-0.4256
mlp-tasks08-seed17,mlp,8,17,right_multiply_simple,seen,1000,73116,9.05591852090129,0.32747962142349146,0.0,0.40334064211904447,0.904938315163062,0.0642,8.652577878782246,-0.5774586937395705,-0.0642
mlp-tasks08-seed17,mlp,8,17,rsk_shape,pool_unseen,1000,20450,10.73132308698808,0.4323227383863081,0.0,7.3830952513140655,0.3827809710162651,0.0,3.348227835674015,0.049541767370042955,0.0
mlp-tasks08-seed17,mlp,8,17,to_cycle,pool_unseen,1000,73182,10.048096377012106,0.3077532726626766,0.0,5.09314234845752,0.4610829003306566,0.0,4.954954028554586,-0.15332962766797997,0.0
mlp-tasks08-seed17,mlp,8,17,to_inversion_vector,seen,1000,72902,7.416858473104305,0.39690269128418976,0.0,0.9399348727669964,0.6536908434682136,0.1094,6.476923600337308,-0.25678815218402384,-0.1094
mlp-tasks08-seed17,mlp,8,17,to_lehmer,fixed_train_holdout,1000,72832,7.689432670445769,0.3913115114235501,0.0,3.305410756872033,0.5132490161043571,0.0,4.384021913573736,-0.12193750468080705,0.0
mlp-tasks08-seed42,mlp,8,42,bruhat_leq,pool_unseen,1000,2000,5.325603036880493,0.5295,0.244,5.787942566680909,0.3622,0.1242,-0.46233952980041515,0.16729999999999995,0.11979999999999999
mlp-tasks08-seed42,mlp,8,42,compose,fixed_train_holdout,1000,72906,11.231063392791317,0.20471566126244753,0.0,18.241990269558357,0.07504211878085275,0.0,-7.010926876767041,0.1296735424815948,0.0
mlp-tasks08-seed42,mlp,8,42,cycle_type,pool_unseen,1000,10104,13.419649633073844,0.37034837688044336,0.0,9.031642285688228,0.41181787906180123,0.0,4.388007347385615,-0.041469502181357865,0.0
mlp-tasks08-seed42,mlp,8,42,descents,pool_unseen,1000,2000,6.62509375,0.5,0.0,3.4298933349609375,0.5072,0.0144,3.195200415039062,-0.007199999999999984,-0.0144
mlp-tasks08-seed42,mlp,8,42,exceedances,pool_unseen,1000,2000,6.69840234375,0.5,0.0,3.2095913482666014,0.5088,0.0176,3.4888109954833983,-0.00880000000000003,-0.0176
mlp-tasks08-seed42,mlp,8,42,fixed_points,seen,1000,2000,4.302689918518066,0.557,0.114,0.5098675834655761,0.7638,0.5276,3.79282233505249,-0.20679999999999998,-0.41359999999999997
mlp-tasks08-seed42,mlp,8,42,inverse,seen,1000,73094,9.666046821451658,0.31039483404930635,0.0,1.0720663763469955,0.6445038600467455,0.107,8.593980445104663,-0.3341090259974392,-0.107
mlp-tasks08-seed42,mlp,8,42,lds_length,seen,1000,2000,5.671384765625,0.506,0.012,0.5346712621688843,0.7622,0.5244,5.136713503456115,-0.2562,-0.5124
mlp-tasks08-seed42,mlp,8,42,length,pool_unseen,1000,5000,18.615980102539062,0.1208,0.0,12.107750436414017,0.3284426607013619,0.0,6.508229666125045,-0.2076426607013619,0.0
mlp-tasks08-seed42,mlp,8,42,lis_length,seen,1000,2000,5.5928779296875,0.5045,0.009,0.5448233330249787,0.7619,0.5238,5.048054596662522,-0.2574000000000001,-0.5148
mlp-tasks08-seed42,mlp,8,42,parity,fixed_train_holdout,1000,2000,4.582558090209961,0.552,0.104,5.2328989074707035,0.5001,0.0002,-0.6503408172607426,0.05190000000000006,0.10379999999999999
mlp-tasks08-seed42,mlp,8,42,pattern_avoidance,seen,1000,2000,8.963485927581788,0.3915,0.175,0.11452302278280257,0.9509,0.9018,8.848962904798984,-0.5593999999999999,-0.7268000000000001
mlp-tasks08-seed42,mlp,8,42,peaks,pool_unseen,1000,2000,6.23041015625,0.502,0.004,3.4224109680175783,0.5191,0.0382,2.8079991882324213,-0.017100000000000004,-0.034199999999999994
mlp-tasks08-seed42,mlp,8,42,recoils,seen,1000,2000,6.4405234375,0.5,0.0,0.6799247294425964,0.7085,0.417,5.760598708057403,-0.20850000000000002,-0.417
mlp-tasks08-seed42,mlp,8,42,right_multiply_simple,seen,1000,73116,9.776676547156232,0.2993052136331309,0.0,0.5355465420411598,0.8282468334332992,0.0478,9.241130005115071,-0.5289416198001683,-0.0478
mlp-tasks08-seed42,mlp,8,42,rsk_shape,pool_unseen,1000,20450,11.853521904607273,0.4201955990220049,0.0,6.512466516502915,0.45097529656353186,0.0,5.341055388104358,-0.030779697541526985,0.0
mlp-tasks08-seed42,mlp,8,42,to_cycle,pool_unseen,1000,73182,10.800794607643443,0.2837036429723156,0.0,5.799774593737084,0.43595890410958904,0.0,5.001020013906359,-0.15225526113727345,0.0
mlp-tasks08-seed42,mlp,8,42,to_inversion_vector,seen,1000,72902,9.517209466025452,0.357082110230172,0.0,0.9485618534145616,0.6544889280651809,0.143,8.56864761261089,-0.2974068178350089,-0.143
mlp-tasks08-seed42,mlp,8,42,to_lehmer,fixed_train_holdout,1000,72832,9.847268002313973,0.3494755052724077,0.0,3.1519721037125135,0.5454051781522615,0.0,6.69529589860146,-0.1959296728798538,0.0
mlp-tasks08-seed314159,mlp,8,314159,bruhat_leq,pool_unseen,1000,2000,8.602210052490234,0.444,0.159,6.875699279785156,0.2938,0.0692,1.726510772705078,0.1502,0.0898
mlp-tasks08-seed314159,mlp,8,314159,compose,fixed_train_holdout,1000,72906,10.144141634969172,0.21514004334348338,0.0,16.853409910978975,0.08763062712802931,0.0,-6.709268276009803,0.12750941621545409,0.0
mlp-tasks08-seed314159,mlp,8,314159,cycle_type,pool_unseen,1000,10104,14.454728254135507,0.3768804433887569,0.0,9.274302223757653,0.40993862695656313,0.0,5.180426030377854,-0.03305818356780621,0.0
mlp-tasks08-seed314159,mlp,8,314159,descents,pool_unseen,1000,2000,6.925222671508789,0.5005,0.001,4.968028205871582,0.5001,0.0002,1.9571944656372064,0.00039999999999995595,0.0008
mlp-tasks08-seed314159,mlp,8,314159,exceedances,pool_unseen,1000,2000,6.919375015258789,0.5,0.0,5.551564169311524,0.5,0.0,1.3678108459472655,0.0,0.0
mlp-tasks08-seed314159,mlp,8,314159,fixed_points,seen,1000,2000,3.0372884979248047,0.5705,0.141,0.5109529755592346,0.764,0.528,2.52633552236557,-0.1935,-0.387
mlp-tasks08-seed314159,mlp,8,314159,inverse,seen,1000,73094,9.4803083387808,0.3330916354283525,0.0,1.093993097723134,0.6382002974714923,0.1036,8.386315241057666,-0.3051086620431398,-0.1036
mlp-tasks08-seed314159,mlp,8,314159,lds_length,seen,1000,2000,5.402338077545166,0.508,0.016,0.533007532787323,0.766,0.532,4.869330544757843,-0.258,-0.516
mlp-tasks08-seed314159,mlp,8,314159,length,pool_unseen,1000,5000,17.39087021484375,0.1168,0.0,12.339998773433901,0.32311336272123165,0.0,5.05087144140985,-0.20631336272123163,0.0
mlp-tasks08-seed314159,mlp,8,314159,lis_length,seen,1000,2000,5.30334886932373,0.506,0.012,0.5351974946975708,0.7685,0.537,4.768151374626159,-0.26249999999999996,-0.525
mlp-tasks08-seed314159,mlp,8,314159,parity,fixed_train_holdout,1000,2000,3.8461607894897463,0.5535,0.107,6.552543811035156,0.5,0.0,-2.70638302154541,0.05349999999999999,0.107
mlp-tasks08-seed314159,mlp,8,314159,pattern_avoidance,seen,1000,2000,8.383101432800293,0.359,0.089,0.11219878482818603,0.9508,0.9016,8.270902647972108,-0.5918,-0.8126
mlp-tasks08-seed314159,mlp,8,314159,peaks,pool_unseen,1000,2000,6.422316619873047,0.5015,0.003,5.572591287231445,0.5,0.0,0.8497253326416017,0.0014999999999999458,0.003
mlp-tasks08-seed314159,mlp,8,314159,recoils,seen,1000,2000,6.4117734832763675,0.5,0.0,0.677475669002533,0.714,0.428,5.734297814273835,-0.21399999999999997,-0.428
mlp-tasks08-seed314159,mlp,8,314159,right_multiply_simple,seen,1000,73116,9.456529291853014,0.3203949887849445,0.0,0.6770895850599674,0.7837384892213245,0.0766,8.779439706793047,-0.46334350043638,-0.0766
mlp-tasks08-seed314159,mlp,8,314159,rsk_shape,pool_unseen,1000,20450,12.860234852536674,0.4362836185819071,0.0,6.577495323499316,0.46502384737678853,0.0,6.282739529037358,-0.028740228794881417,0.0
mlp-tasks08-seed314159,mlp,8,314159,to_cycle,pool_unseen,1000,73182,10.423426488284345,0.30314831515946544,0.0,5.871315207141269,0.41422413793103446,0.0,4.552111281143077,-0.11107582277156902,0.0
mlp-tasks08-seed314159,mlp,8,314159,to_inversion_vector,seen,1000,72902,8.864246104787934,0.38754766673067953,0.0,0.9534141237990693,0.6560374504175055,0.1346,7.910831980988865,-0.26848978368682597,-0.1346
mlp-tasks08-seed314159,mlp,8,314159,to_lehmer,fixed_train_holdout,1000,72832,9.13961073300541,0.38321067662565905,0.0,3.1116459890856376,0.5328510200983312,0.0,6.027964743919773,-0.14964034347267213,0.0
transformer-tasks16-seed17,transformer,16,17,bruhat_leq,seen,1000,2000,0.19475056409835814,0.9275,0.855,0.05724985333681107,0.9754,0.9508,0.13750071076154707,-0.047900000000000054,-0.0958
transformer-tasks16-seed17,transformer,16,17,compose,fixed_train_holdout,1000,72906,6.00964578827317,0.1987765067346995,0.0,6.705746620999866,0.10714664404623052,0.0,-0.696100832726696,0.09162986268846897,0.0
transformer-tasks16-seed17,transformer,16,17,cycle_type,seen,1000,10104,1.3614943074689247,0.6181710213776722,0.0,0.48714714534866055,0.8082687092630477,0.1752,0.8743471621202642,-0.1900976878853755,-0.1752
transformer-tasks16-seed17,transformer,16,17,descents,seen,1000,2000,2.139980712890625,0.5275,0.066,0.567576700592041,0.7576,0.5152,1.572404012298584,-0.23010000000000008,-0.4492
transformer-tasks16-seed17,transformer,16,17,exceedances,seen,1000,2000,2.121735725402832,0.54,0.082,0.15603647446632385,0.9656,0.9312,1.9656992509365083,-0.4256,-0.8492000000000001
transformer-tasks16-seed17,transformer,16,17,fixed_points,seen,1000,2000,1.5424667987823486,0.6905,0.382,0.09255016063451767,0.964,0.928,1.449916638147831,-0.27349999999999997,-0.546
transformer-tasks16-seed17,transformer,16,17,inverse,seen,1000,73094,2.522115049347309,0.48734506252223164,0.0,0.9974693771878532,0.6830216965318602,0.1702,1.5246456721594557,-0.19567663400962854,-0.1702
transformer-tasks16-seed17,transformer,16,17,lds_length,seen,1000,2000,0.8287469663619995,0.657,0.314,0.3872317875862122,0.8323,0.6646,0.44151517877578733,-0.1753,-0.35059999999999997
transformer-tasks16-seed17,transformer,16,17,length,seen,1000,5000,3.235014239501953,0.5906,0.0,0.6720897298838341,0.7801829067701822,0.343,2.562924509618119,-0.1895829067701822,-0.343
transformer-tasks16-seed17,transformer,16,17,lis_length,seen,1000,2000,0.7328238582611084,0.6865,0.376,0.37306347332000733,0.8356,0.6712,0.3597603849411011,-0.1491,-0.2952
transformer-tasks16-seed17,transformer,16,17,parity,fixed_train_holdout,1000,2000,5.310230529785156,0.497,0.0,4.7912874694824215,0.5035,0.011,0.5189430603027345,-0.00649999999999995,-0.011
transformer-tasks16-seed17,transformer,16,17,pattern_avoidance,seen,1000,2000,0.8128784651756287,0.7925,0.585,0.15288150758743285,0.9389,0.8778,0.6599969575881959,-0.14639999999999997,-0.29280000000000006
transformer-tasks16-seed17,transformer,16,17,peaks,seen,1000,2000,1.4008102684020995,0.578,0.156,0.5354536487579346,0.767,0.534,0.865356619644165,-0.18900000000000006,-0.378
transformer-tasks16-seed17,transformer,16,17,recoils,seen,1000,2000,2.0434113540649412,0.527,0.065,0.6031277275085449,0.7468,0.4936,1.4402836265563963,-0.2198,-0.4286
transformer-tasks16-seed17,transformer,16,17,right_multiply_simple,seen,1000,73116,2.5632202275322773,0.48628207232343124,0.0,0.9806293277632582,0.6945395100495125,0.0976,1.582590899769019,-0.2082574377260813,-0.0976
transformer-tasks16-seed17,transformer,16,17,rsk_shape,seen,1000,20450,0.5185261927373834,0.7708557457212714,0.001,0.3208111840208804,0.8484927234927235,0.234,0.19771500871650305,-0.07763697777145218,-0.233
transformer-tasks16-seed17,transformer,16,17,to_cycle,seen,1000,73182,2.807728545676362,0.45527588751332293,0.0,1.0907811575246746,0.6445323571091167,0.1266,1.7169473881516872,-0.18925646959579379,-0.1266
transformer-tasks16-seed17,transformer,16,17,to_inversion_vector,seen,1000,72902,1.7272710242110128,0.545622891004362,0.0,0.7743492713089681,0.7142559350097081,0.1786,0.9529217529020446,-0.16863304400534607,-0.1786
transformer-tasks16-seed17,transformer,16,17,to_lehmer,fixed_train_holdout,1000,72832,3.6360076408185105,0.4382277021089631,0.0,3.243670621722553,0.5041516308727183,0.0,0.39233701909595764,-0.06592392876375519,0.0
transformer-tasks16-seed42,transformer,16,42,bruhat_leq,seen,1000,2000,0.2147075036764145,0.9025,0.805,0.04335735551118851,0.9822,0.9644,0.17135014816522598,-0.0797,-0.1594
transformer-tasks16-seed42,transformer,16,42,compose,fixed_train_holdout,1000,72906,4.9527145794702685,0.17182399253833705,0.0,6.449035906997019,0.0769566088196138,0.0,-1.4963213275267506,0.09486738371872325,0.0
transformer-tasks16-seed42,transformer,16,42,cycle_type,seen,1000,10104,1.4325551110793935,0.6077790973871734,0.0,0.5089378287060695,0.7967077406156334,0.1806,0.923617282373324,-0.18892864322846004,-0.1806
transformer-tasks16-seed42,transformer,16,42,descents,seen,1000,2000,2.0392313709259033,0.532,0.072,0.6028860900878906,0.7438,0.4876,1.4363452808380126,-0.2118,-0.41559999999999997
transformer-tasks16-seed42,transformer,16,42,exceedances,seen,1000,2000,2.657889310836792,0.536,0.083,0.17237975673675537,0.9559,0.9118,2.4855095541000365,-0.41989999999999994,-0.8288000000000001
transformer-tasks16-seed42,transformer,16,42,fixed_points,seen,1000,2000,0.5567929525375366,0.7655,0.548,0.14073848798274993,0.9425,0.885,0.4160544645547867,-0.17700000000000005,-0.33699999999999997
transformer-tasks16-seed42,transformer,16,42,inverse,seen,1000,73094,2.3692047981719173,0.4885763537362848,0.0,0.9890552368279341,0.6839837571121656,0.1658,1.3801495613439831,-0.19540740337588086,-0.1658
transformer-tasks16-seed42,transformer,16,42,lds_length,seen,1000,2000,0.7916629314422607,0.671,0.344,0.39969785270690916,0.8277,0.6554,0.3919650787353516,-0.15669999999999995,-0.3114
transformer-tasks16-seed42,transformer,16,42,length,seen,1000,5000,2.8745565841674803,0.65,0.0,0.6899772165668537,0.7699848674254886,0.3096,2.1845793676006267,-0.11998486742548853,-0.3096
transformer-tasks16-seed42,transformer,16,42,lis_length,seen,1000,2000,1.0308145580291748,0.616,0.241,0.3804633716583252,0.8353,0.6706,0.6503511863708495,-0.21930000000000005,-0.4296
transformer-tasks16-seed42,transformer,16,42,parity,fixed_train_holdout,1000,2000,4.453758296966552,0.4365,0.0,4.743027590179444,0.4976,0.0,-0.2892692932128913,-0.06109999999999999,0.0
transformer-tasks16-seed42,transformer,16,42,pattern_avoidance,seen,1000,2000,0.45437518548965455,0.781,0.562,0.10276578040122986,0.9613,0.9226,0.3516094050884247,-0.18030000000000002,-0.3605999999999999
transformer-tasks16-seed42,transformer,16,42,peaks,seen,1000,2000,1.763206293106079,0.537,0.096,0.536124587726593,0.7683,0.5366,1.227081705379486,-0.23129999999999995,-0.4406
transformer-tasks16-seed42,transformer,16,42,recoils,seen,1000,2000,1.8533788423538209,0.544,0.093,0.6087467079162597,0.741,0.482,1.2446321344375613,-0.19699999999999995,-0.389
transformer-tasks16-seed42,transformer,16,42,right_multiply_simple,seen,1000,73116,2.325552280846959,0.49972646206028776,0.0,0.9518651745253165,0.6983558550612144,0.0944,1.3736871063216425,-0.1986293930009267,-0.0944
transformer-tasks16-seed42,transformer,16,42,rsk_shape,seen,1000,20450,0.7118898484059826,0.7017114914425427,0.0,0.3366152902854834,0.839825119236884,0.2364,0.37527455812049915,-0.13811362779434122,-0.2364
transformer-tasks16-seed42,transformer,16,42,to_cycle,seen,1000,73182,2.513945771744055,0.4633789729714957,0.0,1.1066314160288873,0.6398264052905054,0.125,1.4073143557151677,-0.17644743231900967,-0.125
transformer-tasks16-seed42,transformer,16,42,to_inversion_vector,seen,1000,72902,1.5953400787615566,0.5607390743738169,0.0,0.7542209058385516,0.7184131219401794,0.1706,0.841119172923005,-0.1576740475663625,-0.1706
transformer-tasks16-seed42,transformer,16,42,to_lehmer,fixed_train_holdout,1000,72832,3.3928349231793717,0.4181815685413005,0.0,3.7477408331837054,0.41534410071354333,0.0,-0.3549059100043337,0.0028374678277571785,0.0
transformer-tasks16-seed314159,transformer,16,314159,bruhat_leq,seen,1000,2000,0.22087910175323486,0.9225,0.845,0.03828059815168381,0.9852,0.9704,0.18259850360155105,-0.06269999999999998,-0.12540000000000007
transformer-tasks16-seed314159,transformer,16,314159,compose,fixed_train_holdout,1000,72906,7.235085728969495,0.06812882341645407,0.0,8.612158759408613,0.0621414012888936,0.0,-1.377073030439118,0.005987422127560468,0.0
transformer-tasks16-seed314159,transformer,16,314159,cycle_type,seen,1000,10104,1.670435998332189,0.591547901821061,0.0,0.5036349736451479,0.8007992768447595,0.1804,1.1668010246870413,-0.2092513750236985,-0.1804
transformer-tasks16-seed314159,transformer,16,314159,descents,seen,1000,2000,2.2037053909301756,0.518,0.036,0.6299015308380127,0.7256,0.4512,1.5738038600921629,-0.2076,-0.4152
transformer-tasks16-seed314159,transformer,16,314159,exceedances,seen,1000,2000,2.17225856590271,0.546,0.092,0.20554520230293274,0.9421,0.8842,1.966713363599777,-0.3961,-0.7922
transformer-tasks16-seed314159,transformer,16,314159,fixed_points,seen,1000,2000,0.4811537907123566,0.7925,0.585,0.10208657714128494,0.9614,0.9228,0.37906721357107165,-0.16890000000000005,-0.3378
transformer-tasks16-seed314159,transformer,16,314159,inverse,seen,1000,73094,2.694828135006913,0.4641147016170958,0.0,0.9620518827921305,0.6923176806667138,0.161,1.7327762522147825,-0.22820297904961806,-0.161
transformer-tasks16-seed314159,transformer,16,314159,lds_length,seen,1000,2000,0.8702262649536133,0.6515,0.303,0.43152177319526674,0.8125,0.625,0.4387044917583466,-0.16100000000000003,-0.322
transformer-tasks16-seed314159,transformer,16,314159,length,seen,1000,5000,2.7210976272583007,0.6454,0.0,0.7237070621852145,0.7632738995986578,0.292,1.9973905650730863,-0.1178738995986578,-0.292
transformer-tasks16-seed314159,transformer,16,314159,lis_length,seen,1000,2000,0.7956784543991089,0.673,0.347,0.4336765920639038,0.8107,0.6214,0.3620018623352051,-0.13769999999999993,-0.2744
transformer-tasks16-seed314159,transformer,16,314159,parity,fixed_train_holdout,1000,2000,4.930441268920898,0.5,0.0,5.499704156494141,0.5124,0.0248,-0.5692628875732426,-0.012399999999999967,-0.0248
transformer-tasks16-seed314159,transformer,16,314159,pattern_avoidance,seen,1000,2000,0.34129538702964785,0.8425,0.685,0.10358103699684143,0.9578,0.9156,0.23771435003280642,-0.11529999999999996,-0.23059999999999992
transformer-tasks16-seed314159,transformer,16,314159,peaks,seen,1000,2000,1.2963288307189942,0.5785,0.157,0.5475305223464966,0.7622,0.5244,0.7487983083724976,-0.18369999999999997,-0.36739999999999995
transformer-tasks16-seed314159,transformer,16,314159,recoils,seen,1000,2000,2.053797609329224,0.5155,0.032,0.6319564399719239,0.7326,0.4652,1.4218411693572999,-0.21710000000000007,-0.43320000000000003
transformer-tasks16-seed314159,transformer,16,314159,right_multiply_simple,seen,1000,73116,2.6095000370905694,0.4854067509163521,0.0,0.9029396661081142,0.7090933681449858,0.104,1.7065603709824553,-0.2236866172286337,-0.104
transformer-tasks16-seed314159,transformer,16,314159,rsk_shape,seen,1000,20450,0.607552792425552,0.7236674816625916,0.0,0.34101326272877475,0.8388620520973462,0.2184,0.2665395296967773,-0.11519457043475456,-0.2184
transformer-tasks16-seed314159,transformer,16,314159,to_cycle,seen,1000,73182,2.5941345760291976,0.4516957721844169,0.0,1.100888484257485,0.6416036844591403,0.1272,1.4932460917717125,-0.18990791227472337,-0.1272
transformer-tasks16-seed314159,transformer,16,314159,to_inversion_vector,seen,1000,72902,1.912166125254194,0.541768401415599,0.0,0.7508336730492458,0.7201879667901514,0.1666,1.1613324522049482,-0.1784195653745524,-0.1666
transformer-tasks16-seed314159,transformer,16,314159,to_lehmer,fixed_train_holdout,1000,72832,5.151915387654765,0.3326147847100176,0.0,4.179117866340323,0.39595230587768165,0.0,0.9727975213144422,-0.06333752116766406,0.0
mlp-tasks16-seed17,mlp,16,17,bruhat_leq,seen,1000,2000,4.076844802856446,0.484,0.242,0.1724588222026825,0.9156,0.8312,3.904385980653763,-0.4316,-0.5892000000000001
mlp-tasks16-seed17,mlp,16,17,compose,fixed_train_holdout,1000,72906,9.98862719123126,0.15659890818313993,0.0,15.922700770522413,0.0814865867882515,0.0,-5.934073579291153,0.07511232139488842,0.0
mlp-tasks16-seed17,mlp,16,17,cycle_type,seen,1000,10104,3.3452351767206987,0.4363618368962787,0.0,0.7769099895742811,0.6894000666064037,0.0846,2.5683251871464177,-0.253038229710125,-0.0846
mlp-tasks16-seed17,mlp,16,17,descents,seen,1000,2000,5.5589609375,0.0845,0.017,0.7021640318870545,0.7037,0.4074,4.856796905612946,-0.6192,-0.39039999999999997
mlp-tasks16-seed17,mlp,16,17,exceedances,seen,1000,2000,5.8790948257446285,0.072,0.011,0.6121247364044189,0.7354,0.4708,5.26697008934021,-0.6634000000000001,-0.4598
mlp-tasks16-seed17,mlp,16,17,fixed_points,seen,1000,2000,5.9955321846008305,0.0905,0.037,0.5758529304504395,0.7335,0.467,5.419679254150391,-0.643,-0.43000000000000005
mlp-tasks16-seed17,mlp,16,17,inverse,seen,1000,73094,5.404286580838971,0.3674172982734561,0.0,1.3397716725123352,0.5805474891989517,0.0714,4.064514908326635,-0.21313019092549562,-0.0714
mlp-tasks16-seed17,mlp,16,17,lds_length,seen,1000,2000,5.485969497680664,0.084,0.026,0.5426253747940063,0.7629,0.5258,4.943344122886657,-0.6789000000000001,-0.4998
mlp-tasks16-seed17,mlp,16,17,length,seen,1000,5000,6.680490698242187,0.307,0.0,0.7780928186024715,0.7516283966050398,0.2786,5.902397879639716,-0.4446283966050398,-0.2786
mlp-tasks16-seed17,mlp,16,17,lis_length,seen,1000,2000,5.4482072143554685,0.094,0.021,0.5435529489040375,0.7609,0.5218,4.904654265451431,-0.6669,-0.5008
mlp-tasks16-seed17,mlp,16,17,parity,fixed_train_holdout,1000,2000,6.368293369293213,0.0825,0.0,4.567333349609375,0.5243,0.0486,1.8009600196838385,-0.44179999999999997,-0.0486
mlp-tasks16-seed17,mlp,16,17,pattern_avoidance,seen,1000,2000,3.5361872863769532,0.4285,0.113,0.3242399566650391,0.8008,0.6016,3.211947329711914,-0.37229999999999996,-0.48860000000000003
mlp-tasks16-seed17,mlp,16,17,peaks,seen,1000,2000,5.080357727050782,0.1095,0.029,0.5880746704101563,0.745,0.49,4.492283056640625,-0.6355,-0.46099999999999997
mlp-tasks16-seed17,mlp,16,17,recoils,seen,1000,2000,5.678817642211914,0.0785,0.012,0.6960124391555786,0.7042,0.4084,4.982805203056335,-0.6257,-0.3964
mlp-tasks16-seed17,mlp,16,17,right_multiply_simple,seen,1000,73116,5.676040550076249,0.3601674052191039,0.0,1.3194495951912477,0.5895812017076527,0.0448,4.356590954885001,-0.22941379648854882,-0.0448
mlp-tasks16-seed17,mlp,16,17,rsk_shape,seen,1000,20450,2.440833491019923,0.4780440097799511,0.0,0.4191670837649597,0.8113611348905466,0.1418,2.0216664072549633,-0.3333171251105955,-0.1418
mlp-tasks16-seed17,mlp,16,17,to_cycle,seen,1000,73182,5.626274754208685,0.3618102812166926,0.0,1.3734977691535066,0.5508384506376949,0.0698,4.252776985055179,-0.18902816942100226,-0.0698
mlp-tasks16-seed17,mlp,16,17,to_inversion_vector,seen,1000,72902,4.827817953864863,0.3860662258922938,0.0,0.9484862777779575,0.647800502674179,0.0982,3.8793316760869057,-0.2617342767818852,-0.0982
mlp-tasks16-seed17,mlp,16,17,to_lehmer,fixed_train_holdout,1000,72832,5.048913509858304,0.3835951230228471,0.0,2.903449017425007,0.5005897534713707,0.0,2.145464492433297,-0.1169946304485236,0.0
mlp-tasks16-seed42,mlp,16,42,bruhat_leq,seen,1000,2000,6.16711637878418,0.437,0.115,0.17106722841262817,0.9166,0.8332,5.996049150371552,-0.47959999999999997,-0.7182000000000001
mlp-tasks16-seed42,mlp,16,42,compose,fixed_train_holdout,1000,72906,9.781019917235035,0.16578882396510575,0.0,11.922067835398405,0.06006197056987005,0.0,-2.1410479181633697,0.10572685339523569,0.0
mlp-tasks16-seed42,mlp,16,42,cycle_type,seen,1000,10104,2.6644240988688344,0.4562549485352336,0.0,0.7778936899991804,0.6884961225557829,0.0876,1.886530408869654,-0.23224117402054928,-0.0876
mlp-tasks16-seed42,mlp,16,42,descents,seen,1000,2000,6.195871959686279,0.378,0.016,0.7018213438034058,0.7014,0.4028,5.494050615882873,-0.3234,-0.3868
mlp-tasks16-seed42,mlp,16,42,exceedances,seen,1000,2000,6.28024575805664,0.388,0.022,0.6305573026657104,0.7276,0.4552,5.64968845539093,-0.3396,-0.4332
mlp-tasks16-seed42,mlp,16,42,fixed_points,seen,1000,2000,5.71029663848877,0.4035,0.042,0.5778060842514038,0.7339,0.4678,5.132490554237366,-0.33039999999999997,-0.4258
mlp-tasks16-seed42,mlp,16,42,inverse,seen,1000,73094,5.491754607482103,0.35316168221741867,0.0,1.3478202368620562,0.5786823901598319,0.0632,4.143934370620046,-0.22552070794241325,-0.0632
mlp-tasks16-seed42,mlp,16,42,lds_length,seen,1000,2000,5.806444080352783,0.4035,0.029,0.5419412015914917,0.7647,0.5294,5.2645028787612915,-0.3612,-0.5004
mlp-tasks16-seed42,mlp,16,42,length,seen,1000,5000,7.6203623046875,0.251,0.0,0.7897812662426441,0.746891242844924,0.27,6.830581038444856,-0.49589124284492403,-0.27
mlp-tasks16-seed42,mlp,16,42,lis_length,seen,1000,2000,5.807522296905518,0.4115,0.02,0.5544089898109436,0.7543,0.5086,5.253113307094574,-0.3428,-0.48860000000000003
mlp-tasks16-seed42,mlp,16,42,parity,fixed_train_holdout,1000,2000,5.741418014526367,0.3795,0.018,3.7138248275756838,0.5185,0.037,2.0275931869506834,-0.13899999999999996,-0.019
mlp-tasks16-seed42,mlp,16,42,pattern_avoidance,seen,1000,2000,7.58577456665039,0.3125,0.093,0.321029434967041,0.8125,0.625,7.264745131683349,-0.5,-0.532
mlp-tasks16-seed42,mlp,16,42,peaks,seen,1000,2000,5.780211681365967,0.4005,0.024,0.5855115282058716,0.7445,0.489,5.194700153160095,-0.34400000000000003,-0.46499999999999997
mlp-tasks16-seed42,mlp,16,42,recoils,seen,1000,2000,6.224006713867188,0.3835,0.014,0.6934564399719239,0.7057,0.4114,5.530550273895264,-0.3222,-0.3974
mlp-tasks16-seed42,mlp,16,42,right_multiply_simple,seen,1000,73116,5.618258678845943,0.3386810000547076,0.0,1.3274836273116195,0.5851356595984899,0.035,4.2907750515343235,-0.24645465954378232,-0.035
mlp-tasks16-seed42,mlp,16,42,rsk_shape,seen,1000,20450,2.0408063445522617,0.5170660146699266,0.0,0.42944362855444507,0.8068821083526966,0.131,1.6113627159978168,-0.28981609368276995,-0.131
mlp-tasks16-seed42,mlp,16,42,to_cycle,seen,1000,73182,5.4945958590931685,0.34483889481019925,0.0,1.378321622867431,0.5493741143127067,0.0692,4.116274236225737,-0.20453521950250741,-0.0692
mlp-tasks16-seed42,mlp,16,42,to_inversion_vector,seen,1000,72902,4.751587292486832,0.38780829058187705,0.0,0.9660282054354531,0.6437028742957202,0.0918,3.7855590870513787,-0.2558945837138431,-0.0918
mlp-tasks16-seed42,mlp,16,42,to_lehmer,fixed_train_holdout,1000,72832,5.055057109973552,0.3785149384885764,0.0,2.7849758648791907,0.5110943722337059,0.0,2.270081245094361,-0.13257943374512948,0.0
mlp-tasks16-seed314159,mlp,16,314159,bruhat_leq,seen,1000,2000,8.02712003326416,0.338,0.058,0.16699664657115937,0.9222,0.8444,7.860123386693,-0.5842,-0.7864
mlp-tasks16-seed314159,mlp,16,314159,compose,fixed_train_holdout,1000,72906,8.21675356955789,0.2047430938468713,0.0,9.915948031075855,0.08906796734174531,0.0,-1.6991944615179655,0.115675126505126,0.0
mlp-tasks16-seed314159,mlp,16,314159,cycle_type,seen,1000,10104,2.612371482456476,0.4513064133016627,0.0,0.7740542179817103,0.6912793187116418,0.094,1.8383172644747658,-0.23997290540997912,-0.094
mlp-tasks16-seed314159,mlp,16,314159,descents,seen,1000,2000,5.8814393959045415,0.3225,0.009,0.703128950881958,0.6996,0.3992,5.178310445022584,-0.3771,-0.3902
mlp-tasks16-seed314159,mlp,16,314159,exceedances,seen,1000,2000,5.9559685935974125,0.317,0.015,0.6082783084869384,0.7385,0.477,5.347690285110474,-0.42150000000000004,-0.46199999999999997
mlp-tasks16-seed314159,mlp,16,314159,fixed_points,seen,1000,2000,4.0200680694580075,0.371,0.074,0.5747704479217529,0.7337,0.4674,3.4452976215362545,-0.3627,-0.39339999999999997
mlp-tasks16-seed314159,mlp,16,314159,inverse,seen,1000,73094,4.377240746932033,0.39064765917859195,0.0,1.3480923955230062,0.5811141015652667,0.078,3.029148351409027,-0.1904664423866747,-0.078
mlp-tasks16-seed314159,mlp,16,314159,lds_length,seen,1000,2000,3.615814748764038,0.3315,0.057,0.5467922045707703,0.7614,0.5228,3.0690225441932677,-0.42989999999999995,-0.46580000000000005
mlp-tasks16-seed314159,mlp,16,314159,length,seen,1000,5000,7.196744909667968,0.2712,0.0,0.7980908275207443,0.7442594907559708,0.2668,6.398654082147224,-0.47305949075597076,-0.2668
mlp-tasks16-seed314159,mlp,16,314159,lis_length,seen,1000,2000,3.5531059188842775,0.342,0.043,0.5445898229598999,0.7604,0.5208,3.0085160959243775,-0.41839999999999994,-0.47780000000000006
mlp-tasks16-seed314159,mlp,16,314159,parity,fixed_train_holdout,1000,2000,5.131577346801758,0.2985,0.015,5.952699293518067,0.5145,0.029,-0.8211219467163087,-0.21599999999999997,-0.014000000000000002
mlp-tasks16-seed314159,mlp,16,314159,pattern_avoidance,seen,1000,2000,7.340652381896972,0.288,0.082,0.3261696509361267,0.8053,0.6106,7.014482730960846,-0.5173000000000001,-0.5286000000000001
mlp-tasks16-seed314159,mlp,16,314159,peaks,seen,1000,2000,4.140173316955567,0.328,0.03,0.5824288634300232,0.7462,0.4924,3.5577444535255434,-0.41819999999999996,-0.46240000000000003
mlp-tasks16-seed314159,mlp,16,314159,recoils,seen,1000,2000,5.919422306060791,0.329,0.01,0.6946004235267639,0.7028,0.4056,5.224821882534027,-0.37379999999999997,-0.3956
mlp-tasks16-seed314159,mlp,16,314159,right_multiply_simple,seen,1000,73116,4.655194845428626,0.3783987089009246,0.0,1.283893739400876,0.5963318397252702,0.0344,3.3713011060277496,-0.21793313082434557,-0.0344
mlp-tasks16-seed314159,mlp,16,314159,rsk_shape,seen,1000,20450,2.219837313701005,0.49970660146699264,0.0,0.43234167644822163,0.8072642778525132,0.1398,1.7874956372527833,-0.30755767638552056,-0.1398
mlp-tasks16-seed314159,mlp,16,314159,to_cycle,seen,1000,73182,4.556991953707879,0.3812412888415184,0.0,1.3781095408357198,0.5504074161549363,0.0736,3.1788824128721593,-0.16916612731341785,-0.0736
mlp-tasks16-seed314159,mlp,16,314159,to_inversion_vector,seen,1000,72902,3.88172471088649,0.4210035389975584,0.0,0.9693921099134989,0.6450548534264035,0.1018,2.912332600972991,-0.22405131442884507,-0.1018
mlp-tasks16-seed314159,mlp,16,314159,to_lehmer,fixed_train_holdout,1000,72832,4.24808597397092,0.4093530316344464,0.0,2.9637009023563405,0.5008174800593257,0.0,1.284385071614579,-0.09146444842487927,0.0
