model_kind,run_id,architecture,condition,model_seed,layer,probe_task_family,probe_task_count,length_conditioned_r2,pearson_r,normalized_rmse,exact_accuracy,length_mode_baseline_accuracy,exact_accuracy_minus_baseline
random,random-mlp-seed17,mlp,random_init,17,block_01,all,32,0.0019525918734654008,0.03913140819810844,1.0292784273640383,0.3815956115722656,0.4211578369140625,-0.039562225341796875
random,random-mlp-seed17,mlp,random_init,17,block_01,cycle,8,0.000813318502930066,0.02290574712797654,1.0036570414470318,0.3571014404296875,0.4817047119140625,-0.124603271484375
random,random-mlp-seed17,mlp,random_init,17,block_01,global_run,8,0.0017276565999660293,0.046227002375642715,1.0898702349634295,0.466766357421875,0.4976806640625,-0.030914306640625
random,random-mlp-seed17,mlp,random_init,17,block_01,local,8,-2.707094242428154e-05,0.01290175764563452,1.0168157220415426,0.371978759765625,0.3752288818359375,-0.0032501220703125
random,random-mlp-seed17,mlp,random_init,17,block_01,positional,8,0.005296463333389789,0.07449112564317997,1.0067707110041488,0.330535888671875,0.33001708984375,0.000518798828125
random,random-mlp-seed17,mlp,random_init,17,embedding,all,32,-6.938893903907228e-18,-0.00021023961821501507,1.0302822599035704,0.3819007873535156,0.4211578369140625,-0.039257049560546875
random,random-mlp-seed17,mlp,random_init,17,embedding,cycle,8,0.0,-0.0028766196140582842,1.0040621451047635,0.359466552734375,0.4817047119140625,-0.1222381591796875
random,random-mlp-seed17,mlp,random_init,17,embedding,global_run,8,0.0,-0.0007867863722096156,1.0908257061107252,0.4667816162109375,0.4976806640625,-0.0308990478515625
random,random-mlp-seed17,mlp,random_init,17,embedding,local,8,0.0,0.002566547578018067,1.0167965545539535,0.3724822998046875,0.3752288818359375,-0.00274658203125
random,random-mlp-seed17,mlp,random_init,17,embedding,positional,8,-2.7755575615628914e-17,0.0002558999353897721,1.0094446338448388,0.3288726806640625,0.33001708984375,-0.0011444091796875
random,random-mlp-seed17,mlp,random_init,17,final_norm,all,32,0.001872367171305931,0.03939983299228643,1.0293145586061752,0.3819389343261719,0.4211578369140625,-0.039218902587890625
random,random-mlp-seed17,mlp,random_init,17,final_norm,cycle,8,0.0008085700368657966,0.022693996607965793,1.0036594152602347,0.356689453125,0.4817047119140625,-0.1250152587890625
random,random-mlp-seed17,mlp,random_init,17,final_norm,global_run,8,0.0021029523108131304,0.051783217768402105,1.0896644440633783,0.4661712646484375,0.4976806640625,-0.0315093994140625
random,random-mlp-seed17,mlp,random_init,17,final_norm,local,8,-9.741130335792769e-05,0.007429801335150063,1.0168520472204836,0.37249755859375,0.3752288818359375,-0.0027313232421875
random,random-mlp-seed17,mlp,random_init,17,final_norm,positional,8,0.004675357640902725,0.07569231625762776,1.0070823278806043,0.3323974609375,0.33001708984375,0.00238037109375
random,random-mlp-seed314159,mlp,random_init,314159,block_01,all,32,0.00239480601641643,0.03782368172805265,1.0290619386294786,0.3825836181640625,0.4211578369140625,-0.03857421875
random,random-mlp-seed314159,mlp,random_init,314159,block_01,cycle,8,-0.00030262207655357143,0.009983734150361512,1.004216290718543,0.3578948974609375,0.4817047119140625,-0.123809814453125
random,random-mlp-seed314159,mlp,random_init,314159,block_01,global_run,8,0.001911689372289152,0.048697962215064866,1.089789156125285,0.4671783447265625,0.4976806640625,-0.0305023193359375
random,random-mlp-seed314159,mlp,random_init,314159,block_01,local,8,1.2160539314048924e-05,0.007999879534032547,1.0167898931787753,0.37255859375,0.3752288818359375,-0.0026702880859375
random,random-mlp-seed314159,mlp,random_init,314159,block_01,positional,8,0.00795799623061609,0.08461315101275169,1.005452414495311,0.33270263671875,0.33001708984375,0.002685546875
random,random-mlp-seed314159,mlp,random_init,314159,embedding,all,32,-6.938893903907228e-18,-0.001124211999143228,1.0302822599035701,0.3819007873535156,0.4211578369140625,-0.039257049560546875
random,random-mlp-seed314159,mlp,random_init,314159,embedding,cycle,8,0.0,-0.0031085729351518912,1.0040621451047635,0.359466552734375,0.4817047119140625,-0.1222381591796875
random,random-mlp-seed314159,mlp,random_init,314159,embedding,global_run,8,0.0,-0.005049795940394068,1.0908257061107252,0.4667816162109375,0.4976806640625,-0.0308990478515625
random,random-mlp-seed314159,mlp,random_init,314159,embedding,local,8,-2.7755575615628914e-17,0.003498781964177299,1.0167965545539535,0.3724822998046875,0.3752288818359375,-0.00274658203125
random,random-mlp-seed314159,mlp,random_init,314159,embedding,positional,8,0.0,0.00016273891479574865,1.0094446338448388,0.3288726806640625,0.33001708984375,-0.0011444091796875
random,random-mlp-seed314159,mlp,random_init,314159,final_norm,all,32,0.0022466059223824053,0.03762498455727156,1.0291384065242413,0.3825798034667969,0.4211578369140625,-0.038578033447265625
random,random-mlp-seed314159,mlp,random_init,314159,final_norm,cycle,8,-0.0002842266909772878,0.010902772600721394,1.0042069531668498,0.3583526611328125,0.4817047119140625,-0.12335205078125
random,random-mlp-seed314159,mlp,random_init,314159,final_norm,global_run,8,0.0016711569048092345,0.047814258256037336,1.0899196195537058,0.4670867919921875,0.4976806640625,-0.0305938720703125
random,random-mlp-seed314159,mlp,random_init,314159,final_norm,local,8,1.990402730420171e-05,0.008769713194211428,1.016785906509559,0.3725738525390625,0.3752288818359375,-0.002655029296875
random,random-mlp-seed314159,mlp,random_init,314159,final_norm,positional,8,0.007579589448393473,0.08301319417811609,1.0056411468668502,0.332305908203125,0.33001708984375,0.002288818359375
random,random-mlp-seed42,mlp,random_init,42,block_01,all,32,0.004736267197994748,0.05448770687773792,1.02787582707468,0.3865318298339844,0.4211578369140625,-0.034626007080078125
random,random-mlp-seed42,mlp,random_init,42,block_01,cycle,8,0.001213257805635179,0.029004922439178595,1.0034570029879806,0.35858154296875,0.4817047119140625,-0.1231231689453125
random,random-mlp-seed42,mlp,random_init,42,block_01,global_run,8,0.0051752433410613,0.06456450255459216,1.0881341699570246,0.4752960205078125,0.4976806640625,-0.0223846435546875
random,random-mlp-seed42,mlp,random_init,42,block_01,local,8,-0.00019631712538098478,0.01701423029094913,1.0168987084856458,0.3719024658203125,0.3752288818359375,-0.003326416015625
random,random-mlp-seed42,mlp,random_init,42,block_01,positional,8,0.012752884770663497,0.10736717222623178,1.0030134268680686,0.3403472900390625,0.33001708984375,0.0103302001953125
random,random-mlp-seed42,mlp,random_init,42,embedding,all,32,-3.469446951953614e-18,-3.312907954240772e-05,1.0302822599035701,0.3819007873535156,0.4211578369140625,-0.039257049560546875
random,random-mlp-seed42,mlp,random_init,42,embedding,cycle,8,1.3877787807814457e-17,-0.002752453497689776,1.0040621451047635,0.359466552734375,0.4817047119140625,-0.1222381591796875
random,random-mlp-seed42,mlp,random_init,42,embedding,global_run,8,0.0,-0.0012031439373936608,1.0908257061107252,0.4667816162109375,0.4976806640625,-0.0308990478515625
random,random-mlp-seed42,mlp,random_init,42,embedding,local,8,-2.7755575615628914e-17,0.003429796400218679,1.0167965545539535,0.3724822998046875,0.3752288818359375,-0.00274658203125
random,random-mlp-seed42,mlp,random_init,42,embedding,positional,8,0.0,0.0003932847166951267,1.0094446338448388,0.3288726806640625,0.33001708984375,-0.0011444091796875
random,random-mlp-seed42,mlp,random_init,42,final_norm,all,32,0.004492778592187798,0.053015882391385744,1.027996616095362,0.385986328125,0.4211578369140625,-0.0351715087890625
random,random-mlp-seed42,mlp,random_init,42,final_norm,cycle,8,0.001197916956422837,0.029781375241995624,1.0034642259452988,0.358673095703125,0.4817047119140625,-0.1230316162109375
random,random-mlp-seed42,mlp,random_init,42,final_norm,global_run,8,0.005275953348393564,0.06242818268403943,1.0880736759248917,0.4731597900390625,0.4976806640625,-0.0245208740234375
random,random-mlp-seed42,mlp,random_init,42,final_norm,local,8,-0.00027793545526053065,0.01583545096181107,1.0169405096667412,0.3721160888671875,0.3752288818359375,-0.00311279296875
random,random-mlp-seed42,mlp,random_init,42,final_norm,positional,8,0.011775179519195322,0.10401852067769686,1.0035080528445162,0.339996337890625,0.33001708984375,0.009979248046875
random,random-transformer-seed17,transformer,random_init,17,block_01,all,32,0.13534302300926399,0.3382464252018499,0.956527389110475,0.43354034423828125,0.4211578369140625,0.01238250732421875
random,random-transformer-seed17,transformer,random_init,17,block_01,cycle,8,0.10949225572989094,0.2919389545250146,0.9462514840664032,0.39959716796875,0.4817047119140625,-0.0821075439453125
random,random-transformer-seed17,transformer,random_init,17,block_01,global_run,8,0.14598362247363894,0.3650158365219982,1.0079165623700728,0.5288543701171875,0.4976806640625,0.0311737060546875
random,random-transformer-seed17,transformer,random_init,17,block_01,local,8,0.05241321389760978,0.22379312182655803,0.9898145782768979,0.38629150390625,0.3752288818359375,0.0110626220703125
random,random-transformer-seed17,transformer,random_init,17,block_01,positional,8,0.23348299993591626,0.47223778793382876,0.8821269317285259,0.4194183349609375,0.33001708984375,0.0894012451171875
random,random-transformer-seed17,transformer,random_init,17,block_02,all,32,0.2138983569068079,0.41850399511868397,0.9085760160275127,0.45090484619140625,0.4211578369140625,0.02974700927734375
random,random-transformer-seed17,transformer,random_init,17,block_02,cycle,8,0.10982693210663272,0.28066448279903966,0.9458640928800951,0.4027862548828125,0.4817047119140625,-0.07891845703125
random,random-transformer-seed17,transformer,random_init,17,block_02,global_run,8,0.27881755776730577,0.5116191903899628,0.9263464224517683,0.5552520751953125,0.4976806640625,0.0575714111328125
random,random-transformer-seed17,transformer,random_init,17,block_02,local,8,0.08055700305006079,0.26849908030565095,0.9746575040400076,0.3903961181640625,0.3752288818359375,0.015167236328125
random,random-transformer-seed17,transformer,random_init,17,block_02,positional,8,0.38639193470323224,0.6132332269800826,0.7874360447381797,0.4551849365234375,0.33001708984375,0.1251678466796875
random,random-transformer-seed17,transformer,random_init,17,block_03,all,32,0.22811753327755738,0.4331006210294591,0.8990787993931738,0.4544486999511719,0.4211578369140625,0.033290863037109375
random,random-transformer-seed17,transformer,random_init,17,block_03,cycle,8,0.10627895599185798,0.2822839473382192,0.9478526348322557,0.401458740234375,0.4817047119140625,-0.0802459716796875
random,random-transformer-seed17,transformer,random_init,17,block_03,global_run,8,0.2963540205996154,0.5289698529305006,0.9144770459558402,0.559600830078125,0.4976806640625,0.061920166015625
random,random-transformer-seed17,transformer,random_init,17,block_03,local,8,0.08613750531144537,0.278139398042769,0.9716229769859814,0.3928985595703125,0.3752288818359375,0.017669677734375
random,random-transformer-seed17,transformer,random_init,17,block_03,positional,8,0.42369965120731073,0.6430092858063479,0.7623625397986178,0.463836669921875,0.33001708984375,0.133819580078125
random,random-transformer-seed17,transformer,random_init,17,block_04,all,32,0.22635561392442505,0.4295961441325766,0.8999040818469968,0.45325469970703125,0.4211578369140625,0.03209686279296875
random,random-transformer-seed17,transformer,random_init,17,block_04,cycle,8,0.09854668293657627,0.2671505593625874,0.952217551046387,0.3987884521484375,0.4817047119140625,-0.082916259765625
random,random-transformer-seed17,transformer,random_init,17,block_04,global_run,8,0.2995270763661453,0.5312493901054735,0.9122780247627277,0.55963134765625,0.4976806640625,0.06195068359375
random,random-transformer-seed17,transformer,random_init,17,block_04,local,8,0.08637769789739443,0.2797390181722905,0.9714709402228132,0.3918304443359375,0.3752288818359375,0.0166015625
random,random-transformer-seed17,transformer,random_init,17,block_04,positional,8,0.4209709984975841,0.6402456088899549,0.763649811356059,0.4627685546875,0.33001708984375,0.13275146484375
random,random-transformer-seed17,transformer,random_init,17,embedding,all,32,6.938893903907228e-18,-0.0006277996855536814,1.0302822599035701,0.3819007873535156,0.4211578369140625,-0.039257049560546875
random,random-transformer-seed17,transformer,random_init,17,embedding,cycle,8,1.3877787807814457e-17,-0.0024836796401564616,1.0040621451047635,0.359466552734375,0.4817047119140625,-0.1222381591796875
random,random-transformer-seed17,transformer,random_init,17,embedding,global_run,8,0.0,-0.0025998345679339916,1.0908257061107252,0.4667816162109375,0.4976806640625,-0.0308990478515625
random,random-transformer-seed17,transformer,random_init,17,embedding,local,8,1.3877787807814457e-17,0.0025655310246430795,1.0167965545539535,0.3724822998046875,0.3752288818359375,-0.00274658203125
random,random-transformer-seed17,transformer,random_init,17,embedding,positional,8,0.0,6.784441232648205e-06,1.0094446338448388,0.3288726806640625,0.33001708984375,-0.0011444091796875
random,random-transformer-seed17,transformer,random_init,17,final_norm,all,32,0.22591605804476042,0.4288555941264643,0.9001658971399964,0.453033447265625,0.4211578369140625,0.0318756103515625
random,random-transformer-seed17,transformer,random_init,17,final_norm,cycle,8,0.09821059222098116,0.26631339217080985,0.9523976958876444,0.398651123046875,0.4817047119140625,-0.0830535888671875
random,random-transformer-seed17,transformer,random_init,17,final_norm,global_run,8,0.29870156730455044,0.5306837899473524,0.9128047427883571,0.5573272705078125,0.4976806640625,0.0596466064453125
random,random-transformer-seed17,transformer,random_init,17,final_norm,local,8,0.08556798541804884,0.278139328594991,0.9719053404499549,0.3923797607421875,0.3752288818359375,0.01715087890625
random,random-transformer-seed17,transformer,random_init,17,final_norm,positional,8,0.42118408723546125,0.6402858657927039,0.763555809434029,0.463775634765625,0.33001708984375,0.133758544921875
random,random-transformer-seed314159,transformer,random_init,314159,block_01,all,32,0.13237054416639574,0.335796303528225,0.9582942694429626,0.4319877624511719,0.4211578369140625,0.010829925537109375
random,random-transformer-seed314159,transformer,random_init,314159,block_01,cycle,8,0.10618365243328666,0.2860632260566117,0.9480126768887158,0.3998565673828125,0.4817047119140625,-0.08184814453125
random,random-transformer-seed314159,transformer,random_init,314159,block_01,global_run,8,0.1436445808303624,0.36283290852733535,1.0095302500793735,0.5270538330078125,0.4976806640625,0.0293731689453125
random,random-transformer-seed314159,transformer,random_init,314159,block_01,local,8,0.054070055786144336,0.23039060277693196,0.9889361014831924,0.386962890625,0.3752288818359375,0.0117340087890625
random,random-transformer-seed314159,transformer,random_init,314159,block_01,positional,8,0.22558388761578949,0.4638984767520209,0.8866980493205686,0.4140777587890625,0.33001708984375,0.0840606689453125
random,random-transformer-seed314159,transformer,random_init,314159,block_02,all,32,0.2160702748355141,0.4217810328280462,0.9071777249033602,0.4517974853515625,0.4211578369140625,0.0306396484375
random,random-transformer-seed314159,transformer,random_init,314159,block_02,cycle,8,0.10405339289898254,0.2773180241978591,0.9491186720206162,0.4001617431640625,0.4817047119140625,-0.08154296875
random,random-transformer-seed314159,transformer,random_init,314159,block_02,global_run,8,0.2788816614789936,0.5117701785673436,0.9263856743969928,0.5558929443359375,0.4976806640625,0.0582122802734375
random,random-transformer-seed314159,transformer,random_init,314159,block_02,local,8,0.08451579443274236,0.27590316161931827,0.9725003427806092,0.3935394287109375,0.3752288818359375,0.018310546875
random,random-transformer-seed314159,transformer,random_init,314159,block_02,positional,8,0.3968302505313379,0.6221327669276638,0.7807062104152229,0.4575958251953125,0.33001708984375,0.1275787353515625
random,random-transformer-seed314159,transformer,random_init,314159,block_03,all,32,0.2235188680959973,0.4274046095199143,0.9018969916039394,0.4541740417480469,0.4211578369140625,0.033016204833984375
random,random-transformer-seed314159,transformer,random_init,314159,block_03,cycle,8,0.09911524381094712,0.26815921199186954,0.9518859673972776,0.3998870849609375,0.4817047119140625,-0.081817626953125
random,random-transformer-seed314159,transformer,random_init,314159,block_03,global_run,8,0.29195320994669405,0.5242485515217734,0.9173883630115981,0.5564422607421875,0.4976806640625,0.0587615966796875
random,random-transformer-seed314159,transformer,random_init,314159,block_03,local,8,0.08674122982804525,0.2801865316474068,0.9713265486621134,0.395050048828125,0.3752288818359375,0.0198211669921875
random,random-transformer-seed314159,transformer,random_init,314159,block_03,positional,8,0.41626578879830284,0.6370241429186076,0.7669870873447686,0.4653167724609375,0.33001708984375,0.1352996826171875
random,random-transformer-seed314159,transformer,random_init,314159,block_04,all,32,0.22237488931266997,0.4263008450565797,0.9024132589306397,0.4532127380371094,0.4211578369140625,0.032054901123046875
random,random-transformer-seed314159,transformer,random_init,314159,block_04,cycle,8,0.0956325674541847,0.2637474445142287,0.9538114483219899,0.3983154296875,0.4817047119140625,-0.0833892822265625
random,random-transformer-seed314159,transformer,random_init,314159,block_04,global_run,8,0.29475531610957334,0.5274761313419756,0.9155657896153464,0.55694580078125,0.4976806640625,0.05926513671875
random,random-transformer-seed314159,transformer,random_init,314159,block_04,local,8,0.08420466478174246,0.2782506966281347,0.9726436388824363,0.3952789306640625,0.3752288818359375,0.020050048828125
random,random-transformer-seed314159,transformer,random_init,314159,block_04,positional,8,0.41490700890517934,0.6357291077419799,0.7676321589027861,0.462310791015625,0.33001708984375,0.132293701171875
random,random-transformer-seed314159,transformer,random_init,314159,embedding,all,32,-6.938893903907228e-18,-0.0006450025488147189,1.0302822599035704,0.3819007873535156,0.4211578369140625,-0.039257049560546875
random,random-transformer-seed314159,transformer,random_init,314159,embedding,cycle,8,0.0,-0.003027508956068283,1.0040621451047635,0.359466552734375,0.4817047119140625,-0.1222381591796875
random,random-transformer-seed314159,transformer,random_init,314159,embedding,global_run,8,0.0,-0.003097817019973657,1.0908257061107252,0.4667816162109375,0.4976806640625,-0.0308990478515625
random,random-transformer-seed314159,transformer,random_init,314159,embedding,local,8,0.0,0.0033454348119177756,1.0167965545539535,0.3724822998046875,0.3752288818359375,-0.00274658203125
random,random-transformer-seed314159,transformer,random_init,314159,embedding,positional,8,-2.7755575615628914e-17,0.00019988096886528871,1.0094446338448388,0.3288726806640625,0.33001708984375,-0.0011444091796875
random,random-transformer-seed314159,transformer,random_init,314159,final_norm,all,32,0.22109876970564324,0.42449817416822383,0.9032066069663051,0.4527397155761719,0.4211578369140625,0.031581878662109375
random,random-transformer-seed314159,transformer,random_init,314159,final_norm,cycle,8,0.09488598103449418,0.2623218465799681,0.9542077564678652,0.3982696533203125,0.4817047119140625,-0.08343505859375
random,random-transformer-seed314159,transformer,random_init,314159,final_norm,global_run,8,0.2927864457575768,0.525672424700292,0.9168212048553088,0.556396484375,0.4976806640625,0.0587158203125
random,random-transformer-seed314159,transformer,random_init,314159,final_norm,local,8,0.08364057860095615,0.2758786222429649,0.972957708657639,0.39263916015625,0.3752288818359375,0.0174102783203125
random,random-transformer-seed314159,transformer,random_init,314159,final_norm,positional,8,0.41308207342954584,0.6341198031496704,0.7688397578844072,0.463653564453125,0.33001708984375,0.133636474609375
random,random-transformer-seed42,transformer,random_init,42,block_01,all,32,0.11314952787234704,0.3105978535382764,0.9692697224769989,0.4283905029296875,0.4211578369140625,0.007232666015625
random,random-transformer-seed42,transformer,random_init,42,block_01,cycle,8,0.10146410036276993,0.28669878528593906,0.9507550312753781,0.402984619140625,0.4817047119140625,-0.0787200927734375
random,random-transformer-seed42,transformer,random_init,42,block_01,global_run,8,0.11219008260128673,0.32252089217670626,1.028020307425598,0.5184783935546875,0.4976806640625,0.0207977294921875
random,random-transformer-seed42,transformer,random_init,42,block_01,local,8,0.041139205894315384,0.20095409751700538,0.9956934935314934,0.3865203857421875,0.3752288818359375,0.01129150390625
random,random-transformer-seed42,transformer,random_init,42,block_01,positional,8,0.19780472263101612,0.4322176391734548,0.902610057675526,0.40557861328125,0.33001708984375,0.0755615234375
random,random-transformer-seed42,transformer,random_init,42,block_02,all,32,0.21528188416247435,0.4207464936330349,0.9072732077634312,0.4517822265625,0.4211578369140625,0.0306243896484375
random,random-transformer-seed42,transformer,random_init,42,block_02,cycle,8,0.10461820120131275,0.2805407718244274,0.9488096483463994,0.4026336669921875,0.4817047119140625,-0.079071044921875
random,random-transformer-seed42,transformer,random_init,42,block_02,global_run,8,0.27574428958541913,0.5087550021378388,0.9280044098852455,0.5532684326171875,0.4976806640625,0.0555877685546875
random,random-transformer-seed42,transformer,random_init,42,block_02,local,8,0.07897984701266414,0.26921473135335094,0.9755163028078158,0.390533447265625,0.3752288818359375,0.0153045654296875
random,random-transformer-seed42,transformer,random_init,42,block_02,positional,8,0.40178519885050135,0.6244754692165225,0.7767624700142645,0.460693359375,0.33001708984375,0.13067626953125
random,random-transformer-seed42,transformer,random_init,42,block_03,all,32,0.22546313836621934,0.42874567700370325,0.9004293441285275,0.4567108154296875,0.4211578369140625,0.035552978515625
random,random-transformer-seed42,transformer,random_init,42,block_03,cycle,8,0.1010734651073112,0.27145944419964396,0.9507487830129187,0.4023284912109375,0.4817047119140625,-0.079376220703125
random,random-transformer-seed42,transformer,random_init,42,block_03,global_run,8,0.29248371532170514,0.5247563633697593,0.9167820942853284,0.559112548828125,0.4976806640625,0.061431884765625
random,random-transformer-seed42,transformer,random_init,42,block_03,local,8,0.08386125913111997,0.2759874936116477,0.9728543493049521,0.3935699462890625,0.3752288818359375,0.018341064453125
random,random-transformer-seed42,transformer,random_init,42,block_03,positional,8,0.42443411390474095,0.642779406833762,0.7613321499109106,0.471832275390625,0.33001708984375,0.141815185546875
random,random-transformer-seed42,transformer,random_init,42,block_04,all,32,0.2239189160056418,0.4270472268598134,0.9013137747689691,0.4548301696777344,0.4211578369140625,0.033672332763671875
random,random-transformer-seed42,transformer,random_init,42,block_04,cycle,8,0.09635488063517884,0.265209305483671,0.953325058000971,0.400360107421875,0.4817047119140625,-0.0813446044921875
random,random-transformer-seed42,transformer,random_init,42,block_04,global_run,8,0.29437213625971864,0.5271311978323536,0.915358576933003,0.5581817626953125,0.4976806640625,0.0605010986328125
random,random-transformer-seed42,transformer,random_init,42,block_04,local,8,0.08520981080193984,0.27679648111650124,0.9721245865042936,0.3935546875,0.3752288818359375,0.0183258056640625
random,random-transformer-seed42,transformer,random_init,42,block_04,positional,8,0.4197388363257297,0.6390519230067279,0.7644468776376088,0.46722412109375,0.33001708984375,0.13720703125
random,random-transformer-seed42,transformer,random_init,42,embedding,all,32,-6.938893903907228e-18,-0.00033509393415295216,1.0302822599035704,0.3819007873535156,0.4211578369140625,-0.039257049560546875
random,random-transformer-seed42,transformer,random_init,42,embedding,cycle,8,0.0,-0.0026619362020621996,1.0040621451047635,0.359466552734375,0.4817047119140625,-0.1222381591796875
random,random-transformer-seed42,transformer,random_init,42,embedding,global_run,8,0.0,-0.0018931600827885452,1.0908257061107252,0.4667816162109375,0.4976806640625,-0.0308990478515625
random,random-transformer-seed42,transformer,random_init,42,embedding,local,8,0.0,0.003454164647209407,1.0167965545539535,0.3724822998046875,0.3752288818359375,-0.00274658203125
random,random-transformer-seed42,transformer,random_init,42,embedding,positional,8,-2.7755575615628914e-17,-0.00023944409897047082,1.0094446338448388,0.3288726806640625,0.33001708984375,-0.0011444091796875
random,random-transformer-seed42,transformer,random_init,42,final_norm,all,32,0.22246635468875928,0.4248602682525186,0.9021752791110741,0.453521728515625,0.4211578369140625,0.0323638916015625
random,random-transformer-seed42,transformer,random_init,42,final_norm,cycle,8,0.09504168516780741,0.26232273443808324,0.9540226211851094,0.40118408203125,0.4817047119140625,-0.0805206298828125
random,random-transformer-seed42,transformer,random_init,42,final_norm,global_run,8,0.29208906528508405,0.524746642110659,0.9168620368916722,0.5557403564453125,0.4976806640625,0.0580596923828125
random,random-transformer-seed42,transformer,random_init,42,final_norm,local,8,0.083854581490323,0.27421694858665757,0.9728465181625562,0.3911590576171875,0.3752288818359375,0.01593017578125
random,random-transformer-seed42,transformer,random_init,42,final_norm,positional,8,0.41888008681182265,0.6381547478746746,0.7649699402049585,0.46600341796875,0.33001708984375,0.135986328125
trained,category-algebra-a4-mlp-seed17,mlp,algebra_a4,17,block_01,all,32,0.12955510763864167,0.31985677329669965,0.9583812849411687,0.38954925537109375,0.4211578369140625,-0.03160858154296875
trained,category-algebra-a4-mlp-seed17,mlp,algebra_a4,17,block_01,cycle,8,0.012947535727950543,0.08490876111400839,0.9975374611322059,0.3566131591796875,0.4817047119140625,-0.125091552734375
trained,category-algebra-a4-mlp-seed17,mlp,algebra_a4,17,block_01,global_run,8,0.21127424469818162,0.45327815472086974,0.9670642534442512,0.4744873046875,0.4976806640625,-0.023193359375
trained,category-algebra-a4-mlp-seed17,mlp,algebra_a4,17,block_01,local,8,0.09158660318341832,0.29931768938841463,0.9686745023728256,0.3716888427734375,0.3752288818359375,-0.0035400390625
trained,category-algebra-a4-mlp-seed17,mlp,algebra_a4,17,block_01,positional,8,0.20241204694501613,0.4419224879635058,0.9002489228153924,0.35540771484375,0.33001708984375,0.025390625
trained,category-algebra-a4-mlp-seed17,mlp,algebra_a4,17,embedding,all,32,0.0,-0.0009239800284635084,1.0302822599035701,0.3819007873535156,0.4211578369140625,-0.039257049560546875
trained,category-algebra-a4-mlp-seed17,mlp,algebra_a4,17,embedding,cycle,8,2.7755575615628914e-17,-0.0027093019546749744,1.0040621451047635,0.359466552734375,0.4817047119140625,-0.1222381591796875
trained,category-algebra-a4-mlp-seed17,mlp,algebra_a4,17,embedding,global_run,8,0.0,-0.0029549746635101496,1.0908257061107252,0.4667816162109375,0.4976806640625,-0.0308990478515625
trained,category-algebra-a4-mlp-seed17,mlp,algebra_a4,17,embedding,local,8,-2.7755575615628914e-17,0.0016684499668847708,1.0167965545539535,0.3724822998046875,0.3752288818359375,-0.00274658203125
trained,category-algebra-a4-mlp-seed17,mlp,algebra_a4,17,embedding,positional,8,0.0,0.0002999065374463196,1.0094446338448388,0.3288726806640625,0.33001708984375,-0.0011444091796875
trained,category-algebra-a4-mlp-seed17,mlp,algebra_a4,17,final_norm,all,32,0.13551316691324802,0.3285270522115611,0.9548965225473132,0.3897132873535156,0.4211578369140625,-0.031444549560546875
trained,category-algebra-a4-mlp-seed17,mlp,algebra_a4,17,final_norm,cycle,8,0.014527649992438815,0.08992081350296982,0.9967304016930719,0.356658935546875,0.4817047119140625,-0.1250457763671875
trained,category-algebra-a4-mlp-seed17,mlp,algebra_a4,17,final_norm,global_run,8,0.22081708432911104,0.4645137159895989,0.9609903533216073,0.477020263671875,0.4976806640625,-0.020660400390625
trained,category-algebra-a4-mlp-seed17,mlp,algebra_a4,17,final_norm,local,8,0.09992790842287994,0.31267252070403956,0.9641434039295786,0.3709259033203125,0.3752288818359375,-0.004302978515625
trained,category-algebra-a4-mlp-seed17,mlp,algebra_a4,17,final_norm,positional,8,0.20678002490856234,0.4470011586496361,0.8977219312449949,0.354248046875,0.33001708984375,0.02423095703125
trained,category-algebra-a4-mlp-seed314159,mlp,algebra_a4,314159,block_01,all,32,0.11581944606801263,0.30036058444424785,0.9661359592461147,0.3878898620605469,0.4211578369140625,-0.033267974853515625
trained,category-algebra-a4-mlp-seed314159,mlp,algebra_a4,314159,block_01,cycle,8,0.011073273374739123,0.0737752059640672,0.9984918421587966,0.355926513671875,0.4817047119140625,-0.1257781982421875
trained,category-algebra-a4-mlp-seed314159,mlp,algebra_a4,314159,block_01,global_run,8,0.19711143539517548,0.43619471165068374,0.9761408283302883,0.474395751953125,0.4976806640625,-0.023284912109375
trained,category-algebra-a4-mlp-seed314159,mlp,algebra_a4,314159,block_01,local,8,0.09029060763579581,0.29605776447395993,0.9691892478591115,0.3715057373046875,0.3752288818359375,-0.00372314453125
trained,category-algebra-a4-mlp-seed314159,mlp,algebra_a4,314159,block_01,positional,8,0.16480246786634012,0.39541465568828055,0.9207219186362626,0.3497314453125,0.33001708984375,0.01971435546875
trained,category-algebra-a4-mlp-seed314159,mlp,algebra_a4,314159,embedding,all,32,-1.734723475976807e-17,-0.00011266086757724249,1.0302822599035704,0.3819007873535156,0.4211578369140625,-0.039257049560546875
trained,category-algebra-a4-mlp-seed314159,mlp,algebra_a4,314159,embedding,cycle,8,0.0,-0.0031926407401534837,1.0040621451047635,0.359466552734375,0.4817047119140625,-0.1222381591796875
trained,category-algebra-a4-mlp-seed314159,mlp,algebra_a4,314159,embedding,global_run,8,-2.7755575615628914e-17,-0.0019756557079059303,1.0908257061107252,0.4667816162109375,0.4976806640625,-0.0308990478515625
trained,category-algebra-a4-mlp-seed314159,mlp,algebra_a4,314159,embedding,local,8,1.3877787807814457e-17,0.0041642270365743845,1.0167965545539535,0.3724822998046875,0.3752288818359375,-0.00274658203125
trained,category-algebra-a4-mlp-seed314159,mlp,algebra_a4,314159,embedding,positional,8,-5.551115123125783e-17,0.0005534259411760596,1.009444633844839,0.3288726806640625,0.33001708984375,-0.0011444091796875
trained,category-algebra-a4-mlp-seed314159,mlp,algebra_a4,314159,final_norm,all,32,0.1214739482562357,0.30781422243755246,0.9628904574178947,0.38861083984375,0.4211578369140625,-0.0325469970703125
trained,category-algebra-a4-mlp-seed314159,mlp,algebra_a4,314159,final_norm,cycle,8,0.012432505109467404,0.07565971699945141,0.9977988184694644,0.3583984375,0.4817047119140625,-0.1233062744140625
trained,category-algebra-a4-mlp-seed314159,mlp,algebra_a4,314159,final_norm,global_run,8,0.20568365129797547,0.44762711621718754,0.9710028541880795,0.4754791259765625,0.4976806640625,-0.0222015380859375
trained,category-algebra-a4-mlp-seed314159,mlp,algebra_a4,314159,final_norm,local,8,0.0983964605353605,0.3092440442832666,0.9647247829866168,0.369842529296875,0.3752288818359375,-0.0053863525390625
trained,category-algebra-a4-mlp-seed314159,mlp,algebra_a4,314159,final_norm,positional,8,0.16938317608213943,0.39872601225030424,0.9180353740274181,0.3507232666015625,0.33001708984375,0.0207061767578125
trained,category-algebra-a4-mlp-seed42,mlp,algebra_a4,42,block_01,all,32,0.13817181031420062,0.33041371790724194,0.9533242711813328,0.3961677551269531,0.4211578369140625,-0.024990081787109375
trained,category-algebra-a4-mlp-seed42,mlp,algebra_a4,42,block_01,cycle,8,0.014277951563970603,0.08935380385064033,0.9968624312132438,0.3597259521484375,0.4817047119140625,-0.121978759765625
trained,category-algebra-a4-mlp-seed42,mlp,algebra_a4,42,block_01,global_run,8,0.22518768745776624,0.4687316159847134,0.95853690678416,0.4837799072265625,0.4976806640625,-0.0139007568359375
trained,category-algebra-a4-mlp-seed42,mlp,algebra_a4,42,block_01,local,8,0.09791387848638422,0.30817477772359847,0.9651163190624259,0.3736724853515625,0.3752288818359375,-0.001556396484375
trained,category-algebra-a4-mlp-seed42,mlp,algebra_a4,42,block_01,positional,8,0.21530772374868135,0.4553946740700155,0.8927814276655013,0.36749267578125,0.33001708984375,0.0374755859375
trained,category-algebra-a4-mlp-seed42,mlp,algebra_a4,42,embedding,all,32,-6.938893903907228e-18,-0.0008951435302093509,1.0302822599035701,0.3819007873535156,0.4211578369140625,-0.039257049560546875
trained,category-algebra-a4-mlp-seed42,mlp,algebra_a4,42,embedding,cycle,8,2.7755575615628914e-17,-0.00276508158932563,1.0040621451047635,0.359466552734375,0.4817047119140625,-0.1222381591796875
trained,category-algebra-a4-mlp-seed42,mlp,algebra_a4,42,embedding,global_run,8,0.0,-0.0036120710489018514,1.0908257061107252,0.4667816162109375,0.4976806640625,-0.0308990478515625
trained,category-algebra-a4-mlp-seed42,mlp,algebra_a4,42,embedding,local,8,-2.7755575615628914e-17,0.002825824225804394,1.0167965545539535,0.3724822998046875,0.3752288818359375,-0.00274658203125
trained,category-algebra-a4-mlp-seed42,mlp,algebra_a4,42,embedding,positional,8,-2.7755575615628914e-17,-2.924570841431615e-05,1.0094446338448388,0.3288726806640625,0.33001708984375,-0.0011444091796875
trained,category-algebra-a4-mlp-seed42,mlp,algebra_a4,42,final_norm,all,32,0.1395258147497196,0.3324911504743835,0.9525729469326749,0.3950347900390625,0.4211578369140625,-0.026123046875
trained,category-algebra-a4-mlp-seed42,mlp,algebra_a4,42,final_norm,cycle,8,0.015139680960100085,0.08898722946778279,0.996422654002591,0.35968017578125,0.4817047119140625,-0.1220245361328125
trained,category-algebra-a4-mlp-seed42,mlp,algebra_a4,42,final_norm,global_run,8,0.22584592039020496,0.47138788887880223,0.9581465822307015,0.48248291015625,0.4976806640625,-0.01519775390625
trained,category-algebra-a4-mlp-seed42,mlp,algebra_a4,42,final_norm,local,8,0.10267248671992732,0.31537060900901615,0.9625005665847055,0.3732757568359375,0.3752288818359375,-0.001953125
trained,category-algebra-a4-mlp-seed42,mlp,algebra_a4,42,final_norm,positional,8,0.21444517092864593,0.45421887454193277,0.8932219849127015,0.3647003173828125,0.33001708984375,0.0346832275390625
trained,category-algebra-a4-transformer-seed17,transformer,algebra_a4,17,block_01,all,32,0.23783182627184252,0.45679924440352276,0.8927069430607053,0.44409942626953125,0.4211578369140625,0.02294158935546875
trained,category-algebra-a4-transformer-seed17,transformer,algebra_a4,17,block_01,cycle,8,0.08065635233794372,0.25542174768661663,0.9622705298707412,0.394287109375,0.4817047119140625,-0.0874176025390625
trained,category-algebra-a4-transformer-seed17,transformer,algebra_a4,17,block_01,global_run,8,0.33402419920307463,0.5723553974883888,0.8874047786157475,0.544525146484375,0.4976806640625,0.046844482421875
trained,category-algebra-a4-transformer-seed17,transformer,algebra_a4,17,block_01,local,8,0.154070255184185,0.390951309014285,0.9348034326918829,0.392486572265625,0.3752288818359375,0.0172576904296875
trained,category-algebra-a4-transformer-seed17,transformer,algebra_a4,17,block_01,positional,8,0.38257649836216673,0.6084685234248006,0.7863490310644495,0.445098876953125,0.33001708984375,0.115081787109375
trained,category-algebra-a4-transformer-seed17,transformer,algebra_a4,17,block_02,all,32,0.27605884973072575,0.49533436831564603,0.8684987741424006,0.454986572265625,0.4211578369140625,0.0338287353515625
trained,category-algebra-a4-transformer-seed17,transformer,algebra_a4,17,block_02,cycle,8,0.1011357813888632,0.28879959887904166,0.9511297383857417,0.40240478515625,0.4817047119140625,-0.0792999267578125
trained,category-algebra-a4-transformer-seed17,transformer,algebra_a4,17,block_02,global_run,8,0.3733833908448459,0.605533257599633,0.8602680772027054,0.554168701171875,0.4976806640625,0.056488037109375
trained,category-algebra-a4-transformer-seed17,transformer,algebra_a4,17,block_02,local,8,0.1802146538568553,0.4231481859535311,0.9200874063732494,0.3970947265625,0.3752288818359375,0.0218658447265625
trained,category-algebra-a4-transformer-seed17,transformer,algebra_a4,17,block_02,positional,8,0.44950157283233866,0.6638564308303783,0.7425098746079063,0.466278076171875,0.33001708984375,0.136260986328125
trained,category-algebra-a4-transformer-seed17,transformer,algebra_a4,17,block_03,all,32,0.2774790812731135,0.4959753537925862,0.8676977203750773,0.4550743103027344,0.4211578369140625,0.033916473388671875
trained,category-algebra-a4-transformer-seed17,transformer,algebra_a4,17,block_03,cycle,8,0.09712070494465962,0.2821735209327282,0.9533078635113087,0.40350341796875,0.4817047119140625,-0.0782012939453125
trained,category-algebra-a4-transformer-seed17,transformer,algebra_a4,17,block_03,global_run,8,0.3752597465907789,0.6075516140208115,0.8595832124008567,0.5539398193359375,0.4976806640625,0.0562591552734375
trained,category-algebra-a4-transformer-seed17,transformer,algebra_a4,17,block_03,local,8,0.1832657340447949,0.42662817929456653,0.9184069469172625,0.3968505859375,0.3752288818359375,0.0216217041015625
trained,category-algebra-a4-transformer-seed17,transformer,algebra_a4,17,block_03,positional,8,0.4542701395122207,0.6675481009222386,0.7394928586708813,0.46600341796875,0.33001708984375,0.135986328125
trained,category-algebra-a4-transformer-seed17,transformer,algebra_a4,17,block_04,all,32,0.2506283497793864,0.46922494734205905,0.8849862106254064,0.4491233825683594,0.4211578369140625,0.027965545654296875
trained,category-algebra-a4-transformer-seed17,transformer,algebra_a4,17,block_04,cycle,8,0.08238067694174205,0.2623639671406384,0.9613622382275477,0.3958282470703125,0.4817047119140625,-0.08587646484375
trained,category-algebra-a4-transformer-seed17,transformer,algebra_a4,17,block_04,global_run,8,0.342974726067859,0.5784970085826378,0.8818213872674838,0.5498046875,0.4976806640625,0.0521240234375
trained,category-algebra-a4-transformer-seed17,transformer,algebra_a4,17,block_04,local,8,0.15582992758913677,0.39381227549529163,0.9339373301650418,0.3946380615234375,0.3752288818359375,0.0194091796875
trained,category-algebra-a4-transformer-seed17,transformer,algebra_a4,17,block_04,positional,8,0.4213280685188079,0.6422265381496683,0.7628238868415521,0.4562225341796875,0.33001708984375,0.1262054443359375
trained,category-algebra-a4-transformer-seed17,transformer,algebra_a4,17,embedding,all,32,0.0,1.4883435071985667e-06,1.0302822599035701,0.3819007873535156,0.4211578369140625,-0.039257049560546875
trained,category-algebra-a4-transformer-seed17,transformer,algebra_a4,17,embedding,cycle,8,1.3877787807814457e-17,0.0,1.0040621451047635,0.359466552734375,0.4817047119140625,-0.1222381591796875
trained,category-algebra-a4-transformer-seed17,transformer,algebra_a4,17,embedding,global_run,8,0.0,-0.0036430092669442115,1.0908257061107252,0.4667816162109375,0.4976806640625,-0.0308990478515625
trained,category-algebra-a4-transformer-seed17,transformer,algebra_a4,17,embedding,local,8,1.3877787807814457e-17,0.003512330887246253,1.0167965545539535,0.3724822998046875,0.3752288818359375,-0.00274658203125
trained,category-algebra-a4-transformer-seed17,transformer,algebra_a4,17,embedding,positional,8,-2.7755575615628914e-17,0.00013663175372675236,1.0094446338448388,0.3288726806640625,0.33001708984375,-0.0011444091796875
trained,category-algebra-a4-transformer-seed17,transformer,algebra_a4,17,final_norm,all,32,0.24688869136596198,0.4658055930365857,0.8874818464241451,0.4488868713378906,0.4211578369140625,0.027729034423828125
trained,category-algebra-a4-transformer-seed17,transformer,algebra_a4,17,final_norm,cycle,8,0.08085227347399652,0.2599247479806814,0.962171142221895,0.3950958251953125,0.4817047119140625,-0.08660888671875
trained,category-algebra-a4-transformer-seed17,transformer,algebra_a4,17,final_norm,global_run,8,0.33459330194351494,0.571052393527687,0.8877378446209145,0.54962158203125,0.4976806640625,0.05194091796875
trained,category-algebra-a4-transformer-seed17,transformer,algebra_a4,17,final_norm,local,8,0.15589247382618762,0.39416146770869775,0.9338870785316136,0.39544677734375,0.3752288818359375,0.0202178955078125
trained,category-algebra-a4-transformer-seed17,transformer,algebra_a4,17,final_norm,positional,8,0.4162167162201488,0.6380837629292765,0.7661313203221572,0.45538330078125,0.33001708984375,0.1253662109375
trained,category-algebra-a4-transformer-seed314159,transformer,algebra_a4,314159,block_01,all,32,0.22782564940427963,0.44385503215107086,0.8981102241737116,0.44171142578125,0.4211578369140625,0.0205535888671875
trained,category-algebra-a4-transformer-seed314159,transformer,algebra_a4,314159,block_01,cycle,8,0.07263783236431445,0.24260904708797296,0.9665724304341037,0.38897705078125,0.4817047119140625,-0.0927276611328125
trained,category-algebra-a4-transformer-seed314159,transformer,algebra_a4,314159,block_01,global_run,8,0.33233451511152323,0.5694906856741139,0.8880659897471587,0.5452880859375,0.4976806640625,0.047607421875
trained,category-algebra-a4-transformer-seed314159,transformer,algebra_a4,314159,block_01,local,8,0.13980788862957894,0.36997125147840815,0.9424078774258297,0.3918914794921875,0.3752288818359375,0.01666259765625
trained,category-algebra-a4-transformer-seed314159,transformer,algebra_a4,314159,block_01,positional,8,0.3665223615117019,0.5933491443637886,0.7953945990877543,0.4406890869140625,0.33001708984375,0.1106719970703125
trained,category-algebra-a4-transformer-seed314159,transformer,algebra_a4,314159,block_02,all,32,0.2598686324224627,0.47471211705184446,0.8779024483704096,0.4498100280761719,0.4211578369140625,0.028652191162109375
trained,category-algebra-a4-transformer-seed314159,transformer,algebra_a4,314159,block_02,cycle,8,0.07639728605038186,0.24891939851672873,0.9645188843211898,0.3970184326171875,0.4817047119140625,-0.084686279296875
trained,category-algebra-a4-transformer-seed314159,transformer,algebra_a4,314159,block_02,global_run,8,0.3686647618611998,0.6009716611413599,0.863203168564112,0.549041748046875,0.4976806640625,0.051361083984375
trained,category-algebra-a4-transformer-seed314159,transformer,algebra_a4,314159,block_02,local,8,0.16210271814566418,0.3994841610094158,0.9301453318816049,0.394378662109375,0.3752288818359375,0.0191497802734375
trained,category-algebra-a4-transformer-seed314159,transformer,algebra_a4,314159,block_02,positional,8,0.432309763632605,0.6494732475398733,0.7537424087147322,0.45880126953125,0.33001708984375,0.1287841796875
trained,category-algebra-a4-transformer-seed314159,transformer,algebra_a4,314159,block_03,all,32,0.25885160620428965,0.4757851997031364,0.8787792084244194,0.4523200988769531,0.4211578369140625,0.031162261962890625
trained,category-algebra-a4-transformer-seed314159,transformer,algebra_a4,314159,block_03,cycle,8,0.07481613897236279,0.2558132256805965,0.9653109076034758,0.396820068359375,0.4817047119140625,-0.0848846435546875
trained,category-algebra-a4-transformer-seed314159,transformer,algebra_a4,314159,block_03,global_run,8,0.3656136726591213,0.5985936898042707,0.8656327774598978,0.553619384765625,0.4976806640625,0.055938720703125
trained,category-algebra-a4-transformer-seed314159,transformer,algebra_a4,314159,block_03,local,8,0.1581927823680487,0.3948340806286966,0.9324309342892005,0.3934326171875,0.3752288818359375,0.0182037353515625
trained,category-algebra-a4-transformer-seed314159,transformer,algebra_a4,314159,block_03,positional,8,0.43678383081762584,0.6538998026989816,0.7517422143451031,0.4654083251953125,0.33001708984375,0.1353912353515625
trained,category-algebra-a4-transformer-seed314159,transformer,algebra_a4,314159,block_04,all,32,0.25525072961622636,0.4733558714855656,0.8817042132664866,0.4531097412109375,0.4211578369140625,0.031951904296875
trained,category-algebra-a4-transformer-seed314159,transformer,algebra_a4,314159,block_04,cycle,8,0.08215486002992867,0.2629940329677397,0.9614484738957115,0.4015960693359375,0.4817047119140625,-0.080108642578125
trained,category-algebra-a4-transformer-seed314159,transformer,algebra_a4,314159,block_04,global_run,8,0.3540158102280836,0.588197597392727,0.874053519360285,0.556060791015625,0.4976806640625,0.058380126953125
trained,category-algebra-a4-transformer-seed314159,transformer,algebra_a4,314159,block_04,local,8,0.15873691083194458,0.39638416908791313,0.9322194162701967,0.3944854736328125,0.3752288818359375,0.019256591796875
trained,category-algebra-a4-transformer-seed314159,transformer,algebra_a4,314159,block_04,positional,8,0.4260953373749485,0.6458476864938827,0.7590954435397533,0.460296630859375,0.33001708984375,0.130279541015625
trained,category-algebra-a4-transformer-seed314159,transformer,algebra_a4,314159,embedding,all,32,-1.0408340855860843e-17,0.0005440791811174496,1.0302822599035701,0.3819007873535156,0.4211578369140625,-0.039257049560546875
trained,category-algebra-a4-transformer-seed314159,transformer,algebra_a4,314159,embedding,cycle,8,0.0,-0.0021258958565089437,1.0040621451047635,0.359466552734375,0.4817047119140625,-0.1222381591796875
trained,category-algebra-a4-transformer-seed314159,transformer,algebra_a4,314159,embedding,global_run,8,0.0,0.00018230419279106284,1.0908257061107252,0.4667816162109375,0.4976806640625,-0.0308990478515625
trained,category-algebra-a4-transformer-seed314159,transformer,algebra_a4,314159,embedding,local,8,-1.3877787807814457e-17,0.0027722524785386217,1.0167965545539535,0.3724822998046875,0.3752288818359375,-0.00274658203125
trained,category-algebra-a4-transformer-seed314159,transformer,algebra_a4,314159,embedding,positional,8,-2.7755575615628914e-17,0.001347655909649058,1.0094446338448388,0.3288726806640625,0.33001708984375,-0.0011444091796875
trained,category-algebra-a4-transformer-seed314159,transformer,algebra_a4,314159,final_norm,all,32,0.24715063240814505,0.46562901126007666,0.8871406683668162,0.4535484313964844,0.4211578369140625,0.032390594482421875
trained,category-algebra-a4-transformer-seed314159,transformer,algebra_a4,314159,final_norm,cycle,8,0.08265828298770485,0.2639798032363295,0.9611766474768529,0.400604248046875,0.4817047119140625,-0.0811004638671875
trained,category-algebra-a4-transformer-seed314159,transformer,algebra_a4,314159,final_norm,global_run,8,0.3385831490102888,0.5740059375834192,0.8848358238551479,0.5565948486328125,0.4976806640625,0.0589141845703125
trained,category-algebra-a4-transformer-seed314159,transformer,algebra_a4,314159,final_norm,local,8,0.14864904729839032,0.38388247088095817,0.9378546196817368,0.3952789306640625,0.3752288818359375,0.020050048828125
trained,category-algebra-a4-transformer-seed314159,transformer,algebra_a4,314159,final_norm,positional,8,0.41871205033619624,0.6406478333395997,0.764695582453527,0.4617156982421875,0.33001708984375,0.1316986083984375
trained,category-algebra-a4-transformer-seed42,transformer,algebra_a4,42,block_01,all,32,0.2140894125343246,0.43053718859273615,0.9064782636698283,0.4383964538574219,0.4211578369140625,0.017238616943359375
trained,category-algebra-a4-transformer-seed42,transformer,algebra_a4,42,block_01,cycle,8,0.06617908783516786,0.2333540275249057,0.9700196044561589,0.38995361328125,0.4817047119140625,-0.0917510986328125
trained,category-algebra-a4-transformer-seed42,transformer,algebra_a4,42,block_01,global_run,8,0.3126354184023837,0.5517827853655907,0.9008368434868306,0.539031982421875,0.4976806640625,0.041351318359375
trained,category-algebra-a4-transformer-seed42,transformer,algebra_a4,42,block_01,local,8,0.14152998804418504,0.3723817404912617,0.9415059404305468,0.3907012939453125,0.3752288818359375,0.015472412109375
trained,category-algebra-a4-transformer-seed42,transformer,algebra_a4,42,block_01,positional,8,0.33601315585556174,0.5646302009891866,0.813550666305777,0.43389892578125,0.33001708984375,0.1038818359375
trained,category-algebra-a4-transformer-seed42,transformer,algebra_a4,42,block_02,all,32,0.257382574729622,0.47663418339924674,0.8795527326644915,0.45079803466796875,0.4211578369140625,0.02964019775390625
trained,category-algebra-a4-transformer-seed42,transformer,algebra_a4,42,block_02,cycle,8,0.07946839314728973,0.2633149125082147,0.9630396458364837,0.3940887451171875,0.4817047119140625,-0.087615966796875
trained,category-algebra-a4-transformer-seed42,transformer,algebra_a4,42,block_02,global_run,8,0.3614959310309131,0.5939506014396418,0.8672201889339087,0.5541839599609375,0.4976806640625,0.0565032958984375
trained,category-algebra-a4-transformer-seed42,transformer,algebra_a4,42,block_02,local,8,0.17803671152320083,0.4183795175787891,0.920951159964581,0.3975677490234375,0.3752288818359375,0.0223388671875
trained,category-algebra-a4-transformer-seed42,transformer,algebra_a4,42,block_02,positional,8,0.41052926321708444,0.6308917020703414,0.7669999359229929,0.4573516845703125,0.33001708984375,0.1273345947265625
trained,category-algebra-a4-transformer-seed42,transformer,algebra_a4,42,block_03,all,32,0.25987808302822435,0.4817406187769196,0.8784947480373633,0.4541282653808594,0.4211578369140625,0.032970428466796875
trained,category-algebra-a4-transformer-seed42,transformer,algebra_a4,42,block_03,cycle,8,0.08698016861102142,0.2787129075021729,0.959020243567784,0.401275634765625,0.4817047119140625,-0.0804290771484375
trained,category-algebra-a4-transformer-seed42,transformer,algebra_a4,42,block_03,global_run,8,0.3655945789411621,0.5975642332359813,0.8648934473168353,0.5583038330078125,0.4976806640625,0.0606231689453125
trained,category-algebra-a4-transformer-seed42,transformer,algebra_a4,42,block_03,local,8,0.1765152664377531,0.41842832654815526,0.9220450908448091,0.3961334228515625,0.3752288818359375,0.020904541015625
trained,category-algebra-a4-transformer-seed42,transformer,algebra_a4,42,block_03,positional,8,0.4104223181229608,0.632257007821369,0.7680202104200243,0.4608001708984375,0.33001708984375,0.1307830810546875
trained,category-algebra-a4-transformer-seed42,transformer,algebra_a4,42,block_04,all,32,0.2484450272911172,0.46974138225323925,0.8860600702351704,0.4501228332519531,0.4211578369140625,0.028964996337890625
trained,category-algebra-a4-transformer-seed42,transformer,algebra_a4,42,block_04,cycle,8,0.08036377082347537,0.26631432626363527,0.9625722321358812,0.397125244140625,0.4817047119140625,-0.0845794677734375
trained,category-algebra-a4-transformer-seed42,transformer,algebra_a4,42,block_04,global_run,8,0.3487924488012133,0.5835943759241528,0.8765152547538486,0.5536956787109375,0.4976806640625,0.0560150146484375
trained,category-algebra-a4-transformer-seed42,transformer,algebra_a4,42,block_04,local,8,0.16517979996830495,0.4043982136363676,0.9286192602642827,0.3969268798828125,0.3752288818359375,0.021697998046875
trained,category-algebra-a4-transformer-seed42,transformer,algebra_a4,42,block_04,positional,8,0.39944408957147515,0.6246586131888013,0.7765335337866693,0.4527435302734375,0.33001708984375,0.1227264404296875
trained,category-algebra-a4-transformer-seed42,transformer,algebra_a4,42,embedding,all,32,6.938893903907228e-18,-0.0005126565787397944,1.0302822599035701,0.3819007873535156,0.4211578369140625,-0.039257049560546875
trained,category-algebra-a4-transformer-seed42,transformer,algebra_a4,42,embedding,cycle,8,1.3877787807814457e-17,-0.00260848931518525,1.0040621451047635,0.359466552734375,0.4817047119140625,-0.1222381591796875
trained,category-algebra-a4-transformer-seed42,transformer,algebra_a4,42,embedding,global_run,8,0.0,-0.001412052976755784,1.0908257061107252,0.4667816162109375,0.4976806640625,-0.0308990478515625
trained,category-algebra-a4-transformer-seed42,transformer,algebra_a4,42,embedding,local,8,1.3877787807814457e-17,0.0020329741973983935,1.0167965545539535,0.3724822998046875,0.3752288818359375,-0.00274658203125
trained,category-algebra-a4-transformer-seed42,transformer,algebra_a4,42,embedding,positional,8,0.0,-6.305822041653697e-05,1.0094446338448388,0.3288726806640625,0.33001708984375,-0.0011444091796875
trained,category-algebra-a4-transformer-seed42,transformer,algebra_a4,42,final_norm,all,32,0.2528482389900594,0.4750704972468344,0.883503666889919,0.45340728759765625,0.4211578369140625,0.03224945068359375
trained,category-algebra-a4-transformer-seed42,transformer,algebra_a4,42,final_norm,cycle,8,0.08748044076029436,0.27727873379824003,0.9587759040063949,0.4015350341796875,0.4817047119140625,-0.080169677734375
trained,category-algebra-a4-transformer-seed42,transformer,algebra_a4,42,final_norm,global_run,8,0.35063744022088533,0.5851576597947551,0.8754858377150257,0.5574951171875,0.4976806640625,0.059814453125
trained,category-algebra-a4-transformer-seed42,transformer,algebra_a4,42,final_norm,local,8,0.16901878530562442,0.40906135980153197,0.9264634097558228,0.3979034423828125,0.3752288818359375,0.022674560546875
trained,category-algebra-a4-transformer-seed42,transformer,algebra_a4,42,final_norm,positional,8,0.4042562896734336,0.6287842355928107,0.7732895160824327,0.456695556640625,0.33001708984375,0.126678466796875
trained,category-encoding-e4-mlp-seed17,mlp,encoding_e4,17,block_01,all,32,0.18911711789321872,0.4041337463867718,0.9235338891826477,0.4421043395996094,0.4211578369140625,0.020946502685546875
trained,category-encoding-e4-mlp-seed17,mlp,encoding_e4,17,block_01,cycle,8,0.07334520756881274,0.251269756688537,0.9661501010039039,0.4006500244140625,0.4817047119140625,-0.0810546875
trained,category-encoding-e4-mlp-seed17,mlp,encoding_e4,17,block_01,global_run,8,0.23761044572737916,0.4759251993890917,0.9523312105032548,0.53900146484375,0.4976806640625,0.04132080078125
trained,category-encoding-e4-mlp-seed17,mlp,encoding_e4,17,block_01,local,8,0.09981289755030094,0.31630850719493925,0.964558967814559,0.3990631103515625,0.3752288818359375,0.023834228515625
trained,category-encoding-e4-mlp-seed17,mlp,encoding_e4,17,block_01,positional,8,0.3456999207263821,0.5730315222745191,0.8110952774088732,0.4297027587890625,0.33001708984375,0.0996856689453125
trained,category-encoding-e4-mlp-seed17,mlp,encoding_e4,17,embedding,all,32,6.938893903907228e-18,-0.0002917753975478312,1.0302822599035701,0.3819007873535156,0.4211578369140625,-0.039257049560546875
trained,category-encoding-e4-mlp-seed17,mlp,encoding_e4,17,embedding,cycle,8,1.3877787807814457e-17,-0.000164644272698025,1.0040621451047635,0.359466552734375,0.4817047119140625,-0.1222381591796875
trained,category-encoding-e4-mlp-seed17,mlp,encoding_e4,17,embedding,global_run,8,0.0,-0.0027629685523767157,1.0908257061107252,0.4667816162109375,0.4976806640625,-0.0308990478515625
trained,category-encoding-e4-mlp-seed17,mlp,encoding_e4,17,embedding,local,8,1.3877787807814457e-17,0.0016094065060849184,1.0167965545539535,0.3724822998046875,0.3752288818359375,-0.00274658203125
trained,category-encoding-e4-mlp-seed17,mlp,encoding_e4,17,embedding,positional,8,0.0,0.00015110472879849767,1.0094446338448388,0.3288726806640625,0.33001708984375,-0.0011444091796875
trained,category-encoding-e4-mlp-seed17,mlp,encoding_e4,17,final_norm,all,32,0.15741147190653043,0.35704217736219757,0.9421185889584273,0.41843414306640625,0.4211578369140625,-0.00272369384765625
trained,category-encoding-e4-mlp-seed17,mlp,encoding_e4,17,final_norm,cycle,8,0.0437366676837707,0.17830832801036078,0.9816430478543672,0.380218505859375,0.4817047119140625,-0.1014862060546875
trained,category-encoding-e4-mlp-seed17,mlp,encoding_e4,17,final_norm,global_run,8,0.20649651174583286,0.44096858169511666,0.9714050874840555,0.5106048583984375,0.4976806640625,0.0129241943359375
trained,category-encoding-e4-mlp-seed17,mlp,encoding_e4,17,final_norm,local,8,0.07652959892572792,0.2761378827016199,0.9770408303521558,0.382080078125,0.3752288818359375,0.0068511962890625
trained,category-encoding-e4-mlp-seed17,mlp,encoding_e4,17,final_norm,positional,8,0.3028831092707902,0.532753917041693,0.8383853901431304,0.4008331298828125,0.33001708984375,0.0708160400390625
trained,category-encoding-e4-mlp-seed314159,mlp,encoding_e4,314159,block_01,all,32,0.15566354641920996,0.3545768801505996,0.9431765767446869,0.4256439208984375,0.4211578369140625,0.004486083984375
trained,category-encoding-e4-mlp-seed314159,mlp,encoding_e4,314159,block_01,cycle,8,0.05375402069214978,0.19657129926209138,0.9764066321037985,0.3780670166015625,0.4817047119140625,-0.1036376953125
trained,category-encoding-e4-mlp-seed314159,mlp,encoding_e4,314159,block_01,global_run,8,0.18692008071252858,0.4183479134679742,0.9834493491769362,0.5184173583984375,0.4976806640625,0.0207366943359375
trained,category-encoding-e4-mlp-seed314159,mlp,encoding_e4,314159,block_01,local,8,0.0725086380462289,0.2672899917189881,0.979052813396546,0.387542724609375,0.3752288818359375,0.0123138427734375
trained,category-encoding-e4-mlp-seed314159,mlp,encoding_e4,314159,block_01,positional,8,0.3094714462259326,0.5360983161533449,0.8337975123014669,0.418548583984375,0.33001708984375,0.088531494140625
trained,category-encoding-e4-mlp-seed314159,mlp,encoding_e4,314159,embedding,all,32,-1.734723475976807e-17,-0.0014599321595500398,1.0302822599035701,0.3819007873535156,0.4211578369140625,-0.039257049560546875
trained,category-encoding-e4-mlp-seed314159,mlp,encoding_e4,314159,embedding,cycle,8,0.0,-0.0024677552065935316,1.0040621451047635,0.359466552734375,0.4817047119140625,-0.1222381591796875
trained,category-encoding-e4-mlp-seed314159,mlp,encoding_e4,314159,embedding,global_run,8,0.0,-0.0022335795349075504,1.0908257061107252,0.4667816162109375,0.4976806640625,-0.0308990478515625
trained,category-encoding-e4-mlp-seed314159,mlp,encoding_e4,314159,embedding,local,8,-1.3877787807814457e-17,0.0001919221447309041,1.0167965545539535,0.3724822998046875,0.3752288818359375,-0.00274658203125
trained,category-encoding-e4-mlp-seed314159,mlp,encoding_e4,314159,embedding,positional,8,-5.551115123125783e-17,-0.0013303160414299814,1.0094446338448388,0.3288726806640625,0.33001708984375,-0.0011444091796875
trained,category-encoding-e4-mlp-seed314159,mlp,encoding_e4,314159,final_norm,all,32,0.166482124050259,0.37217663868092954,0.9370531551941311,0.42938232421875,0.4211578369140625,0.0082244873046875
trained,category-encoding-e4-mlp-seed314159,mlp,encoding_e4,314159,final_norm,cycle,8,0.06543085468440957,0.22707673681320323,0.9702805201653868,0.3828125,0.4817047119140625,-0.0988922119140625
trained,category-encoding-e4-mlp-seed314159,mlp,encoding_e4,314159,final_norm,global_run,8,0.1971295150175178,0.4286969260241363,0.977255648021024,0.5240020751953125,0.4976806640625,0.0263214111328125
trained,category-encoding-e4-mlp-seed314159,mlp,encoding_e4,314159,final_norm,local,8,0.08045249044888164,0.2828660681060803,0.9749057424531997,0.39056396484375,0.3752288818359375,0.0153350830078125
trained,category-encoding-e4-mlp-seed314159,mlp,encoding_e4,314159,final_norm,positional,8,0.322915636050227,0.5500668237802983,0.8257707101369139,0.4201507568359375,0.33001708984375,0.0901336669921875
trained,category-encoding-e4-mlp-seed42,mlp,encoding_e4,42,block_01,all,32,0.19273943546731934,0.4018489312372097,0.9206525081875504,0.4404411315917969,0.4211578369140625,0.019283294677734375
trained,category-encoding-e4-mlp-seed42,mlp,encoding_e4,42,block_01,cycle,8,0.0620972245243117,0.21819316514312523,0.9720412029730767,0.3898773193359375,0.4817047119140625,-0.091827392578125
trained,category-encoding-e4-mlp-seed42,mlp,encoding_e4,42,block_01,global_run,8,0.24455751878327336,0.48095335769920416,0.9474230967442134,0.5380096435546875,0.4976806640625,0.0403289794921875
trained,category-encoding-e4-mlp-seed42,mlp,encoding_e4,42,block_01,local,8,0.1059248908233959,0.32487499847201773,0.9610463049083644,0.3987274169921875,0.3752288818359375,0.02349853515625
trained,category-encoding-e4-mlp-seed42,mlp,encoding_e4,42,block_01,positional,8,0.3583781077382964,0.5833742036344919,0.8020994281245468,0.435150146484375,0.33001708984375,0.105133056640625
trained,category-encoding-e4-mlp-seed42,mlp,encoding_e4,42,embedding,all,32,-3.469446951953614e-18,3.344610977951939e-05,1.0302822599035701,0.3819007873535156,0.4211578369140625,-0.039257049560546875
trained,category-encoding-e4-mlp-seed42,mlp,encoding_e4,42,embedding,cycle,8,1.3877787807814457e-17,-0.0008377082217784593,1.0040621451047635,0.359466552734375,0.4817047119140625,-0.1222381591796875
trained,category-encoding-e4-mlp-seed42,mlp,encoding_e4,42,embedding,global_run,8,0.0,-0.0016790998492936617,1.0908257061107252,0.4667816162109375,0.4976806640625,-0.0308990478515625
trained,category-encoding-e4-mlp-seed42,mlp,encoding_e4,42,embedding,local,8,0.0,0.0028079487786118024,1.0167965545539535,0.3724822998046875,0.3752288818359375,-0.00274658203125
trained,category-encoding-e4-mlp-seed42,mlp,encoding_e4,42,embedding,positional,8,-2.7755575615628914e-17,-0.00015735626842160394,1.0094446338448388,0.3288726806640625,0.33001708984375,-0.0011444091796875
trained,category-encoding-e4-mlp-seed42,mlp,encoding_e4,42,final_norm,all,32,0.15365215038525928,0.34477374490051277,0.9438314854196165,0.41387939453125,0.4211578369140625,-0.0072784423828125
trained,category-encoding-e4-mlp-seed42,mlp,encoding_e4,42,final_norm,cycle,8,0.03639166568005786,0.14733840288219777,0.9854578774406666,0.3692626953125,0.4817047119140625,-0.1124420166015625
trained,category-encoding-e4-mlp-seed42,mlp,encoding_e4,42,final_norm,global_run,8,0.20165580710949021,0.4323573783462239,0.9741666400592737,0.505035400390625,0.4976806640625,0.007354736328125
trained,category-encoding-e4-mlp-seed42,mlp,encoding_e4,42,final_norm,local,8,0.07149244220037289,0.26599082207592734,0.979533653807504,0.380859375,0.3752288818359375,0.0056304931640625
trained,category-encoding-e4-mlp-seed42,mlp,encoding_e4,42,final_norm,positional,8,0.3050686865511162,0.5334083762977021,0.8361677703710217,0.400360107421875,0.33001708984375,0.070343017578125
trained,category-encoding-e4-transformer-seed17,transformer,encoding_e4,17,block_01,all,32,0.19213434899806747,0.40490132742181123,0.9201432233396502,0.4330291748046875,0.4211578369140625,0.011871337890625
trained,category-encoding-e4-transformer-seed17,transformer,encoding_e4,17,block_01,cycle,8,0.05926834912246906,0.22041373784892712,0.973670635629462,0.38568115234375,0.4817047119140625,-0.0960235595703125
trained,category-encoding-e4-transformer-seed17,transformer,encoding_e4,17,block_01,global_run,8,0.2939333886400898,0.5330677779437744,0.9131497331129528,0.537933349609375,0.4976806640625,0.040252685546875
trained,category-encoding-e4-transformer-seed17,transformer,encoding_e4,17,block_01,local,8,0.10132165497951139,0.3163444261440484,0.9635880637957054,0.38446044921875,0.3752288818359375,0.0092315673828125
trained,category-encoding-e4-transformer-seed17,transformer,encoding_e4,17,block_01,positional,8,0.3140140032501997,0.5497793677504951,0.8301644608204805,0.424041748046875,0.33001708984375,0.094024658203125
trained,category-encoding-e4-transformer-seed17,transformer,encoding_e4,17,block_02,all,32,0.297765184996943,0.5124837277484018,0.8534951557194181,0.46097564697265625,0.4211578369140625,0.03981781005859375
trained,category-encoding-e4-transformer-seed17,transformer,encoding_e4,17,block_02,cycle,8,0.10131212184647814,0.2878510106730892,0.9509722256763384,0.402679443359375,0.4817047119140625,-0.0790252685546875
trained,category-encoding-e4-transformer-seed17,transformer,encoding_e4,17,block_02,global_run,8,0.42007594032668727,0.6416790882973696,0.8257039179777056,0.569915771484375,0.4976806640625,0.072235107421875
trained,category-encoding-e4-transformer-seed17,transformer,encoding_e4,17,block_02,local,8,0.1958738914944377,0.4380738088106819,0.9108200313646545,0.401275634765625,0.3752288818359375,0.0260467529296875
trained,category-encoding-e4-transformer-seed17,transformer,encoding_e4,17,block_02,positional,8,0.4737987863201688,0.6823310032124666,0.7264844478589741,0.47003173828125,0.33001708984375,0.1400146484375
trained,category-encoding-e4-transformer-seed17,transformer,encoding_e4,17,block_03,all,32,0.3309680548999635,0.5424337968663092,0.8303117131030697,0.4682464599609375,0.4211578369140625,0.047088623046875
trained,category-encoding-e4-transformer-seed17,transformer,encoding_e4,17,block_03,cycle,8,0.10162116049182422,0.2936592112991415,0.9509172063225724,0.39947509765625,0.4817047119140625,-0.0822296142578125
trained,category-encoding-e4-transformer-seed17,transformer,encoding_e4,17,block_03,global_run,8,0.46392586997969276,0.6752665350295213,0.7918927922774812,0.5802764892578125,0.4976806640625,0.0825958251953125
trained,category-encoding-e4-transformer-seed17,transformer,encoding_e4,17,block_03,local,8,0.24560919445163643,0.49174396431150896,0.8818269631553024,0.4083099365234375,0.3752288818359375,0.0330810546875
trained,category-encoding-e4-transformer-seed17,transformer,encoding_e4,17,block_03,positional,8,0.5127159946767005,0.709065476825065,0.696609890656923,0.48492431640625,0.33001708984375,0.1549072265625
trained,category-encoding-e4-transformer-seed17,transformer,encoding_e4,17,block_04,all,32,0.3476983487852541,0.55868467939676,0.8192699083287224,0.4752082824707031,0.4211578369140625,0.054050445556640625
trained,category-encoding-e4-transformer-seed17,transformer,encoding_e4,17,block_04,cycle,8,0.11147576680576024,0.31094690792286017,0.9456337503853226,0.40618896484375,0.4817047119140625,-0.0755157470703125
trained,category-encoding-e4-transformer-seed17,transformer,encoding_e4,17,block_04,global_run,8,0.4779901472518635,0.6855006248057391,0.7810305538439455,0.5854339599609375,0.4976806640625,0.0877532958984375
trained,category-encoding-e4-transformer-seed17,transformer,encoding_e4,17,block_04,local,8,0.27184172058593037,0.5173234867858695,0.8661442049498443,0.41802978515625,0.3752288818359375,0.0428009033203125
trained,category-encoding-e4-transformer-seed17,transformer,encoding_e4,17,block_04,positional,8,0.5294857604974622,0.7209676980725716,0.6842711241357772,0.491180419921875,0.33001708984375,0.161163330078125
trained,category-encoding-e4-transformer-seed17,transformer,encoding_e4,17,embedding,all,32,-3.469446951953614e-18,0.00029370624319965645,1.0302822599035701,0.3819007873535156,0.4211578369140625,-0.039257049560546875
trained,category-encoding-e4-transformer-seed17,transformer,encoding_e4,17,embedding,cycle,8,4.163336342344337e-17,-0.00288287979569573,1.0040621451047635,0.359466552734375,0.4817047119140625,-0.1222381591796875
trained,category-encoding-e4-transformer-seed17,transformer,encoding_e4,17,embedding,global_run,8,0.0,-0.0001767410445529269,1.0908257061107252,0.4667816162109375,0.4976806640625,-0.0308990478515625
trained,category-encoding-e4-transformer-seed17,transformer,encoding_e4,17,embedding,local,8,-2.7755575615628914e-17,0.0034238886062354012,1.0167965545539535,0.3724822998046875,0.3752288818359375,-0.00274658203125
trained,category-encoding-e4-transformer-seed17,transformer,encoding_e4,17,embedding,positional,8,-2.7755575615628914e-17,0.0008105572068118811,1.0094446338448388,0.3288726806640625,0.33001708984375,-0.0011444091796875
trained,category-encoding-e4-transformer-seed17,transformer,encoding_e4,17,final_norm,all,32,0.3436550009722395,0.5543649746584933,0.8220055386453011,0.4736671447753906,0.4211578369140625,0.052509307861328125
trained,category-encoding-e4-transformer-seed17,transformer,encoding_e4,17,final_norm,cycle,8,0.1100064144349789,0.30566687357773803,0.9463688249777003,0.4055023193359375,0.4817047119140625,-0.076202392578125
trained,category-encoding-e4-transformer-seed17,transformer,encoding_e4,17,final_norm,global_run,8,0.47129020681194805,0.6802539717318254,0.7858205441330676,0.58551025390625,0.4976806640625,0.08782958984375
trained,category-encoding-e4-transformer-seed17,transformer,encoding_e4,17,final_norm,local,8,0.26802917915727176,0.5135801461484316,0.8683799757181829,0.4158172607421875,0.3752288818359375,0.04058837890625
trained,category-encoding-e4-transformer-seed17,transformer,encoding_e4,17,final_norm,positional,8,0.5252942034847593,0.7179589071759782,0.6874528097522536,0.4878387451171875,0.33001708984375,0.1578216552734375
trained,category-encoding-e4-transformer-seed314159,transformer,encoding_e4,314159,block_01,all,32,0.20182462528515363,0.4174209865712924,0.9149275290352102,0.4395027160644531,0.4211578369140625,0.018344879150390625
trained,category-encoding-e4-transformer-seed314159,transformer,encoding_e4,314159,block_01,cycle,8,0.06941479126396768,0.2416354139847863,0.968303051214959,0.393157958984375,0.4817047119140625,-0.0885467529296875
trained,category-encoding-e4-transformer-seed314159,transformer,encoding_e4,314159,block_01,global_run,8,0.287671401374612,0.5265806596927872,0.916668782047177,0.542999267578125,0.4976806640625,0.045318603515625
trained,category-encoding-e4-transformer-seed314159,transformer,encoding_e4,314159,block_01,local,8,0.10226681890141495,0.3180315230230834,0.9632463459236067,0.3887786865234375,0.3752288818359375,0.0135498046875
trained,category-encoding-e4-transformer-seed314159,transformer,encoding_e4,314159,block_01,positional,8,0.34794548960061994,0.5834363495845126,0.8114919369550981,0.433074951171875,0.33001708984375,0.103057861328125
trained,category-encoding-e4-transformer-seed314159,transformer,encoding_e4,314159,block_02,all,32,0.383433197067367,0.5849611062218167,0.792160559922469,0.4876976013183594,0.4211578369140625,0.06653976440429688
trained,category-encoding-e4-transformer-seed314159,transformer,encoding_e4,314159,block_02,cycle,8,0.1259479579624881,0.3239231492574969,0.9371762101168867,0.41156005859375,0.4817047119140625,-0.0701446533203125
trained,category-encoding-e4-transformer-seed314159,transformer,encoding_e4,314159,block_02,global_run,8,0.5097364980448823,0.7100926196670578,0.7575962641461987,0.5894622802734375,0.4976806640625,0.0917816162109375
trained,category-encoding-e4-transformer-seed314159,transformer,encoding_e4,314159,block_02,local,8,0.2830020342430793,0.5294497129246493,0.8597033242252873,0.41583251953125,0.3752288818359375,0.0406036376953125
trained,category-encoding-e4-transformer-seed314159,transformer,encoding_e4,314159,block_02,positional,8,0.6150462980190183,0.7763789430380629,0.6141664412015033,0.533935546875,0.33001708984375,0.20391845703125
trained,category-encoding-e4-transformer-seed314159,transformer,encoding_e4,314159,block_03,all,32,0.3873535847715967,0.5899483422479835,0.7898120602323168,0.4884185791015625,0.4211578369140625,0.0672607421875
trained,category-encoding-e4-transformer-seed314159,transformer,encoding_e4,314159,block_03,cycle,8,0.127770105671836,0.32982112669748154,0.9363803523453802,0.4138336181640625,0.4817047119140625,-0.06787109375
trained,category-encoding-e4-transformer-seed314159,transformer,encoding_e4,314159,block_03,global_run,8,0.515656394900027,0.7147084995827175,0.7527101765942272,0.590728759765625,0.4976806640625,0.093048095703125
trained,category-encoding-e4-transformer-seed314159,transformer,encoding_e4,314159,block_03,local,8,0.2991797817465515,0.5444223203547611,0.8499847545997832,0.41864013671875,0.3752288818359375,0.0434112548828125
trained,category-encoding-e4-transformer-seed314159,transformer,encoding_e4,314159,block_03,positional,8,0.6068080567679722,0.7708414223569737,0.6201729573898765,0.5304718017578125,0.33001708984375,0.2004547119140625
trained,category-encoding-e4-transformer-seed314159,transformer,encoding_e4,314159,block_04,all,32,0.3736479406503438,0.5784156696992753,0.7992913960740894,0.4849205017089844,0.4211578369140625,0.06376266479492188
trained,category-encoding-e4-transformer-seed314159,transformer,encoding_e4,314159,block_04,cycle,8,0.11730115210585335,0.31825711818455943,0.9423108928678746,0.4103240966796875,0.4817047119140625,-0.071380615234375
trained,category-encoding-e4-transformer-seed314159,transformer,encoding_e4,314159,block_04,global_run,8,0.5023868994821391,0.7044532874558734,0.7620280910364325,0.5883026123046875,0.4976806640625,0.0906219482421875
trained,category-encoding-e4-transformer-seed314159,transformer,encoding_e4,314159,block_04,local,8,0.2812472734645247,0.5284252706238107,0.8610057852620336,0.4146728515625,0.3752288818359375,0.0394439697265625
trained,category-encoding-e4-transformer-seed314159,transformer,encoding_e4,314159,block_04,positional,8,0.5936564375488581,0.7625270025328574,0.6318208151300166,0.5263824462890625,0.33001708984375,0.1963653564453125
trained,category-encoding-e4-transformer-seed314159,transformer,encoding_e4,314159,embedding,all,32,0.0,0.0007740413158567809,1.0302822599035701,0.3819007873535156,0.4211578369140625,-0.039257049560546875
trained,category-encoding-e4-transformer-seed314159,transformer,encoding_e4,314159,embedding,cycle,8,1.3877787807814457e-17,-0.0018834403323051752,1.0040621451047635,0.359466552734375,0.4817047119140625,-0.1222381591796875
trained,category-encoding-e4-transformer-seed314159,transformer,encoding_e4,314159,embedding,global_run,8,0.0,-0.0008659203928010593,1.0908257061107252,0.4667816162109375,0.4976806640625,-0.0308990478515625
trained,category-encoding-e4-transformer-seed314159,transformer,encoding_e4,314159,embedding,local,8,-1.3877787807814457e-17,0.0030396996325106366,1.0167965545539535,0.3724822998046875,0.3752288818359375,-0.00274658203125
trained,category-encoding-e4-transformer-seed314159,transformer,encoding_e4,314159,embedding,positional,8,0.0,0.0028058263560227217,1.0094446338448388,0.3288726806640625,0.33001708984375,-0.0011444091796875
trained,category-encoding-e4-transformer-seed314159,transformer,encoding_e4,314159,final_norm,all,32,0.3691613301907743,0.5747947475096732,0.8026227572752385,0.48386383056640625,0.4211578369140625,0.06270599365234375
trained,category-encoding-e4-transformer-seed314159,transformer,encoding_e4,314159,final_norm,cycle,8,0.1160158796193493,0.3167202394712931,0.9430341982717941,0.4102630615234375,0.4817047119140625,-0.071441650390625
trained,category-encoding-e4-transformer-seed314159,transformer,encoding_e4,314159,final_norm,global_run,8,0.4960572705703212,0.6997107812007854,0.7670631924261566,0.587432861328125,0.4976806640625,0.089752197265625
trained,category-encoding-e4-transformer-seed314159,transformer,encoding_e4,314159,final_norm,local,8,0.27674453163402635,0.5240907207400398,0.863712761444465,0.4144134521484375,0.3752288818359375,0.0391845703125
trained,category-encoding-e4-transformer-seed314159,transformer,encoding_e4,314159,final_norm,positional,8,0.5878276389394004,0.7586572486265742,0.636680876958538,0.523345947265625,0.33001708984375,0.193328857421875
trained,category-encoding-e4-transformer-seed42,transformer,encoding_e4,42,block_01,all,32,0.2331351672115146,0.4471374987024185,0.8950130538640532,0.44680023193359375,0.4211578369140625,0.02564239501953125
trained,category-encoding-e4-transformer-seed42,transformer,encoding_e4,42,block_01,cycle,8,0.07516485321828761,0.24814540327110882,0.965198291226412,0.3937225341796875,0.4817047119140625,-0.087982177734375
trained,category-encoding-e4-transformer-seed42,transformer,encoding_e4,42,block_01,global_run,8,0.33345411077653964,0.5674029091652277,0.8856189442360217,0.552764892578125,0.4976806640625,0.055084228515625
trained,category-encoding-e4-transformer-seed42,transformer,encoding_e4,42,block_01,local,8,0.12045853703619545,0.34377598877703136,0.9533043453816499,0.3912353515625,0.3752288818359375,0.0160064697265625
trained,category-encoding-e4-transformer-seed42,transformer,encoding_e4,42,block_01,positional,8,0.40346316781503566,0.6292256935963062,0.775930634612129,0.4494781494140625,0.33001708984375,0.1194610595703125
trained,category-encoding-e4-transformer-seed42,transformer,encoding_e4,42,block_02,all,32,0.3563345587814464,0.5642967843565757,0.8130619863907042,0.4796638488769531,0.4211578369140625,0.058506011962890625
trained,category-encoding-e4-transformer-seed42,transformer,encoding_e4,42,block_02,cycle,8,0.1239516028604616,0.3204121608651088,0.9383774887317168,0.4109039306640625,0.4817047119140625,-0.07080078125
trained,category-encoding-e4-transformer-seed42,transformer,encoding_e4,42,block_02,global_run,8,0.4758435338196202,0.6848056234420188,0.7838235309588079,0.5830078125,0.4976806640625,0.0853271484375
trained,category-encoding-e4-transformer-seed42,transformer,encoding_e4,42,block_02,local,8,0.2537025313257618,0.5016947598639979,0.8773204287102643,0.4097900390625,0.3752288818359375,0.0345611572265625
trained,category-encoding-e4-transformer-seed42,transformer,encoding_e4,42,block_02,positional,8,0.5718405671199419,0.7502745932551773,0.6527264971620275,0.51495361328125,0.33001708984375,0.1849365234375
trained,category-encoding-e4-transformer-seed42,transformer,encoding_e4,42,block_03,all,32,0.3625939005575005,0.5694639515247457,0.8081996816045588,0.4834403991699219,0.4211578369140625,0.062282562255859375
trained,category-encoding-e4-transformer-seed42,transformer,encoding_e4,42,block_03,cycle,8,0.12509149150464838,0.3234236077974969,0.9377546007121946,0.41156005859375,0.4817047119140625,-0.0701446533203125
trained,category-encoding-e4-transformer-seed42,transformer,encoding_e4,42,block_03,global_run,8,0.4836962196516499,0.6897095978820137,0.7766223534769112,0.5866241455078125,0.4976806640625,0.0889434814453125
trained,category-encoding-e4-transformer-seed42,transformer,encoding_e4,42,block_03,local,8,0.26095076119452887,0.508357341971736,0.8730112187397028,0.4143829345703125,0.3752288818359375,0.039154052734375
trained,category-encoding-e4-transformer-seed42,transformer,encoding_e4,42,block_03,positional,8,0.5806371298791749,0.7563652584477364,0.6454105534894263,0.5211944580078125,0.33001708984375,0.1911773681640625
trained,category-encoding-e4-transformer-seed42,transformer,encoding_e4,42,block_04,all,32,0.3582811228414332,0.5661561355594846,0.8112088778680943,0.4830741882324219,0.4211578369140625,0.061916351318359375
trained,category-encoding-e4-transformer-seed42,transformer,encoding_e4,42,block_04,cycle,8,0.12237945061645619,0.3222856526526422,0.9394574841212163,0.412078857421875,0.4817047119140625,-0.0696258544921875
trained,category-encoding-e4-transformer-seed42,transformer,encoding_e4,42,block_04,global_run,8,0.4792203791563297,0.6856348490744975,0.7795859238205057,0.5869293212890625,0.4976806640625,0.0892486572265625
trained,category-encoding-e4-transformer-seed42,transformer,encoding_e4,42,block_04,local,8,0.26073668607494693,0.5076907456111738,0.8731192387798719,0.4144744873046875,0.3752288818359375,0.03924560546875
trained,category-encoding-e4-transformer-seed42,transformer,encoding_e4,42,block_04,positional,8,0.5707879755180001,0.7490132948996252,0.6526728647507831,0.5188140869140625,0.33001708984375,0.1887969970703125
trained,category-encoding-e4-transformer-seed42,transformer,encoding_e4,42,embedding,all,32,6.938893903907228e-18,0.0003357088970142285,1.0302822599035701,0.3819007873535156,0.4211578369140625,-0.039257049560546875
trained,category-encoding-e4-transformer-seed42,transformer,encoding_e4,42,embedding,cycle,8,1.3877787807814457e-17,0.0010192971110747438,1.0040621451047635,0.359466552734375,0.4817047119140625,-0.1222381591796875
trained,category-encoding-e4-transformer-seed42,transformer,encoding_e4,42,embedding,global_run,8,0.0,-0.00273292656200157,1.0908257061107252,0.4667816162109375,0.4976806640625,-0.0308990478515625
trained,category-encoding-e4-transformer-seed42,transformer,encoding_e4,42,embedding,local,8,1.3877787807814457e-17,0.0024002847706746087,1.0167965545539535,0.3724822998046875,0.3752288818359375,-0.00274658203125
trained,category-encoding-e4-transformer-seed42,transformer,encoding_e4,42,embedding,positional,8,0.0,0.0006561802683091316,1.0094446338448388,0.3288726806640625,0.33001708984375,-0.0011444091796875
trained,category-encoding-e4-transformer-seed42,transformer,encoding_e4,42,final_norm,all,32,0.35713619104228017,0.5647040304881149,0.8119737424999259,0.4819488525390625,0.4211578369140625,0.060791015625
trained,category-encoding-e4-transformer-seed42,transformer,encoding_e4,42,final_norm,cycle,8,0.11979206179243893,0.31714832901663675,0.9408531903835433,0.4119720458984375,0.4817047119140625,-0.069732666015625
trained,category-encoding-e4-transformer-seed42,transformer,encoding_e4,42,final_norm,global_run,8,0.48107796951444104,0.6871787487696276,0.7781793437744736,0.584716796875,0.4976806640625,0.0870361328125
trained,category-encoding-e4-transformer-seed42,transformer,encoding_e4,42,final_norm,local,8,0.2606620560955327,0.5079612841324411,0.8731777834980723,0.4141387939453125,0.3752288818359375,0.038909912109375
trained,category-encoding-e4-transformer-seed42,transformer,encoding_e4,42,final_norm,positional,8,0.567012676766708,0.7465277600337542,0.6556846523436146,0.5169677734375,0.33001708984375,0.18695068359375
trained,category-statistics-s4-mlp-seed17,mlp,statistics_s4,17,block_01,all,32,0.14083438882540514,0.34277806275055556,0.952499420662198,0.407562255859375,0.4211578369140625,-0.0135955810546875
trained,category-statistics-s4-mlp-seed17,mlp,statistics_s4,17,block_01,cycle,8,0.030601887450808482,0.14314033701446593,0.9884886423819464,0.3685760498046875,0.4817047119140625,-0.113128662109375
trained,category-statistics-s4-mlp-seed17,mlp,statistics_s4,17,block_01,global_run,8,0.19798936981481746,0.4420593957809278,0.9757714976397006,0.500946044921875,0.4976806640625,0.003265380859375
trained,category-statistics-s4-mlp-seed17,mlp,statistics_s4,17,block_01,local,8,0.09189244657728375,0.300744985244166,0.9686479655455961,0.3780059814453125,0.3752288818359375,0.002777099609375
trained,category-statistics-s4-mlp-seed17,mlp,statistics_s4,17,block_01,positional,8,0.24285385145871086,0.48516753296266263,0.8770895770815487,0.382720947265625,0.33001708984375,0.052703857421875
trained,category-statistics-s4-mlp-seed17,mlp,statistics_s4,17,embedding,all,32,0.0,-0.0007214723809090964,1.0302822599035701,0.3819007873535156,0.4211578369140625,-0.039257049560546875
trained,category-statistics-s4-mlp-seed17,mlp,statistics_s4,17,embedding,cycle,8,0.0,-0.002729774562316276,1.0040621451047635,0.359466552734375,0.4817047119140625,-0.1222381591796875
trained,category-statistics-s4-mlp-seed17,mlp,statistics_s4,17,embedding,global_run,8,0.0,-0.004937131957400743,1.0908257061107252,0.4667816162109375,0.4976806640625,-0.0308990478515625
trained,category-statistics-s4-mlp-seed17,mlp,statistics_s4,17,embedding,local,8,0.0,0.004651710355659196,1.0167965545539535,0.3724822998046875,0.3752288818359375,-0.00274658203125
trained,category-statistics-s4-mlp-seed17,mlp,statistics_s4,17,embedding,positional,8,0.0,0.00012930664042143684,1.0094446338448388,0.3288726806640625,0.33001708984375,-0.0011444091796875
trained,category-statistics-s4-mlp-seed17,mlp,statistics_s4,17,final_norm,all,32,0.13155680317938206,0.3274974189659865,0.957713338594484,0.40026092529296875,0.4211578369140625,-0.02089691162109375
trained,category-statistics-s4-mlp-seed17,mlp,statistics_s4,17,final_norm,cycle,8,0.02430109714331513,0.11861610965336813,0.9917279224710607,0.3635101318359375,0.4817047119140625,-0.118194580078125
trained,category-statistics-s4-mlp-seed17,mlp,statistics_s4,17,final_norm,global_run,8,0.19176644511259447,0.4352756737373592,0.9792832969958402,0.489349365234375,0.4976806640625,-0.008331298828125
trained,category-statistics-s4-mlp-seed17,mlp,statistics_s4,17,final_norm,local,8,0.08699710303431502,0.2920000932164093,0.9711581896058262,0.3754425048828125,0.3752288818359375,0.000213623046875
trained,category-statistics-s4-mlp-seed17,mlp,statistics_s4,17,final_norm,positional,8,0.2231625674273037,0.4640977992568094,0.888683945305209,0.37274169921875,0.33001708984375,0.042724609375
trained,category-statistics-s4-mlp-seed314159,mlp,statistics_s4,314159,block_01,all,32,0.13089548081046617,0.3274037061906364,0.9581438449888346,0.40718841552734375,0.4211578369140625,-0.01396942138671875
trained,category-statistics-s4-mlp-seed314159,mlp,statistics_s4,314159,block_01,cycle,8,0.02369760956131932,0.12633142651614887,0.9920517576916222,0.366180419921875,0.4817047119140625,-0.1155242919921875
trained,category-statistics-s4-mlp-seed314159,mlp,statistics_s4,314159,block_01,global_run,8,0.1838282275113769,0.42432170346013465,0.9843510212871383,0.4969482421875,0.4976806640625,-0.000732421875
trained,category-statistics-s4-mlp-seed314159,mlp,statistics_s4,314159,block_01,local,8,0.0834231767392541,0.2850640494120954,0.9731581283569299,0.382049560546875,0.3752288818359375,0.0068206787109375
trained,category-statistics-s4-mlp-seed314159,mlp,statistics_s4,314159,block_01,positional,8,0.23263290942991438,0.47389764537416673,0.8830144726196482,0.383575439453125,0.33001708984375,0.053558349609375
trained,category-statistics-s4-mlp-seed314159,mlp,statistics_s4,314159,embedding,all,32,0.0,-0.00011407196757969279,1.0302822599035701,0.3819007873535156,0.4211578369140625,-0.039257049560546875
trained,category-statistics-s4-mlp-seed314159,mlp,statistics_s4,314159,embedding,cycle,8,0.0,0.0,1.0040621451047635,0.359466552734375,0.4817047119140625,-0.1222381591796875
trained,category-statistics-s4-mlp-seed314159,mlp,statistics_s4,314159,embedding,global_run,8,0.0,-0.001610391073532266,1.0908257061107252,0.4667816162109375,0.4976806640625,-0.0308990478515625
trained,category-statistics-s4-mlp-seed314159,mlp,statistics_s4,314159,embedding,local,8,0.0,0.00373056850452026,1.0167965545539535,0.3724822998046875,0.3752288818359375,-0.00274658203125
trained,category-statistics-s4-mlp-seed314159,mlp,statistics_s4,314159,embedding,positional,8,0.0,-0.002576465301306765,1.0094446338448388,0.3288726806640625,0.33001708984375,-0.0011444091796875
trained,category-statistics-s4-mlp-seed314159,mlp,statistics_s4,314159,final_norm,all,32,0.12482680494584772,0.317551884923282,0.961489129472921,0.40145111083984375,0.4211578369140625,-0.01970672607421875
trained,category-statistics-s4-mlp-seed314159,mlp,statistics_s4,314159,final_norm,cycle,8,0.022490933851869788,0.11463753389991273,0.9926605625229106,0.3605804443359375,0.4817047119140625,-0.121124267578125
trained,category-statistics-s4-mlp-seed314159,mlp,statistics_s4,314159,final_norm,global_run,8,0.18157480202956194,0.42183918913919216,0.9852801134814211,0.4915313720703125,0.4976806640625,-0.0061492919921875
trained,category-statistics-s4-mlp-seed314159,mlp,statistics_s4,314159,final_norm,local,8,0.08088113200019159,0.2799101311558053,0.9744340025326158,0.3791961669921875,0.3752288818359375,0.00396728515625
trained,category-statistics-s4-mlp-seed314159,mlp,statistics_s4,314159,final_norm,positional,8,0.21436035190176753,0.45382068549821786,0.8935818393547366,0.3744964599609375,0.33001708984375,0.0444793701171875
trained,category-statistics-s4-mlp-seed42,mlp,statistics_s4,42,block_01,all,32,0.1381311547728152,0.337603826751728,0.9538670315797052,0.4068183898925781,0.4211578369140625,-0.014339447021484375
trained,category-statistics-s4-mlp-seed42,mlp,statistics_s4,42,block_01,cycle,8,0.030233039941216663,0.1385649296698521,0.9886684045510262,0.36761474609375,0.4817047119140625,-0.1140899658203125
trained,category-statistics-s4-mlp-seed42,mlp,statistics_s4,42,block_01,global_run,8,0.1943960064997941,0.436166404294853,0.977572798252431,0.49566650390625,0.4976806640625,-0.00201416015625
trained,category-statistics-s4-mlp-seed42,mlp,statistics_s4,42,block_01,local,8,0.08847175213143763,0.2964847593505897,0.9705107414866099,0.3792266845703125,0.3752288818359375,0.003997802734375
trained,category-statistics-s4-mlp-seed42,mlp,statistics_s4,42,block_01,positional,8,0.2394238205188124,0.47919921369161733,0.8787161820287536,0.384765625,0.33001708984375,0.05474853515625
trained,category-statistics-s4-mlp-seed42,mlp,statistics_s4,42,embedding,all,32,0.0,0.00032286264640685864,1.0302822599035701,0.3819007873535156,0.4211578369140625,-0.039257049560546875
trained,category-statistics-s4-mlp-seed42,mlp,statistics_s4,42,embedding,cycle,8,0.0,-0.002727224772628733,1.0040621451047635,0.359466552734375,0.4817047119140625,-0.1222381591796875
trained,category-statistics-s4-mlp-seed42,mlp,statistics_s4,42,embedding,global_run,8,2.7755575615628914e-17,-0.002537961562621742,1.0908257061107252,0.4667816162109375,0.4976806640625,-0.0308990478515625
trained,category-statistics-s4-mlp-seed42,mlp,statistics_s4,42,embedding,local,8,-2.7755575615628914e-17,0.0058947151419778175,1.0167965545539535,0.3724822998046875,0.3752288818359375,-0.00274658203125
trained,category-statistics-s4-mlp-seed42,mlp,statistics_s4,42,embedding,positional,8,0.0,0.0006619217789000918,1.0094446338448388,0.3288726806640625,0.33001708984375,-0.0011444091796875
trained,category-statistics-s4-mlp-seed42,mlp,statistics_s4,42,final_norm,all,32,0.13548690001518962,0.33278235990036836,0.9552123953785499,0.4019203186035156,0.4211578369140625,-0.019237518310546875
trained,category-statistics-s4-mlp-seed42,mlp,statistics_s4,42,final_norm,cycle,8,0.027602398857619267,0.1284520580747806,0.9900137210602576,0.3638458251953125,0.4817047119140625,-0.11785888671875
trained,category-statistics-s4-mlp-seed42,mlp,statistics_s4,42,final_norm,global_run,8,0.19527434022685639,0.43713881659958925,0.9764184287721254,0.4883575439453125,0.4976806640625,-0.0093231201171875
trained,category-statistics-s4-mlp-seed42,mlp,statistics_s4,42,final_norm,local,8,0.08764070593742582,0.29355806715206684,0.9708156057593201,0.3780517578125,0.3752288818359375,0.0028228759765625
trained,category-statistics-s4-mlp-seed42,mlp,statistics_s4,42,final_norm,positional,8,0.23143015503885705,0.4719804977750367,0.8836018259224965,0.3774261474609375,0.33001708984375,0.0474090576171875
trained,category-statistics-s4-transformer-seed17,transformer,statistics_s4,17,block_01,all,32,0.3114285413955067,0.5254114211385645,0.8435249475089317,0.47206878662109375,0.4211578369140625,0.05091094970703125
trained,category-statistics-s4-transformer-seed17,transformer,statistics_s4,17,block_01,cycle,8,0.10583395880381927,0.30564920524929007,0.9488504265034385,0.411041259765625,0.4817047119140625,-0.0706634521484375
trained,category-statistics-s4-transformer-seed17,transformer,statistics_s4,17,block_01,global_run,8,0.41260587108807467,0.6295466588311251,0.828852890495157,0.578948974609375,0.4976806640625,0.081268310546875
trained,category-statistics-s4-transformer-seed17,transformer,statistics_s4,17,block_01,local,8,0.2094968844206188,0.45446077767483783,0.90303225090822,0.4063720703125,0.3752288818359375,0.0311431884765625
trained,category-statistics-s4-transformer-seed17,transformer,statistics_s4,17,block_01,positional,8,0.5177774512695141,0.7119890427990049,0.6933642221289114,0.491912841796875,0.33001708984375,0.161895751953125
trained,category-statistics-s4-transformer-seed17,transformer,statistics_s4,17,block_02,all,32,0.4264817716647564,0.6244754015097874,0.762925657592656,0.5049057006835938,0.4211578369140625,0.08374786376953125
trained,category-statistics-s4-transformer-seed17,transformer,statistics_s4,17,block_02,cycle,8,0.1482936263612047,0.3645897033734521,0.9252715953720765,0.4197235107421875,0.4817047119140625,-0.061981201171875
trained,category-statistics-s4-transformer-seed17,transformer,statistics_s4,17,block_02,global_run,8,0.5584093511650817,0.7421012460462478,0.7176504006981853,0.6194305419921875,0.4976806640625,0.1217498779296875
trained,category-statistics-s4-transformer-seed17,transformer,statistics_s4,17,block_02,local,8,0.38084849904985596,0.6126401057255675,0.7970873902949782,0.4439239501953125,0.3752288818359375,0.068695068359375
trained,category-statistics-s4-transformer-seed17,transformer,statistics_s4,17,block_02,positional,8,0.6183756100828833,0.7785705508938822,0.6116932440053839,0.5365447998046875,0.33001708984375,0.2065277099609375
trained,category-statistics-s4-transformer-seed17,transformer,statistics_s4,17,block_03,all,32,0.4336709231900777,0.6318526715591679,0.7581926059636963,0.5080108642578125,0.4211578369140625,0.08685302734375
trained,category-statistics-s4-transformer-seed17,transformer,statistics_s4,17,block_03,cycle,8,0.16033671298002877,0.3810171415296677,0.9184835458418595,0.42559814453125,0.4817047119140625,-0.0561065673828125
trained,category-statistics-s4-transformer-seed17,transformer,statistics_s4,17,block_03,global_run,8,0.5688835889207333,0.7498930947637198,0.7092938145026361,0.622467041015625,0.4976806640625,0.124786376953125
trained,category-statistics-s4-transformer-seed17,transformer,statistics_s4,17,block_03,local,8,0.385512535402715,0.6165980914603385,0.7940662722052446,0.4482421875,0.3752288818359375,0.0730133056640625
trained,category-statistics-s4-transformer-seed17,transformer,statistics_s4,17,block_03,positional,8,0.6199508554568338,0.7799023584829456,0.610926791305045,0.535736083984375,0.33001708984375,0.205718994140625
trained,category-statistics-s4-transformer-seed17,transformer,statistics_s4,17,block_04,all,32,0.4243119121057371,0.6256515615655737,0.7660550616174316,0.5040473937988281,0.4211578369140625,0.08288955688476562
trained,category-statistics-s4-transformer-seed17,transformer,statistics_s4,17,block_04,cycle,8,0.16785265938267052,0.3891103566046734,0.9141096784567696,0.42755126953125,0.4817047119140625,-0.0541534423828125
trained,category-statistics-s4-transformer-seed17,transformer,statistics_s4,17,block_04,global_run,8,0.5520250749608343,0.7385880659860331,0.7237440011487225,0.6177520751953125,0.4976806640625,0.1200714111328125
trained,category-statistics-s4-transformer-seed17,transformer,statistics_s4,17,block_04,local,8,0.36767452553460284,0.6013225971175962,0.8055080872322147,0.442108154296875,0.3752288818359375,0.0668792724609375
trained,category-statistics-s4-transformer-seed17,transformer,statistics_s4,17,block_04,positional,8,0.6096953885448406,0.7735852265539922,0.6208584796320198,0.528778076171875,0.33001708984375,0.198760986328125
trained,category-statistics-s4-transformer-seed17,transformer,statistics_s4,17,embedding,all,32,-1.0408340855860843e-17,-0.0007775262410774492,1.0302822599035701,0.3819007873535156,0.4211578369140625,-0.039257049560546875
trained,category-statistics-s4-transformer-seed17,transformer,statistics_s4,17,embedding,cycle,8,1.3877787807814457e-17,-0.002700245137165654,1.0040621451047635,0.359466552734375,0.4817047119140625,-0.1222381591796875
trained,category-statistics-s4-transformer-seed17,transformer,statistics_s4,17,embedding,global_run,8,0.0,-0.004296613122574964,1.0908257061107252,0.4667816162109375,0.4976806640625,-0.0308990478515625
trained,category-statistics-s4-transformer-seed17,transformer,statistics_s4,17,embedding,local,8,-5.551115123125783e-17,0.003452430278484851,1.0167965545539535,0.3724822998046875,0.3752288818359375,-0.00274658203125
trained,category-statistics-s4-transformer-seed17,transformer,statistics_s4,17,embedding,positional,8,0.0,0.00043432301694597015,1.0094446338448388,0.3288726806640625,0.33001708984375,-0.0011444091796875
trained,category-statistics-s4-transformer-seed17,transformer,statistics_s4,17,final_norm,all,32,0.41269268177696555,0.6170425903839799,0.7750536899571697,0.5017013549804688,0.4211578369140625,0.08054351806640625
trained,category-statistics-s4-transformer-seed17,transformer,statistics_s4,17,final_norm,cycle,8,0.1641458568977881,0.3852157571971807,0.9163034569186637,0.4272613525390625,0.4817047119140625,-0.054443359375
trained,category-statistics-s4-transformer-seed17,transformer,statistics_s4,17,final_norm,global_run,8,0.534034449268751,0.7261574328661291,0.7389201459634086,0.6150054931640625,0.4976806640625,0.1173248291015625
trained,category-statistics-s4-transformer-seed17,transformer,statistics_s4,17,final_norm,local,8,0.3554819478705131,0.5911481831372504,0.813396688646239,0.4401397705078125,0.3752288818359375,0.064910888671875
trained,category-statistics-s4-transformer-seed17,transformer,statistics_s4,17,final_norm,positional,8,0.5971084730708099,0.7656489883353592,0.6315944683003677,0.5243988037109375,0.33001708984375,0.1943817138671875
trained,category-statistics-s4-transformer-seed314159,transformer,statistics_s4,314159,block_01,all,32,0.3000854338515525,0.521628400465913,0.8533466313537861,0.46524810791015625,0.4211578369140625,0.04409027099609375
trained,category-statistics-s4-transformer-seed314159,transformer,statistics_s4,314159,block_01,cycle,8,0.1268295201367477,0.34166646071576684,0.9375231975862169,0.412322998046875,0.4817047119140625,-0.0693817138671875
trained,category-statistics-s4-transformer-seed314159,transformer,statistics_s4,314159,block_01,global_run,8,0.39021981043830734,0.6165851189135164,0.848463387229545,0.5664825439453125,0.4976806640625,0.0688018798828125
trained,category-statistics-s4-transformer-seed314159,transformer,statistics_s4,314159,block_01,local,8,0.18507295866217416,0.4276017024769908,0.9171783181076014,0.40496826171875,0.3752288818359375,0.0297393798828125
trained,category-statistics-s4-transformer-seed314159,transformer,statistics_s4,314159,block_01,positional,8,0.49821944616898084,0.7006603197573776,0.7102216224917809,0.4772186279296875,0.33001708984375,0.1472015380859375
trained,category-statistics-s4-transformer-seed314159,transformer,statistics_s4,314159,block_02,all,32,0.44693696802142535,0.6406708046324421,0.7478889150716231,0.5121803283691406,0.4211578369140625,0.09102249145507812
trained,category-statistics-s4-transformer-seed314159,transformer,statistics_s4,314159,block_02,cycle,8,0.16831848978653968,0.3853159984134527,0.9133947841905296,0.4231414794921875,0.4817047119140625,-0.058563232421875
trained,category-statistics-s4-transformer-seed314159,transformer,statistics_s4,314159,block_02,global_run,8,0.5787596909087488,0.7577750431098085,0.7020587988847298,0.620941162109375,0.4976806640625,0.123260498046875
trained,category-statistics-s4-transformer-seed314159,transformer,statistics_s4,314159,block_02,local,8,0.3882840857724975,0.618234645130291,0.791789565508114,0.4471588134765625,0.3752288818359375,0.071929931640625
trained,category-statistics-s4-transformer-seed314159,transformer,statistics_s4,314159,block_02,positional,8,0.6523856056179155,0.8013575318762163,0.584312511703119,0.5574798583984375,0.33001708984375,0.2274627685546875
trained,category-statistics-s4-transformer-seed314159,transformer,statistics_s4,314159,block_03,all,32,0.45075497279750326,0.6448330965334664,0.7448819623117926,0.5161094665527344,0.4211578369140625,0.09495162963867188
trained,category-statistics-s4-transformer-seed314159,transformer,statistics_s4,314159,block_03,cycle,8,0.1753429153023917,0.39622626322803833,0.9095901459252607,0.4277191162109375,0.4817047119140625,-0.053985595703125
trained,category-statistics-s4-transformer-seed314159,transformer,statistics_s4,314159,block_03,global_run,8,0.5806646394373883,0.7589372490588208,0.6997206477761782,0.6244049072265625,0.4976806640625,0.1267242431640625
trained,category-statistics-s4-transformer-seed314159,transformer,statistics_s4,314159,block_03,local,8,0.3898701131646029,0.6202347483271395,0.7911440233013607,0.4481048583984375,0.3752288818359375,0.0728759765625
trained,category-statistics-s4-transformer-seed314159,transformer,statistics_s4,314159,block_03,positional,8,0.6571422232856301,0.803934125519867,0.5790730322443709,0.564208984375,0.33001708984375,0.23419189453125
trained,category-statistics-s4-transformer-seed314159,transformer,statistics_s4,314159,block_04,all,32,0.4502113404043742,0.6459425020257266,0.7467171947195035,0.5145492553710938,0.4211578369140625,0.09339141845703125
trained,category-statistics-s4-transformer-seed314159,transformer,statistics_s4,314159,block_04,cycle,8,0.19020786268791828,0.41174265404264476,0.9009182575219806,0.4353485107421875,0.4817047119140625,-0.046356201171875
trained,category-statistics-s4-transformer-seed314159,transformer,statistics_s4,314159,block_04,global_run,8,0.5745782062668505,0.7557279933644285,0.7062117273610623,0.620330810546875,0.4976806640625,0.122650146484375
trained,category-statistics-s4-transformer-seed314159,transformer,statistics_s4,314159,block_04,local,8,0.3839892187651313,0.61540752512361,0.7949960114802381,0.4451141357421875,0.3752288818359375,0.06988525390625
trained,category-statistics-s4-transformer-seed314159,transformer,statistics_s4,314159,block_04,positional,8,0.6520700738975969,0.8008918355722228,0.584742782514733,0.557403564453125,0.33001708984375,0.227386474609375
trained,category-statistics-s4-transformer-seed314159,transformer,statistics_s4,314159,embedding,all,32,6.938893903907228e-18,0.00025737410521688316,1.0302822599035701,0.3819007873535156,0.4211578369140625,-0.039257049560546875
trained,category-statistics-s4-transformer-seed314159,transformer,statistics_s4,314159,embedding,cycle,8,1.3877787807814457e-17,-0.002911752611957376,1.0040621451047635,0.359466552734375,0.4817047119140625,-0.1222381591796875
trained,category-statistics-s4-transformer-seed314159,transformer,statistics_s4,314159,embedding,global_run,8,0.0,-0.0009341621522767755,1.0908257061107252,0.4667816162109375,0.4976806640625,-0.0308990478515625
trained,category-statistics-s4-transformer-seed314159,transformer,statistics_s4,314159,embedding,local,8,1.3877787807814457e-17,0.0028495411012852403,1.0167965545539535,0.3724822998046875,0.3752288818359375,-0.00274658203125
trained,category-statistics-s4-transformer-seed314159,transformer,statistics_s4,314159,embedding,positional,8,0.0,0.0020258700838164433,1.0094446338448388,0.3288726806640625,0.33001708984375,-0.0011444091796875
trained,category-statistics-s4-transformer-seed314159,transformer,statistics_s4,314159,final_norm,all,32,0.4405415946128905,0.6391106460249506,0.7544641870727512,0.512451171875,0.4211578369140625,0.0912933349609375
trained,category-statistics-s4-transformer-seed314159,transformer,statistics_s4,314159,final_norm,cycle,8,0.18895572508214986,0.41061298347297515,0.9016405546514814,0.4364166259765625,0.4817047119140625,-0.0452880859375
trained,category-statistics-s4-transformer-seed314159,transformer,statistics_s4,314159,final_norm,global_run,8,0.5601444255762875,0.7460810831780453,0.7186649629106617,0.6153411865234375,0.4976806640625,0.1176605224609375
trained,category-statistics-s4-transformer-seed314159,transformer,statistics_s4,314159,final_norm,local,8,0.37047344856350983,0.6045374313897431,0.8039710565411798,0.443023681640625,0.3752288818359375,0.0677947998046875
trained,category-statistics-s4-transformer-seed314159,transformer,statistics_s4,314159,final_norm,positional,8,0.6425927792296149,0.7952110860590389,0.5935801741876819,0.555023193359375,0.33001708984375,0.225006103515625
trained,category-statistics-s4-transformer-seed42,transformer,statistics_s4,42,block_01,all,32,0.279479307967995,0.4995313865405028,0.8665920225743171,0.4590110778808594,0.4211578369140625,0.037853240966796875
trained,category-statistics-s4-transformer-seed42,transformer,statistics_s4,42,block_01,cycle,8,0.11003279593260037,0.3151415223855782,0.9466254924053559,0.4066925048828125,0.4817047119140625,-0.07501220703125
trained,category-statistics-s4-transformer-seed42,transformer,statistics_s4,42,block_01,global_run,8,0.36207163585850527,0.5922855789269061,0.8687398793621807,0.5557403564453125,0.4976806640625,0.0580596923828125
trained,category-statistics-s4-transformer-seed42,transformer,statistics_s4,42,block_01,local,8,0.1629648488721945,0.40193429207716286,0.9298210152082867,0.3983612060546875,0.3752288818359375,0.02313232421875
trained,category-statistics-s4-transformer-seed42,transformer,statistics_s4,42,block_01,positional,8,0.48284795120867985,0.6887641527723638,0.7211817033214452,0.475250244140625,0.33001708984375,0.145233154296875
trained,category-statistics-s4-transformer-seed42,transformer,statistics_s4,42,block_02,all,32,0.43991892410632893,0.6339468333709372,0.7522271934676066,0.5136985778808594,0.4211578369140625,0.09254074096679688
trained,category-statistics-s4-transformer-seed42,transformer,statistics_s4,42,block_02,cycle,8,0.16103215525704534,0.37447622672348746,0.9175595925287778,0.4231109619140625,0.4817047119140625,-0.05859375
trained,category-statistics-s4-transformer-seed42,transformer,statistics_s4,42,block_02,global_run,8,0.5607513904978064,0.7453280962954708,0.7164821965286206,0.6185760498046875,0.4976806640625,0.1208953857421875
trained,category-statistics-s4-transformer-seed42,transformer,statistics_s4,42,block_02,local,8,0.38319182423107156,0.6148332644978002,0.7956014737733015,0.4470367431640625,0.3752288818359375,0.071807861328125
trained,category-statistics-s4-transformer-seed42,transformer,statistics_s4,42,block_02,positional,8,0.6547003264393924,0.8011497459669901,0.5792655110397266,0.566070556640625,0.33001708984375,0.236053466796875
trained,category-statistics-s4-transformer-seed42,transformer,statistics_s4,42,block_03,all,32,0.4530684390044244,0.6450582590427577,0.7422058722910968,0.5156288146972656,0.4211578369140625,0.09447097778320312
trained,category-statistics-s4-transformer-seed42,transformer,statistics_s4,42,block_03,cycle,8,0.17152223237914366,0.3894335536424338,0.911649119102892,0.4253387451171875,0.4817047119140625,-0.056365966796875
trained,category-statistics-s4-transformer-seed42,transformer,statistics_s4,42,block_03,global_run,8,0.576106695988029,0.7552993151757862,0.7029782794029533,0.6199188232421875,0.4976806640625,0.1222381591796875
trained,category-statistics-s4-transformer-seed42,transformer,statistics_s4,42,block_03,local,8,0.3970615008266868,0.6262143499652656,0.7864349914455195,0.44610595703125,0.3752288818359375,0.0708770751953125
trained,category-statistics-s4-transformer-seed42,transformer,statistics_s4,42,block_03,positional,8,0.6675833268238381,0.8092858173875452,0.5677610992130223,0.5711517333984375,0.33001708984375,0.2411346435546875
trained,category-statistics-s4-transformer-seed42,transformer,statistics_s4,42,block_04,all,32,0.45537074627552293,0.6503841815223989,0.7421552121940906,0.5204277038574219,0.4211578369140625,0.09926986694335938
trained,category-statistics-s4-transformer-seed42,transformer,statistics_s4,42,block_04,cycle,8,0.20389483303587105,0.4273891588070324,0.892909633429791,0.442169189453125,0.4817047119140625,-0.0395355224609375
trained,category-statistics-s4-transformer-seed42,transformer,statistics_s4,42,block_04,global_run,8,0.5653418773256353,0.7491798267595711,0.7134127571578506,0.616973876953125,0.4976806640625,0.119293212890625
trained,category-statistics-s4-transformer-seed42,transformer,statistics_s4,42,block_04,local,8,0.3811797823697867,0.6135004372531806,0.7968752463232647,0.4442596435546875,0.3752288818359375,0.06903076171875
trained,category-statistics-s4-transformer-seed42,transformer,statistics_s4,42,block_04,positional,8,0.6710664923707985,0.8114673032698111,0.5654232118654564,0.57830810546875,0.33001708984375,0.248291015625
trained,category-statistics-s4-transformer-seed42,transformer,statistics_s4,42,embedding,all,32,0.0,-0.00011363547460250671,1.0302822599035701,0.3819007873535156,0.4211578369140625,-0.039257049560546875
trained,category-statistics-s4-transformer-seed42,transformer,statistics_s4,42,embedding,cycle,8,2.7755575615628914e-17,-0.002245851400454731,1.0040621451047635,0.359466552734375,0.4817047119140625,-0.1222381591796875
trained,category-statistics-s4-transformer-seed42,transformer,statistics_s4,42,embedding,global_run,8,0.0,-0.002421784110717989,1.0908257061107252,0.4667816162109375,0.4976806640625,-0.0308990478515625
trained,category-statistics-s4-transformer-seed42,transformer,statistics_s4,42,embedding,local,8,0.0,0.003934724921906866,1.0167965545539535,0.3724822998046875,0.3752288818359375,-0.00274658203125
trained,category-statistics-s4-transformer-seed42,transformer,statistics_s4,42,embedding,positional,8,-2.7755575615628914e-17,0.0002783686908558276,1.0094446338448388,0.3288726806640625,0.33001708984375,-0.0011444091796875
trained,category-statistics-s4-transformer-seed42,transformer,statistics_s4,42,final_norm,all,32,0.44101811054100315,0.6393274816806611,0.7533865032712687,0.5158958435058594,0.4211578369140625,0.09473800659179688
trained,category-statistics-s4-transformer-seed42,transformer,statistics_s4,42,final_norm,cycle,8,0.1978768618247676,0.4203765392166233,0.8964582443120627,0.440765380859375,0.4817047119140625,-0.0409393310546875
trained,category-statistics-s4-transformer-seed42,transformer,statistics_s4,42,final_norm,global_run,8,0.5457255118726004,0.7354654477396798,0.7298232979924419,0.61175537109375,0.4976806640625,0.11407470703125
trained,category-statistics-s4-transformer-seed42,transformer,statistics_s4,42,final_norm,local,8,0.36400814511178403,0.5989703800369264,0.8080093402400728,0.44091796875,0.3752288818359375,0.0656890869140625
trained,category-statistics-s4-transformer-seed42,transformer,statistics_s4,42,final_norm,positional,8,0.6564619233548605,0.8024975597294148,0.5792551305404976,0.5701446533203125,0.33001708984375,0.2401275634765625
