model_kind,run_id,architecture,condition,model_seed,trained_tasks,probe_task,probe_task_family,layer,selected_ridge_alpha,tuning_length_conditioned_r2,probe_train_examples,probe_tune_examples,probe_test_examples,length_conditioned_r2,pearson_r,normalized_rmse,exact_accuracy,length_mode_baseline_accuracy,exact_accuracy_minus_baseline
trained,category-encoding-e4-transformer-seed17,transformer,encoding_e4,17,to_cycle|to_lehmer|to_inversion_vector|to_reduced_word,descents,local,embedding,1e-06,0.0,6144,2048,8192,-2.220446049250313e-16,0.0038154251647659044,1.0210358474220083,0.3427734375,0.3338623046875,0.0089111328125
trained,category-encoding-e4-transformer-seed17,transformer,encoding_e4,17,to_cycle|to_lehmer|to_inversion_vector|to_reduced_word,recoils,local,embedding,1e-06,2.220446049250313e-16,6144,2048,8192,0.0,0.030146915280292685,1.0117264466110467,0.3408203125,0.33642578125,0.00439453125
trained,category-encoding-e4-transformer-seed17,transformer,encoding_e4,17,to_cycle|to_lehmer|to_inversion_vector|to_reduced_word,peaks,local,embedding,1e-06,0.0,6144,2048,8192,0.0,-0.016521742908772185,0.987201497821541,0.4708251953125,0.4635009765625,0.00732421875
trained,category-encoding-e4-transformer-seed17,transformer,encoding_e4,17,to_cycle|to_lehmer|to_inversion_vector|to_reduced_word,valleys,local,embedding,1e-06,0.0,6144,2048,8192,0.0,0.009950511313596807,0.9926476029684151,0.458984375,0.45556640625,0.00341796875
trained,category-encoding-e4-transformer-seed17,transformer,encoding_e4,17,to_cycle|to_lehmer|to_inversion_vector|to_reduced_word,double_ascents,local,embedding,1.0,0.0,6144,2048,8192,0.0,0.0,1.012985218660725,0.3338623046875,0.344482421875,-0.0106201171875
trained,category-encoding-e4-transformer-seed17,transformer,encoding_e4,17,to_cycle|to_lehmer|to_inversion_vector|to_reduced_word,double_descents,local,embedding,1.0,0.0,6144,2048,8192,0.0,0.0,0.9962763749938195,0.3388671875,0.3399658203125,-0.0010986328125
trained,category-encoding-e4-transformer-seed17,transformer,encoding_e4,17,to_cycle|to_lehmer|to_inversion_vector|to_reduced_word,successions,local,embedding,1e-06,0.0,6144,2048,8192,0.0,0.0,1.0677013036927756,0.3643798828125,0.398681640625,-0.0343017578125
trained,category-encoding-e4-transformer-seed17,transformer,encoding_e4,17,to_cycle|to_lehmer|to_inversion_vector|to_reduced_word,adjacencies,local,embedding,1e-06,0.0,6144,2048,8192,0.0,0.0,1.0447981442612964,0.329345703125,0.329345703125,0.0
trained,category-encoding-e4-transformer-seed17,transformer,encoding_e4,17,to_cycle|to_lehmer|to_inversion_vector|to_reduced_word,fixed_points,positional,embedding,1e-06,0.0,6144,2048,8192,-2.220446049250313e-16,0.0,1.0125438624646814,0.3580322265625,0.369873046875,-0.0118408203125
trained,category-encoding-e4-transformer-seed17,transformer,encoding_e4,17,to_cycle|to_lehmer|to_inversion_vector|to_reduced_word,anti_fixed_points,positional,embedding,1e-06,0.0,6144,2048,8192,0.0,0.0,0.9975928763619372,0.3592529296875,0.37939453125,-0.0201416015625
trained,category-encoding-e4-transformer-seed17,transformer,encoding_e4,17,to_cycle|to_lehmer|to_inversion_vector|to_reduced_word,exceedances,positional,embedding,1e-06,0.0,6144,2048,8192,0.0,-0.010999023492384742,0.996743501992833,0.3426513671875,0.3426513671875,0.0
trained,category-encoding-e4-transformer-seed17,transformer,encoding_e4,17,to_cycle|to_lehmer|to_inversion_vector|to_reduced_word,deficiencies,positional,embedding,1e-06,0.0,6144,2048,8192,0.0,0.01748348114687979,1.0018364670463262,0.3414306640625,0.34033203125,0.0010986328125
trained,category-encoding-e4-transformer-seed17,transformer,encoding_e4,17,to_cycle|to_lehmer|to_inversion_vector|to_reduced_word,left_to_right_maxima,positional,embedding,1e-06,0.0,6144,2048,8192,0.0,0.0,1.0233111062138236,0.3040771484375,0.3026123046875,0.00146484375
trained,category-encoding-e4-transformer-seed17,transformer,encoding_e4,17,to_cycle|to_lehmer|to_inversion_vector|to_reduced_word,left_to_right_minima,positional,embedding,1e-06,0.0,6144,2048,8192,0.0,0.0,0.9857920972831147,0.3160400390625,0.307373046875,0.0086669921875
trained,category-encoding-e4-transformer-seed17,transformer,encoding_e4,17,to_cycle|to_lehmer|to_inversion_vector|to_reduced_word,right_to_left_maxima,positional,embedding,1e-06,0.0,6144,2048,8192,0.0,0.0,1.0300600749281232,0.305908203125,0.3045654296875,0.0013427734375
trained,category-encoding-e4-transformer-seed17,transformer,encoding_e4,17,to_cycle|to_lehmer|to_inversion_vector|to_reduced_word,right_to_left_minima,positional,embedding,1e-06,0.0,6144,2048,8192,0.0,0.0,1.0276770844678722,0.3035888671875,0.2933349609375,0.01025390625
trained,category-encoding-e4-transformer-seed17,transformer,encoding_e4,17,to_cycle|to_lehmer|to_inversion_vector|to_reduced_word,cycle_count,cycle,embedding,1e-06,0.0,6144,2048,8192,1.1102230246251565e-16,0.0,0.9967724289122707,0.3077392578125,0.3079833984375,-0.000244140625
trained,category-encoding-e4-transformer-seed17,transformer,encoding_e4,17,to_cycle|to_lehmer|to_inversion_vector|to_reduced_word,two_cycle_count,cycle,embedding,1e-06,0.0,6144,2048,8192,2.220446049250313e-16,0.0,1.010170244848821,0.4593505859375,0.6026611328125,-0.143310546875
trained,category-encoding-e4-transformer-seed17,transformer,encoding_e4,17,to_cycle|to_lehmer|to_inversion_vector|to_reduced_word,three_cycle_count,cycle,embedding,1e-06,0.0,6144,2048,8192,0.0,0.0,1.0003236622577176,0.7235107421875,0.7235107421875,0.0
trained,category-encoding-e4-transformer-seed17,transformer,encoding_e4,17,to_cycle|to_lehmer|to_inversion_vector|to_reduced_word,even_cycle_count,cycle,embedding,1e-06,0.0,6144,2048,8192,0.0,0.0,1.0111505563890062,0.3974609375,0.40771484375,-0.01025390625
trained,category-encoding-e4-transformer-seed17,transformer,encoding_e4,17,to_cycle|to_lehmer|to_inversion_vector|to_reduced_word,odd_cycle_count,cycle,embedding,1e-06,0.0,6144,2048,8192,0.0,0.0,0.9928792526047006,0.3057861328125,0.5802001953125,-0.2744140625
trained,category-encoding-e4-transformer-seed17,transformer,encoding_e4,17,to_cycle|to_lehmer|to_inversion_vector|to_reduced_word,longest_cycle,cycle,embedding,1e-06,0.0,6144,2048,8192,0.0,-0.02306303836556584,1.002388866359531,0.1435546875,0.1644287109375,-0.0208740234375
trained,category-encoding-e4-transformer-seed17,transformer,encoding_e4,17,to_cycle|to_lehmer|to_inversion_vector|to_reduced_word,shortest_cycle,cycle,embedding,1e-06,0.0,6144,2048,8192,0.0,0.0,1.004064219330732,0.1092529296875,0.6358642578125,-0.526611328125
trained,category-encoding-e4-transformer-seed17,transformer,encoding_e4,17,to_cycle|to_lehmer|to_inversion_vector|to_reduced_word,nontrivial_cycle_count,cycle,embedding,1e-06,0.0,6144,2048,8192,0.0,0.0,1.0147479301353286,0.4290771484375,0.4312744140625,-0.002197265625
trained,category-encoding-e4-transformer-seed17,transformer,encoding_e4,17,to_cycle|to_lehmer|to_inversion_vector|to_reduced_word,lis_length,global_run,embedding,1e-06,0.0,6144,2048,8192,0.0,-0.010536073261655107,1.022679339029915,0.390869140625,0.39697265625,-0.006103515625
trained,category-encoding-e4-transformer-seed17,transformer,encoding_e4,17,to_cycle|to_lehmer|to_inversion_vector|to_reduced_word,lds_length,global_run,embedding,1e-06,0.0,6144,2048,8192,0.0,-0.023310829287849204,1.0371136011049422,0.38720703125,0.396484375,-0.00927734375
trained,category-encoding-e4-transformer-seed17,transformer,encoding_e4,17,to_cycle|to_lehmer|to_inversion_vector|to_reduced_word,longest_increasing_run,global_run,embedding,1e-06,0.0,6144,2048,8192,0.0,0.019267943753557743,1.0681850394483854,0.4554443359375,0.5040283203125,-0.048583984375
trained,category-encoding-e4-transformer-seed17,transformer,encoding_e4,17,to_cycle|to_lehmer|to_inversion_vector|to_reduced_word,longest_decreasing_run,global_run,embedding,1e-06,0.0,6144,2048,8192,0.0,0.01948398280725102,1.1023380059178607,0.459716796875,0.5018310546875,-0.0421142578125
trained,category-encoding-e4-transformer-seed17,transformer,encoding_e4,17,to_cycle|to_lehmer|to_inversion_vector|to_reduced_word,global_descents,global_run,embedding,1e-06,0.0,6144,2048,8192,0.0,0.0,1.2434738264527403,0.7889404296875,0.8125,-0.0235595703125
trained,category-encoding-e4-transformer-seed17,transformer,encoding_e4,17,to_cycle|to_lehmer|to_inversion_vector|to_reduced_word,components,global_run,embedding,1e-06,0.0,6144,2048,8192,0.0,0.004841277101432609,1.241825229327309,0.7493896484375,0.804931640625,-0.0555419921875
trained,category-encoding-e4-transformer-seed17,transformer,encoding_e4,17,to_cycle|to_lehmer|to_inversion_vector|to_reduced_word,max_displacement,global_run,embedding,1.0,0.0,6144,2048,8192,0.0,-0.011160229469160475,1.0210438164840894,0.238037109375,0.2574462890625,-0.0194091796875
trained,category-encoding-e4-transformer-seed17,transformer,encoding_e4,17,to_cycle|to_lehmer|to_inversion_vector|to_reduced_word,displacement_one_count,global_run,embedding,1e-06,0.0,6144,2048,8192,0.0,0.0,0.9899467911205587,0.2646484375,0.3072509765625,-0.0426025390625
trained,category-encoding-e4-transformer-seed17,transformer,encoding_e4,17,to_cycle|to_lehmer|to_inversion_vector|to_reduced_word,descents,local,block_01,0.0001,0.16671732574659215,6144,2048,8192,0.18852607615588146,0.4348862566983563,0.9197679543958786,0.38037109375,0.3338623046875,0.0465087890625
trained,category-encoding-e4-transformer-seed17,transformer,encoding_e4,17,to_cycle|to_lehmer|to_inversion_vector|to_reduced_word,recoils,local,block_01,0.0001,0.1467236273823892,6144,2048,8192,0.1722286681062033,0.4150057098364902,0.9204883437700144,0.364501953125,0.33642578125,0.028076171875
trained,category-encoding-e4-transformer-seed17,transformer,encoding_e4,17,to_cycle|to_lehmer|to_inversion_vector|to_reduced_word,peaks,local,block_01,0.0001,0.06088234071393073,6144,2048,8192,0.07065867450875563,0.2776248737642654,0.9516854518082934,0.480712890625,0.4635009765625,0.0172119140625
trained,category-encoding-e4-transformer-seed17,transformer,encoding_e4,17,to_cycle|to_lehmer|to_inversion_vector|to_reduced_word,valleys,local,block_01,0.001,0.0890444555347133,6144,2048,8192,0.06740473482490394,0.2667630068844551,0.9586094396837259,0.4677734375,0.45556640625,0.01220703125
trained,category-encoding-e4-transformer-seed17,transformer,encoding_e4,17,to_cycle|to_lehmer|to_inversion_vector|to_reduced_word,double_ascents,local,block_01,0.0001,0.0757941842193065,6144,2048,8192,0.0843973869911977,0.29639361904134154,0.9692964450792624,0.3382568359375,0.344482421875,-0.0062255859375
trained,category-encoding-e4-transformer-seed17,transformer,encoding_e4,17,to_cycle|to_lehmer|to_inversion_vector|to_reduced_word,double_descents,local,block_01,0.001,0.08402983729482616,6144,2048,8192,0.08411633129221352,0.2907150326132803,0.9534545364739224,0.3487548828125,0.3399658203125,0.0087890625
trained,category-encoding-e4-transformer-seed17,transformer,encoding_e4,17,to_cycle|to_lehmer|to_inversion_vector|to_reduced_word,successions,local,block_01,1e-05,0.09725869677434285,6144,2048,8192,0.07492353312805533,0.283532027575406,1.026924675686265,0.3629150390625,0.398681640625,-0.0357666015625
trained,category-encoding-e4-transformer-seed17,transformer,encoding_e4,17,to_cycle|to_lehmer|to_inversion_vector|to_reduced_word,adjacencies,local,block_01,0.0001,0.05271771281044202,6144,2048,8192,0.06831783482888021,0.26583488273879224,1.008477663468281,0.3323974609375,0.329345703125,0.0030517578125
trained,category-encoding-e4-transformer-seed17,transformer,encoding_e4,17,to_cycle|to_lehmer|to_inversion_vector|to_reduced_word,fixed_points,positional,block_01,1e-06,0.2160180945477601,6144,2048,8192,0.2009326426117226,0.45285710977054394,0.9051187057447165,0.40576171875,0.369873046875,0.035888671875
trained,category-encoding-e4-transformer-seed17,transformer,encoding_e4,17,to_cycle|to_lehmer|to_inversion_vector|to_reduced_word,anti_fixed_points,positional,block_01,0.0001,0.24178183573152856,6144,2048,8192,0.2125584947663507,0.4622111215681174,0.8852429777978199,0.4039306640625,0.37939453125,0.0245361328125
trained,category-encoding-e4-transformer-seed17,transformer,encoding_e4,17,to_cycle|to_lehmer|to_inversion_vector|to_reduced_word,exceedances,positional,block_01,1e-05,0.2898772263599664,6144,2048,8192,0.2830625349731255,0.5353767007974979,0.843964251102021,0.4217529296875,0.3426513671875,0.0791015625
trained,category-encoding-e4-transformer-seed17,transformer,encoding_e4,17,to_cycle|to_lehmer|to_inversion_vector|to_reduced_word,deficiencies,positional,block_01,1e-06,0.25990622502011307,6144,2048,8192,0.2563789601541089,0.5088609484990123,0.8639182940879371,0.4197998046875,0.34033203125,0.0794677734375
trained,category-encoding-e4-transformer-seed17,transformer,encoding_e4,17,to_cycle|to_lehmer|to_inversion_vector|to_reduced_word,left_to_right_maxima,positional,block_01,1e-06,0.173729035634811,6144,2048,8192,0.18519408755472144,0.4315022160441925,0.9237081457729829,0.3458251953125,0.3026123046875,0.043212890625
trained,category-encoding-e4-transformer-seed17,transformer,encoding_e4,17,to_cycle|to_lehmer|to_inversion_vector|to_reduced_word,left_to_right_minima,positional,block_01,1e-05,0.287941888715989,6144,2048,8192,0.2728651026123342,0.5239522926470428,0.8406066597057181,0.3656005859375,0.307373046875,0.0582275390625
trained,category-encoding-e4-transformer-seed17,transformer,encoding_e4,17,to_cycle|to_lehmer|to_inversion_vector|to_reduced_word,right_to_left_maxima,positional,block_01,0.0001,0.5283190364249221,6144,2048,8192,0.5197634865034405,0.7210110681624013,0.7138223520317747,0.4981689453125,0.3045654296875,0.193603515625
trained,category-encoding-e4-transformer-seed17,transformer,encoding_e4,17,to_cycle|to_lehmer|to_inversion_vector|to_reduced_word,right_to_left_minima,positional,block_01,1e-05,0.6156483160462994,6144,2048,8192,0.5813567168257938,0.7624634845151522,0.6649343003208734,0.531494140625,0.2933349609375,0.2381591796875
trained,category-encoding-e4-transformer-seed17,transformer,encoding_e4,17,to_cycle|to_lehmer|to_inversion_vector|to_reduced_word,cycle_count,cycle,block_01,0.0001,0.11944780053381099,6144,2048,8192,0.12658959852986984,0.359603546952879,0.9315479116262148,0.3489990234375,0.3079833984375,0.041015625
trained,category-encoding-e4-transformer-seed17,transformer,encoding_e4,17,to_cycle|to_lehmer|to_inversion_vector|to_reduced_word,two_cycle_count,cycle,block_01,0.01,0.02519744527398815,6144,2048,8192,0.0264606803120776,0.16339714895343274,0.99671574841563,0.47119140625,0.6026611328125,-0.1314697265625
trained,category-encoding-e4-transformer-seed17,transformer,encoding_e4,17,to_cycle|to_lehmer|to_inversion_vector|to_reduced_word,three_cycle_count,cycle,block_01,10.0,0.000848801421302503,6144,2048,8192,0.0002739615239347737,0.01698646065229036,1.0001866277740605,0.7235107421875,0.7235107421875,0.0
trained,category-encoding-e4-transformer-seed17,transformer,encoding_e4,17,to_cycle|to_lehmer|to_inversion_vector|to_reduced_word,even_cycle_count,cycle,block_01,0.1,0.027066622264408147,6144,2048,8192,0.025811795723830078,0.16091384764348401,0.9980154361968984,0.4136962890625,0.40771484375,0.0059814453125
trained,category-encoding-e4-transformer-seed17,transformer,encoding_e4,17,to_cycle|to_lehmer|to_inversion_vector|to_reduced_word,odd_cycle_count,cycle,block_01,0.0001,0.1354778184976142,6144,2048,8192,0.13903504205574013,0.3763255040607537,0.9212747609950167,0.345703125,0.5802001953125,-0.2344970703125
trained,category-encoding-e4-transformer-seed17,transformer,encoding_e4,17,to_cycle|to_lehmer|to_inversion_vector|to_reduced_word,longest_cycle,cycle,block_01,0.1,0.0471612656466468,6144,2048,8192,0.048428664311484404,0.22324696666904417,0.9778154833653586,0.1590576171875,0.1644287109375,-0.00537109375
trained,category-encoding-e4-transformer-seed17,transformer,encoding_e4,17,to_cycle|to_lehmer|to_inversion_vector|to_reduced_word,shortest_cycle,cycle,block_01,0.01,0.052682461073733755,6144,2048,8192,0.061690676498507346,0.24855502125411894,0.9726005409019199,0.177734375,0.6358642578125,-0.4581298828125
trained,category-encoding-e4-transformer-seed17,transformer,encoding_e4,17,to_cycle|to_lehmer|to_inversion_vector|to_reduced_word,nontrivial_cycle_count,cycle,block_01,0.01,0.054763582026126745,6144,2048,8192,0.04585637402430831,0.21428140660541414,0.9912085757605972,0.445556640625,0.4312744140625,0.0142822265625
trained,category-encoding-e4-transformer-seed17,transformer,encoding_e4,17,to_cycle|to_lehmer|to_inversion_vector|to_reduced_word,lis_length,global_run,block_01,1e-05,0.35690598771704507,6144,2048,8192,0.3505121344671286,0.592418893862686,0.8241855629553233,0.451416015625,0.39697265625,0.054443359375
trained,category-encoding-e4-transformer-seed17,transformer,encoding_e4,17,to_cycle|to_lehmer|to_inversion_vector|to_reduced_word,lds_length,global_run,block_01,1e-05,0.3506282895019953,6144,2048,8192,0.36956356814249636,0.6078819307279818,0.8234684813209098,0.4598388671875,0.396484375,0.0633544921875
trained,category-encoding-e4-transformer-seed17,transformer,encoding_e4,17,to_cycle|to_lehmer|to_inversion_vector|to_reduced_word,longest_increasing_run,global_run,block_01,0.0001,0.1559844638376967,6144,2048,8192,0.14022519174568882,0.37605805255765634,0.9904643513968432,0.480712890625,0.5040283203125,-0.0233154296875
trained,category-encoding-e4-transformer-seed17,transformer,encoding_e4,17,to_cycle|to_lehmer|to_inversion_vector|to_reduced_word,longest_decreasing_run,global_run,block_01,0.001,0.12694684027876812,6144,2048,8192,0.15116959609951208,0.3911842470853225,1.0156059687565135,0.48681640625,0.5018310546875,-0.0150146484375
trained,category-encoding-e4-transformer-seed17,transformer,encoding_e4,17,to_cycle|to_lehmer|to_inversion_vector|to_reduced_word,global_descents,global_run,block_01,1e-06,0.2886733045584021,6144,2048,8192,0.38185568210875565,0.6206760606311392,0.9776459130553453,0.8680419921875,0.8125,0.0555419921875
trained,category-encoding-e4-transformer-seed17,transformer,encoding_e4,17,to_cycle|to_lehmer|to_inversion_vector|to_reduced_word,components,global_run,block_01,1e-06,0.2888558998359839,6144,2048,8192,0.33064497465116205,0.5756350830087222,1.015988384990418,0.811767578125,0.804931640625,0.0068359375
trained,category-encoding-e4-transformer-seed17,transformer,encoding_e4,17,to_cycle|to_lehmer|to_inversion_vector|to_reduced_word,max_displacement,global_run,block_01,1e-05,0.4361258392775471,6144,2048,8192,0.42879735200018954,0.65485986883347,0.7716839819793736,0.4072265625,0.2574462890625,0.1497802734375
trained,category-encoding-e4-transformer-seed17,transformer,encoding_e4,17,to_cycle|to_lehmer|to_inversion_vector|to_reduced_word,displacement_one_count,global_run,block_01,0.0001,0.1603094726890486,6144,2048,8192,0.19869860990578503,0.44582808684321695,0.8861552204488955,0.337646484375,0.3072509765625,0.0303955078125
trained,category-encoding-e4-transformer-seed17,transformer,encoding_e4,17,to_cycle|to_lehmer|to_inversion_vector|to_reduced_word,descents,local,block_02,0.0001,0.2673088765459717,6144,2048,8192,0.28395630215566703,0.5331114308851633,0.8639940532523236,0.3990478515625,0.3338623046875,0.065185546875
trained,category-encoding-e4-transformer-seed17,transformer,encoding_e4,17,to_cycle|to_lehmer|to_inversion_vector|to_reduced_word,recoils,local,block_02,0.0001,0.2554815080968622,6144,2048,8192,0.28930423238242975,0.5379711934977801,0.8529134581094246,0.4102783203125,0.33642578125,0.0738525390625
trained,category-encoding-e4-transformer-seed17,transformer,encoding_e4,17,to_cycle|to_lehmer|to_inversion_vector|to_reduced_word,peaks,local,block_02,0.001,0.099310233127059,6144,2048,8192,0.11960632006611704,0.34825178437988397,0.9262842161114961,0.4815673828125,0.4635009765625,0.01806640625
trained,category-encoding-e4-transformer-seed17,transformer,encoding_e4,17,to_cycle|to_lehmer|to_inversion_vector|to_reduced_word,valleys,local,block_02,0.001,0.16121261467339276,6144,2048,8192,0.13355048632421895,0.36679154219009663,0.9239888475059679,0.4833984375,0.45556640625,0.02783203125
trained,category-encoding-e4-transformer-seed17,transformer,encoding_e4,17,to_cycle|to_lehmer|to_inversion_vector|to_reduced_word,double_ascents,local,block_02,0.0001,0.18474954008736955,6144,2048,8192,0.1987441511465644,0.4470134524575251,0.9067524017798639,0.3544921875,0.344482421875,0.010009765625
trained,category-encoding-e4-transformer-seed17,transformer,encoding_e4,17,to_cycle|to_lehmer|to_inversion_vector|to_reduced_word,double_descents,local,block_02,0.001,0.15688020684578174,6144,2048,8192,0.15742763465484932,0.39704132966374533,0.9144994263943674,0.35888671875,0.3399658203125,0.0189208984375
trained,category-encoding-e4-transformer-seed17,transformer,encoding_e4,17,to_cycle|to_lehmer|to_inversion_vector|to_reduced_word,successions,local,block_02,0.0001,0.22508526716522892,6144,2048,8192,0.21690334666136768,0.4653296632572574,0.944838229184984,0.3974609375,0.398681640625,-0.001220703125
trained,category-encoding-e4-transformer-seed17,transformer,encoding_e4,17,to_cycle|to_lehmer|to_inversion_vector|to_reduced_word,adjacencies,local,block_02,0.0001,0.13934634058570106,6144,2048,8192,0.16749865856428747,0.40908007415400344,0.9532896185788082,0.3250732421875,0.329345703125,-0.0042724609375
trained,category-encoding-e4-transformer-seed17,transformer,encoding_e4,17,to_cycle|to_lehmer|to_inversion_vector|to_reduced_word,fixed_points,positional,block_02,1e-06,0.4159558984194004,6144,2048,8192,0.3628046470851406,0.6046799893586979,0.80825824856838,0.4691162109375,0.369873046875,0.0992431640625
trained,category-encoding-e4-transformer-seed17,transformer,encoding_e4,17,to_cycle|to_lehmer|to_inversion_vector|to_reduced_word,anti_fixed_points,positional,block_02,0.0001,0.27720665831594316,6144,2048,8192,0.23892673198085856,0.4908124629423945,0.8702951700176349,0.416748046875,0.37939453125,0.037353515625
trained,category-encoding-e4-transformer-seed17,transformer,encoding_e4,17,to_cycle|to_lehmer|to_inversion_vector|to_reduced_word,exceedances,positional,block_02,0.0001,0.562359109749206,6144,2048,8192,0.5640360054795643,0.7509951467319421,0.6581255093549123,0.501708984375,0.3426513671875,0.1590576171875
trained,category-encoding-e4-transformer-seed17,transformer,encoding_e4,17,to_cycle|to_lehmer|to_inversion_vector|to_reduced_word,deficiencies,positional,block_02,0.0001,0.4725400476858338,6144,2048,8192,0.4608515510279557,0.6790365879697066,0.7356157448215599,0.480224609375,0.34033203125,0.139892578125
trained,category-encoding-e4-transformer-seed17,transformer,encoding_e4,17,to_cycle|to_lehmer|to_inversion_vector|to_reduced_word,left_to_right_maxima,positional,block_02,0.0001,0.4573256403069169,6144,2048,8192,0.46552045301313383,0.6817905157505423,0.7481233897236256,0.4202880859375,0.3026123046875,0.11767578125
trained,category-encoding-e4-transformer-seed17,transformer,encoding_e4,17,to_cycle|to_lehmer|to_inversion_vector|to_reduced_word,left_to_right_minima,positional,block_02,1e-05,0.48122104750387207,6144,2048,8192,0.45617515657460006,0.6763462797343625,0.7269672629592531,0.4373779296875,0.307373046875,0.1300048828125
trained,category-encoding-e4-transformer-seed17,transformer,encoding_e4,17,to_cycle|to_lehmer|to_inversion_vector|to_reduced_word,right_to_left_maxima,positional,block_02,0.0001,0.5847735827415838,6144,2048,8192,0.5750776023908868,0.7583136712645887,0.6714557015566925,0.4971923828125,0.3045654296875,0.192626953125
trained,category-encoding-e4-transformer-seed17,transformer,encoding_e4,17,to_cycle|to_lehmer|to_inversion_vector|to_reduced_word,right_to_left_minima,positional,block_02,0.0001,0.6716438716774233,6144,2048,8192,0.6669981430092106,0.8166733719474983,0.593034555869735,0.53759765625,0.2933349609375,0.2442626953125
trained,category-encoding-e4-transformer-seed17,transformer,encoding_e4,17,to_cycle|to_lehmer|to_inversion_vector|to_reduced_word,cycle_count,cycle,block_02,0.0001,0.2529928383156961,6144,2048,8192,0.2275495266035148,0.48011407590845134,0.8760549312400259,0.365234375,0.3079833984375,0.0572509765625
trained,category-encoding-e4-transformer-seed17,transformer,encoding_e4,17,to_cycle|to_lehmer|to_inversion_vector|to_reduced_word,two_cycle_count,cycle,block_02,0.01,0.041647694554266756,6144,2048,8192,0.049213752592972115,0.22178402236784403,0.9849995171511311,0.501220703125,0.6026611328125,-0.1014404296875
trained,category-encoding-e4-transformer-seed17,transformer,encoding_e4,17,to_cycle|to_lehmer|to_inversion_vector|to_reduced_word,three_cycle_count,cycle,block_02,1.0,0.0021765711361860784,6144,2048,8192,0.0025745044069964695,0.050938138942703444,0.999035163573425,0.7235107421875,0.7235107421875,0.0
trained,category-encoding-e4-transformer-seed17,transformer,encoding_e4,17,to_cycle|to_lehmer|to_inversion_vector|to_reduced_word,even_cycle_count,cycle,block_02,0.1,0.037148243631121014,6144,2048,8192,0.03726537474854996,0.19361267263717455,0.992131231352653,0.4263916015625,0.40771484375,0.0186767578125
trained,category-encoding-e4-transformer-seed17,transformer,encoding_e4,17,to_cycle|to_lehmer|to_inversion_vector|to_reduced_word,odd_cycle_count,cycle,block_02,1e-05,0.28112994377806844,6144,2048,8192,0.2515529019589179,0.5056590846587514,0.8589680102517967,0.3717041015625,0.5802001953125,-0.20849609375
trained,category-encoding-e4-transformer-seed17,transformer,encoding_e4,17,to_cycle|to_lehmer|to_inversion_vector|to_reduced_word,longest_cycle,cycle,block_02,0.01,0.0628062103280862,6144,2048,8192,0.07467464362814702,0.27323311804540923,0.9642362750595788,0.1727294921875,0.1644287109375,0.00830078125
trained,category-encoding-e4-transformer-seed17,transformer,encoding_e4,17,to_cycle|to_lehmer|to_inversion_vector|to_reduced_word,shortest_cycle,cycle,block_02,0.001,0.09675385554159366,6144,2048,8192,0.10021151871869882,0.3177433963295119,0.9524270152388261,0.211669921875,0.6358642578125,-0.4241943359375
trained,category-encoding-e4-transformer-seed17,transformer,encoding_e4,17,to_cycle|to_lehmer|to_inversion_vector|to_reduced_word,nontrivial_cycle_count,cycle,block_02,0.01,0.0687737720700855,6144,2048,8192,0.06745475211402807,0.2597235764948678,0.9799256615432712,0.448974609375,0.4312744140625,0.0177001953125
trained,category-encoding-e4-transformer-seed17,transformer,encoding_e4,17,to_cycle|to_lehmer|to_inversion_vector|to_reduced_word,lis_length,global_run,block_02,0.0001,0.5328088264778641,6144,2048,8192,0.5436554104221768,0.7373972120187261,0.6908534568519579,0.5166015625,0.39697265625,0.11962890625
trained,category-encoding-e4-transformer-seed17,transformer,encoding_e4,17,to_cycle|to_lehmer|to_inversion_vector|to_reduced_word,lds_length,global_run,block_02,0.0001,0.4710913938804361,6144,2048,8192,0.4942758943003279,0.7029874514472377,0.7375358874953183,0.510009765625,0.396484375,0.113525390625
trained,category-encoding-e4-transformer-seed17,transformer,encoding_e4,17,to_cycle|to_lehmer|to_inversion_vector|to_reduced_word,longest_increasing_run,global_run,block_02,0.0001,0.29030984963562345,6144,2048,8192,0.29022917870784204,0.5385142933645799,0.8999234358611223,0.486572265625,0.5040283203125,-0.0174560546875
trained,category-encoding-e4-transformer-seed17,transformer,encoding_e4,17,to_cycle|to_lehmer|to_inversion_vector|to_reduced_word,longest_decreasing_run,global_run,block_02,0.001,0.19218343667276228,6144,2048,8192,0.22931877475598073,0.48159641920772467,0.9677254679309124,0.5076904296875,0.5018310546875,0.005859375
trained,category-encoding-e4-transformer-seed17,transformer,encoding_e4,17,to_cycle|to_lehmer|to_inversion_vector|to_reduced_word,global_descents,global_run,block_02,1e-06,0.31743951638854306,6144,2048,8192,0.4319992310621996,0.6613141050901337,0.9371543171591242,0.8692626953125,0.8125,0.0567626953125
trained,category-encoding-e4-transformer-seed17,transformer,encoding_e4,17,to_cycle|to_lehmer|to_inversion_vector|to_reduced_word,components,global_run,block_02,1e-06,0.4314701163320568,6144,2048,8192,0.5023094160356043,0.7118250610960647,0.8760727884008379,0.85302734375,0.804931640625,0.048095703125
trained,category-encoding-e4-transformer-seed17,transformer,encoding_e4,17,to_cycle|to_lehmer|to_inversion_vector|to_reduced_word,max_displacement,global_run,block_02,0.0001,0.5685025084082415,6144,2048,8192,0.5809091205686303,0.7620259363251758,0.6609954717525343,0.4388427734375,0.2574462890625,0.181396484375
trained,category-encoding-e4-transformer-seed17,transformer,encoding_e4,17,to_cycle|to_lehmer|to_inversion_vector|to_reduced_word,displacement_one_count,global_run,block_02,0.0001,0.2827225650941888,6144,2048,8192,0.28791049676073666,0.5377722278293143,0.8353705183698376,0.3773193359375,0.3072509765625,0.070068359375
trained,category-encoding-e4-transformer-seed17,transformer,encoding_e4,17,to_cycle|to_lehmer|to_inversion_vector|to_reduced_word,descents,local,block_03,0.001,0.31072402018775147,6144,2048,8192,0.33411106027209503,0.5777286936087102,0.8331858594786234,0.3990478515625,0.3338623046875,0.065185546875
trained,category-encoding-e4-transformer-seed17,transformer,encoding_e4,17,to_cycle|to_lehmer|to_inversion_vector|to_reduced_word,recoils,local,block_03,0.001,0.33176922182048507,6144,2048,8192,0.3571176559436262,0.5976499083113316,0.8112016996332104,0.4241943359375,0.33642578125,0.0877685546875
trained,category-encoding-e4-transformer-seed17,transformer,encoding_e4,17,to_cycle|to_lehmer|to_inversion_vector|to_reduced_word,peaks,local,block_03,0.001,0.15223019034726748,6144,2048,8192,0.16127087055697664,0.40363203643397966,0.9041004155979699,0.4901123046875,0.4635009765625,0.026611328125
trained,category-encoding-e4-transformer-seed17,transformer,encoding_e4,17,to_cycle|to_lehmer|to_inversion_vector|to_reduced_word,valleys,local,block_03,0.001,0.20254416871416725,6144,2048,8192,0.17410048276663326,0.41991841502437444,0.902108353347141,0.4859619140625,0.45556640625,0.0303955078125
trained,category-encoding-e4-transformer-seed17,transformer,encoding_e4,17,to_cycle|to_lehmer|to_inversion_vector|to_reduced_word,double_ascents,local,block_03,0.001,0.21265005144914895,6144,2048,8192,0.23170087638378067,0.48136654380430255,0.8879086300409712,0.357666015625,0.344482421875,0.01318359375
trained,category-encoding-e4-transformer-seed17,transformer,encoding_e4,17,to_cycle|to_lehmer|to_inversion_vector|to_reduced_word,double_descents,local,block_03,0.001,0.1895185813791499,6144,2048,8192,0.19894339995461896,0.4464387025280975,0.8916849433670533,0.366455078125,0.3399658203125,0.0264892578125
trained,category-encoding-e4-transformer-seed17,transformer,encoding_e4,17,to_cycle|to_lehmer|to_inversion_vector|to_reduced_word,successions,local,block_03,0.0001,0.26963811206708377,6144,2048,8192,0.27261073285262283,0.5218699763907587,0.9106116817050022,0.40771484375,0.398681640625,0.009033203125
trained,category-encoding-e4-transformer-seed17,transformer,encoding_e4,17,to_cycle|to_lehmer|to_inversion_vector|to_reduced_word,adjacencies,local,block_03,0.001,0.18354850723819216,6144,2048,8192,0.23501847688273791,0.4853474383905172,0.9138141220724479,0.3353271484375,0.329345703125,0.0059814453125
trained,category-encoding-e4-transformer-seed17,transformer,encoding_e4,17,to_cycle|to_lehmer|to_inversion_vector|to_reduced_word,fixed_points,positional,block_03,0.0001,0.3866912344606145,6144,2048,8192,0.3571487520661556,0.5985430460795077,0.8118374682673812,0.4556884765625,0.369873046875,0.0858154296875
trained,category-encoding-e4-transformer-seed17,transformer,encoding_e4,17,to_cycle|to_lehmer|to_inversion_vector|to_reduced_word,anti_fixed_points,positional,block_03,0.0001,0.2957909913348452,6144,2048,8192,0.2653511881386451,0.5160560901804156,0.8550533828683249,0.429443359375,0.37939453125,0.050048828125
trained,category-encoding-e4-transformer-seed17,transformer,encoding_e4,17,to_cycle|to_lehmer|to_inversion_vector|to_reduced_word,exceedances,positional,block_03,0.0001,0.5438478728856518,6144,2048,8192,0.541689171616297,0.7362160961746366,0.6747819737295048,0.49462890625,0.3426513671875,0.1519775390625
trained,category-encoding-e4-transformer-seed17,transformer,encoding_e4,17,to_cycle|to_lehmer|to_inversion_vector|to_reduced_word,deficiencies,positional,block_03,0.0001,0.4727554475682689,6144,2048,8192,0.4741524101650181,0.6886371132424867,0.7264852144776955,0.478759765625,0.34033203125,0.138427734375
trained,category-encoding-e4-transformer-seed17,transformer,encoding_e4,17,to_cycle|to_lehmer|to_inversion_vector|to_reduced_word,left_to_right_maxima,positional,block_03,0.0001,0.5326905461407185,6144,2048,8192,0.5394207284850965,0.7340740764793582,0.6944802217927937,0.452880859375,0.3026123046875,0.1502685546875
trained,category-encoding-e4-transformer-seed17,transformer,encoding_e4,17,to_cycle|to_lehmer|to_inversion_vector|to_reduced_word,left_to_right_minima,positional,block_03,0.0001,0.5417779207254168,6144,2048,8192,0.5381554450449721,0.7337573366258408,0.6699358924261067,0.4713134765625,0.307373046875,0.1639404296875
trained,category-encoding-e4-transformer-seed17,transformer,encoding_e4,17,to_cycle|to_lehmer|to_inversion_vector|to_reduced_word,right_to_left_maxima,positional,block_03,0.001,0.6888720888959465,6144,2048,8192,0.6891159080550413,0.8302952033679438,0.5743303992700644,0.5450439453125,0.3045654296875,0.240478515625
trained,category-encoding-e4-transformer-seed17,transformer,encoding_e4,17,to_cycle|to_lehmer|to_inversion_vector|to_reduced_word,right_to_left_minima,positional,block_03,0.001,0.6951561561077413,6144,2048,8192,0.6966943538423784,0.8349448524503313,0.5659745724235133,0.5516357421875,0.2933349609375,0.25830078125
trained,category-encoding-e4-transformer-seed17,transformer,encoding_e4,17,to_cycle|to_lehmer|to_inversion_vector|to_reduced_word,cycle_count,cycle,block_03,0.001,0.228031892472496,6144,2048,8192,0.21800415308568688,0.46825840834218163,0.8814511323725374,0.3603515625,0.3079833984375,0.0523681640625
trained,category-encoding-e4-transformer-seed17,transformer,encoding_e4,17,to_cycle|to_lehmer|to_inversion_vector|to_reduced_word,two_cycle_count,cycle,block_03,0.01,0.07324437764223513,6144,2048,8192,0.05670669551820218,0.23918369230153746,0.9811105547848286,0.50390625,0.6026611328125,-0.0987548828125
trained,category-encoding-e4-transformer-seed17,transformer,encoding_e4,17,to_cycle|to_lehmer|to_inversion_vector|to_reduced_word,three_cycle_count,cycle,block_03,0.1,0.00447756027939572,6144,2048,8192,0.006433455627793405,0.08092413302637531,0.9971007012520856,0.7288818359375,0.7235107421875,0.00537109375
trained,category-encoding-e4-transformer-seed17,transformer,encoding_e4,17,to_cycle|to_lehmer|to_inversion_vector|to_reduced_word,even_cycle_count,cycle,block_03,0.01,0.05820454849177581,6144,2048,8192,0.0480049640851965,0.2204431961083983,0.9865819534077486,0.42138671875,0.40771484375,0.013671875
trained,category-encoding-e4-transformer-seed17,transformer,encoding_e4,17,to_cycle|to_lehmer|to_inversion_vector|to_reduced_word,odd_cycle_count,cycle,block_03,0.001,0.262827057330844,6144,2048,8192,0.24682413653656854,0.4980712091160333,0.861677261590677,0.3714599609375,0.5802001953125,-0.208740234375
trained,category-encoding-e4-transformer-seed17,transformer,encoding_e4,17,to_cycle|to_lehmer|to_inversion_vector|to_reduced_word,longest_cycle,cycle,block_03,0.1,0.06981930219857013,6144,2048,8192,0.07482825377772118,0.274091522457711,0.964156236927582,0.158447265625,0.1644287109375,-0.0059814453125
trained,category-encoding-e4-transformer-seed17,transformer,encoding_e4,17,to_cycle|to_lehmer|to_inversion_vector|to_reduced_word,shortest_cycle,cycle,block_03,0.01,0.09252684948456724,6144,2048,8192,0.09402396471568675,0.306761733902528,0.9556961707144149,0.202392578125,0.6358642578125,-0.4334716796875
trained,category-encoding-e4-transformer-seed17,transformer,encoding_e4,17,to_cycle|to_lehmer|to_inversion_vector|to_reduced_word,nontrivial_cycle_count,cycle,block_03,0.01,0.08626827091048772,6144,2048,8192,0.06814366058773835,0.2615397951383671,0.9795636395307047,0.448974609375,0.4312744140625,0.0177001953125
trained,category-encoding-e4-transformer-seed17,transformer,encoding_e4,17,to_cycle|to_lehmer|to_inversion_vector|to_reduced_word,lis_length,global_run,block_03,0.0001,0.5821632539054751,6144,2048,8192,0.5836312546807013,0.7641896384331511,0.6599006299918905,0.5252685546875,0.39697265625,0.1282958984375
trained,category-encoding-e4-transformer-seed17,transformer,encoding_e4,17,to_cycle|to_lehmer|to_inversion_vector|to_reduced_word,lds_length,global_run,block_03,0.001,0.5321562608654085,6144,2048,8192,0.5519573677234042,0.7432593465831302,0.6942022226621933,0.5213623046875,0.396484375,0.1248779296875
trained,category-encoding-e4-transformer-seed17,transformer,encoding_e4,17,to_cycle|to_lehmer|to_inversion_vector|to_reduced_word,longest_increasing_run,global_run,block_03,0.001,0.32506457351571805,6144,2048,8192,0.321244832841878,0.5670543165437061,0.8800413235239709,0.493408203125,0.5040283203125,-0.0106201171875
trained,category-encoding-e4-transformer-seed17,transformer,encoding_e4,17,to_cycle|to_lehmer|to_inversion_vector|to_reduced_word,longest_decreasing_run,global_run,block_03,0.001,0.23242253883859532,6144,2048,8192,0.2964451101393162,0.5467185503005054,0.9246210448853447,0.51025390625,0.5018310546875,0.0084228515625
trained,category-encoding-e4-transformer-seed17,transformer,encoding_e4,17,to_cycle|to_lehmer|to_inversion_vector|to_reduced_word,global_descents,global_run,block_03,1e-06,0.34694300680024126,6144,2048,8192,0.47212165149609586,0.6926419882657323,0.9034488574831409,0.8741455078125,0.8125,0.0616455078125
trained,category-encoding-e4-transformer-seed17,transformer,encoding_e4,17,to_cycle|to_lehmer|to_inversion_vector|to_reduced_word,components,global_run,block_03,1e-06,0.487408627102763,6144,2048,8192,0.5701768119032877,0.7583438792597871,0.8141518225494396,0.889892578125,0.804931640625,0.0849609375
trained,category-encoding-e4-transformer-seed17,transformer,encoding_e4,17,to_cycle|to_lehmer|to_inversion_vector|to_reduced_word,max_displacement,global_run,block_03,0.001,0.6095180232043584,6144,2048,8192,0.6255641768514075,0.7910430184701883,0.624788569543061,0.45947265625,0.2574462890625,0.2020263671875
trained,category-encoding-e4-transformer-seed17,transformer,encoding_e4,17,to_cycle|to_lehmer|to_inversion_vector|to_reduced_word,displacement_one_count,global_run,block_03,0.001,0.2771920116860992,6144,2048,8192,0.2902657542014513,0.53888154237997,0.8339878675808089,0.368408203125,0.3072509765625,0.0611572265625
trained,category-encoding-e4-transformer-seed17,transformer,encoding_e4,17,to_cycle|to_lehmer|to_inversion_vector|to_reduced_word,descents,local,block_04,0.001,0.37512867537047967,6144,2048,8192,0.38397418904729275,0.6199252019306953,0.8013835888915849,0.4176025390625,0.3338623046875,0.083740234375
trained,category-encoding-e4-transformer-seed17,transformer,encoding_e4,17,to_cycle|to_lehmer|to_inversion_vector|to_reduced_word,recoils,local,block_04,0.001,0.3833197174308898,6144,2048,8192,0.3909883832024288,0.625302074739468,0.7895431882619113,0.43994140625,0.33642578125,0.103515625
trained,category-encoding-e4-transformer-seed17,transformer,encoding_e4,17,to_cycle|to_lehmer|to_inversion_vector|to_reduced_word,peaks,local,block_04,0.001,0.15646906189951837,6144,2048,8192,0.17615587294884172,0.421563593347492,0.8960419255679741,0.4964599609375,0.4635009765625,0.032958984375
trained,category-encoding-e4-transformer-seed17,transformer,encoding_e4,17,to_cycle|to_lehmer|to_inversion_vector|to_reduced_word,valleys,local,block_04,0.001,0.2079953195550992,6144,2048,8192,0.1974290167013273,0.4457656931853311,0.8892765191117048,0.4959716796875,0.45556640625,0.0404052734375
trained,category-encoding-e4-transformer-seed17,transformer,encoding_e4,17,to_cycle|to_lehmer|to_inversion_vector|to_reduced_word,double_ascents,local,block_04,0.001,0.2488176376109672,6144,2048,8192,0.2619279812088552,0.5120529937510214,0.8702669260487245,0.3642578125,0.344482421875,0.019775390625
trained,category-encoding-e4-transformer-seed17,transformer,encoding_e4,17,to_cycle|to_lehmer|to_inversion_vector|to_reduced_word,double_descents,local,block_04,0.001,0.22841388477971503,6144,2048,8192,0.2381924515488224,0.488490553190833,0.8695658341552591,0.3770751953125,0.3399658203125,0.037109375
trained,category-encoding-e4-transformer-seed17,transformer,encoding_e4,17,to_cycle|to_lehmer|to_inversion_vector|to_reduced_word,successions,local,block_04,0.001,0.2685109892237688,6144,2048,8192,0.28314636425374495,0.5325828444929591,0.9039928991869975,0.40869140625,0.398681640625,0.010009765625
trained,category-encoding-e4-transformer-seed17,transformer,encoding_e4,17,to_cycle|to_lehmer|to_inversion_vector|to_reduced_word,adjacencies,local,block_04,0.001,0.19080360147508846,6144,2048,8192,0.24291950577612997,0.4929049396491555,0.9090827583745986,0.34423828125,0.329345703125,0.014892578125
trained,category-encoding-e4-transformer-seed17,transformer,encoding_e4,17,to_cycle|to_lehmer|to_inversion_vector|to_reduced_word,fixed_points,positional,block_04,0.0001,0.4198713941209563,6144,2048,8192,0.3735863332361523,0.6120738639643519,0.8013909943151313,0.463134765625,0.369873046875,0.09326171875
trained,category-encoding-e4-transformer-seed17,transformer,encoding_e4,17,to_cycle|to_lehmer|to_inversion_vector|to_reduced_word,anti_fixed_points,positional,block_04,1e-06,0.3130342268531179,6144,2048,8192,0.2641020186098968,0.516881672411384,0.8557800246034647,0.4317626953125,0.37939453125,0.0523681640625
trained,category-encoding-e4-transformer-seed17,transformer,encoding_e4,17,to_cycle|to_lehmer|to_inversion_vector|to_reduced_word,exceedances,positional,block_04,0.0001,0.5246771839409707,6144,2048,8192,0.528340431168885,0.7272124912660032,0.6845382778083442,0.4906005859375,0.3426513671875,0.14794921875
trained,category-encoding-e4-transformer-seed17,transformer,encoding_e4,17,to_cycle|to_lehmer|to_inversion_vector|to_reduced_word,deficiencies,positional,block_04,0.0001,0.5044581279594447,6144,2048,8192,0.5002635554550037,0.7075389800777715,0.7082186307816553,0.4796142578125,0.34033203125,0.1392822265625
trained,category-encoding-e4-transformer-seed17,transformer,encoding_e4,17,to_cycle|to_lehmer|to_inversion_vector|to_reduced_word,left_to_right_maxima,positional,block_04,0.001,0.5826530957013246,6144,2048,8192,0.5844543191676967,0.7644826139198317,0.6596553270829153,0.4755859375,0.3026123046875,0.1729736328125
trained,category-encoding-e4-transformer-seed17,transformer,encoding_e4,17,to_cycle|to_lehmer|to_inversion_vector|to_reduced_word,left_to_right_minima,positional,block_04,0.0001,0.628769143952854,6144,2048,8192,0.6030550665193877,0.7767531317137375,0.6210841751109724,0.497314453125,0.307373046875,0.18994140625
trained,category-encoding-e4-transformer-seed17,transformer,encoding_e4,17,to_cycle|to_lehmer|to_inversion_vector|to_reduced_word,right_to_left_maxima,positional,block_04,0.001,0.6769248706315563,6144,2048,8192,0.6768727773023893,0.8228543127588939,0.5855302384387142,0.52978515625,0.3045654296875,0.2252197265625
trained,category-encoding-e4-transformer-seed17,transformer,encoding_e4,17,to_cycle|to_lehmer|to_inversion_vector|to_reduced_word,right_to_left_minima,positional,block_04,0.001,0.6913779392946026,6144,2048,8192,0.705211582520286,0.8399445184685983,0.5579713249450202,0.5616455078125,0.2933349609375,0.268310546875
trained,category-encoding-e4-transformer-seed17,transformer,encoding_e4,17,to_cycle|to_lehmer|to_inversion_vector|to_reduced_word,cycle_count,cycle,block_04,0.001,0.25153511791602345,6144,2048,8192,0.22954121693235585,0.4813565192154259,0.8749247899776877,0.3641357421875,0.3079833984375,0.05615234375
trained,category-encoding-e4-transformer-seed17,transformer,encoding_e4,17,to_cycle|to_lehmer|to_inversion_vector|to_reduced_word,two_cycle_count,cycle,block_04,0.01,0.07854178503191322,6144,2048,8192,0.0675819160510378,0.26111659101890217,0.9754385516268527,0.5147705078125,0.6026611328125,-0.087890625
trained,category-encoding-e4-transformer-seed17,transformer,encoding_e4,17,to_cycle|to_lehmer|to_inversion_vector|to_reduced_word,three_cycle_count,cycle,block_04,0.1,0.003831112857760499,6144,2048,8192,0.007177996034560263,0.0878094891450672,0.9967270368528086,0.7276611328125,0.7235107421875,0.004150390625
trained,category-encoding-e4-transformer-seed17,transformer,encoding_e4,17,to_cycle|to_lehmer|to_inversion_vector|to_reduced_word,even_cycle_count,cycle,block_04,0.01,0.062340043900345976,6144,2048,8192,0.05861324004708912,0.2434441448116512,0.9810697118402629,0.42724609375,0.40771484375,0.01953125
trained,category-encoding-e4-transformer-seed17,transformer,encoding_e4,17,to_cycle|to_lehmer|to_inversion_vector|to_reduced_word,odd_cycle_count,cycle,block_04,0.0001,0.2968204489250966,6144,2048,8192,0.25631686739141946,0.5096214496208138,0.8562299233472539,0.3741455078125,0.5802001953125,-0.2060546875
trained,category-encoding-e4-transformer-seed17,transformer,encoding_e4,17,to_cycle|to_lehmer|to_inversion_vector|to_reduced_word,longest_cycle,cycle,block_04,0.1,0.08928991712143086,6144,2048,8192,0.08501667587352812,0.29168578974140835,0.9588326712262447,0.1763916015625,0.1644287109375,0.011962890625
trained,category-encoding-e4-transformer-seed17,transformer,encoding_e4,17,to_cycle|to_lehmer|to_inversion_vector|to_reduced_word,shortest_cycle,cycle,block_04,0.01,0.11038899539473523,6144,2048,8192,0.10189770277939314,0.3192431703457747,0.9515341829908959,0.2071533203125,0.6358642578125,-0.4287109375
trained,category-encoding-e4-transformer-seed17,transformer,encoding_e4,17,to_cycle|to_lehmer|to_inversion_vector|to_reduced_word,nontrivial_cycle_count,cycle,block_04,0.01,0.09624429192246164,6144,2048,8192,0.08566051933669816,0.29329810948383817,0.9703131352205744,0.4580078125,0.4312744140625,0.0267333984375
trained,category-encoding-e4-transformer-seed17,transformer,encoding_e4,17,to_cycle|to_lehmer|to_inversion_vector|to_reduced_word,lis_length,global_run,block_04,0.001,0.6086260763840825,6144,2048,8192,0.6042524562711685,0.7773493806020562,0.6433519121477456,0.5316162109375,0.39697265625,0.1346435546875
trained,category-encoding-e4-transformer-seed17,transformer,encoding_e4,17,to_cycle|to_lehmer|to_inversion_vector|to_reduced_word,lds_length,global_run,block_04,0.001,0.5819694112659655,6144,2048,8192,0.5834168019914305,0.7640449110477259,0.6693868934014301,0.5421142578125,0.396484375,0.1456298828125
trained,category-encoding-e4-transformer-seed17,transformer,encoding_e4,17,to_cycle|to_lehmer|to_inversion_vector|to_reduced_word,longest_increasing_run,global_run,block_04,0.001,0.3400892896927409,6144,2048,8192,0.3458193496472127,0.5884741986008876,0.8639633867676803,0.503173828125,0.5040283203125,-0.0008544921875
trained,category-encoding-e4-transformer-seed17,transformer,encoding_e4,17,to_cycle|to_lehmer|to_inversion_vector|to_reduced_word,longest_decreasing_run,global_run,block_04,0.001,0.28701316770079743,6144,2048,8192,0.32882164327452557,0.5759411772576662,0.9030956550748008,0.5177001953125,0.5018310546875,0.015869140625
trained,category-encoding-e4-transformer-seed17,transformer,encoding_e4,17,to_cycle|to_lehmer|to_inversion_vector|to_reduced_word,global_descents,global_run,block_04,1e-06,0.38322587796674135,6144,2048,8192,0.48615884375179874,0.7017533870211248,0.8913557932794118,0.8751220703125,0.8125,0.0626220703125
trained,category-encoding-e4-transformer-seed17,transformer,encoding_e4,17,to_cycle|to_lehmer|to_inversion_vector|to_reduced_word,components,global_run,block_04,1e-06,0.4647991078408973,6144,2048,8192,0.5687640448066185,0.7572569677493947,0.8154887249633547,0.885498046875,0.804931640625,0.08056640625
trained,category-encoding-e4-transformer-seed17,transformer,encoding_e4,17,to_cycle|to_lehmer|to_inversion_vector|to_reduced_word,max_displacement,global_run,block_04,0.001,0.6267273755403102,6144,2048,8192,0.6353630765562703,0.7970696870273161,0.6165590848135389,0.462646484375,0.2574462890625,0.2052001953125
trained,category-encoding-e4-transformer-seed17,transformer,encoding_e4,17,to_cycle|to_lehmer|to_inversion_vector|to_reduced_word,displacement_one_count,global_run,block_04,0.001,0.2651141416512838,6144,2048,8192,0.2713249617158834,0.5221152891397421,0.845042980303602,0.3656005859375,0.3072509765625,0.058349609375
trained,category-encoding-e4-transformer-seed17,transformer,encoding_e4,17,to_cycle|to_lehmer|to_inversion_vector|to_reduced_word,descents,local,final_norm,0.001,0.370025334369556,6144,2048,8192,0.375972219394352,0.6133926163407256,0.8065716481191775,0.4156494140625,0.3338623046875,0.081787109375
trained,category-encoding-e4-transformer-seed17,transformer,encoding_e4,17,to_cycle|to_lehmer|to_inversion_vector|to_reduced_word,recoils,local,final_norm,0.001,0.3771637157894596,6144,2048,8192,0.3854133132007762,0.6208457066634594,0.7931488096689414,0.433349609375,0.33642578125,0.096923828125
trained,category-encoding-e4-transformer-seed17,transformer,encoding_e4,17,to_cycle|to_lehmer|to_inversion_vector|to_reduced_word,peaks,local,final_norm,0.001,0.14785061074763517,6144,2048,8192,0.17059612241116118,0.41521117387991036,0.8990603320416619,0.4920654296875,0.4635009765625,0.028564453125
trained,category-encoding-e4-transformer-seed17,transformer,encoding_e4,17,to_cycle|to_lehmer|to_inversion_vector|to_reduced_word,valleys,local,final_norm,0.001,0.20197610801820343,6144,2048,8192,0.19324154139263583,0.44114725240167146,0.8915934348992949,0.4927978515625,0.45556640625,0.0372314453125
trained,category-encoding-e4-transformer-seed17,transformer,encoding_e4,17,to_cycle|to_lehmer|to_inversion_vector|to_reduced_word,double_ascents,local,final_norm,0.001,0.2478811466505838,6144,2048,8192,0.2647383599209875,0.5148229891528683,0.868608475219661,0.36865234375,0.344482421875,0.024169921875
trained,category-encoding-e4-transformer-seed17,transformer,encoding_e4,17,to_cycle|to_lehmer|to_inversion_vector|to_reduced_word,double_descents,local,final_norm,0.001,0.2189474462325386,6144,2048,8192,0.22568204157479288,0.475710244971343,0.8766767678083842,0.3746337890625,0.3399658203125,0.03466796875
trained,category-encoding-e4-transformer-seed17,transformer,encoding_e4,17,to_cycle|to_lehmer|to_inversion_vector|to_reduced_word,successions,local,final_norm,0.001,0.26554513340156527,6144,2048,8192,0.2888165883170245,0.5378374879540041,0.90041056486052,0.408203125,0.398681640625,0.009521484375
trained,category-encoding-e4-transformer-seed17,transformer,encoding_e4,17,to_cycle|to_lehmer|to_inversion_vector|to_reduced_word,adjacencies,local,final_norm,0.001,0.1855556650475385,6144,2048,8192,0.23977324704644398,0.4896736978234704,0.9109697731278226,0.3411865234375,0.329345703125,0.0118408203125
trained,category-encoding-e4-transformer-seed17,transformer,encoding_e4,17,to_cycle|to_lehmer|to_inversion_vector|to_reduced_word,fixed_points,positional,final_norm,0.0001,0.4236224974957574,6144,2048,8192,0.3771051349021548,0.614879149013557,0.7991369667941796,0.4581298828125,0.369873046875,0.0882568359375
trained,category-encoding-e4-transformer-seed17,transformer,encoding_e4,17,to_cycle|to_lehmer|to_inversion_vector|to_reduced_word,anti_fixed_points,positional,final_norm,1e-06,0.3059678691813287,6144,2048,8192,0.2561548911875182,0.5089932546684942,0.8603884962874248,0.4315185546875,0.37939453125,0.0521240234375
trained,category-encoding-e4-transformer-seed17,transformer,encoding_e4,17,to_cycle|to_lehmer|to_inversion_vector|to_reduced_word,exceedances,positional,final_norm,0.0001,0.523036071205894,6144,2048,8192,0.5254603602024706,0.7252819402109086,0.6866250777556991,0.4852294921875,0.3426513671875,0.142578125
trained,category-encoding-e4-transformer-seed17,transformer,encoding_e4,17,to_cycle|to_lehmer|to_inversion_vector|to_reduced_word,deficiencies,positional,final_norm,0.0001,0.5061184543576217,6144,2048,8192,0.4994583002885543,0.7070996262157354,0.7087889985867858,0.4764404296875,0.34033203125,0.1361083984375
trained,category-encoding-e4-transformer-seed17,transformer,encoding_e4,17,to_cycle|to_lehmer|to_inversion_vector|to_reduced_word,left_to_right_maxima,positional,final_norm,0.001,0.5738125772943101,6144,2048,8192,0.5740558035508119,0.75752084577993,0.6678578580828024,0.4710693359375,0.3026123046875,0.16845703125
trained,category-encoding-e4-transformer-seed17,transformer,encoding_e4,17,to_cycle|to_lehmer|to_inversion_vector|to_reduced_word,left_to_right_minima,positional,final_norm,0.0001,0.6232331174815664,6144,2048,8192,0.5969736432286654,0.7727400601979401,0.6258237730755193,0.4957275390625,0.307373046875,0.1883544921875
trained,category-encoding-e4-transformer-seed17,transformer,encoding_e4,17,to_cycle|to_lehmer|to_inversion_vector|to_reduced_word,right_to_left_maxima,positional,final_norm,0.001,0.6638232040876147,6144,2048,8192,0.6595664612004584,0.8122363784277642,0.601005884058574,0.519775390625,0.3045654296875,0.2152099609375
trained,category-encoding-e4-transformer-seed17,transformer,encoding_e4,17,to_cycle|to_lehmer|to_inversion_vector|to_reduced_word,right_to_left_minima,positional,final_norm,0.001,0.694745483839232,6144,2048,8192,0.7135790333174405,0.8449200028934962,0.5499954233770439,0.5648193359375,0.2933349609375,0.271484375
trained,category-encoding-e4-transformer-seed17,transformer,encoding_e4,17,to_cycle|to_lehmer|to_inversion_vector|to_reduced_word,cycle_count,cycle,final_norm,0.001,0.25112662140046493,6144,2048,8192,0.2306218879876284,0.4823800074736742,0.8743109753914521,0.364013671875,0.3079833984375,0.0560302734375
trained,category-encoding-e4-transformer-seed17,transformer,encoding_e4,17,to_cycle|to_lehmer|to_inversion_vector|to_reduced_word,two_cycle_count,cycle,final_norm,0.01,0.07513293149643141,6144,2048,8192,0.06390474055072515,0.25423614050054555,0.9773600766325151,0.515869140625,0.6026611328125,-0.0867919921875
trained,category-encoding-e4-transformer-seed17,transformer,encoding_e4,17,to_cycle|to_lehmer|to_inversion_vector|to_reduced_word,three_cycle_count,cycle,final_norm,1.0,0.0029270331785065107,6144,2048,8192,0.00415637833485849,0.06455834572352262,0.9982426358239922,0.7235107421875,0.7235107421875,0.0
trained,category-encoding-e4-transformer-seed17,transformer,encoding_e4,17,to_cycle|to_lehmer|to_inversion_vector|to_reduced_word,even_cycle_count,cycle,final_norm,0.01,0.059916824941464775,6144,2048,8192,0.05597709205126056,0.23815463816477625,0.9824423872600049,0.4283447265625,0.40771484375,0.0206298828125
trained,category-encoding-e4-transformer-seed17,transformer,encoding_e4,17,to_cycle|to_lehmer|to_inversion_vector|to_reduced_word,odd_cycle_count,cycle,final_norm,1e-06,0.299406145259715,6144,2048,8192,0.259671942256666,0.5129047359677305,0.8542963291106876,0.375244140625,0.5802001953125,-0.2049560546875
trained,category-encoding-e4-transformer-seed17,transformer,encoding_e4,17,to_cycle|to_lehmer|to_inversion_vector|to_reduced_word,longest_cycle,cycle,final_norm,0.1,0.0848590290512593,6144,2048,8192,0.0827977792070359,0.28791176033217986,0.9599945843780009,0.1708984375,0.1644287109375,0.0064697265625
trained,category-encoding-e4-transformer-seed17,transformer,encoding_e4,17,to_cycle|to_lehmer|to_inversion_vector|to_reduced_word,shortest_cycle,cycle,final_norm,0.01,0.10537491194362103,6144,2048,8192,0.09915119839179132,0.31490780445546845,0.9529880250803932,0.2091064453125,0.6358642578125,-0.4267578125
trained,category-encoding-e4-transformer-seed17,transformer,encoding_e4,17,to_cycle|to_lehmer|to_inversion_vector|to_reduced_word,nontrivial_cycle_count,cycle,final_norm,0.01,0.09495080755968988,6144,2048,8192,0.08377029669986535,0.2902815560040067,0.9713155861445556,0.45703125,0.4312744140625,0.0257568359375
trained,category-encoding-e4-transformer-seed17,transformer,encoding_e4,17,to_cycle|to_lehmer|to_inversion_vector|to_reduced_word,lis_length,global_run,final_norm,0.001,0.6055411450174362,6144,2048,8192,0.6057645210144695,0.7783212390841617,0.6421216824939058,0.535400390625,0.39697265625,0.138427734375
trained,category-encoding-e4-transformer-seed17,transformer,encoding_e4,17,to_cycle|to_lehmer|to_inversion_vector|to_reduced_word,lds_length,global_run,final_norm,0.001,0.5699415614633827,6144,2048,8192,0.5690822523812038,0.7546016420909215,0.6808062285752731,0.53759765625,0.396484375,0.14111328125
trained,category-encoding-e4-transformer-seed17,transformer,encoding_e4,17,to_cycle|to_lehmer|to_inversion_vector|to_reduced_word,longest_increasing_run,global_run,final_norm,0.01,0.34083005041748693,6144,2048,8192,0.3385844629539173,0.5842886150698583,0.868727735754939,0.5084228515625,0.5040283203125,0.00439453125
trained,category-encoding-e4-transformer-seed17,transformer,encoding_e4,17,to_cycle|to_lehmer|to_inversion_vector|to_reduced_word,longest_decreasing_run,global_run,final_norm,0.001,0.27689048314037046,6144,2048,8192,0.3102515053631856,0.5589777566638942,0.9155038220566064,0.513427734375,0.5018310546875,0.0115966796875
trained,category-encoding-e4-transformer-seed17,transformer,encoding_e4,17,to_cycle|to_lehmer|to_inversion_vector|to_reduced_word,global_descents,global_run,final_norm,1e-06,0.37117968501341936,6144,2048,8192,0.46248895666664747,0.6840865100679695,0.9116546344031179,0.8701171875,0.8125,0.0576171875
trained,category-encoding-e4-transformer-seed17,transformer,encoding_e4,17,to_cycle|to_lehmer|to_inversion_vector|to_reduced_word,components,global_run,final_norm,1e-06,0.4608338040097908,6144,2048,8192,0.5796947501120902,0.7651392199365037,0.8050871338312288,0.887451171875,0.804931640625,0.08251953125
trained,category-encoding-e4-transformer-seed17,transformer,encoding_e4,17,to_cycle|to_lehmer|to_inversion_vector|to_reduced_word,max_displacement,global_run,final_norm,0.001,0.6269974717102276,6144,2048,8192,0.6362339647864861,0.7976211966152604,0.6158223587574851,0.466552734375,0.2574462890625,0.2091064453125
trained,category-encoding-e4-transformer-seed17,transformer,encoding_e4,17,to_cycle|to_lehmer|to_inversion_vector|to_reduced_word,displacement_one_count,global_run,final_norm,0.001,0.2576489570318107,6144,2048,8192,0.2682212412175845,0.5189955943260343,0.8468407571919847,0.3651123046875,0.3072509765625,0.057861328125
trained,category-encoding-e4-transformer-seed42,transformer,encoding_e4,42,to_cycle|to_lehmer|to_inversion_vector|to_reduced_word,descents,local,embedding,10.0,0.0,6144,2048,8192,0.0,0.0,1.0210358474220083,0.3427734375,0.3338623046875,0.0089111328125
trained,category-encoding-e4-transformer-seed42,transformer,encoding_e4,42,to_cycle|to_lehmer|to_inversion_vector|to_reduced_word,recoils,local,embedding,1e-06,2.220446049250313e-16,6144,2048,8192,0.0,0.0243626665952878,1.0117264466110467,0.3408203125,0.33642578125,0.00439453125
trained,category-encoding-e4-transformer-seed42,transformer,encoding_e4,42,to_cycle|to_lehmer|to_inversion_vector|to_reduced_word,peaks,local,embedding,1e-06,0.0,6144,2048,8192,0.0,-0.012932093937197336,0.987201497821541,0.4708251953125,0.4635009765625,0.00732421875
trained,category-encoding-e4-transformer-seed42,transformer,encoding_e4,42,to_cycle|to_lehmer|to_inversion_vector|to_reduced_word,valleys,local,embedding,0.1,1.1102230246251565e-16,6144,2048,8192,1.1102230246251565e-16,0.0077717055073064055,0.992647602968415,0.458984375,0.45556640625,0.00341796875
trained,category-encoding-e4-transformer-seed42,transformer,encoding_e4,42,to_cycle|to_lehmer|to_inversion_vector|to_reduced_word,double_ascents,local,embedding,1e-06,0.0,6144,2048,8192,0.0,0.0,1.012985218660725,0.3338623046875,0.344482421875,-0.0106201171875
trained,category-encoding-e4-transformer-seed42,transformer,encoding_e4,42,to_cycle|to_lehmer|to_inversion_vector|to_reduced_word,double_descents,local,embedding,1.0,0.0,6144,2048,8192,0.0,0.0,0.9962763749938195,0.3388671875,0.3399658203125,-0.0010986328125
trained,category-encoding-e4-transformer-seed42,transformer,encoding_e4,42,to_cycle|to_lehmer|to_inversion_vector|to_reduced_word,successions,local,embedding,1e-06,0.0,6144,2048,8192,0.0,0.0,1.0677013036927756,0.3643798828125,0.398681640625,-0.0343017578125
trained,category-encoding-e4-transformer-seed42,transformer,encoding_e4,42,to_cycle|to_lehmer|to_inversion_vector|to_reduced_word,adjacencies,local,embedding,1e-06,0.0,6144,2048,8192,0.0,0.0,1.0447981442612964,0.329345703125,0.329345703125,0.0
trained,category-encoding-e4-transformer-seed42,transformer,encoding_e4,42,to_cycle|to_lehmer|to_inversion_vector|to_reduced_word,fixed_points,positional,embedding,1e-06,0.0,6144,2048,8192,0.0,0.0,1.0125438624646812,0.3580322265625,0.369873046875,-0.0118408203125
trained,category-encoding-e4-transformer-seed42,transformer,encoding_e4,42,to_cycle|to_lehmer|to_inversion_vector|to_reduced_word,anti_fixed_points,positional,embedding,1e-06,0.0,6144,2048,8192,0.0,0.0,0.9975928763619372,0.3592529296875,0.37939453125,-0.0201416015625
trained,category-encoding-e4-transformer-seed42,transformer,encoding_e4,42,to_cycle|to_lehmer|to_inversion_vector|to_reduced_word,exceedances,positional,embedding,1e-06,0.0,6144,2048,8192,0.0,-0.016774903884813723,0.996743501992833,0.3426513671875,0.3426513671875,0.0
trained,category-encoding-e4-transformer-seed42,transformer,encoding_e4,42,to_cycle|to_lehmer|to_inversion_vector|to_reduced_word,deficiencies,positional,embedding,1e-06,0.0,6144,2048,8192,0.0,0.022024346031286775,1.0018364670463262,0.3414306640625,0.34033203125,0.0010986328125
trained,category-encoding-e4-transformer-seed42,transformer,encoding_e4,42,to_cycle|to_lehmer|to_inversion_vector|to_reduced_word,left_to_right_maxima,positional,embedding,1e-06,0.0,6144,2048,8192,0.0,0.0,1.0233111062138236,0.3040771484375,0.3026123046875,0.00146484375
trained,category-encoding-e4-transformer-seed42,transformer,encoding_e4,42,to_cycle|to_lehmer|to_inversion_vector|to_reduced_word,left_to_right_minima,positional,embedding,1.0,0.0,6144,2048,8192,0.0,0.0,0.9857920972831147,0.3160400390625,0.307373046875,0.0086669921875
trained,category-encoding-e4-transformer-seed42,transformer,encoding_e4,42,to_cycle|to_lehmer|to_inversion_vector|to_reduced_word,right_to_left_maxima,positional,embedding,1e-06,0.0,6144,2048,8192,0.0,0.0,1.0300600749281232,0.305908203125,0.3045654296875,0.0013427734375
trained,category-encoding-e4-transformer-seed42,transformer,encoding_e4,42,to_cycle|to_lehmer|to_inversion_vector|to_reduced_word,right_to_left_minima,positional,embedding,1e-06,0.0,6144,2048,8192,0.0,0.0,1.0276770844678722,0.3035888671875,0.2933349609375,0.01025390625
trained,category-encoding-e4-transformer-seed42,transformer,encoding_e4,42,to_cycle|to_lehmer|to_inversion_vector|to_reduced_word,cycle_count,cycle,embedding,1e-06,0.0,6144,2048,8192,1.1102230246251565e-16,0.0,0.9967724289122707,0.3077392578125,0.3079833984375,-0.000244140625
trained,category-encoding-e4-transformer-seed42,transformer,encoding_e4,42,to_cycle|to_lehmer|to_inversion_vector|to_reduced_word,two_cycle_count,cycle,embedding,1e-06,0.0,6144,2048,8192,0.0,0.0,1.0101702448488212,0.4593505859375,0.6026611328125,-0.143310546875
trained,category-encoding-e4-transformer-seed42,transformer,encoding_e4,42,to_cycle|to_lehmer|to_inversion_vector|to_reduced_word,three_cycle_count,cycle,embedding,1e-06,1.1102230246251565e-16,6144,2048,8192,0.0,0.0,1.0003236622577176,0.7235107421875,0.7235107421875,0.0
trained,category-encoding-e4-transformer-seed42,transformer,encoding_e4,42,to_cycle|to_lehmer|to_inversion_vector|to_reduced_word,even_cycle_count,cycle,embedding,1e-06,0.0,6144,2048,8192,0.0,0.0,1.0111505563890062,0.3974609375,0.40771484375,-0.01025390625
trained,category-encoding-e4-transformer-seed42,transformer,encoding_e4,42,to_cycle|to_lehmer|to_inversion_vector|to_reduced_word,odd_cycle_count,cycle,embedding,1e-06,0.0,6144,2048,8192,0.0,0.0,0.9928792526047006,0.3057861328125,0.5802001953125,-0.2744140625
trained,category-encoding-e4-transformer-seed42,transformer,encoding_e4,42,to_cycle|to_lehmer|to_inversion_vector|to_reduced_word,longest_cycle,cycle,embedding,1e-06,0.0,6144,2048,8192,0.0,-0.02244353456056678,1.002388866359531,0.1435546875,0.1644287109375,-0.0208740234375
trained,category-encoding-e4-transformer-seed42,transformer,encoding_e4,42,to_cycle|to_lehmer|to_inversion_vector|to_reduced_word,shortest_cycle,cycle,embedding,1e-06,0.0,6144,2048,8192,0.0,0.0,1.004064219330732,0.1092529296875,0.6358642578125,-0.526611328125
trained,category-encoding-e4-transformer-seed42,transformer,encoding_e4,42,to_cycle|to_lehmer|to_inversion_vector|to_reduced_word,nontrivial_cycle_count,cycle,embedding,1e-06,0.0,6144,2048,8192,0.0,0.03059791144916473,1.0147479301353286,0.4290771484375,0.4312744140625,-0.002197265625
trained,category-encoding-e4-transformer-seed42,transformer,encoding_e4,42,to_cycle|to_lehmer|to_inversion_vector|to_reduced_word,lis_length,global_run,embedding,1e-06,0.0,6144,2048,8192,0.0,-0.010636469961416713,1.022679339029915,0.390869140625,0.39697265625,-0.006103515625
trained,category-encoding-e4-transformer-seed42,transformer,encoding_e4,42,to_cycle|to_lehmer|to_inversion_vector|to_reduced_word,lds_length,global_run,embedding,1e-06,0.0,6144,2048,8192,0.0,-0.02062632084830178,1.0371136011049422,0.38720703125,0.396484375,-0.00927734375
trained,category-encoding-e4-transformer-seed42,transformer,encoding_e4,42,to_cycle|to_lehmer|to_inversion_vector|to_reduced_word,longest_increasing_run,global_run,embedding,1e-06,0.0,6144,2048,8192,0.0,-0.001843567384509253,1.0681850394483854,0.4554443359375,0.5040283203125,-0.048583984375
trained,category-encoding-e4-transformer-seed42,transformer,encoding_e4,42,to_cycle|to_lehmer|to_inversion_vector|to_reduced_word,longest_decreasing_run,global_run,embedding,1e-06,0.0,6144,2048,8192,0.0,0.01890329665621213,1.1023380059178607,0.459716796875,0.5018310546875,-0.0421142578125
trained,category-encoding-e4-transformer-seed42,transformer,encoding_e4,42,to_cycle|to_lehmer|to_inversion_vector|to_reduced_word,global_descents,global_run,embedding,1e-06,0.0,6144,2048,8192,0.0,0.0,1.2434738264527403,0.7889404296875,0.8125,-0.0235595703125
trained,category-encoding-e4-transformer-seed42,transformer,encoding_e4,42,to_cycle|to_lehmer|to_inversion_vector|to_reduced_word,components,global_run,embedding,1e-06,0.0,6144,2048,8192,0.0,0.0035402222836296163,1.241825229327309,0.7493896484375,0.804931640625,-0.0555419921875
trained,category-encoding-e4-transformer-seed42,transformer,encoding_e4,42,to_cycle|to_lehmer|to_inversion_vector|to_reduced_word,max_displacement,global_run,embedding,0.1,0.0,6144,2048,8192,0.0,-0.011200573241626561,1.0210438164840894,0.238037109375,0.2574462890625,-0.0194091796875
trained,category-encoding-e4-transformer-seed42,transformer,encoding_e4,42,to_cycle|to_lehmer|to_inversion_vector|to_reduced_word,displacement_one_count,global_run,embedding,1e-06,0.0,6144,2048,8192,0.0,0.0,0.9899467911205587,0.2646484375,0.3072509765625,-0.0426025390625
trained,category-encoding-e4-transformer-seed42,transformer,encoding_e4,42,to_cycle|to_lehmer|to_inversion_vector|to_reduced_word,descents,local,block_01,0.0001,0.19847163922664113,6144,2048,8192,0.20250727644552702,0.45070664550548134,0.9118100076630662,0.3873291015625,0.3338623046875,0.053466796875
trained,category-encoding-e4-transformer-seed42,transformer,encoding_e4,42,to_cycle|to_lehmer|to_inversion_vector|to_reduced_word,recoils,local,block_01,0.0001,0.14346423678204923,6144,2048,8192,0.18258614127690298,0.4274021902686078,0.9147114194553195,0.3895263671875,0.33642578125,0.0531005859375
trained,category-encoding-e4-transformer-seed42,transformer,encoding_e4,42,to_cycle|to_lehmer|to_inversion_vector|to_reduced_word,peaks,local,block_01,0.001,0.07284939052916983,6144,2048,8192,0.08277385173131768,0.2895706100333065,0.9454618711079935,0.48193359375,0.4635009765625,0.0184326171875
trained,category-encoding-e4-transformer-seed42,transformer,encoding_e4,42,to_cycle|to_lehmer|to_inversion_vector|to_reduced_word,valleys,local,block_01,0.0001,0.13440545786153246,6144,2048,8192,0.11291866093813774,0.3404272707207939,0.9349251008866616,0.48046875,0.45556640625,0.02490234375
trained,category-encoding-e4-transformer-seed42,transformer,encoding_e4,42,to_cycle|to_lehmer|to_inversion_vector|to_reduced_word,double_ascents,local,block_01,0.0001,0.09891148259678406,6144,2048,8192,0.10894703768278025,0.3334968151971516,0.9562134924406932,0.3428955078125,0.344482421875,-0.0015869140625
trained,category-encoding-e4-transformer-seed42,transformer,encoding_e4,42,to_cycle|to_lehmer|to_inversion_vector|to_reduced_word,double_descents,local,block_01,0.001,0.07863609089363921,6144,2048,8192,0.08932047346883898,0.29896227814327664,0.9507418657745859,0.3465576171875,0.3399658203125,0.006591796875
trained,category-encoding-e4-transformer-seed42,transformer,encoding_e4,42,to_cycle|to_lehmer|to_inversion_vector|to_reduced_word,successions,local,block_01,0.0001,0.08864057127234692,6144,2048,8192,0.09735884561985608,0.3135329340527081,1.0143955568361538,0.3690185546875,0.398681640625,-0.0296630859375
trained,category-encoding-e4-transformer-seed42,transformer,encoding_e4,42,to_cycle|to_lehmer|to_inversion_vector|to_reduced_word,adjacencies,local,block_01,0.0001,0.05798665334122688,6144,2048,8192,0.0872560091262029,0.29610916629492523,0.9981754488887258,0.3321533203125,0.329345703125,0.0028076171875
trained,category-encoding-e4-transformer-seed42,transformer,encoding_e4,42,to_cycle|to_lehmer|to_inversion_vector|to_reduced_word,fixed_points,positional,block_01,1e-05,0.27242665120693876,6144,2048,8192,0.2621834624854482,0.5139338297111493,0.8697371845395772,0.442138671875,0.369873046875,0.072265625
trained,category-encoding-e4-transformer-seed42,transformer,encoding_e4,42,to_cycle|to_lehmer|to_inversion_vector|to_reduced_word,anti_fixed_points,positional,block_01,0.0001,0.25217268424986194,6144,2048,8192,0.23681329360773817,0.48667606504826083,0.8715027016366567,0.4112548828125,0.37939453125,0.0318603515625
trained,category-encoding-e4-transformer-seed42,transformer,encoding_e4,42,to_cycle|to_lehmer|to_inversion_vector|to_reduced_word,exceedances,positional,block_01,1e-05,0.40029300298260195,6144,2048,8192,0.4110306218872716,0.6416912803076443,0.7649442259346544,0.4473876953125,0.3426513671875,0.104736328125
trained,category-encoding-e4-transformer-seed42,transformer,encoding_e4,42,to_cycle|to_lehmer|to_inversion_vector|to_reduced_word,deficiencies,positional,block_01,1e-05,0.43596619877049536,6144,2048,8192,0.4459923773624275,0.6677176772993644,0.7456837966421606,0.4630126953125,0.34033203125,0.1226806640625
trained,category-encoding-e4-transformer-seed42,transformer,encoding_e4,42,to_cycle|to_lehmer|to_inversion_vector|to_reduced_word,left_to_right_maxima,positional,block_01,1e-05,0.3194859771249857,6144,2048,8192,0.33235423914535533,0.5762067096068245,0.8361433412835767,0.389404296875,0.3026123046875,0.0867919921875
trained,category-encoding-e4-transformer-seed42,transformer,encoding_e4,42,to_cycle|to_lehmer|to_inversion_vector|to_reduced_word,left_to_right_minima,positional,block_01,1e-05,0.4891169757857966,6144,2048,8192,0.4688923804919136,0.6856994184015143,0.718416996250509,0.4432373046875,0.307373046875,0.1358642578125
trained,category-encoding-e4-transformer-seed42,transformer,encoding_e4,42,to_cycle|to_lehmer|to_inversion_vector|to_reduced_word,right_to_left_maxima,positional,block_01,0.0001,0.4937799739505403,6144,2048,8192,0.48658404090465857,0.6975939791124616,0.7380694617151253,0.4853515625,0.3045654296875,0.1807861328125
trained,category-encoding-e4-transformer-seed42,transformer,encoding_e4,42,to_cycle|to_lehmer|to_inversion_vector|to_reduced_word,right_to_left_minima,positional,block_01,0.0001,0.6041560237294459,6144,2048,8192,0.5838549266354722,0.76428658928323,0.662947368894772,0.5140380859375,0.2933349609375,0.220703125
trained,category-encoding-e4-transformer-seed42,transformer,encoding_e4,42,to_cycle|to_lehmer|to_inversion_vector|to_reduced_word,cycle_count,cycle,block_01,0.0001,0.16543229957219863,6144,2048,8192,0.1657874625307557,0.4090495820203342,0.9104044524862531,0.35498046875,0.3079833984375,0.0469970703125
trained,category-encoding-e4-transformer-seed42,transformer,encoding_e4,42,to_cycle|to_lehmer|to_inversion_vector|to_reduced_word,two_cycle_count,cycle,block_01,0.01,0.02943199550184894,6144,2048,8192,0.031054991662464948,0.17635353465990525,0.9943611245614954,0.486083984375,0.6026611328125,-0.1165771484375
trained,category-encoding-e4-transformer-seed42,transformer,encoding_e4,42,to_cycle|to_lehmer|to_inversion_vector|to_reduced_word,three_cycle_count,cycle,block_01,1.0,0.0017280647668507232,6144,2048,8192,0.002241394996184587,0.04777770540183577,0.9992019731424551,0.7235107421875,0.7235107421875,0.0
trained,category-encoding-e4-transformer-seed42,transformer,encoding_e4,42,to_cycle|to_lehmer|to_inversion_vector|to_reduced_word,even_cycle_count,cycle,block_01,0.1,0.029711854807679905,6144,2048,8192,0.02797667610154353,0.16799142660609725,0.9969059043349655,0.417236328125,0.40771484375,0.009521484375
trained,category-encoding-e4-transformer-seed42,transformer,encoding_e4,42,to_cycle|to_lehmer|to_inversion_vector|to_reduced_word,odd_cycle_count,cycle,block_01,0.0001,0.17967788172097865,6144,2048,8192,0.18558263877959702,0.4321387013277377,0.8960246289477265,0.357666015625,0.5802001953125,-0.2225341796875
trained,category-encoding-e4-transformer-seed42,transformer,encoding_e4,42,to_cycle|to_lehmer|to_inversion_vector|to_reduced_word,longest_cycle,cycle,block_01,0.01,0.055410659275536456,6144,2048,8192,0.06511245687586653,0.2552760297387273,0.9692056133937359,0.1676025390625,0.1644287109375,0.003173828125
trained,category-encoding-e4-transformer-seed42,transformer,encoding_e4,42,to_cycle|to_lehmer|to_inversion_vector|to_reduced_word,shortest_cycle,cycle,block_01,0.001,0.07920912489979137,6144,2048,8192,0.07177247533969755,0.26890046194329975,0.9673613066006456,0.1890869140625,0.6358642578125,-0.44677734375
trained,category-encoding-e4-transformer-seed42,transformer,encoding_e4,42,to_cycle|to_lehmer|to_inversion_vector|to_reduced_word,nontrivial_cycle_count,cycle,block_01,0.01,0.06230584916749404,6144,2048,8192,0.05179072946019103,0.2276757844709332,0.9881213263440191,0.45361328125,0.4312744140625,0.0223388671875
trained,category-encoding-e4-transformer-seed42,transformer,encoding_e4,42,to_cycle|to_lehmer|to_inversion_vector|to_reduced_word,lis_length,global_run,block_01,0.0001,0.40957876986881014,6144,2048,8192,0.41449257802857997,0.6438252765214555,0.782538447480377,0.4810791015625,0.39697265625,0.0841064453125
trained,category-encoding-e4-transformer-seed42,transformer,encoding_e4,42,to_cycle|to_lehmer|to_inversion_vector|to_reduced_word,lds_length,global_run,block_01,0.0001,0.3751443569677382,6144,2048,8192,0.39721937447798616,0.6306551050150673,0.8052040900420991,0.47705078125,0.396484375,0.08056640625
trained,category-encoding-e4-transformer-seed42,transformer,encoding_e4,42,to_cycle|to_lehmer|to_inversion_vector|to_reduced_word,longest_increasing_run,global_run,block_01,0.0001,0.14680112935437029,6144,2048,8192,0.16558133645870876,0.40714073906744147,0.9757498559784386,0.476318359375,0.5040283203125,-0.0277099609375
trained,category-encoding-e4-transformer-seed42,transformer,encoding_e4,42,to_cycle|to_lehmer|to_inversion_vector|to_reduced_word,longest_decreasing_run,global_run,block_01,0.001,0.12165025555452391,6144,2048,8192,0.1520245051675857,0.3928582457357753,1.0150944004411162,0.4949951171875,0.5018310546875,-0.0068359375
trained,category-encoding-e4-transformer-seed42,transformer,encoding_e4,42,to_cycle|to_lehmer|to_inversion_vector|to_reduced_word,global_descents,global_run,block_01,1e-06,0.2968512204579721,6144,2048,8192,0.41201981323599735,0.6453435364168301,0.953494065317329,0.88232421875,0.8125,0.06982421875
trained,category-encoding-e4-transformer-seed42,transformer,encoding_e4,42,to_cycle|to_lehmer|to_inversion_vector|to_reduced_word,components,global_run,block_01,1e-06,0.28406111393559785,6144,2048,8192,0.4097292992846062,0.6424219546435576,0.9540828563503113,0.8526611328125,0.804931640625,0.0477294921875
trained,category-encoding-e4-transformer-seed42,transformer,encoding_e4,42,to_cycle|to_lehmer|to_inversion_vector|to_reduced_word,max_displacement,global_run,block_01,1e-05,0.4841314762815949,6144,2048,8192,0.4963871923903844,0.7045186204615943,0.7245907117981746,0.4091796875,0.2574462890625,0.1517333984375
trained,category-encoding-e4-transformer-seed42,transformer,encoding_e4,42,to_cycle|to_lehmer|to_inversion_vector|to_reduced_word,displacement_one_count,global_run,block_01,1e-05,0.23119991070533674,6144,2048,8192,0.22017878716846828,0.4724597954601,0.8741971264803275,0.3485107421875,0.3072509765625,0.041259765625
trained,category-encoding-e4-transformer-seed42,transformer,encoding_e4,42,to_cycle|to_lehmer|to_inversion_vector|to_reduced_word,descents,local,block_02,0.0001,0.3511938020391647,6144,2048,8192,0.34550679252660654,0.5880508859890957,0.8260257040315372,0.412841796875,0.3338623046875,0.0789794921875
trained,category-encoding-e4-transformer-seed42,transformer,encoding_e4,42,to_cycle|to_lehmer|to_inversion_vector|to_reduced_word,recoils,local,block_02,0.0001,0.30622932077827036,6144,2048,8192,0.31895019376424905,0.5649154647906424,0.8349347552191078,0.416259765625,0.33642578125,0.079833984375
trained,category-encoding-e4-transformer-seed42,transformer,encoding_e4,42,to_cycle|to_lehmer|to_inversion_vector|to_reduced_word,peaks,local,block_02,0.0001,0.16317820043137088,6144,2048,8192,0.17422398391391558,0.42008988583779594,0.8970919057070307,0.489990234375,0.4635009765625,0.0264892578125
trained,category-encoding-e4-transformer-seed42,transformer,encoding_e4,42,to_cycle|to_lehmer|to_inversion_vector|to_reduced_word,valleys,local,block_02,0.0001,0.21851782737306358,6144,2048,8192,0.1856090933912965,0.43377454638993795,0.8958010271113283,0.4892578125,0.45556640625,0.03369140625
trained,category-encoding-e4-transformer-seed42,transformer,encoding_e4,42,to_cycle|to_lehmer|to_inversion_vector|to_reduced_word,double_ascents,local,block_02,0.0001,0.2492678871747892,6144,2048,8192,0.2530400823758283,0.5034982074558476,0.8754911436833492,0.359375,0.344482421875,0.014892578125
trained,category-encoding-e4-transformer-seed42,transformer,encoding_e4,42,to_cycle|to_lehmer|to_inversion_vector|to_reduced_word,double_descents,local,block_02,0.0001,0.23291215746507654,6144,2048,8192,0.2145223627970093,0.46519602841638175,0.8829716189142468,0.3773193359375,0.3399658203125,0.037353515625
trained,category-encoding-e4-transformer-seed42,transformer,encoding_e4,42,to_cycle|to_lehmer|to_inversion_vector|to_reduced_word,successions,local,block_02,0.0001,0.27399168023783504,6144,2048,8192,0.27240092804919014,0.5221076915623151,0.9107429985521516,0.3895263671875,0.398681640625,-0.0091552734375
trained,category-encoding-e4-transformer-seed42,transformer,encoding_e4,42,to_cycle|to_lehmer|to_inversion_vector|to_reduced_word,adjacencies,local,block_02,0.0001,0.22338070743471705,6144,2048,8192,0.26536681378799887,0.5159253684699673,0.8955042764633632,0.34375,0.329345703125,0.014404296875
trained,category-encoding-e4-transformer-seed42,transformer,encoding_e4,42,to_cycle|to_lehmer|to_inversion_vector|to_reduced_word,fixed_points,positional,block_02,1e-06,0.49514664065233327,6144,2048,8192,0.4442066453389285,0.667478839287677,0.7548671397689802,0.510009765625,0.369873046875,0.14013671875
trained,category-encoding-e4-transformer-seed42,transformer,encoding_e4,42,to_cycle|to_lehmer|to_inversion_vector|to_reduced_word,anti_fixed_points,positional,block_02,0.0001,0.3031698266258459,6144,2048,8192,0.2859568630934053,0.5351365501294983,0.8429766865222412,0.4381103515625,0.37939453125,0.0587158203125
trained,category-encoding-e4-transformer-seed42,transformer,encoding_e4,42,to_cycle|to_lehmer|to_inversion_vector|to_reduced_word,exceedances,positional,block_02,1e-05,0.6493888937376515,6144,2048,8192,0.6495691791200413,0.8062425739129926,0.5900442208697352,0.5533447265625,0.3426513671875,0.210693359375
trained,category-encoding-e4-transformer-seed42,transformer,encoding_e4,42,to_cycle|to_lehmer|to_inversion_vector|to_reduced_word,deficiencies,positional,block_02,1e-05,0.6122743274886471,6144,2048,8192,0.5977558127900426,0.7730348698600593,0.6353919736760828,0.5347900390625,0.34033203125,0.1944580078125
trained,category-encoding-e4-transformer-seed42,transformer,encoding_e4,42,to_cycle|to_lehmer|to_inversion_vector|to_reduced_word,left_to_right_maxima,positional,block_02,0.0001,0.6070567551995072,6144,2048,8192,0.5966097885230146,0.7720414124027574,0.6499356590800301,0.48779296875,0.3026123046875,0.1851806640625
trained,category-encoding-e4-transformer-seed42,transformer,encoding_e4,42,to_cycle|to_lehmer|to_inversion_vector|to_reduced_word,left_to_right_minima,positional,block_02,1e-05,0.6231783463027013,6144,2048,8192,0.6105457269535248,0.7816627428526293,0.6151960932826106,0.504150390625,0.307373046875,0.19677734375
trained,category-encoding-e4-transformer-seed42,transformer,encoding_e4,42,to_cycle|to_lehmer|to_inversion_vector|to_reduced_word,right_to_left_maxima,positional,block_02,0.0001,0.6487933872599054,6144,2048,8192,0.6505500070718062,0.8065644505106296,0.6089127562435303,0.5244140625,0.3045654296875,0.2198486328125
trained,category-encoding-e4-transformer-seed42,transformer,encoding_e4,42,to_cycle|to_lehmer|to_inversion_vector|to_reduced_word,right_to_left_minima,positional,block_02,0.0001,0.745498740645993,6144,2048,8192,0.739530514068772,0.8600353070851747,0.5244874478530094,0.5670166015625,0.2933349609375,0.273681640625
trained,category-encoding-e4-transformer-seed42,transformer,encoding_e4,42,to_cycle|to_lehmer|to_inversion_vector|to_reduced_word,cycle_count,cycle,block_02,0.0001,0.32075941741320857,6144,2048,8192,0.2750853330817983,0.5264061174422126,0.8486711914930324,0.385009765625,0.3079833984375,0.0770263671875
trained,category-encoding-e4-transformer-seed42,transformer,encoding_e4,42,to_cycle|to_lehmer|to_inversion_vector|to_reduced_word,two_cycle_count,cycle,block_02,0.001,0.06076631941994659,6144,2048,8192,0.06248791074019744,0.25025683827365075,0.9780994401215107,0.5091552734375,0.6026611328125,-0.093505859375
trained,category-encoding-e4-transformer-seed42,transformer,encoding_e4,42,to_cycle|to_lehmer|to_inversion_vector|to_reduced_word,three_cycle_count,cycle,block_02,0.1,0.00552462280993582,6144,2048,8192,0.0057863313693652385,0.07611794982003879,0.9974253614496761,0.7235107421875,0.7235107421875,0.0
trained,category-encoding-e4-transformer-seed42,transformer,encoding_e4,42,to_cycle|to_lehmer|to_inversion_vector|to_reduced_word,even_cycle_count,cycle,block_02,0.01,0.04554124531280357,6144,2048,8192,0.04373922575772893,0.20926944495313463,0.9887898412751925,0.4169921875,0.40771484375,0.00927734375
trained,category-encoding-e4-transformer-seed42,transformer,encoding_e4,42,to_cycle|to_lehmer|to_inversion_vector|to_reduced_word,odd_cycle_count,cycle,block_02,1e-05,0.33208805536253483,6144,2048,8192,0.3057692941093838,0.5554913347366052,0.8272720374262145,0.386962890625,0.5802001953125,-0.1932373046875
trained,category-encoding-e4-transformer-seed42,transformer,encoding_e4,42,to_cycle|to_lehmer|to_inversion_vector|to_reduced_word,longest_cycle,cycle,block_02,0.001,0.090779905438094,6144,2048,8192,0.09058931096589573,0.3022777057293624,0.9559083637860991,0.182861328125,0.1644287109375,0.0184326171875
trained,category-encoding-e4-transformer-seed42,transformer,encoding_e4,42,to_cycle|to_lehmer|to_inversion_vector|to_reduced_word,shortest_cycle,cycle,block_02,0.0001,0.12841126534021297,6144,2048,8192,0.1255528649586204,0.35596403020808653,0.9389193090745458,0.225341796875,0.6358642578125,-0.4105224609375
trained,category-encoding-e4-transformer-seed42,transformer,encoding_e4,42,to_cycle|to_lehmer|to_inversion_vector|to_reduced_word,nontrivial_cycle_count,cycle,block_02,0.001,0.08141851270483313,6144,2048,8192,0.08260255190070298,0.28751386575777976,0.9719343652274628,0.4573974609375,0.4312744140625,0.026123046875
trained,category-encoding-e4-transformer-seed42,transformer,encoding_e4,42,to_cycle|to_lehmer|to_inversion_vector|to_reduced_word,lis_length,global_run,block_02,1e-05,0.5982543275025498,6144,2048,8192,0.590955247737595,0.7688522473400826,0.6540710012300468,0.5308837890625,0.39697265625,0.1339111328125
trained,category-encoding-e4-transformer-seed42,transformer,encoding_e4,42,to_cycle|to_lehmer|to_inversion_vector|to_reduced_word,lds_length,global_run,block_02,0.0001,0.5641898556979994,6144,2048,8192,0.5729523048037608,0.7569667943965056,0.6777421888855397,0.537841796875,0.396484375,0.141357421875
trained,category-encoding-e4-transformer-seed42,transformer,encoding_e4,42,to_cycle|to_lehmer|to_inversion_vector|to_reduced_word,longest_increasing_run,global_run,block_02,0.0001,0.37453329273498603,6144,2048,8192,0.35802748412719376,0.5984007271847399,0.8558639009088331,0.496826171875,0.5040283203125,-0.0072021484375
trained,category-encoding-e4-transformer-seed42,transformer,encoding_e4,42,to_cycle|to_lehmer|to_inversion_vector|to_reduced_word,longest_decreasing_run,global_run,block_02,0.0001,0.2792311125560545,6144,2048,8192,0.3109767285511378,0.5586005488011485,0.9150224007701309,0.5003662109375,0.5018310546875,-0.00146484375
trained,category-encoding-e4-transformer-seed42,transformer,encoding_e4,42,to_cycle|to_lehmer|to_inversion_vector|to_reduced_word,global_descents,global_run,block_02,1e-06,0.3581222901854638,6144,2048,8192,0.4855410815891199,0.7011181006248752,0.8918914456621477,0.8836669921875,0.8125,0.0711669921875
trained,category-encoding-e4-transformer-seed42,transformer,encoding_e4,42,to_cycle|to_lehmer|to_inversion_vector|to_reduced_word,components,global_run,block_02,1e-06,0.4770971336201364,6144,2048,8192,0.554742916424165,0.7490993413976966,0.8286400073948853,0.87841796875,0.804931640625,0.073486328125
trained,category-encoding-e4-transformer-seed42,transformer,encoding_e4,42,to_cycle|to_lehmer|to_inversion_vector|to_reduced_word,max_displacement,global_run,block_02,0.0001,0.6209893841406784,6144,2048,8192,0.6294463974814288,0.793278378176642,0.6215411678348371,0.4493408203125,0.2574462890625,0.19189453125
trained,category-encoding-e4-transformer-seed42,transformer,encoding_e4,42,to_cycle|to_lehmer|to_inversion_vector|to_reduced_word,displacement_one_count,global_run,block_02,0.0001,0.2896998672811797,6144,2048,8192,0.3041061098425607,0.5521288496144597,0.8258161349840424,0.38671875,0.3072509765625,0.0794677734375
trained,category-encoding-e4-transformer-seed42,transformer,encoding_e4,42,to_cycle|to_lehmer|to_inversion_vector|to_reduced_word,descents,local,block_03,0.001,0.3261099789435371,6144,2048,8192,0.34650906289548566,0.5882191161607523,0.8253929867810098,0.415771484375,0.3338623046875,0.0819091796875
trained,category-encoding-e4-transformer-seed42,transformer,encoding_e4,42,to_cycle|to_lehmer|to_inversion_vector|to_reduced_word,recoils,local,block_03,0.001,0.31386345083448286,6144,2048,8192,0.3287735194341116,0.5734442984314171,0.8288914184583009,0.4205322265625,0.33642578125,0.0841064453125
trained,category-encoding-e4-transformer-seed42,transformer,encoding_e4,42,to_cycle|to_lehmer|to_inversion_vector|to_reduced_word,peaks,local,block_03,0.001,0.17891294973864336,6144,2048,8192,0.19191940310289302,0.438436413148325,0.8874280361128839,0.4981689453125,0.4635009765625,0.03466796875
trained,category-encoding-e4-transformer-seed42,transformer,encoding_e4,42,to_cycle|to_lehmer|to_inversion_vector|to_reduced_word,valleys,local,block_03,0.001,0.2276216177186926,6144,2048,8192,0.19947790022393597,0.44741392923039586,0.8881406766796935,0.495361328125,0.45556640625,0.039794921875
trained,category-encoding-e4-transformer-seed42,transformer,encoding_e4,42,to_cycle|to_lehmer|to_inversion_vector|to_reduced_word,double_ascents,local,block_03,0.001,0.25186147555931837,6144,2048,8192,0.25184878325534155,0.5017231281831344,0.8761890099856212,0.365478515625,0.344482421875,0.02099609375
trained,category-encoding-e4-transformer-seed42,transformer,encoding_e4,42,to_cycle|to_lehmer|to_inversion_vector|to_reduced_word,double_descents,local,block_03,0.001,0.19347228943736638,6144,2048,8192,0.20532138255090315,0.45299718774663084,0.888128068258749,0.3753662109375,0.3399658203125,0.035400390625
trained,category-encoding-e4-transformer-seed42,transformer,encoding_e4,42,to_cycle|to_lehmer|to_inversion_vector|to_reduced_word,successions,local,block_03,0.001,0.27249446499760055,6144,2048,8192,0.29517317513059005,0.5450998217772354,0.8963775794091424,0.4071044921875,0.398681640625,0.0084228515625
trained,category-encoding-e4-transformer-seed42,transformer,encoding_e4,42,to_cycle|to_lehmer|to_inversion_vector|to_reduced_word,adjacencies,local,block_03,0.001,0.23509306338530378,6144,2048,8192,0.26858286296296996,0.5195248410959971,0.8935419742322213,0.3372802734375,0.329345703125,0.0079345703125
trained,category-encoding-e4-transformer-seed42,transformer,encoding_e4,42,to_cycle|to_lehmer|to_inversion_vector|to_reduced_word,fixed_points,positional,block_03,1e-06,0.4729837872265782,6144,2048,8192,0.4386857457122676,0.6632400036968819,0.7586070615582572,0.502197265625,0.369873046875,0.13232421875
trained,category-encoding-e4-transformer-seed42,transformer,encoding_e4,42,to_cycle|to_lehmer|to_inversion_vector|to_reduced_word,anti_fixed_points,positional,block_03,0.001,0.3312368518717166,6144,2048,8192,0.3078005088716781,0.5547681985682935,0.8299825795680984,0.4532470703125,0.37939453125,0.0738525390625
trained,category-encoding-e4-transformer-seed42,transformer,encoding_e4,42,to_cycle|to_lehmer|to_inversion_vector|to_reduced_word,exceedances,positional,block_03,0.0001,0.6219382100247846,6144,2048,8192,0.6159882976661486,0.7848446794042305,0.6176687688449483,0.5272216796875,0.3426513671875,0.1845703125
trained,category-encoding-e4-transformer-seed42,transformer,encoding_e4,42,to_cycle|to_lehmer|to_inversion_vector|to_reduced_word,deficiencies,positional,block_03,0.0001,0.5938078356858629,6144,2048,8192,0.5905423191832251,0.7682878293913462,0.6410639381791106,0.5272216796875,0.34033203125,0.1868896484375
trained,category-encoding-e4-transformer-seed42,transformer,encoding_e4,42,to_cycle|to_lehmer|to_inversion_vector|to_reduced_word,left_to_right_maxima,positional,block_03,0.0001,0.6521650566443163,6144,2048,8192,0.6395405286613631,0.7994019606326155,0.6143783572241486,0.5076904296875,0.3026123046875,0.205078125
trained,category-encoding-e4-transformer-seed42,transformer,encoding_e4,42,to_cycle|to_lehmer|to_inversion_vector|to_reduced_word,left_to_right_minima,positional,block_03,0.0001,0.6240120017653924,6144,2048,8192,0.6321075479345857,0.7955487590482011,0.5979237042907047,0.5260009765625,0.307373046875,0.2186279296875
trained,category-encoding-e4-transformer-seed42,transformer,encoding_e4,42,to_cycle|to_lehmer|to_inversion_vector|to_reduced_word,right_to_left_maxima,positional,block_03,0.001,0.6551369535229761,6144,2048,8192,0.6602013258413073,0.8126215444875038,0.6004452233184956,0.5439453125,0.3045654296875,0.2393798828125
trained,category-encoding-e4-transformer-seed42,transformer,encoding_e4,42,to_cycle|to_lehmer|to_inversion_vector|to_reduced_word,right_to_left_minima,positional,block_03,0.001,0.7634303551208496,6144,2048,8192,0.7602307651628237,0.8722090923528186,0.5032147949316471,0.58203125,0.2933349609375,0.2886962890625
trained,category-encoding-e4-transformer-seed42,transformer,encoding_e4,42,to_cycle|to_lehmer|to_inversion_vector|to_reduced_word,cycle_count,cycle,block_03,0.0001,0.2969802972476445,6144,2048,8192,0.27724903060945005,0.5295922700723122,0.8474037043688294,0.384033203125,0.3079833984375,0.0760498046875
trained,category-encoding-e4-transformer-seed42,transformer,encoding_e4,42,to_cycle|to_lehmer|to_inversion_vector|to_reduced_word,two_cycle_count,cycle,block_03,0.001,0.060351396939274604,6144,2048,8192,0.05565081276128825,0.24248534388892032,0.9816595081052787,0.501220703125,0.6026611328125,-0.1014404296875
trained,category-encoding-e4-transformer-seed42,transformer,encoding_e4,42,to_cycle|to_lehmer|to_inversion_vector|to_reduced_word,three_cycle_count,cycle,block_03,0.1,0.009621360630783338,6144,2048,8192,0.00786214623675019,0.08911649685253546,0.9963835570965242,0.72900390625,0.7235107421875,0.0054931640625
trained,category-encoding-e4-transformer-seed42,transformer,encoding_e4,42,to_cycle|to_lehmer|to_inversion_vector|to_reduced_word,even_cycle_count,cycle,block_03,0.01,0.041745661668819545,6144,2048,8192,0.04815528450850093,0.2197552270546553,0.9865040594765718,0.42236328125,0.40771484375,0.0146484375
trained,category-encoding-e4-transformer-seed42,transformer,encoding_e4,42,to_cycle|to_lehmer|to_inversion_vector|to_reduced_word,odd_cycle_count,cycle,block_03,0.0001,0.3103613649348911,6144,2048,8192,0.30603392554709663,0.5547081746605462,0.8271143498928671,0.3807373046875,0.5802001953125,-0.199462890625
trained,category-encoding-e4-transformer-seed42,transformer,encoding_e4,42,to_cycle|to_lehmer|to_inversion_vector|to_reduced_word,longest_cycle,cycle,block_03,0.01,0.08843468543822297,6144,2048,8192,0.0969864201003573,0.31175932389036976,0.9525403354388022,0.1806640625,0.1644287109375,0.0162353515625
trained,category-encoding-e4-transformer-seed42,transformer,encoding_e4,42,to_cycle|to_lehmer|to_inversion_vector|to_reduced_word,shortest_cycle,cycle,block_03,0.001,0.13757767378841357,6144,2048,8192,0.13431903087010288,0.3671840783204355,0.9342012111965851,0.239013671875,0.6358642578125,-0.3968505859375
trained,category-encoding-e4-transformer-seed42,transformer,encoding_e4,42,to_cycle|to_lehmer|to_inversion_vector|to_reduced_word,nontrivial_cycle_count,cycle,block_03,0.01,0.0832228235494551,6144,2048,8192,0.07447528140364079,0.2727879476402004,0.9762300801220988,0.4554443359375,0.4312744140625,0.024169921875
trained,category-encoding-e4-transformer-seed42,transformer,encoding_e4,42,to_cycle|to_lehmer|to_inversion_vector|to_reduced_word,lis_length,global_run,block_03,0.001,0.582545270728956,6144,2048,8192,0.5983683101422661,0.7737391586426144,0.6481170824841566,0.5260009765625,0.39697265625,0.1290283203125
trained,category-encoding-e4-transformer-seed42,transformer,encoding_e4,42,to_cycle|to_lehmer|to_inversion_vector|to_reduced_word,lds_length,global_run,block_03,0.0001,0.5773507898020881,6144,2048,8192,0.5815144176512714,0.7625676959663105,0.6709135759887009,0.5364990234375,0.396484375,0.1400146484375
trained,category-encoding-e4-transformer-seed42,transformer,encoding_e4,42,to_cycle|to_lehmer|to_inversion_vector|to_reduced_word,longest_increasing_run,global_run,block_03,0.001,0.3769473683957433,6144,2048,8192,0.35962581359430557,0.6001731348300108,0.8547978077554442,0.4949951171875,0.5040283203125,-0.009033203125
trained,category-encoding-e4-transformer-seed42,transformer,encoding_e4,42,to_cycle|to_lehmer|to_inversion_vector|to_reduced_word,longest_decreasing_run,global_run,block_03,0.001,0.23813918279043111,6144,2048,8192,0.2967984714098858,0.5475880007944236,0.9243888197194279,0.5146484375,0.5018310546875,0.0128173828125
trained,category-encoding-e4-transformer-seed42,transformer,encoding_e4,42,to_cycle|to_lehmer|to_inversion_vector|to_reduced_word,global_descents,global_run,block_03,1e-06,0.386598886016145,6144,2048,8192,0.5098727827350389,0.718446967239179,0.8705446649975584,0.8863525390625,0.8125,0.0738525390625
trained,category-encoding-e4-transformer-seed42,transformer,encoding_e4,42,to_cycle|to_lehmer|to_inversion_vector|to_reduced_word,components,global_run,block_03,1e-06,0.4781579860712035,6144,2048,8192,0.5689648586567113,0.7575587878217042,0.8152988283444031,0.88525390625,0.804931640625,0.080322265625
trained,category-encoding-e4-transformer-seed42,transformer,encoding_e4,42,to_cycle|to_lehmer|to_inversion_vector|to_reduced_word,max_displacement,global_run,block_03,0.0001,0.6471877062348161,6144,2048,8192,0.6528199374194148,0.8078120991363316,0.6016193112054306,0.4661865234375,0.2574462890625,0.208740234375
trained,category-encoding-e4-transformer-seed42,transformer,encoding_e4,42,to_cycle|to_lehmer|to_inversion_vector|to_reduced_word,displacement_one_count,global_run,block_03,0.001,0.29008824207438877,6144,2048,8192,0.3016051656043053,0.5497909386255355,0.8272987373201682,0.383056640625,0.3072509765625,0.0758056640625
trained,category-encoding-e4-transformer-seed42,transformer,encoding_e4,42,to_cycle|to_lehmer|to_inversion_vector|to_reduced_word,descents,local,block_04,0.001,0.3513770646663811,6144,2048,8192,0.35734344618367564,0.5977789487388678,0.8185221952900557,0.4161376953125,0.3338623046875,0.082275390625
trained,category-encoding-e4-transformer-seed42,transformer,encoding_e4,42,to_cycle|to_lehmer|to_inversion_vector|to_reduced_word,recoils,local,block_04,0.001,0.3218146425445856,6144,2048,8192,0.3396476448911582,0.5827946668046142,0.8221498240208047,0.42138671875,0.33642578125,0.0849609375
trained,category-encoding-e4-transformer-seed42,transformer,encoding_e4,42,to_cycle|to_lehmer|to_inversion_vector|to_reduced_word,peaks,local,block_04,0.001,0.1759108788553132,6144,2048,8192,0.19067633546025253,0.4366998497274893,0.888110337587896,0.492431640625,0.4635009765625,0.0289306640625
trained,category-encoding-e4-transformer-seed42,transformer,encoding_e4,42,to_cycle|to_lehmer|to_inversion_vector|to_reduced_word,valleys,local,block_04,0.001,0.21161922357004714,6144,2048,8192,0.2048275390487262,0.45274977024445273,0.8851681190011921,0.4970703125,0.45556640625,0.04150390625
trained,category-encoding-e4-transformer-seed42,transformer,encoding_e4,42,to_cycle|to_lehmer|to_inversion_vector|to_reduced_word,double_ascents,local,block_04,0.001,0.26631412195532034,6144,2048,8192,0.26226552107114376,0.5121205270519154,0.8700679052462409,0.3663330078125,0.344482421875,0.0218505859375
trained,category-encoding-e4-transformer-seed42,transformer,encoding_e4,42,to_cycle|to_lehmer|to_inversion_vector|to_reduced_word,double_descents,local,block_04,0.001,0.19682099847068246,6144,2048,8192,0.19845245263229272,0.44603525656852505,0.8919581470840164,0.37158203125,0.3399658203125,0.0316162109375
trained,category-encoding-e4-transformer-seed42,transformer,encoding_e4,42,to_cycle|to_lehmer|to_inversion_vector|to_reduced_word,successions,local,block_04,0.001,0.2976446729194767,6144,2048,8192,0.28719353416164484,0.5368732593994847,0.9014374323527788,0.4068603515625,0.398681640625,0.0081787109375
trained,category-encoding-e4-transformer-seed42,transformer,encoding_e4,42,to_cycle|to_lehmer|to_inversion_vector|to_reduced_word,adjacencies,local,block_04,0.001,0.22384263817969963,6144,2048,8192,0.2454870151506816,0.4964736863540414,0.90753994965599,0.343994140625,0.329345703125,0.0146484375
trained,category-encoding-e4-transformer-seed42,transformer,encoding_e4,42,to_cycle|to_lehmer|to_inversion_vector|to_reduced_word,fixed_points,positional,block_04,0.0001,0.4529628370593315,6144,2048,8192,0.4113981361497129,0.6419762774082832,0.7768276263852437,0.496337890625,0.369873046875,0.12646484375
trained,category-encoding-e4-transformer-seed42,transformer,encoding_e4,42,to_cycle|to_lehmer|to_inversion_vector|to_reduced_word,anti_fixed_points,positional,block_04,0.001,0.30803909069648605,6144,2048,8192,0.289210786406762,0.5381895341920998,0.841053753956358,0.4490966796875,0.37939453125,0.0697021484375
trained,category-encoding-e4-transformer-seed42,transformer,encoding_e4,42,to_cycle|to_lehmer|to_inversion_vector|to_reduced_word,exceedances,positional,block_04,0.0001,0.5978256277813425,6144,2048,8192,0.593292001359051,0.7702973911934001,0.635659833649536,0.512939453125,0.3426513671875,0.1702880859375
trained,category-encoding-e4-transformer-seed42,transformer,encoding_e4,42,to_cycle|to_lehmer|to_inversion_vector|to_reduced_word,deficiencies,positional,block_04,0.0001,0.5726822591649123,6144,2048,8192,0.5741430392699964,0.7575057853500681,0.6537756048749621,0.5172119140625,0.34033203125,0.1768798828125
trained,category-encoding-e4-transformer-seed42,transformer,encoding_e4,42,to_cycle|to_lehmer|to_inversion_vector|to_reduced_word,left_to_right_maxima,positional,block_04,0.0001,0.6622328102963142,6144,2048,8192,0.6441600177052564,0.8023701041637911,0.6104288621258396,0.521240234375,0.3026123046875,0.2186279296875
trained,category-encoding-e4-transformer-seed42,transformer,encoding_e4,42,to_cycle|to_lehmer|to_inversion_vector|to_reduced_word,left_to_right_minima,positional,block_04,0.0001,0.6372274215460108,6144,2048,8192,0.6433348482034296,0.8023039175690488,0.5887293285292566,0.5306396484375,0.307373046875,0.2232666015625
trained,category-encoding-e4-transformer-seed42,transformer,encoding_e4,42,to_cycle|to_lehmer|to_inversion_vector|to_reduced_word,right_to_left_maxima,positional,block_04,0.0001,0.665480372227005,6144,2048,8192,0.6694744956709743,0.8182101155896156,0.5921954176664278,0.542724609375,0.3045654296875,0.2381591796875
trained,category-encoding-e4-transformer-seed42,transformer,encoding_e4,42,to_cycle|to_lehmer|to_inversion_vector|to_reduced_word,right_to_left_minima,positional,block_04,0.001,0.7496038744074567,6144,2048,8192,0.7412904793788184,0.861253233730695,0.5227124908186416,0.580322265625,0.2933349609375,0.2869873046875
trained,category-encoding-e4-transformer-seed42,transformer,encoding_e4,42,to_cycle|to_lehmer|to_inversion_vector|to_reduced_word,cycle_count,cycle,block_04,0.001,0.2751314926186619,6144,2048,8192,0.25805620718144917,0.5090080044806228,0.8585814866032284,0.37548828125,0.3079833984375,0.0675048828125
trained,category-encoding-e4-transformer-seed42,transformer,encoding_e4,42,to_cycle|to_lehmer|to_inversion_vector|to_reduced_word,two_cycle_count,cycle,block_04,0.001,0.06146659164348167,6144,2048,8192,0.06531644994942809,0.2611516178685543,0.9766228284846467,0.508056640625,0.6026611328125,-0.0946044921875
trained,category-encoding-e4-transformer-seed42,transformer,encoding_e4,42,to_cycle|to_lehmer|to_inversion_vector|to_reduced_word,three_cycle_count,cycle,block_04,1.0,0.004083716145751204,6144,2048,8192,0.006450916242940252,0.08193635846879216,0.9970919398519581,0.7235107421875,0.7235107421875,0.0
trained,category-encoding-e4-transformer-seed42,transformer,encoding_e4,42,to_cycle|to_lehmer|to_inversion_vector|to_reduced_word,even_cycle_count,cycle,block_04,0.01,0.044550528472487305,6144,2048,8192,0.056458083981713036,0.2377228951695793,0.9821920717941636,0.4285888671875,0.40771484375,0.0208740234375
trained,category-encoding-e4-transformer-seed42,transformer,encoding_e4,42,to_cycle|to_lehmer|to_inversion_vector|to_reduced_word,odd_cycle_count,cycle,block_04,0.0001,0.30669379082574444,6144,2048,8192,0.2910700069782518,0.5408749022845074,0.8359842800826708,0.3834228515625,0.5802001953125,-0.19677734375
trained,category-encoding-e4-transformer-seed42,transformer,encoding_e4,42,to_cycle|to_lehmer|to_inversion_vector|to_reduced_word,longest_cycle,cycle,block_04,0.01,0.08392629359281945,6144,2048,8192,0.09432128813036056,0.30766526370949004,0.9539449518211929,0.1837158203125,0.1644287109375,0.019287109375
trained,category-encoding-e4-transformer-seed42,transformer,encoding_e4,42,to_cycle|to_lehmer|to_inversion_vector|to_reduced_word,shortest_cycle,cycle,block_04,0.001,0.13032059165463117,6144,2048,8192,0.12923955597332182,0.36029965957932136,0.9369379648622576,0.241943359375,0.6358642578125,-0.3939208984375
trained,category-encoding-e4-transformer-seed42,transformer,encoding_e4,42,to_cycle|to_lehmer|to_inversion_vector|to_reduced_word,nontrivial_cycle_count,cycle,block_04,0.01,0.07929137407650866,6144,2048,8192,0.07812309649418481,0.27962651966027,0.9743043494696123,0.451904296875,0.4312744140625,0.0206298828125
trained,category-encoding-e4-transformer-seed42,transformer,encoding_e4,42,to_cycle|to_lehmer|to_inversion_vector|to_reduced_word,lis_length,global_run,block_04,0.001,0.5985667490906911,6144,2048,8192,0.6054902493925055,0.7782055493880634,0.6423450073140151,0.529541015625,0.39697265625,0.132568359375
trained,category-encoding-e4-transformer-seed42,transformer,encoding_e4,42,to_cycle|to_lehmer|to_inversion_vector|to_reduced_word,lds_length,global_run,block_04,0.001,0.5609983079086973,6144,2048,8192,0.5656376539726984,0.7521832596731143,0.6835218700485162,0.5350341796875,0.396484375,0.1385498046875
trained,category-encoding-e4-transformer-seed42,transformer,encoding_e4,42,to_cycle|to_lehmer|to_inversion_vector|to_reduced_word,longest_increasing_run,global_run,block_04,0.001,0.3954551145245533,6144,2048,8192,0.3621983139418491,0.6023396634569514,0.8530791403222886,0.4971923828125,0.5040283203125,-0.0068359375
trained,category-encoding-e4-transformer-seed42,transformer,encoding_e4,42,to_cycle|to_lehmer|to_inversion_vector|to_reduced_word,longest_decreasing_run,global_run,block_04,0.001,0.2311915326715135,6144,2048,8192,0.27801846828749266,0.5290223647328964,0.9366510521669926,0.510498046875,0.5018310546875,0.0086669921875
trained,category-encoding-e4-transformer-seed42,transformer,encoding_e4,42,to_cycle|to_lehmer|to_inversion_vector|to_reduced_word,global_descents,global_run,block_04,1e-06,0.37056552827155387,6144,2048,8192,0.49338693822603374,0.706466786026174,0.8850643333921089,0.8876953125,0.8125,0.0751953125
trained,category-encoding-e4-transformer-seed42,transformer,encoding_e4,42,to_cycle|to_lehmer|to_inversion_vector|to_reduced_word,components,global_run,block_04,1e-06,0.48980496777225424,6144,2048,8192,0.5772022348097087,0.7635919264040749,0.8074707892147405,0.8934326171875,0.804931640625,0.0885009765625
trained,category-encoding-e4-transformer-seed42,transformer,encoding_e4,42,to_cycle|to_lehmer|to_inversion_vector|to_reduced_word,max_displacement,global_run,block_04,0.0001,0.6389430070675908,6144,2048,8192,0.6595795628227208,0.812043568122784,0.5957337325781935,0.4703369140625,0.2574462890625,0.212890625
trained,category-encoding-e4-transformer-seed42,transformer,encoding_e4,42,to_cycle|to_lehmer|to_inversion_vector|to_reduced_word,displacement_one_count,global_run,block_04,0.001,0.2831511233286773,6144,2048,8192,0.29224961179762865,0.5412256747919214,0.8328214655271904,0.3717041015625,0.3072509765625,0.064453125
trained,category-encoding-e4-transformer-seed42,transformer,encoding_e4,42,to_cycle|to_lehmer|to_inversion_vector|to_reduced_word,descents,local,final_norm,0.0001,0.35218988757231195,6144,2048,8192,0.36015949242801704,0.601270615239753,0.8167268919167677,0.4180908203125,0.3338623046875,0.084228515625
trained,category-encoding-e4-transformer-seed42,transformer,encoding_e4,42,to_cycle|to_lehmer|to_inversion_vector|to_reduced_word,recoils,local,final_norm,0.001,0.3217212267020555,6144,2048,8192,0.33701270197235456,0.580576437055329,0.8237884652148149,0.418701171875,0.33642578125,0.082275390625
trained,category-encoding-e4-transformer-seed42,transformer,encoding_e4,42,to_cycle|to_lehmer|to_inversion_vector|to_reduced_word,peaks,local,final_norm,0.001,0.17637038838082386,6144,2048,8192,0.1870356484784086,0.4326379464907761,0.8901056478769013,0.4920654296875,0.4635009765625,0.028564453125
trained,category-encoding-e4-transformer-seed42,transformer,encoding_e4,42,to_cycle|to_lehmer|to_inversion_vector|to_reduced_word,valleys,local,final_norm,0.001,0.21275923596555424,6144,2048,8192,0.20764446327058617,0.45587715413750934,0.8835988596010406,0.4998779296875,0.45556640625,0.0443115234375
trained,category-encoding-e4-transformer-seed42,transformer,encoding_e4,42,to_cycle|to_lehmer|to_inversion_vector|to_reduced_word,double_ascents,local,final_norm,0.0001,0.26631439108330623,6144,2048,8192,0.26069853883938343,0.511702887467617,0.8709914473766667,0.3702392578125,0.344482421875,0.0257568359375
trained,category-encoding-e4-transformer-seed42,transformer,encoding_e4,42,to_cycle|to_lehmer|to_inversion_vector|to_reduced_word,double_descents,local,final_norm,0.001,0.1948222975697067,6144,2048,8192,0.20079310782336535,0.4489727583396828,0.8906548601724457,0.3665771484375,0.3399658203125,0.026611328125
trained,category-encoding-e4-transformer-seed42,transformer,encoding_e4,42,to_cycle|to_lehmer|to_inversion_vector|to_reduced_word,successions,local,final_norm,0.001,0.30202596387572855,6144,2048,8192,0.28236022256190585,0.5320566260903564,0.9044884478871621,0.4041748046875,0.398681640625,0.0054931640625
trained,category-encoding-e4-transformer-seed42,transformer,encoding_e4,42,to_cycle|to_lehmer|to_inversion_vector|to_reduced_word,adjacencies,local,final_norm,0.001,0.2229789111913837,6144,2048,8192,0.2495922733902407,0.5005958482385053,0.9050676479387791,0.3433837890625,0.329345703125,0.0140380859375
trained,category-encoding-e4-transformer-seed42,transformer,encoding_e4,42,to_cycle|to_lehmer|to_inversion_vector|to_reduced_word,fixed_points,positional,final_norm,0.0001,0.4480838351114811,6144,2048,8192,0.41029034920041596,0.6410356595954203,0.7775583027834579,0.49365234375,0.369873046875,0.123779296875
trained,category-encoding-e4-transformer-seed42,transformer,encoding_e4,42,to_cycle|to_lehmer|to_inversion_vector|to_reduced_word,anti_fixed_points,positional,final_norm,0.001,0.30205369616158917,6144,2048,8192,0.2867379668816825,0.5361238918659086,0.8425154871767158,0.4453125,0.37939453125,0.06591796875
trained,category-encoding-e4-transformer-seed42,transformer,encoding_e4,42,to_cycle|to_lehmer|to_inversion_vector|to_reduced_word,exceedances,positional,final_norm,0.0001,0.5900114550106409,6144,2048,8192,0.584014164531992,0.7642201311409991,0.6428692968384401,0.5155029296875,0.3426513671875,0.1728515625
trained,category-encoding-e4-transformer-seed42,transformer,encoding_e4,42,to_cycle|to_lehmer|to_inversion_vector|to_reduced_word,deficiencies,positional,final_norm,0.0001,0.5614741043042745,6144,2048,8192,0.5648637442736216,0.7513773899900577,0.6608600079142327,0.5140380859375,0.34033203125,0.1737060546875
trained,category-encoding-e4-transformer-seed42,transformer,encoding_e4,42,to_cycle|to_lehmer|to_inversion_vector|to_reduced_word,left_to_right_maxima,positional,final_norm,0.0001,0.6612637318526587,6144,2048,8192,0.6408529123900326,0.8003792008074333,0.6132589034856335,0.517822265625,0.3026123046875,0.2152099609375
trained,category-encoding-e4-transformer-seed42,transformer,encoding_e4,42,to_cycle|to_lehmer|to_inversion_vector|to_reduced_word,left_to_right_minima,positional,final_norm,0.0001,0.6320487787638703,6144,2048,8192,0.6385106881450011,0.799417960295057,0.592697455504908,0.5250244140625,0.307373046875,0.2176513671875
trained,category-encoding-e4-transformer-seed42,transformer,encoding_e4,42,to_cycle|to_lehmer|to_inversion_vector|to_reduced_word,right_to_left_maxima,positional,final_norm,0.0001,0.6695411339264474,6144,2048,8192,0.6782385201456776,0.8235497319008304,0.5842915150180631,0.54833984375,0.3045654296875,0.2437744140625
trained,category-encoding-e4-transformer-seed42,transformer,encoding_e4,42,to_cycle|to_lehmer|to_inversion_vector|to_reduced_word,right_to_left_minima,positional,final_norm,0.001,0.7447775001947474,6144,2048,8192,0.7325930685652404,0.8561181146743277,0.5314262500274654,0.5760498046875,0.2933349609375,0.28271484375
trained,category-encoding-e4-transformer-seed42,transformer,encoding_e4,42,to_cycle|to_lehmer|to_inversion_vector|to_reduced_word,cycle_count,cycle,final_norm,0.001,0.2710275733367693,6144,2048,8192,0.2547799195029711,0.5058072398202937,0.8604750676476972,0.3724365234375,0.3079833984375,0.064453125
trained,category-encoding-e4-transformer-seed42,transformer,encoding_e4,42,to_cycle|to_lehmer|to_inversion_vector|to_reduced_word,two_cycle_count,cycle,final_norm,0.001,0.05783314128879713,6144,2048,8192,0.06124714682739185,0.2541903608963155,0.9787464660275562,0.5067138671875,0.6026611328125,-0.095947265625
trained,category-encoding-e4-transformer-seed42,transformer,encoding_e4,42,to_cycle|to_lehmer|to_inversion_vector|to_reduced_word,three_cycle_count,cycle,final_norm,1.0,0.002755992529015372,6144,2048,8192,0.004944565527657763,0.07084703901967943,0.9978475146476896,0.7235107421875,0.7235107421875,0.0
trained,category-encoding-e4-transformer-seed42,transformer,encoding_e4,42,to_cycle|to_lehmer|to_inversion_vector|to_reduced_word,even_cycle_count,cycle,final_norm,0.01,0.04078123807882661,6144,2048,8192,0.05369580923551731,0.23193403826449455,0.983628733765602,0.4317626953125,0.40771484375,0.0240478515625
trained,category-encoding-e4-transformer-seed42,transformer,encoding_e4,42,to_cycle|to_lehmer|to_inversion_vector|to_reduced_word,odd_cycle_count,cycle,final_norm,0.001,0.3039999369041171,6144,2048,8192,0.28883096487228055,0.5377058490226495,0.8373034007309129,0.383056640625,0.5802001953125,-0.1971435546875
trained,category-encoding-e4-transformer-seed42,transformer,encoding_e4,42,to_cycle|to_lehmer|to_inversion_vector|to_reduced_word,longest_cycle,cycle,final_norm,0.01,0.08105398464922864,6144,2048,8192,0.09208083464151307,0.303959283697556,0.9551241498713565,0.1854248046875,0.1644287109375,0.02099609375
trained,category-encoding-e4-transformer-seed42,transformer,encoding_e4,42,to_cycle|to_lehmer|to_inversion_vector|to_reduced_word,shortest_cycle,cycle,final_norm,0.001,0.12320824974025602,6144,2048,8192,0.12653515809536597,0.35650159364062456,0.938391802543782,0.24072265625,0.6358642578125,-0.3951416015625
trained,category-encoding-e4-transformer-seed42,transformer,encoding_e4,42,to_cycle|to_lehmer|to_inversion_vector|to_reduced_word,nontrivial_cycle_count,cycle,final_norm,0.01,0.0747703043536394,6144,2048,8192,0.07622209563681381,0.2762412277714809,0.9753083878337503,0.4521484375,0.4312744140625,0.0208740234375
trained,category-encoding-e4-transformer-seed42,transformer,encoding_e4,42,to_cycle|to_lehmer|to_inversion_vector|to_reduced_word,lis_length,global_run,final_norm,0.001,0.5978304850203933,6144,2048,8192,0.6017370869615404,0.7757652797455061,0.6453932442990044,0.5281982421875,0.39697265625,0.1312255859375
trained,category-encoding-e4-transformer-seed42,transformer,encoding_e4,42,to_cycle|to_lehmer|to_inversion_vector|to_reduced_word,lds_length,global_run,final_norm,0.001,0.5548110316830343,6144,2048,8192,0.5716756343060019,0.75615175661883,0.6787544970628249,0.5321044921875,0.396484375,0.1356201171875
trained,category-encoding-e4-transformer-seed42,transformer,encoding_e4,42,to_cycle|to_lehmer|to_inversion_vector|to_reduced_word,longest_increasing_run,global_run,final_norm,0.0001,0.39919830390519506,6144,2048,8192,0.36196992752513857,0.6016595879840402,0.8532318635385281,0.493896484375,0.5040283203125,-0.0101318359375
trained,category-encoding-e4-transformer-seed42,transformer,encoding_e4,42,to_cycle|to_lehmer|to_inversion_vector|to_reduced_word,longest_decreasing_run,global_run,final_norm,0.001,0.23406804529072178,6144,2048,8192,0.2929716979013971,0.5427368653239528,0.9269006367069622,0.5067138671875,0.5018310546875,0.0048828125
trained,category-encoding-e4-transformer-seed42,transformer,encoding_e4,42,to_cycle|to_lehmer|to_inversion_vector|to_reduced_word,global_descents,global_run,final_norm,1e-06,0.3708821773516766,6144,2048,8192,0.5081840403525795,0.7172256497135089,0.8720431142373467,0.8858642578125,0.8125,0.0733642578125
trained,category-encoding-e4-transformer-seed42,transformer,encoding_e4,42,to_cycle|to_lehmer|to_inversion_vector|to_reduced_word,components,global_run,final_norm,1e-06,0.4942248947484731,6144,2048,8192,0.5719187341580447,0.7599294176997133,0.8125004121646342,0.89111328125,0.804931640625,0.086181640625
trained,category-encoding-e4-transformer-seed42,transformer,encoding_e4,42,to_cycle|to_lehmer|to_inversion_vector|to_reduced_word,max_displacement,global_run,final_norm,0.0001,0.6332214345438005,6144,2048,8192,0.6553340900178469,0.8094598504873654,0.5994369982843711,0.4681396484375,0.2574462890625,0.210693359375
trained,category-encoding-e4-transformer-seed42,transformer,encoding_e4,42,to_cycle|to_lehmer|to_inversion_vector|to_reduced_word,displacement_one_count,global_run,final_norm,0.001,0.27692066983710517,6144,2048,8192,0.28483254489297916,0.5345015825841036,0.8371739839021171,0.3717041015625,0.3072509765625,0.064453125
trained,category-encoding-e4-transformer-seed314159,transformer,encoding_e4,314159,to_cycle|to_lehmer|to_inversion_vector|to_reduced_word,descents,local,embedding,1.0,0.0,6144,2048,8192,-2.220446049250313e-16,-0.0035682303718257828,1.0210358474220083,0.3427734375,0.3338623046875,0.0089111328125
trained,category-encoding-e4-transformer-seed314159,transformer,encoding_e4,314159,to_cycle|to_lehmer|to_inversion_vector|to_reduced_word,recoils,local,embedding,1e-06,2.220446049250313e-16,6144,2048,8192,0.0,0.03443621158031398,1.0117264466110467,0.3408203125,0.33642578125,0.00439453125
trained,category-encoding-e4-transformer-seed314159,transformer,encoding_e4,314159,to_cycle|to_lehmer|to_inversion_vector|to_reduced_word,peaks,local,embedding,1.0,1.1102230246251565e-16,6144,2048,8192,0.0,-0.007553839872159478,0.987201497821541,0.4708251953125,0.4635009765625,0.00732421875
trained,category-encoding-e4-transformer-seed314159,transformer,encoding_e4,314159,to_cycle|to_lehmer|to_inversion_vector|to_reduced_word,valleys,local,embedding,1e-06,0.0,6144,2048,8192,1.1102230246251565e-16,0.001003455723756375,0.992647602968415,0.458984375,0.45556640625,0.00341796875
trained,category-encoding-e4-transformer-seed314159,transformer,encoding_e4,314159,to_cycle|to_lehmer|to_inversion_vector|to_reduced_word,double_ascents,local,embedding,1e-06,-2.220446049250313e-16,6144,2048,8192,0.0,0.0,1.012985218660725,0.3338623046875,0.344482421875,-0.0106201171875
trained,category-encoding-e4-transformer-seed314159,transformer,encoding_e4,314159,to_cycle|to_lehmer|to_inversion_vector|to_reduced_word,double_descents,local,embedding,1.0,0.0,6144,2048,8192,0.0,0.0,0.9962763749938195,0.3388671875,0.3399658203125,-0.0010986328125
trained,category-encoding-e4-transformer-seed314159,transformer,encoding_e4,314159,to_cycle|to_lehmer|to_inversion_vector|to_reduced_word,successions,local,embedding,1e-06,0.0,6144,2048,8192,0.0,0.0,1.0677013036927756,0.3643798828125,0.398681640625,-0.0343017578125
trained,category-encoding-e4-transformer-seed314159,transformer,encoding_e4,314159,to_cycle|to_lehmer|to_inversion_vector|to_reduced_word,adjacencies,local,embedding,1e-06,0.0,6144,2048,8192,0.0,0.0,1.0447981442612964,0.329345703125,0.329345703125,0.0
trained,category-encoding-e4-transformer-seed314159,transformer,encoding_e4,314159,to_cycle|to_lehmer|to_inversion_vector|to_reduced_word,fixed_points,positional,embedding,1e-06,0.0,6144,2048,8192,-2.220446049250313e-16,0.0,1.0125438624646814,0.3580322265625,0.369873046875,-0.0118408203125
trained,category-encoding-e4-transformer-seed314159,transformer,encoding_e4,314159,to_cycle|to_lehmer|to_inversion_vector|to_reduced_word,anti_fixed_points,positional,embedding,1e-06,0.0,6144,2048,8192,0.0,0.0,0.9975928763619372,0.3592529296875,0.37939453125,-0.0201416015625
trained,category-encoding-e4-transformer-seed314159,transformer,encoding_e4,314159,to_cycle|to_lehmer|to_inversion_vector|to_reduced_word,exceedances,positional,embedding,1e-06,2.220446049250313e-16,6144,2048,8192,0.0,-0.015936379371430408,0.996743501992833,0.3426513671875,0.3426513671875,0.0
trained,category-encoding-e4-transformer-seed314159,transformer,encoding_e4,314159,to_cycle|to_lehmer|to_inversion_vector|to_reduced_word,deficiencies,positional,embedding,1e-06,0.0,6144,2048,8192,0.0,0.019242767922390505,1.0018364670463262,0.3414306640625,0.34033203125,0.0010986328125
trained,category-encoding-e4-transformer-seed314159,transformer,encoding_e4,314159,to_cycle|to_lehmer|to_inversion_vector|to_reduced_word,left_to_right_maxima,positional,embedding,1e-06,0.0,6144,2048,8192,2.220446049250313e-16,0.019140222297221676,1.0233111062138236,0.3040771484375,0.3026123046875,0.00146484375
trained,category-encoding-e4-transformer-seed314159,transformer,encoding_e4,314159,to_cycle|to_lehmer|to_inversion_vector|to_reduced_word,left_to_right_minima,positional,embedding,1e-06,0.0,6144,2048,8192,0.0,0.0,0.9857920972831147,0.3160400390625,0.307373046875,0.0086669921875
trained,category-encoding-e4-transformer-seed314159,transformer,encoding_e4,314159,to_cycle|to_lehmer|to_inversion_vector|to_reduced_word,right_to_left_maxima,positional,embedding,1e-06,0.0,6144,2048,8192,0.0,0.0,1.0300600749281232,0.305908203125,0.3045654296875,0.0013427734375
trained,category-encoding-e4-transformer-seed314159,transformer,encoding_e4,314159,to_cycle|to_lehmer|to_inversion_vector|to_reduced_word,right_to_left_minima,positional,embedding,1e-06,0.0,6144,2048,8192,0.0,0.0,1.0276770844678722,0.3035888671875,0.2933349609375,0.01025390625
trained,category-encoding-e4-transformer-seed314159,transformer,encoding_e4,314159,to_cycle|to_lehmer|to_inversion_vector|to_reduced_word,cycle_count,cycle,embedding,1e-06,0.0,6144,2048,8192,0.0,0.0,0.9967724289122708,0.3077392578125,0.3079833984375,-0.000244140625
trained,category-encoding-e4-transformer-seed314159,transformer,encoding_e4,314159,to_cycle|to_lehmer|to_inversion_vector|to_reduced_word,two_cycle_count,cycle,embedding,1e-06,0.0,6144,2048,8192,0.0,0.0,1.0101702448488212,0.4593505859375,0.6026611328125,-0.143310546875
trained,category-encoding-e4-transformer-seed314159,transformer,encoding_e4,314159,to_cycle|to_lehmer|to_inversion_vector|to_reduced_word,three_cycle_count,cycle,embedding,1e-06,1.1102230246251565e-16,6144,2048,8192,0.0,0.0,1.0003236622577176,0.7235107421875,0.7235107421875,0.0
trained,category-encoding-e4-transformer-seed314159,transformer,encoding_e4,314159,to_cycle|to_lehmer|to_inversion_vector|to_reduced_word,even_cycle_count,cycle,embedding,1e-06,0.0,6144,2048,8192,0.0,0.0,1.0111505563890062,0.3974609375,0.40771484375,-0.01025390625
trained,category-encoding-e4-transformer-seed314159,transformer,encoding_e4,314159,to_cycle|to_lehmer|to_inversion_vector|to_reduced_word,odd_cycle_count,cycle,embedding,1e-06,0.0,6144,2048,8192,1.1102230246251565e-16,0.0,0.9928792526047006,0.3057861328125,0.5802001953125,-0.2744140625
trained,category-encoding-e4-transformer-seed314159,transformer,encoding_e4,314159,to_cycle|to_lehmer|to_inversion_vector|to_reduced_word,longest_cycle,cycle,embedding,1e-06,0.0,6144,2048,8192,0.0,-0.022055423474622405,1.002388866359531,0.1435546875,0.1644287109375,-0.0208740234375
trained,category-encoding-e4-transformer-seed314159,transformer,encoding_e4,314159,to_cycle|to_lehmer|to_inversion_vector|to_reduced_word,shortest_cycle,cycle,embedding,1e-06,0.0,6144,2048,8192,0.0,0.0,1.004064219330732,0.1092529296875,0.6358642578125,-0.526611328125
trained,category-encoding-e4-transformer-seed314159,transformer,encoding_e4,314159,to_cycle|to_lehmer|to_inversion_vector|to_reduced_word,nontrivial_cycle_count,cycle,embedding,1e-06,0.0,6144,2048,8192,0.0,0.006987900816181002,1.0147479301353286,0.4290771484375,0.4312744140625,-0.002197265625
trained,category-encoding-e4-transformer-seed314159,transformer,encoding_e4,314159,to_cycle|to_lehmer|to_inversion_vector|to_reduced_word,lis_length,global_run,embedding,1e-06,0.0,6144,2048,8192,0.0,-0.0076952578136188915,1.022679339029915,0.390869140625,0.39697265625,-0.006103515625
trained,category-encoding-e4-transformer-seed314159,transformer,encoding_e4,314159,to_cycle|to_lehmer|to_inversion_vector|to_reduced_word,lds_length,global_run,embedding,0.1,2.220446049250313e-16,6144,2048,8192,0.0,-0.01851435231368139,1.0371136011049422,0.38720703125,0.396484375,-0.00927734375
trained,category-encoding-e4-transformer-seed314159,transformer,encoding_e4,314159,to_cycle|to_lehmer|to_inversion_vector|to_reduced_word,longest_increasing_run,global_run,embedding,1e-06,0.0,6144,2048,8192,0.0,0.022328583863009167,1.0681850394483854,0.4554443359375,0.5040283203125,-0.048583984375
trained,category-encoding-e4-transformer-seed314159,transformer,encoding_e4,314159,to_cycle|to_lehmer|to_inversion_vector|to_reduced_word,longest_decreasing_run,global_run,embedding,1.0,0.0,6144,2048,8192,0.0,0.0,1.1023380059178607,0.459716796875,0.5018310546875,-0.0421142578125
trained,category-encoding-e4-transformer-seed314159,transformer,encoding_e4,314159,to_cycle|to_lehmer|to_inversion_vector|to_reduced_word,global_descents,global_run,embedding,1e-06,0.0,6144,2048,8192,0.0,0.0,1.2434738264527403,0.7889404296875,0.8125,-0.0235595703125
trained,category-encoding-e4-transformer-seed314159,transformer,encoding_e4,314159,to_cycle|to_lehmer|to_inversion_vector|to_reduced_word,components,global_run,embedding,1e-06,0.0,6144,2048,8192,0.0,0.009974082807022666,1.241825229327309,0.7493896484375,0.804931640625,-0.0555419921875
trained,category-encoding-e4-transformer-seed314159,transformer,encoding_e4,314159,to_cycle|to_lehmer|to_inversion_vector|to_reduced_word,max_displacement,global_run,embedding,1.0,0.0,6144,2048,8192,0.0,-0.013020419685140025,1.0210438164840894,0.238037109375,0.2574462890625,-0.0194091796875
trained,category-encoding-e4-transformer-seed314159,transformer,encoding_e4,314159,to_cycle|to_lehmer|to_inversion_vector|to_reduced_word,displacement_one_count,global_run,embedding,1e-06,0.0,6144,2048,8192,0.0,0.0,0.9899467911205587,0.2646484375,0.3072509765625,-0.0426025390625
trained,category-encoding-e4-transformer-seed314159,transformer,encoding_e4,314159,to_cycle|to_lehmer|to_inversion_vector|to_reduced_word,descents,local,block_01,0.0001,0.17377318494090987,6144,2048,8192,0.1845093167272508,0.4298068917868953,0.9220415493256376,0.3819580078125,0.3338623046875,0.048095703125
trained,category-encoding-e4-transformer-seed314159,transformer,encoding_e4,314159,to_cycle|to_lehmer|to_inversion_vector|to_reduced_word,recoils,local,block_01,0.001,0.12359554698194153,6144,2048,8192,0.1442195901865888,0.3799672613971875,0.9359319496445673,0.375732421875,0.33642578125,0.039306640625
trained,category-encoding-e4-transformer-seed314159,transformer,encoding_e4,314159,to_cycle|to_lehmer|to_inversion_vector|to_reduced_word,peaks,local,block_01,0.0001,0.08026718757794205,6144,2048,8192,0.08296010823955913,0.29480700301486207,0.9453658711368391,0.4891357421875,0.4635009765625,0.025634765625
trained,category-encoding-e4-transformer-seed314159,transformer,encoding_e4,314159,to_cycle|to_lehmer|to_inversion_vector|to_reduced_word,valleys,local,block_01,0.0001,0.12420707097086148,6144,2048,8192,0.09888747804649334,0.319697210074253,0.9422900614984543,0.4766845703125,0.45556640625,0.0211181640625
trained,category-encoding-e4-transformer-seed314159,transformer,encoding_e4,314159,to_cycle|to_lehmer|to_inversion_vector|to_reduced_word,double_ascents,local,block_01,0.0001,0.08612582166150196,6144,2048,8192,0.08460696024792713,0.29673819139733887,0.9691855070831661,0.351806640625,0.344482421875,0.00732421875
trained,category-encoding-e4-transformer-seed314159,transformer,encoding_e4,314159,to_cycle|to_lehmer|to_inversion_vector|to_reduced_word,double_descents,local,block_01,0.001,0.0818255544235248,6144,2048,8192,0.08054500806900122,0.28386431081223285,0.955311639899128,0.3489990234375,0.3399658203125,0.009033203125
trained,category-encoding-e4-transformer-seed314159,transformer,encoding_e4,314159,to_cycle|to_lehmer|to_inversion_vector|to_reduced_word,successions,local,block_01,0.0001,0.0997847998759277,6144,2048,8192,0.07563139400330454,0.27861749692856197,1.0265317033551828,0.3577880859375,0.398681640625,-0.0408935546875
trained,category-encoding-e4-transformer-seed314159,transformer,encoding_e4,314159,to_cycle|to_lehmer|to_inversion_vector|to_reduced_word,adjacencies,local,block_01,0.0001,0.05486242551282494,6144,2048,8192,0.06677469569119465,0.2607538187733358,1.009312485445878,0.328125,0.329345703125,-0.001220703125
trained,category-encoding-e4-transformer-seed314159,transformer,encoding_e4,314159,to_cycle|to_lehmer|to_inversion_vector|to_reduced_word,fixed_points,positional,block_01,1e-05,0.24411032538733735,6144,2048,8192,0.23751259667104496,0.4905082710497545,0.8841586134873807,0.4468994140625,0.369873046875,0.0770263671875
trained,category-encoding-e4-transformer-seed314159,transformer,encoding_e4,314159,to_cycle|to_lehmer|to_inversion_vector|to_reduced_word,anti_fixed_points,positional,block_01,0.0001,0.20474488661559898,6144,2048,8192,0.20823580336091974,0.4562097841283862,0.887669440550472,0.397216796875,0.37939453125,0.017822265625
trained,category-encoding-e4-transformer-seed314159,transformer,encoding_e4,314159,to_cycle|to_lehmer|to_inversion_vector|to_reduced_word,exceedances,positional,block_01,1e-05,0.3225333722237743,6144,2048,8192,0.33849901933769677,0.5829196795095296,0.8106785074760887,0.4327392578125,0.3426513671875,0.090087890625
trained,category-encoding-e4-transformer-seed314159,transformer,encoding_e4,314159,to_cycle|to_lehmer|to_inversion_vector|to_reduced_word,deficiencies,positional,block_01,1e-05,0.3516411092228442,6144,2048,8192,0.36147541897793145,0.6014519106614227,0.800544810251033,0.447021484375,0.34033203125,0.106689453125
trained,category-encoding-e4-transformer-seed314159,transformer,encoding_e4,314159,to_cycle|to_lehmer|to_inversion_vector|to_reduced_word,left_to_right_maxima,positional,block_01,1e-06,0.269310884151037,6144,2048,8192,0.2766909478078955,0.5259831905175798,0.8703013111348811,0.3743896484375,0.3026123046875,0.07177734375
trained,category-encoding-e4-transformer-seed314159,transformer,encoding_e4,314159,to_cycle|to_lehmer|to_inversion_vector|to_reduced_word,left_to_right_minima,positional,block_01,1e-05,0.35268084212197426,6144,2048,8192,0.3265877676120933,0.5719926913065851,0.8089577364973863,0.3829345703125,0.307373046875,0.0755615234375
trained,category-encoding-e4-transformer-seed314159,transformer,encoding_e4,314159,to_cycle|to_lehmer|to_inversion_vector|to_reduced_word,right_to_left_maxima,positional,block_01,1e-05,0.5145845566733878,6144,2048,8192,0.5080999140018402,0.712820026794096,0.7224387017505863,0.481201171875,0.3045654296875,0.1766357421875
trained,category-encoding-e4-transformer-seed314159,transformer,encoding_e4,314159,to_cycle|to_lehmer|to_inversion_vector|to_reduced_word,right_to_left_minima,positional,block_01,0.0001,0.560032997092345,6144,2048,8192,0.5264624490355375,0.7256052427087468,0.7071863744929574,0.502197265625,0.2933349609375,0.2088623046875
trained,category-encoding-e4-transformer-seed314159,transformer,encoding_e4,314159,to_cycle|to_lehmer|to_inversion_vector|to_reduced_word,cycle_count,cycle,block_01,0.0001,0.1637712746625224,6144,2048,8192,0.145163819574318,0.3840038501483607,0.9215893859830948,0.3533935546875,0.3079833984375,0.04541015625
trained,category-encoding-e4-transformer-seed314159,transformer,encoding_e4,314159,to_cycle|to_lehmer|to_inversion_vector|to_reduced_word,two_cycle_count,cycle,block_01,0.01,0.025261180627404678,6144,2048,8192,0.02851464420221217,0.16904635089181339,0.9956637626070326,0.472900390625,0.6026611328125,-0.1297607421875
trained,category-encoding-e4-transformer-seed314159,transformer,encoding_e4,314159,to_cycle|to_lehmer|to_inversion_vector|to_reduced_word,three_cycle_count,cycle,block_01,1.0,0.002179596437338893,6144,2048,8192,0.0031445503009892573,0.057933410321284594,0.9987496398486403,0.7235107421875,0.7235107421875,0.0
trained,category-encoding-e4-transformer-seed314159,transformer,encoding_e4,314159,to_cycle|to_lehmer|to_inversion_vector|to_reduced_word,even_cycle_count,cycle,block_01,0.01,0.03061126353353727,6144,2048,8192,0.031528850010834386,0.1775362321507841,0.9950826845536259,0.4130859375,0.40771484375,0.00537109375
trained,category-encoding-e4-transformer-seed314159,transformer,encoding_e4,314159,to_cycle|to_lehmer|to_inversion_vector|to_reduced_word,odd_cycle_count,cycle,block_01,0.0001,0.171808664472911,6144,2048,8192,0.1696290630253794,0.41375454345611185,0.9047581542024837,0.36767578125,0.5802001953125,-0.2125244140625
trained,category-encoding-e4-transformer-seed314159,transformer,encoding_e4,314159,to_cycle|to_lehmer|to_inversion_vector|to_reduced_word,longest_cycle,cycle,block_01,0.001,0.06116692286019487,6144,2048,8192,0.062255900166521494,0.25054287853759255,0.970685191969667,0.1759033203125,0.1644287109375,0.011474609375
trained,category-encoding-e4-transformer-seed314159,transformer,encoding_e4,314159,to_cycle|to_lehmer|to_inversion_vector|to_reduced_word,shortest_cycle,cycle,block_01,0.001,0.07822562286752544,6144,2048,8192,0.06513788665168097,0.2567484252478408,0.9708123014427923,0.1883544921875,0.6358642578125,-0.447509765625
trained,category-encoding-e4-transformer-seed314159,transformer,encoding_e4,314159,to_cycle|to_lehmer|to_inversion_vector|to_reduced_word,nontrivial_cycle_count,cycle,block_01,0.01,0.059553182575774244,6144,2048,8192,0.049943616179805805,0.22351762112450238,0.9890832891123352,0.450439453125,0.4312744140625,0.0191650390625
trained,category-encoding-e4-transformer-seed314159,transformer,encoding_e4,314159,to_cycle|to_lehmer|to_inversion_vector|to_reduced_word,lis_length,global_run,block_01,1e-05,0.3462586115081666,6144,2048,8192,0.33612074282545323,0.5801028385774126,0.8332667103473338,0.4576416015625,0.39697265625,0.0606689453125
trained,category-encoding-e4-transformer-seed314159,transformer,encoding_e4,314159,to_cycle|to_lehmer|to_inversion_vector|to_reduced_word,lds_length,global_run,block_01,1e-05,0.31973714809035914,6144,2048,8192,0.32683695966900694,0.5715993182049737,0.8509155523718028,0.4512939453125,0.396484375,0.0548095703125
trained,category-encoding-e4-transformer-seed314159,transformer,encoding_e4,314159,to_cycle|to_lehmer|to_inversion_vector|to_reduced_word,longest_increasing_run,global_run,block_01,0.0001,0.16284541638133965,6144,2048,8192,0.1289454108934639,0.36071411948658905,0.9969403586963607,0.47509765625,0.5040283203125,-0.0289306640625
trained,category-encoding-e4-transformer-seed314159,transformer,encoding_e4,314159,to_cycle|to_lehmer|to_inversion_vector|to_reduced_word,longest_decreasing_run,global_run,block_01,0.001,0.11820986847353832,6144,2048,8192,0.139274400218119,0.3754697818250319,1.0226973746407668,0.489501953125,0.5018310546875,-0.0123291015625
trained,category-encoding-e4-transformer-seed314159,transformer,encoding_e4,314159,to_cycle|to_lehmer|to_inversion_vector|to_reduced_word,global_descents,global_run,block_01,1e-06,0.2670466151656655,6144,2048,8192,0.37999213691792955,0.6207972580335349,0.979118478784007,0.8690185546875,0.8125,0.0565185546875
trained,category-encoding-e4-transformer-seed314159,transformer,encoding_e4,314159,to_cycle|to_lehmer|to_inversion_vector|to_reduced_word,components,global_run,block_01,1e-06,0.277336534654288,6144,2048,8192,0.3469900647417429,0.589596984338746,1.0035069238851277,0.8419189453125,0.804931640625,0.0369873046875
trained,category-encoding-e4-transformer-seed314159,transformer,encoding_e4,314159,to_cycle|to_lehmer|to_inversion_vector|to_reduced_word,max_displacement,global_run,block_01,1e-05,0.42830782584613103,6144,2048,8192,0.44635321002590933,0.6680434133202927,0.7597326181188938,0.408935546875,0.2574462890625,0.1514892578125
trained,category-encoding-e4-transformer-seed314159,transformer,encoding_e4,314159,to_cycle|to_lehmer|to_inversion_vector|to_reduced_word,displacement_one_count,global_run,block_01,1e-05,0.2080446782097436,6144,2048,8192,0.1968582857052712,0.44632156375571724,0.8871722395331242,0.3505859375,0.3072509765625,0.0433349609375
trained,category-encoding-e4-transformer-seed314159,transformer,encoding_e4,314159,to_cycle|to_lehmer|to_inversion_vector|to_reduced_word,descents,local,block_02,1e-05,0.3960514473050548,6144,2048,8192,0.38467123038399,0.6207978445709966,0.8009300725107427,0.420166015625,0.3338623046875,0.0863037109375
trained,category-encoding-e4-transformer-seed314159,transformer,encoding_e4,314159,to_cycle|to_lehmer|to_inversion_vector|to_reduced_word,recoils,local,block_02,1e-05,0.3414783451876814,6144,2048,8192,0.36601753637663503,0.6054296504824649,0.8055671078754155,0.42529296875,0.33642578125,0.0888671875
trained,category-encoding-e4-transformer-seed314159,transformer,encoding_e4,314159,to_cycle|to_lehmer|to_inversion_vector|to_reduced_word,peaks,local,block_02,0.0001,0.18951328707141302,6144,2048,8192,0.19077603404955912,0.4390118684775333,0.888055633840364,0.49560546875,0.4635009765625,0.0321044921875
trained,category-encoding-e4-transformer-seed314159,transformer,encoding_e4,314159,to_cycle|to_lehmer|to_inversion_vector|to_reduced_word,valleys,local,block_02,0.0001,0.2164505876696925,6144,2048,8192,0.20664602015651257,0.45651383996873546,0.8841553935115349,0.4942626953125,0.45556640625,0.0386962890625
trained,category-encoding-e4-transformer-seed314159,transformer,encoding_e4,314159,to_cycle|to_lehmer|to_inversion_vector|to_reduced_word,double_ascents,local,block_02,0.0001,0.27924765776681215,6144,2048,8192,0.28179530387465745,0.5312865974179103,0.8584741620479278,0.3662109375,0.344482421875,0.021728515625
trained,category-encoding-e4-transformer-seed314159,transformer,encoding_e4,314159,to_cycle|to_lehmer|to_inversion_vector|to_reduced_word,double_descents,local,block_02,0.0001,0.2697061760138252,6144,2048,8192,0.25484941191177013,0.5060032151760332,0.8600067425086356,0.374755859375,0.3399658203125,0.0347900390625
trained,category-encoding-e4-transformer-seed314159,transformer,encoding_e4,314159,to_cycle|to_lehmer|to_inversion_vector|to_reduced_word,successions,local,block_02,0.0001,0.28520379954131125,6144,2048,8192,0.29292063137902347,0.5411378763639584,0.8978087955545134,0.4075927734375,0.398681640625,0.0089111328125
trained,category-encoding-e4-transformer-seed314159,transformer,encoding_e4,314159,to_cycle|to_lehmer|to_inversion_vector|to_reduced_word,adjacencies,local,block_02,0.0001,0.241627119164755,6144,2048,8192,0.2863401058124867,0.5354168109395616,0.8826286859531641,0.3427734375,0.329345703125,0.013427734375
trained,category-encoding-e4-transformer-seed314159,transformer,encoding_e4,314159,to_cycle|to_lehmer|to_inversion_vector|to_reduced_word,fixed_points,positional,block_02,1e-05,0.49461127203742916,6144,2048,8192,0.468931650784117,0.6852602471698784,0.7378856338757146,0.5045166015625,0.369873046875,0.1346435546875
trained,category-encoding-e4-transformer-seed314159,transformer,encoding_e4,314159,to_cycle|to_lehmer|to_inversion_vector|to_reduced_word,anti_fixed_points,positional,block_02,0.0001,0.2931558899184378,6144,2048,8192,0.27138702654463265,0.5219686964606775,0.8515336001556616,0.437255859375,0.37939453125,0.057861328125
trained,category-encoding-e4-transformer-seed314159,transformer,encoding_e4,314159,to_cycle|to_lehmer|to_inversion_vector|to_reduced_word,exceedances,positional,block_02,1e-05,0.7694041377611688,6144,2048,8192,0.7730566430530132,0.8794100886476074,0.4748343737051045,0.6236572265625,0.3426513671875,0.281005859375
trained,category-encoding-e4-transformer-seed314159,transformer,encoding_e4,314159,to_cycle|to_lehmer|to_inversion_vector|to_reduced_word,deficiencies,positional,block_02,0.0001,0.692088487684406,6144,2048,8192,0.7047905942859742,0.8393927587007193,0.5443295748269572,0.5947265625,0.34033203125,0.25439453125
trained,category-encoding-e4-transformer-seed314159,transformer,encoding_e4,314159,to_cycle|to_lehmer|to_inversion_vector|to_reduced_word,left_to_right_maxima,positional,block_02,1e-05,0.6186134503592805,6144,2048,8192,0.6232969929688807,0.7892027665616882,0.6280688162546262,0.493896484375,0.3026123046875,0.1912841796875
trained,category-encoding-e4-transformer-seed314159,transformer,encoding_e4,314159,to_cycle|to_lehmer|to_inversion_vector|to_reduced_word,left_to_right_minima,positional,block_02,1e-05,0.6410967930911549,6144,2048,8192,0.6267903406634432,0.7922110374946035,0.6022291458008139,0.50732421875,0.307373046875,0.199951171875
trained,category-encoding-e4-transformer-seed314159,transformer,encoding_e4,314159,to_cycle|to_lehmer|to_inversion_vector|to_reduced_word,right_to_left_maxima,positional,block_02,0.0001,0.6790930124890975,6144,2048,8192,0.687781852381814,0.8293378917601674,0.5755613540617963,0.5338134765625,0.3045654296875,0.229248046875
trained,category-encoding-e4-transformer-seed314159,transformer,encoding_e4,314159,to_cycle|to_lehmer|to_inversion_vector|to_reduced_word,right_to_left_minima,positional,block_02,1e-05,0.7658330291200803,6144,2048,8192,0.7643352834702717,0.8742480575091612,0.4988890309313524,0.5762939453125,0.2933349609375,0.282958984375
trained,category-encoding-e4-transformer-seed314159,transformer,encoding_e4,314159,to_cycle|to_lehmer|to_inversion_vector|to_reduced_word,cycle_count,cycle,block_02,0.0001,0.29994849196538853,6144,2048,8192,0.28480780276425843,0.5356275347091598,0.8429608414575268,0.3779296875,0.3079833984375,0.0699462890625
trained,category-encoding-e4-transformer-seed314159,transformer,encoding_e4,314159,to_cycle|to_lehmer|to_inversion_vector|to_reduced_word,two_cycle_count,cycle,block_02,0.0001,0.0648864367148867,6144,2048,8192,0.061521152835380954,0.25532054700281115,0.9786036158708763,0.51806640625,0.6026611328125,-0.0845947265625
trained,category-encoding-e4-transformer-seed314159,transformer,encoding_e4,314159,to_cycle|to_lehmer|to_inversion_vector|to_reduced_word,three_cycle_count,cycle,block_02,0.1,0.002548018198959112,6144,2048,8192,0.006591604738244827,0.08143903116189544,0.9970213422673488,0.72900390625,0.7235107421875,0.0054931640625
trained,category-encoding-e4-transformer-seed314159,transformer,encoding_e4,314159,to_cycle|to_lehmer|to_inversion_vector|to_reduced_word,even_cycle_count,cycle,block_02,0.001,0.04680865671617185,6144,2048,8192,0.052559226639476764,0.23109352010748951,0.9842192625928992,0.420654296875,0.40771484375,0.012939453125
trained,category-encoding-e4-transformer-seed314159,transformer,encoding_e4,314159,to_cycle|to_lehmer|to_inversion_vector|to_reduced_word,odd_cycle_count,cycle,block_02,0.0001,0.3104138793763611,6144,2048,8192,0.3162317684095013,0.5632155088766676,0.8210146286030658,0.3861083984375,0.5802001953125,-0.194091796875
trained,category-encoding-e4-transformer-seed314159,transformer,encoding_e4,314159,to_cycle|to_lehmer|to_inversion_vector|to_reduced_word,longest_cycle,cycle,block_02,0.01,0.07723512434025104,6144,2048,8192,0.08562559024855865,0.2926111709041953,0.9585135702382162,0.1846923828125,0.1644287109375,0.020263671875
trained,category-encoding-e4-transformer-seed314159,transformer,encoding_e4,314159,to_cycle|to_lehmer|to_inversion_vector|to_reduced_word,shortest_cycle,cycle,block_02,0.001,0.1310587254706379,6144,2048,8192,0.12014912225631136,0.34777872622123923,0.941815918799845,0.2208251953125,0.6358642578125,-0.4150390625
trained,category-encoding-e4-transformer-seed314159,transformer,encoding_e4,314159,to_cycle|to_lehmer|to_inversion_vector|to_reduced_word,nontrivial_cycle_count,cycle,block_02,0.001,0.08656383018479841,6144,2048,8192,0.08009739580817232,0.2842991550765169,0.973260501105315,0.4552001953125,0.4312744140625,0.02392578125
trained,category-encoding-e4-transformer-seed314159,transformer,encoding_e4,314159,to_cycle|to_lehmer|to_inversion_vector|to_reduced_word,lis_length,global_run,block_02,0.0001,0.6180088430411093,6144,2048,8192,0.6226105993230995,0.789142618547477,0.6282526531233088,0.538818359375,0.39697265625,0.141845703125
trained,category-encoding-e4-transformer-seed314159,transformer,encoding_e4,314159,to_cycle|to_lehmer|to_inversion_vector|to_reduced_word,lds_length,global_run,block_02,1e-06,0.6021491288715185,6144,2048,8192,0.6124454281233528,0.7826342740839152,0.6456434686663489,0.5496826171875,0.396484375,0.1531982421875
trained,category-encoding-e4-transformer-seed314159,transformer,encoding_e4,314159,to_cycle|to_lehmer|to_inversion_vector|to_reduced_word,longest_increasing_run,global_run,block_02,0.0001,0.3936971779594036,6144,2048,8192,0.38515587125692663,0.6206204283730475,0.8375852220336816,0.4998779296875,0.5040283203125,-0.004150390625
trained,category-encoding-e4-transformer-seed314159,transformer,encoding_e4,314159,to_cycle|to_lehmer|to_inversion_vector|to_reduced_word,longest_decreasing_run,global_run,block_02,0.0001,0.3012660368259692,6144,2048,8192,0.35443432834921496,0.5964771806138466,0.8856966362859833,0.5169677734375,0.5018310546875,0.01513671875
trained,category-encoding-e4-transformer-seed314159,transformer,encoding_e4,314159,to_cycle|to_lehmer|to_inversion_vector|to_reduced_word,global_descents,global_run,block_02,1e-06,0.3865992382887228,6144,2048,8192,0.4953739761216237,0.7084564021444676,0.8833269283150625,0.8848876953125,0.8125,0.0723876953125
trained,category-encoding-e4-transformer-seed314159,transformer,encoding_e4,314159,to_cycle|to_lehmer|to_inversion_vector|to_reduced_word,components,global_run,block_02,1e-06,0.4981015513243935,6144,2048,8192,0.5966700624256311,0.7778306882336302,0.7886616234968852,0.863525390625,0.804931640625,0.05859375
trained,category-encoding-e4-transformer-seed314159,transformer,encoding_e4,314159,to_cycle|to_lehmer|to_inversion_vector|to_reduced_word,max_displacement,global_run,block_02,1e-05,0.6540056045363906,6144,2048,8192,0.6643218755410947,0.8149276048133783,0.5915696701148616,0.4674072265625,0.2574462890625,0.2099609375
trained,category-encoding-e4-transformer-seed314159,transformer,encoding_e4,314159,to_cycle|to_lehmer|to_inversion_vector|to_reduced_word,displacement_one_count,global_run,block_02,1e-05,0.3278868463656238,6144,2048,8192,0.34687984321811494,0.5906517605266999,0.8000339111334578,0.39453125,0.3072509765625,0.0872802734375
trained,category-encoding-e4-transformer-seed314159,transformer,encoding_e4,314159,to_cycle|to_lehmer|to_inversion_vector|to_reduced_word,descents,local,block_03,0.0001,0.36958730342223156,6144,2048,8192,0.39940505056492415,0.6319747786617183,0.7912829862115319,0.4281005859375,0.3338623046875,0.09423828125
trained,category-encoding-e4-transformer-seed314159,transformer,encoding_e4,314159,to_cycle|to_lehmer|to_inversion_vector|to_reduced_word,recoils,local,block_03,1e-05,0.35340420508568926,6144,2048,8192,0.3649813455602572,0.6048904662018662,0.8062251548208146,0.4285888671875,0.33642578125,0.0921630859375
trained,category-encoding-e4-transformer-seed314159,transformer,encoding_e4,314159,to_cycle|to_lehmer|to_inversion_vector|to_reduced_word,peaks,local,block_03,0.001,0.17945042330432104,6144,2048,8192,0.20909587034200083,0.45728473847210743,0.8779458437813835,0.49755859375,0.4635009765625,0.0340576171875
trained,category-encoding-e4-transformer-seed314159,transformer,encoding_e4,314159,to_cycle|to_lehmer|to_inversion_vector|to_reduced_word,valleys,local,block_03,0.001,0.2215463933166285,6144,2048,8192,0.2289257982482218,0.47888491158477076,0.8716521077459409,0.4937744140625,0.45556640625,0.0382080078125
trained,category-encoding-e4-transformer-seed314159,transformer,encoding_e4,314159,to_cycle|to_lehmer|to_inversion_vector|to_reduced_word,double_ascents,local,block_03,0.001,0.2756217805279789,6144,2048,8192,0.29964709321559546,0.5471164955085823,0.847737853756223,0.37109375,0.344482421875,0.026611328125
trained,category-encoding-e4-transformer-seed314159,transformer,encoding_e4,314159,to_cycle|to_lehmer|to_inversion_vector|to_reduced_word,double_descents,local,block_03,0.001,0.2505511163894214,6144,2048,8192,0.2688575782228988,0.5182157477000074,0.851884709885866,0.3795166015625,0.3399658203125,0.03955078125
trained,category-encoding-e4-transformer-seed314159,transformer,encoding_e4,314159,to_cycle|to_lehmer|to_inversion_vector|to_reduced_word,successions,local,block_03,0.001,0.31037852016415746,6144,2048,8192,0.3125163265772005,0.5601770798452462,0.8852806412322552,0.4051513671875,0.398681640625,0.0064697265625
trained,category-encoding-e4-transformer-seed314159,transformer,encoding_e4,314159,to_cycle|to_lehmer|to_inversion_vector|to_reduced_word,adjacencies,local,block_03,0.0001,0.2670313035631886,6144,2048,8192,0.31000919124131354,0.5568343448637902,0.8678687393642501,0.3453369140625,0.329345703125,0.0159912109375
trained,category-encoding-e4-transformer-seed314159,transformer,encoding_e4,314159,to_cycle|to_lehmer|to_inversion_vector|to_reduced_word,fixed_points,positional,block_03,0.0001,0.47191808158289117,6144,2048,8192,0.45497335743847067,0.6747322146791395,0.747519819246332,0.496337890625,0.369873046875,0.12646484375
trained,category-encoding-e4-transformer-seed314159,transformer,encoding_e4,314159,to_cycle|to_lehmer|to_inversion_vector|to_reduced_word,anti_fixed_points,positional,block_03,0.0001,0.29539324740741413,6144,2048,8192,0.26787967877626473,0.5197343455472547,0.8535806669819902,0.443359375,0.37939453125,0.06396484375
trained,category-encoding-e4-transformer-seed314159,transformer,encoding_e4,314159,to_cycle|to_lehmer|to_inversion_vector|to_reduced_word,exceedances,positional,block_03,0.0001,0.7523458454154295,6144,2048,8192,0.7585893734486424,0.8710101528003918,0.4897355206733721,0.619384765625,0.3426513671875,0.2767333984375
trained,category-encoding-e4-transformer-seed314159,transformer,encoding_e4,314159,to_cycle|to_lehmer|to_inversion_vector|to_reduced_word,deficiencies,positional,block_03,0.0001,0.6684176786030898,6144,2048,8192,0.6692514477241358,0.8179312099726357,0.5761635925636829,0.5675048828125,0.34033203125,0.2271728515625
trained,category-encoding-e4-transformer-seed314159,transformer,encoding_e4,314159,to_cycle|to_lehmer|to_inversion_vector|to_reduced_word,left_to_right_maxima,positional,block_03,0.0001,0.6018694902922219,6144,2048,8192,0.5930200272799546,0.7697466852242467,0.6528211359184805,0.478515625,0.3026123046875,0.1759033203125
trained,category-encoding-e4-transformer-seed314159,transformer,encoding_e4,314159,to_cycle|to_lehmer|to_inversion_vector|to_reduced_word,left_to_right_minima,positional,block_03,0.0001,0.6297614584305081,6144,2048,8192,0.6147180887018504,0.7844244774109783,0.611891812504289,0.4915771484375,0.307373046875,0.1842041015625
trained,category-encoding-e4-transformer-seed314159,transformer,encoding_e4,314159,to_cycle|to_lehmer|to_inversion_vector|to_reduced_word,right_to_left_maxima,positional,block_03,0.0001,0.6989127400177089,6144,2048,8192,0.7074848567282979,0.8411232821860563,0.5571045831570779,0.5419921875,0.3045654296875,0.2374267578125
trained,category-encoding-e4-transformer-seed314159,transformer,encoding_e4,314159,to_cycle|to_lehmer|to_inversion_vector|to_reduced_word,right_to_left_minima,positional,block_03,0.0001,0.7885495593994718,6144,2048,8192,0.788547624046161,0.8880290110350871,0.47256652807378813,0.6051025390625,0.2933349609375,0.311767578125
trained,category-encoding-e4-transformer-seed314159,transformer,encoding_e4,314159,to_cycle|to_lehmer|to_inversion_vector|to_reduced_word,cycle_count,cycle,block_03,0.001,0.2892436814197509,6144,2048,8192,0.28311776739420114,0.5324057318326907,0.8439562333366024,0.38037109375,0.3079833984375,0.0723876953125
trained,category-encoding-e4-transformer-seed314159,transformer,encoding_e4,314159,to_cycle|to_lehmer|to_inversion_vector|to_reduced_word,two_cycle_count,cycle,block_03,0.001,0.06382033684179611,6144,2048,8192,0.06888865726495297,0.26459092242125354,0.974754795765819,0.5137939453125,0.6026611328125,-0.0888671875
trained,category-encoding-e4-transformer-seed314159,transformer,encoding_e4,314159,to_cycle|to_lehmer|to_inversion_vector|to_reduced_word,three_cycle_count,cycle,block_03,0.1,0.007167681211247667,6144,2048,8192,0.010028531981749023,0.10050796527608223,0.9952951343826495,0.727783203125,0.7235107421875,0.0042724609375
trained,category-encoding-e4-transformer-seed314159,transformer,encoding_e4,314159,to_cycle|to_lehmer|to_inversion_vector|to_reduced_word,even_cycle_count,cycle,block_03,0.001,0.04710746815141553,6144,2048,8192,0.058431192953141475,0.24468274449961244,0.9811645677825233,0.42529296875,0.40771484375,0.017578125
trained,category-encoding-e4-transformer-seed314159,transformer,encoding_e4,314159,to_cycle|to_lehmer|to_inversion_vector|to_reduced_word,odd_cycle_count,cycle,block_03,0.001,0.31427322208072517,6144,2048,8192,0.30059281180563735,0.5485614984558914,0.8303505571980212,0.380126953125,0.5802001953125,-0.2000732421875
trained,category-encoding-e4-transformer-seed314159,transformer,encoding_e4,314159,to_cycle|to_lehmer|to_inversion_vector|to_reduced_word,longest_cycle,cycle,block_03,0.01,0.08217058556451551,6144,2048,8192,0.09594040471637133,0.3098307128165695,0.9530918683805114,0.18359375,0.1644287109375,0.0191650390625
trained,category-encoding-e4-transformer-seed314159,transformer,encoding_e4,314159,to_cycle|to_lehmer|to_inversion_vector|to_reduced_word,shortest_cycle,cycle,block_03,0.001,0.12914286054807267,6144,2048,8192,0.1265970023374806,0.3578126957704782,0.938358581311318,0.2430419921875,0.6358642578125,-0.392822265625
trained,category-encoding-e4-transformer-seed314159,transformer,encoding_e4,314159,to_cycle|to_lehmer|to_inversion_vector|to_reduced_word,nontrivial_cycle_count,cycle,block_03,0.01,0.07467990762486398,6144,2048,8192,0.07856447692115398,0.2801767425072745,0.974071080605597,0.4566650390625,0.4312744140625,0.025390625
trained,category-encoding-e4-transformer-seed314159,transformer,encoding_e4,314159,to_cycle|to_lehmer|to_inversion_vector|to_reduced_word,lis_length,global_run,block_03,0.0001,0.6160543158245452,6144,2048,8192,0.6340495570982954,0.7963286055011277,0.6186579820244907,0.543701171875,0.39697265625,0.146728515625
trained,category-encoding-e4-transformer-seed314159,transformer,encoding_e4,314159,to_cycle|to_lehmer|to_inversion_vector|to_reduced_word,lds_length,global_run,block_03,0.0001,0.6015619642506169,6144,2048,8192,0.6188942085861149,0.7866734272950161,0.6402492878263155,0.548583984375,0.396484375,0.152099609375
trained,category-encoding-e4-transformer-seed314159,transformer,encoding_e4,314159,to_cycle|to_lehmer|to_inversion_vector|to_reduced_word,longest_increasing_run,global_run,block_03,0.001,0.4248848511545785,6144,2048,8192,0.41336150740149114,0.6442052306642715,0.8181478042296937,0.513916015625,0.5040283203125,0.0098876953125
trained,category-encoding-e4-transformer-seed314159,transformer,encoding_e4,314159,to_cycle|to_lehmer|to_inversion_vector|to_reduced_word,longest_decreasing_run,global_run,block_03,0.001,0.2904100941453408,6144,2048,8192,0.3742446586182554,0.615095579210661,0.8720011622362844,0.5159912109375,0.5018310546875,0.01416015625
trained,category-encoding-e4-transformer-seed314159,transformer,encoding_e4,314159,to_cycle|to_lehmer|to_inversion_vector|to_reduced_word,global_descents,global_run,block_03,1e-06,0.3932098942870047,6144,2048,8192,0.5115031230542532,0.7195781117888864,0.8690955858125566,0.8797607421875,0.8125,0.0672607421875
trained,category-encoding-e4-transformer-seed314159,transformer,encoding_e4,314159,to_cycle|to_lehmer|to_inversion_vector|to_reduced_word,components,global_run,block_03,1e-06,0.4918686927185568,6144,2048,8192,0.5928546159294956,0.775991991981388,0.7923831588953814,0.8785400390625,0.804931640625,0.0736083984375
trained,category-encoding-e4-transformer-seed314159,transformer,encoding_e4,314159,to_cycle|to_lehmer|to_inversion_vector|to_reduced_word,max_displacement,global_run,block_03,0.0001,0.6557784079578689,6144,2048,8192,0.6612458849412801,0.8130911744232457,0.5942739170967218,0.4608154296875,0.2574462890625,0.203369140625
trained,category-encoding-e4-transformer-seed314159,transformer,encoding_e4,314159,to_cycle|to_lehmer|to_inversion_vector|to_reduced_word,displacement_one_count,global_run,block_03,0.0001,0.30037586502375746,6144,2048,8192,0.3190976035710309,0.5667038757971437,0.8168725146323739,0.384521484375,0.3072509765625,0.0772705078125
trained,category-encoding-e4-transformer-seed314159,transformer,encoding_e4,314159,to_cycle|to_lehmer|to_inversion_vector|to_reduced_word,descents,local,block_04,0.0001,0.3511217207738946,6144,2048,8192,0.3626348257831774,0.6027165565811493,0.8151455365781474,0.4150390625,0.3338623046875,0.0811767578125
trained,category-encoding-e4-transformer-seed314159,transformer,encoding_e4,314159,to_cycle|to_lehmer|to_inversion_vector|to_reduced_word,recoils,local,block_04,0.0001,0.3150584095940894,6144,2048,8192,0.3493775157299691,0.5914038223351042,0.8160704202007448,0.4228515625,0.33642578125,0.08642578125
trained,category-encoding-e4-transformer-seed314159,transformer,encoding_e4,314159,to_cycle|to_lehmer|to_inversion_vector|to_reduced_word,peaks,local,block_04,0.001,0.17619617181479852,6144,2048,8192,0.2081796435029275,0.45631199889497404,0.8784542269630004,0.496337890625,0.4635009765625,0.0328369140625
trained,category-encoding-e4-transformer-seed314159,transformer,encoding_e4,314159,to_cycle|to_lehmer|to_inversion_vector|to_reduced_word,valleys,local,block_04,0.001,0.22549342024677854,6144,2048,8192,0.22174920962340516,0.4713511673154421,0.8756990597546231,0.4937744140625,0.45556640625,0.0382080078125
trained,category-encoding-e4-transformer-seed314159,transformer,encoding_e4,314159,to_cycle|to_lehmer|to_inversion_vector|to_reduced_word,double_ascents,local,block_04,0.001,0.26566723236586987,6144,2048,8192,0.27818277111612466,0.5271976735197318,0.8606304943751861,0.370361328125,0.344482421875,0.02587890625
trained,category-encoding-e4-transformer-seed314159,transformer,encoding_e4,314159,to_cycle|to_lehmer|to_inversion_vector|to_reduced_word,double_descents,local,block_04,0.001,0.21901893873565725,6144,2048,8192,0.23888729067787096,0.48887180270904446,0.8691691813493991,0.3685302734375,0.3399658203125,0.028564453125
trained,category-encoding-e4-transformer-seed314159,transformer,encoding_e4,314159,to_cycle|to_lehmer|to_inversion_vector|to_reduced_word,successions,local,block_04,0.001,0.2917898987137615,6144,2048,8192,0.3087361687244392,0.5567640054035533,0.8877111810999747,0.41162109375,0.398681640625,0.012939453125
trained,category-encoding-e4-transformer-seed314159,transformer,encoding_e4,314159,to_cycle|to_lehmer|to_inversion_vector|to_reduced_word,adjacencies,local,block_04,0.001,0.22964758766559334,6144,2048,8192,0.2822307625582836,0.5327851382314868,0.8851661817751939,0.3388671875,0.329345703125,0.009521484375
trained,category-encoding-e4-transformer-seed314159,transformer,encoding_e4,314159,to_cycle|to_lehmer|to_inversion_vector|to_reduced_word,fixed_points,positional,block_04,0.0001,0.4357192683564741,6144,2048,8192,0.41871955331365696,0.6478240393218649,0.7719811618411312,0.4827880859375,0.369873046875,0.1129150390625
trained,category-encoding-e4-transformer-seed314159,transformer,encoding_e4,314159,to_cycle|to_lehmer|to_inversion_vector|to_reduced_word,anti_fixed_points,positional,block_04,0.0001,0.2999395471745169,6144,2048,8192,0.2660173758260994,0.5183257734979838,0.8546656089953061,0.4412841796875,0.37939453125,0.0618896484375
trained,category-encoding-e4-transformer-seed314159,transformer,encoding_e4,314159,to_cycle|to_lehmer|to_inversion_vector|to_reduced_word,exceedances,positional,block_04,0.0001,0.7118579986876721,6144,2048,8192,0.7277325551177646,0.8531506595459684,0.5200933141610649,0.60302734375,0.3426513671875,0.2603759765625
trained,category-encoding-e4-transformer-seed314159,transformer,encoding_e4,314159,to_cycle|to_lehmer|to_inversion_vector|to_reduced_word,deficiencies,positional,block_04,0.0001,0.6321836959460575,6144,2048,8192,0.6437794420366338,0.802483470346921,0.597938235931322,0.5504150390625,0.34033203125,0.2100830078125
trained,category-encoding-e4-transformer-seed314159,transformer,encoding_e4,314159,to_cycle|to_lehmer|to_inversion_vector|to_reduced_word,left_to_right_maxima,positional,block_04,1e-05,0.6101262418031482,6144,2048,8192,0.6002676277373644,0.7744508680741816,0.6469822234611012,0.4815673828125,0.3026123046875,0.178955078125
trained,category-encoding-e4-transformer-seed314159,transformer,encoding_e4,314159,to_cycle|to_lehmer|to_inversion_vector|to_reduced_word,left_to_right_minima,positional,block_04,0.0001,0.64448416870675,6144,2048,8192,0.6409176242309338,0.8009974803820057,0.5907209551290868,0.524169921875,0.307373046875,0.216796875
trained,category-encoding-e4-transformer-seed314159,transformer,encoding_e4,314159,to_cycle|to_lehmer|to_inversion_vector|to_reduced_word,right_to_left_maxima,positional,block_04,0.0001,0.6872164895265782,6144,2048,8192,0.6721689743321144,0.8199057211517617,0.5897766584312458,0.53125,0.3045654296875,0.2266845703125
trained,category-encoding-e4-transformer-seed314159,transformer,encoding_e4,314159,to_cycle|to_lehmer|to_inversion_vector|to_reduced_word,right_to_left_minima,positional,block_04,0.0001,0.7805493665592377,6144,2048,8192,0.7796483477962971,0.8830780079421724,0.4824083630898749,0.5965576171875,0.2933349609375,0.30322265625
trained,category-encoding-e4-transformer-seed314159,transformer,encoding_e4,314159,to_cycle|to_lehmer|to_inversion_vector|to_reduced_word,cycle_count,cycle,block_04,0.001,0.2736258817944136,6144,2048,8192,0.25792749643331014,0.5090848828832786,0.8586559557707484,0.381591796875,0.3079833984375,0.0736083984375
trained,category-encoding-e4-transformer-seed314159,transformer,encoding_e4,314159,to_cycle|to_lehmer|to_inversion_vector|to_reduced_word,two_cycle_count,cycle,block_04,0.001,0.04999111986245919,6144,2048,8192,0.06887333778226867,0.2650332086355176,0.9747628145048831,0.52392578125,0.6026611328125,-0.0787353515625
trained,category-encoding-e4-transformer-seed314159,transformer,encoding_e4,314159,to_cycle|to_lehmer|to_inversion_vector|to_reduced_word,three_cycle_count,cycle,block_04,0.1,0.00756769900693921,6144,2048,8192,0.010047481711775386,0.10136594723127983,0.9952856085200569,0.7269287109375,0.7235107421875,0.00341796875
trained,category-encoding-e4-transformer-seed314159,transformer,encoding_e4,314159,to_cycle|to_lehmer|to_inversion_vector|to_reduced_word,even_cycle_count,cycle,block_04,0.001,0.04032858722533028,6144,2048,8192,0.059427833543741815,0.24629049433242062,0.9806451541560991,0.4287109375,0.40771484375,0.02099609375
trained,category-encoding-e4-transformer-seed314159,transformer,encoding_e4,314159,to_cycle|to_lehmer|to_inversion_vector|to_reduced_word,odd_cycle_count,cycle,block_04,0.0001,0.2982398685609162,6144,2048,8192,0.2718010848945861,0.5249071979334033,0.8472692590948074,0.3687744140625,0.5802001953125,-0.21142578125
trained,category-encoding-e4-transformer-seed314159,transformer,encoding_e4,314159,to_cycle|to_lehmer|to_inversion_vector|to_reduced_word,longest_cycle,cycle,block_04,0.01,0.07932919470345479,6144,2048,8192,0.08659632383824956,0.29507352794443237,0.9580046384521421,0.1827392578125,0.1644287109375,0.018310546875
trained,category-encoding-e4-transformer-seed314159,transformer,encoding_e4,314159,to_cycle|to_lehmer|to_inversion_vector|to_reduced_word,shortest_cycle,cycle,block_04,0.01,0.11967668242741025,6144,2048,8192,0.10728403278443666,0.32788322713483986,0.9486764991140583,0.213134765625,0.6358642578125,-0.4227294921875
trained,category-encoding-e4-transformer-seed314159,transformer,encoding_e4,314159,to_cycle|to_lehmer|to_inversion_vector|to_reduced_word,nontrivial_cycle_count,cycle,block_04,0.01,0.06846690175062442,6144,2048,8192,0.07645162585845844,0.2764184593813031,0.9751872133302018,0.456787109375,0.4312744140625,0.0255126953125
trained,category-encoding-e4-transformer-seed314159,transformer,encoding_e4,314159,to_cycle|to_lehmer|to_inversion_vector|to_reduced_word,lis_length,global_run,block_04,0.0001,0.6004943258188992,6144,2048,8192,0.6117423097050536,0.782195426043036,0.6372348445866893,0.5380859375,0.39697265625,0.14111328125
trained,category-encoding-e4-transformer-seed314159,transformer,encoding_e4,314159,to_cycle|to_lehmer|to_inversion_vector|to_reduced_word,lds_length,global_run,block_04,0.0001,0.5775048345366989,6144,2048,8192,0.5887617990897596,0.7672842999447675,0.6650787242697161,0.5391845703125,0.396484375,0.1427001953125
trained,category-encoding-e4-transformer-seed314159,transformer,encoding_e4,314159,to_cycle|to_lehmer|to_inversion_vector|to_reduced_word,longest_increasing_run,global_run,block_04,0.001,0.4037987920611774,6144,2048,8192,0.3982896828285011,0.632355641353082,0.8285910161025409,0.50537109375,0.5040283203125,0.0013427734375
trained,category-encoding-e4-transformer-seed314159,transformer,encoding_e4,314159,to_cycle|to_lehmer|to_inversion_vector|to_reduced_word,longest_decreasing_run,global_run,block_04,0.001,0.2695583840591691,6144,2048,8192,0.3400019065157479,0.5856215096483663,0.8955423360350875,0.5115966796875,0.5018310546875,0.009765625
trained,category-encoding-e4-transformer-seed314159,transformer,encoding_e4,314159,to_cycle|to_lehmer|to_inversion_vector|to_reduced_word,global_descents,global_run,block_04,1e-06,0.39314895659829074,6144,2048,8192,0.5028055247097986,0.7132361450814454,0.876798494547282,0.8748779296875,0.8125,0.0623779296875
trained,category-encoding-e4-transformer-seed314159,transformer,encoding_e4,314159,to_cycle|to_lehmer|to_inversion_vector|to_reduced_word,components,global_run,block_04,1e-06,0.5131509564326404,6144,2048,8192,0.6194529221197888,0.7940491420434803,0.7660633310833129,0.892333984375,0.804931640625,0.08740234375
trained,category-encoding-e4-transformer-seed314159,transformer,encoding_e4,314159,to_cycle|to_lehmer|to_inversion_vector|to_reduced_word,max_displacement,global_run,block_04,0.0001,0.6550871066624546,6144,2048,8192,0.652296789661513,0.8075593454990836,0.6020724151594488,0.4600830078125,0.2574462890625,0.20263671875
trained,category-encoding-e4-transformer-seed314159,transformer,encoding_e4,314159,to_cycle|to_lehmer|to_inversion_vector|to_reduced_word,displacement_one_count,global_run,block_04,0.001,0.28083183300989556,6144,2048,8192,0.30574426122695,0.5533247900337264,0.8248435665073829,0.3848876953125,0.3072509765625,0.07763671875
trained,category-encoding-e4-transformer-seed314159,transformer,encoding_e4,314159,to_cycle|to_lehmer|to_inversion_vector|to_reduced_word,descents,local,final_norm,0.0001,0.3495298276287777,6144,2048,8192,0.3588741481176564,0.5997122094863943,0.8175468217036107,0.420166015625,0.3338623046875,0.0863037109375
trained,category-encoding-e4-transformer-seed314159,transformer,encoding_e4,314159,to_cycle|to_lehmer|to_inversion_vector|to_reduced_word,recoils,local,final_norm,0.0001,0.31527557372363124,6144,2048,8192,0.346814566882931,0.5892887897977014,0.8176761831979971,0.421142578125,0.33642578125,0.084716796875
trained,category-encoding-e4-transformer-seed314159,transformer,encoding_e4,314159,to_cycle|to_lehmer|to_inversion_vector|to_reduced_word,peaks,local,final_norm,0.001,0.1751609733837891,6144,2048,8192,0.2048435520166112,0.4526479101911543,0.8803028302036097,0.497314453125,0.4635009765625,0.0338134765625
trained,category-encoding-e4-transformer-seed314159,transformer,encoding_e4,314159,to_cycle|to_lehmer|to_inversion_vector|to_reduced_word,valleys,local,final_norm,0.001,0.21819333051437184,6144,2048,8192,0.21683467703338943,0.4662204774565664,0.8784596600436636,0.4901123046875,0.45556640625,0.0345458984375
trained,category-encoding-e4-transformer-seed314159,transformer,encoding_e4,314159,to_cycle|to_lehmer|to_inversion_vector|to_reduced_word,double_ascents,local,final_norm,0.001,0.26604209002689116,6144,2048,8192,0.27494862951640586,0.5241321119210255,0.8625563905320096,0.370361328125,0.344482421875,0.02587890625
trained,category-encoding-e4-transformer-seed314159,transformer,encoding_e4,314159,to_cycle|to_lehmer|to_inversion_vector|to_reduced_word,double_descents,local,final_norm,0.001,0.2118618267929513,6144,2048,8192,0.23422067065548813,0.48411273639106245,0.8718296835095849,0.37158203125,0.3399658203125,0.0316162109375
trained,category-encoding-e4-transformer-seed314159,transformer,encoding_e4,314159,to_cycle|to_lehmer|to_inversion_vector|to_reduced_word,successions,local,final_norm,0.001,0.28922761744881986,6144,2048,8192,0.3039604304123078,0.552274380678018,0.8907723705966454,0.4073486328125,0.398681640625,0.0086669921875
trained,category-encoding-e4-transformer-seed314159,transformer,encoding_e4,314159,to_cycle|to_lehmer|to_inversion_vector|to_reduced_word,adjacencies,local,final_norm,0.001,0.2167889858844929,6144,2048,8192,0.27345957843742075,0.5243371499983961,0.8905581517685988,0.3372802734375,0.329345703125,0.0079345703125
trained,category-encoding-e4-transformer-seed314159,transformer,encoding_e4,314159,to_cycle|to_lehmer|to_inversion_vector|to_reduced_word,fixed_points,positional,final_norm,0.0001,0.42276416887302837,6144,2048,8192,0.41179979630698216,0.6425774290331985,0.776562528723801,0.480224609375,0.369873046875,0.1103515625
trained,category-encoding-e4-transformer-seed314159,transformer,encoding_e4,314159,to_cycle|to_lehmer|to_inversion_vector|to_reduced_word,anti_fixed_points,positional,final_norm,0.0001,0.29073082482980994,6144,2048,8192,0.2623424322645813,0.5146197679491927,0.8568025303226672,0.4415283203125,0.37939453125,0.0621337890625
trained,category-encoding-e4-transformer-seed314159,transformer,encoding_e4,314159,to_cycle|to_lehmer|to_inversion_vector|to_reduced_word,exceedances,positional,final_norm,0.0001,0.7040406892166992,6144,2048,8192,0.7189767317732512,0.8480314725455819,0.5283899554217343,0.592529296875,0.3426513671875,0.2498779296875
trained,category-encoding-e4-transformer-seed314159,transformer,encoding_e4,314159,to_cycle|to_lehmer|to_inversion_vector|to_reduced_word,deficiencies,positional,final_norm,0.0001,0.6292292845413361,6144,2048,8192,0.6377298308398167,0.7987520538140652,0.6029941835637198,0.5528564453125,0.34033203125,0.2125244140625
trained,category-encoding-e4-transformer-seed314159,transformer,encoding_e4,314159,to_cycle|to_lehmer|to_inversion_vector|to_reduced_word,left_to_right_maxima,positional,final_norm,0.0001,0.5999127760187217,6144,2048,8192,0.5934796400535695,0.7700445846467922,0.6524524080780195,0.4798583984375,0.3026123046875,0.17724609375
trained,category-encoding-e4-transformer-seed314159,transformer,encoding_e4,314159,to_cycle|to_lehmer|to_inversion_vector|to_reduced_word,left_to_right_minima,positional,final_norm,0.0001,0.6324239813865234,6144,2048,8192,0.6349351414951674,0.7972532843243546,0.5956214738823983,0.518310546875,0.307373046875,0.2109375
trained,category-encoding-e4-transformer-seed314159,transformer,encoding_e4,314159,to_cycle|to_lehmer|to_inversion_vector|to_reduced_word,right_to_left_maxima,positional,final_norm,0.0001,0.6818994752399133,6144,2048,8192,0.6681394483990633,0.8174408070997777,0.5933902001032823,0.5272216796875,0.3045654296875,0.22265625
trained,category-encoding-e4-transformer-seed314159,transformer,encoding_e4,314159,to_cycle|to_lehmer|to_inversion_vector|to_reduced_word,right_to_left_minima,positional,final_norm,0.0001,0.7780427077917551,6144,2048,8192,0.7752180903827717,0.8805385895996312,0.4872337355726817,0.59423828125,0.2933349609375,0.3009033203125
trained,category-encoding-e4-transformer-seed314159,transformer,encoding_e4,314159,to_cycle|to_lehmer|to_inversion_vector|to_reduced_word,cycle_count,cycle,final_norm,0.001,0.2666667117256437,6144,2048,8192,0.25468447870136124,0.5059803876359198,0.860530166673547,0.3846435546875,0.3079833984375,0.07666015625
trained,category-encoding-e4-transformer-seed314159,transformer,encoding_e4,314159,to_cycle|to_lehmer|to_inversion_vector|to_reduced_word,two_cycle_count,cycle,final_norm,0.001,0.04679047992213825,6144,2048,8192,0.0681225942486181,0.26335812588281765,0.9751556984495144,0.5245361328125,0.6026611328125,-0.078125
trained,category-encoding-e4-transformer-seed314159,transformer,encoding_e4,314159,to_cycle|to_lehmer|to_inversion_vector|to_reduced_word,three_cycle_count,cycle,final_norm,0.1,0.009223503279202516,6144,2048,8192,0.009839711453179523,0.1010825296948399,0.995390047821598,0.72705078125,0.7235107421875,0.0035400390625
trained,category-encoding-e4-transformer-seed314159,transformer,encoding_e4,314159,to_cycle|to_lehmer|to_inversion_vector|to_reduced_word,even_cycle_count,cycle,final_norm,0.001,0.040997863178556915,6144,2048,8192,0.05894107041864982,0.2452434868815232,0.9808988721453035,0.428466796875,0.40771484375,0.020751953125
trained,category-encoding-e4-transformer-seed314159,transformer,encoding_e4,314159,to_cycle|to_lehmer|to_inversion_vector|to_reduced_word,odd_cycle_count,cycle,final_norm,0.0001,0.291916921897296,6144,2048,8192,0.26789278778421055,0.5213947737043741,0.8495398947047024,0.3656005859375,0.5802001953125,-0.214599609375
trained,category-encoding-e4-transformer-seed314159,transformer,encoding_e4,314159,to_cycle|to_lehmer|to_inversion_vector|to_reduced_word,longest_cycle,cycle,final_norm,0.01,0.0777954411301971,6144,2048,8192,0.0861530853121778,0.29438958597327236,0.9582370510612295,0.1829833984375,0.1644287109375,0.0185546875
trained,category-encoding-e4-transformer-seed314159,transformer,encoding_e4,314159,to_cycle|to_lehmer|to_inversion_vector|to_reduced_word,shortest_cycle,cycle,final_norm,0.01,0.11949894980744302,6144,2048,8192,0.10658983734006244,0.3268783315798916,0.949045283222779,0.212890625,0.6358642578125,-0.4229736328125
trained,category-encoding-e4-transformer-seed314159,transformer,encoding_e4,314159,to_cycle|to_lehmer|to_inversion_vector|to_reduced_word,nontrivial_cycle_count,cycle,final_norm,0.01,0.06678477453324116,6144,2048,8192,0.07590347169653489,0.2754346944177061,0.975476572095679,0.4559326171875,0.4312744140625,0.024658203125
trained,category-encoding-e4-transformer-seed314159,transformer,encoding_e4,314159,to_cycle|to_lehmer|to_inversion_vector|to_reduced_word,lis_length,global_run,final_norm,0.0001,0.6002313529339305,6144,2048,8192,0.6071119048075531,0.7792539551172475,0.6410234494602474,0.5338134765625,0.39697265625,0.1368408203125
trained,category-encoding-e4-transformer-seed314159,transformer,encoding_e4,314159,to_cycle|to_lehmer|to_inversion_vector|to_reduced_word,lds_length,global_run,final_norm,0.0001,0.5707122203001402,6144,2048,8192,0.5826873380705211,0.7633317662587764,0.6699727067741164,0.542236328125,0.396484375,0.145751953125
trained,category-encoding-e4-transformer-seed314159,transformer,encoding_e4,314159,to_cycle|to_lehmer|to_inversion_vector|to_reduced_word,longest_increasing_run,global_run,final_norm,0.001,0.4018638388001491,6144,2048,8192,0.39225023427096184,0.6274510545664126,0.8327389742299267,0.50732421875,0.5040283203125,0.0032958984375
trained,category-encoding-e4-transformer-seed314159,transformer,encoding_e4,314159,to_cycle|to_lehmer|to_inversion_vector|to_reduced_word,longest_decreasing_run,global_run,final_norm,0.001,0.2587193176591296,6144,2048,8192,0.33027864518405914,0.5767962993829465,0.9021148971644847,0.5089111328125,0.5018310546875,0.007080078125
trained,category-encoding-e4-transformer-seed314159,transformer,encoding_e4,314159,to_cycle|to_lehmer|to_inversion_vector|to_reduced_word,global_descents,global_run,final_norm,1e-06,0.3724085252374083,6144,2048,8192,0.49448382577161754,0.7073135657496445,0.8841056706817242,0.8746337890625,0.8125,0.0621337890625
trained,category-encoding-e4-transformer-seed314159,transformer,encoding_e4,314159,to_cycle|to_lehmer|to_inversion_vector|to_reduced_word,components,global_run,final_norm,1e-06,0.49412810358185777,6144,2048,8192,0.6113948414008007,0.7887256651685604,0.7741315356225894,0.887939453125,0.804931640625,0.0830078125
trained,category-encoding-e4-transformer-seed314159,transformer,encoding_e4,314159,to_cycle|to_lehmer|to_inversion_vector|to_reduced_word,max_displacement,global_run,final_norm,0.0001,0.6498244732689152,6144,2048,8192,0.6490368781620334,0.805525397050572,0.6048882129621391,0.459228515625,0.2574462890625,0.2017822265625
trained,category-encoding-e4-transformer-seed314159,transformer,encoding_e4,314159,to_cycle|to_lehmer|to_inversion_vector|to_reduced_word,displacement_one_count,global_run,final_norm,0.001,0.279213285693785,6144,2048,8192,0.30121449689502255,0.5492885463121234,0.8275300925140252,0.3853759765625,0.3072509765625,0.078125
trained,category-encoding-e4-mlp-seed17,mlp,encoding_e4,17,to_cycle|to_lehmer|to_inversion_vector|to_reduced_word,descents,local,embedding,10.0,0.0,6144,2048,8192,0.0,0.0,1.0210358474220083,0.3427734375,0.3338623046875,0.0089111328125
trained,category-encoding-e4-mlp-seed17,mlp,encoding_e4,17,to_cycle|to_lehmer|to_inversion_vector|to_reduced_word,recoils,local,embedding,1.0,2.220446049250313e-16,6144,2048,8192,0.0,0.029346263113380327,1.0117264466110467,0.3408203125,0.33642578125,0.00439453125
trained,category-encoding-e4-mlp-seed17,mlp,encoding_e4,17,to_cycle|to_lehmer|to_inversion_vector|to_reduced_word,peaks,local,embedding,1e-06,0.0,6144,2048,8192,0.0,-0.014523556501340757,0.987201497821541,0.4708251953125,0.4635009765625,0.00732421875
trained,category-encoding-e4-mlp-seed17,mlp,encoding_e4,17,to_cycle|to_lehmer|to_inversion_vector|to_reduced_word,valleys,local,embedding,1e-06,0.0,6144,2048,8192,1.1102230246251565e-16,-0.0019474545633602232,0.992647602968415,0.458984375,0.45556640625,0.00341796875
trained,category-encoding-e4-mlp-seed17,mlp,encoding_e4,17,to_cycle|to_lehmer|to_inversion_vector|to_reduced_word,double_ascents,local,embedding,10.0,0.0,6144,2048,8192,0.0,0.0,1.012985218660725,0.3338623046875,0.344482421875,-0.0106201171875
trained,category-encoding-e4-mlp-seed17,mlp,encoding_e4,17,to_cycle|to_lehmer|to_inversion_vector|to_reduced_word,double_descents,local,embedding,1e-06,0.0,6144,2048,8192,0.0,0.0,0.9962763749938195,0.3388671875,0.3399658203125,-0.0010986328125
trained,category-encoding-e4-mlp-seed17,mlp,encoding_e4,17,to_cycle|to_lehmer|to_inversion_vector|to_reduced_word,successions,local,embedding,1e-06,0.0,6144,2048,8192,0.0,0.0,1.0677013036927756,0.3643798828125,0.398681640625,-0.0343017578125
trained,category-encoding-e4-mlp-seed17,mlp,encoding_e4,17,to_cycle|to_lehmer|to_inversion_vector|to_reduced_word,adjacencies,local,embedding,1e-06,0.0,6144,2048,8192,0.0,0.0,1.0447981442612964,0.329345703125,0.329345703125,0.0
trained,category-encoding-e4-mlp-seed17,mlp,encoding_e4,17,to_cycle|to_lehmer|to_inversion_vector|to_reduced_word,fixed_points,positional,embedding,0.1,2.220446049250313e-16,6144,2048,8192,0.0,0.0,1.0125438624646812,0.3580322265625,0.369873046875,-0.0118408203125
trained,category-encoding-e4-mlp-seed17,mlp,encoding_e4,17,to_cycle|to_lehmer|to_inversion_vector|to_reduced_word,anti_fixed_points,positional,embedding,1e-06,0.0,6144,2048,8192,0.0,0.0,0.9975928763619372,0.3592529296875,0.37939453125,-0.0201416015625
trained,category-encoding-e4-mlp-seed17,mlp,encoding_e4,17,to_cycle|to_lehmer|to_inversion_vector|to_reduced_word,exceedances,positional,embedding,1e-06,0.0,6144,2048,8192,0.0,-0.01944669397300937,0.996743501992833,0.3426513671875,0.3426513671875,0.0
trained,category-encoding-e4-mlp-seed17,mlp,encoding_e4,17,to_cycle|to_lehmer|to_inversion_vector|to_reduced_word,deficiencies,positional,embedding,1e-06,0.0,6144,2048,8192,0.0,0.02065553180339735,1.0018364670463262,0.3414306640625,0.34033203125,0.0010986328125
trained,category-encoding-e4-mlp-seed17,mlp,encoding_e4,17,to_cycle|to_lehmer|to_inversion_vector|to_reduced_word,left_to_right_maxima,positional,embedding,1e-06,0.0,6144,2048,8192,0.0,0.0,1.0233111062138236,0.3040771484375,0.3026123046875,0.00146484375
trained,category-encoding-e4-mlp-seed17,mlp,encoding_e4,17,to_cycle|to_lehmer|to_inversion_vector|to_reduced_word,left_to_right_minima,positional,embedding,1e-06,0.0,6144,2048,8192,0.0,0.0,0.9857920972831147,0.3160400390625,0.307373046875,0.0086669921875
trained,category-encoding-e4-mlp-seed17,mlp,encoding_e4,17,to_cycle|to_lehmer|to_inversion_vector|to_reduced_word,right_to_left_maxima,positional,embedding,1e-06,0.0,6144,2048,8192,0.0,0.0,1.0300600749281232,0.305908203125,0.3045654296875,0.0013427734375
trained,category-encoding-e4-mlp-seed17,mlp,encoding_e4,17,to_cycle|to_lehmer|to_inversion_vector|to_reduced_word,right_to_left_minima,positional,embedding,1e-06,0.0,6144,2048,8192,0.0,0.0,1.0276770844678722,0.3035888671875,0.2933349609375,0.01025390625
trained,category-encoding-e4-mlp-seed17,mlp,encoding_e4,17,to_cycle|to_lehmer|to_inversion_vector|to_reduced_word,cycle_count,cycle,embedding,1e-06,0.0,6144,2048,8192,1.1102230246251565e-16,0.0,0.9967724289122707,0.3077392578125,0.3079833984375,-0.000244140625
trained,category-encoding-e4-mlp-seed17,mlp,encoding_e4,17,to_cycle|to_lehmer|to_inversion_vector|to_reduced_word,two_cycle_count,cycle,embedding,1e-06,0.0,6144,2048,8192,0.0,0.0,1.0101702448488212,0.4593505859375,0.6026611328125,-0.143310546875
trained,category-encoding-e4-mlp-seed17,mlp,encoding_e4,17,to_cycle|to_lehmer|to_inversion_vector|to_reduced_word,three_cycle_count,cycle,embedding,1e-06,1.1102230246251565e-16,6144,2048,8192,0.0,0.0,1.0003236622577176,0.7235107421875,0.7235107421875,0.0
trained,category-encoding-e4-mlp-seed17,mlp,encoding_e4,17,to_cycle|to_lehmer|to_inversion_vector|to_reduced_word,even_cycle_count,cycle,embedding,1e-06,0.0,6144,2048,8192,0.0,0.0,1.0111505563890062,0.3974609375,0.40771484375,-0.01025390625
trained,category-encoding-e4-mlp-seed17,mlp,encoding_e4,17,to_cycle|to_lehmer|to_inversion_vector|to_reduced_word,odd_cycle_count,cycle,embedding,1e-06,2.220446049250313e-16,6144,2048,8192,0.0,0.0,0.9928792526047006,0.3057861328125,0.5802001953125,-0.2744140625
trained,category-encoding-e4-mlp-seed17,mlp,encoding_e4,17,to_cycle|to_lehmer|to_inversion_vector|to_reduced_word,longest_cycle,cycle,embedding,1e-06,0.0,6144,2048,8192,0.0,-0.020929402259072923,1.002388866359531,0.1435546875,0.1644287109375,-0.0208740234375
trained,category-encoding-e4-mlp-seed17,mlp,encoding_e4,17,to_cycle|to_lehmer|to_inversion_vector|to_reduced_word,shortest_cycle,cycle,embedding,1e-06,0.0,6144,2048,8192,0.0,0.0,1.004064219330732,0.1092529296875,0.6358642578125,-0.526611328125
trained,category-encoding-e4-mlp-seed17,mlp,encoding_e4,17,to_cycle|to_lehmer|to_inversion_vector|to_reduced_word,nontrivial_cycle_count,cycle,embedding,1e-06,0.0,6144,2048,8192,0.0,0.019612248077488723,1.0147479301353286,0.4290771484375,0.4312744140625,-0.002197265625
trained,category-encoding-e4-mlp-seed17,mlp,encoding_e4,17,to_cycle|to_lehmer|to_inversion_vector|to_reduced_word,lis_length,global_run,embedding,1e-06,0.0,6144,2048,8192,0.0,-0.010817670487704115,1.022679339029915,0.390869140625,0.39697265625,-0.006103515625
trained,category-encoding-e4-mlp-seed17,mlp,encoding_e4,17,to_cycle|to_lehmer|to_inversion_vector|to_reduced_word,lds_length,global_run,embedding,1e-06,0.0,6144,2048,8192,0.0,-0.019348980175673557,1.0371136011049422,0.38720703125,0.396484375,-0.00927734375
trained,category-encoding-e4-mlp-seed17,mlp,encoding_e4,17,to_cycle|to_lehmer|to_inversion_vector|to_reduced_word,longest_increasing_run,global_run,embedding,1e-06,0.0,6144,2048,8192,0.0,0.02285902678968279,1.0681850394483854,0.4554443359375,0.5040283203125,-0.048583984375
trained,category-encoding-e4-mlp-seed17,mlp,encoding_e4,17,to_cycle|to_lehmer|to_inversion_vector|to_reduced_word,longest_decreasing_run,global_run,embedding,1e-06,0.0,6144,2048,8192,0.0,0.004032192971520774,1.1023380059178607,0.459716796875,0.5018310546875,-0.0421142578125
trained,category-encoding-e4-mlp-seed17,mlp,encoding_e4,17,to_cycle|to_lehmer|to_inversion_vector|to_reduced_word,global_descents,global_run,embedding,1e-06,0.0,6144,2048,8192,0.0,0.0,1.2434738264527403,0.7889404296875,0.8125,-0.0235595703125
trained,category-encoding-e4-mlp-seed17,mlp,encoding_e4,17,to_cycle|to_lehmer|to_inversion_vector|to_reduced_word,components,global_run,embedding,1e-06,0.0,6144,2048,8192,0.0,-0.005626064999302367,1.241825229327309,0.7493896484375,0.804931640625,-0.0555419921875
trained,category-encoding-e4-mlp-seed17,mlp,encoding_e4,17,to_cycle|to_lehmer|to_inversion_vector|to_reduced_word,max_displacement,global_run,embedding,1e-06,0.0,6144,2048,8192,0.0,-0.013202252517537252,1.0210438164840894,0.238037109375,0.2574462890625,-0.0194091796875
trained,category-encoding-e4-mlp-seed17,mlp,encoding_e4,17,to_cycle|to_lehmer|to_inversion_vector|to_reduced_word,displacement_one_count,global_run,embedding,1e-06,0.0,6144,2048,8192,0.0,0.0,0.9899467911205587,0.2646484375,0.3072509765625,-0.0426025390625
trained,category-encoding-e4-mlp-seed17,mlp,encoding_e4,17,to_cycle|to_lehmer|to_inversion_vector|to_reduced_word,descents,local,block_01,0.001,0.15102689753807697,6144,2048,8192,0.13733362056715692,0.3706082146533304,0.9483364128334336,0.391357421875,0.3338623046875,0.0574951171875
trained,category-encoding-e4-mlp-seed17,mlp,encoding_e4,17,to_cycle|to_lehmer|to_inversion_vector|to_reduced_word,recoils,local,block_01,0.001,0.12227087510721724,6144,2048,8192,0.13473405823866502,0.36731577773454677,0.9411046242754123,0.392822265625,0.33642578125,0.056396484375
trained,category-encoding-e4-mlp-seed17,mlp,encoding_e4,17,to_cycle|to_lehmer|to_inversion_vector|to_reduced_word,peaks,local,block_01,0.001,0.095373412827777,6144,2048,8192,0.07476691594706097,0.27937006202881265,0.9495796140832462,0.486328125,0.4635009765625,0.0228271484375
trained,category-encoding-e4-mlp-seed17,mlp,encoding_e4,17,to_cycle|to_lehmer|to_inversion_vector|to_reduced_word,valleys,local,block_01,0.001,0.11301210639522308,6144,2048,8192,0.08181026470282371,0.2924572426648741,0.9511769444181423,0.4736328125,0.45556640625,0.01806640625
trained,category-encoding-e4-mlp-seed17,mlp,encoding_e4,17,to_cycle|to_lehmer|to_inversion_vector|to_reduced_word,double_ascents,local,block_01,0.001,0.10741896472979118,6144,2048,8192,0.09457772420786315,0.3091411121505654,0.9638927102381644,0.3480224609375,0.344482421875,0.0035400390625
trained,category-encoding-e4-mlp-seed17,mlp,encoding_e4,17,to_cycle|to_lehmer|to_inversion_vector|to_reduced_word,double_descents,local,block_01,0.001,0.09917372276090952,6144,2048,8192,0.07986883186857996,0.28608467164469825,0.9556628481056527,0.354736328125,0.3399658203125,0.0147705078125
trained,category-encoding-e4-mlp-seed17,mlp,encoding_e4,17,to_cycle|to_lehmer|to_inversion_vector|to_reduced_word,successions,local,block_01,0.001,0.10227880099383868,6144,2048,8192,0.09021298669531619,0.3009537895216049,1.0184029288002916,0.403076171875,0.398681640625,0.00439453125
trained,category-encoding-e4-mlp-seed17,mlp,encoding_e4,17,to_cycle|to_lehmer|to_inversion_vector|to_reduced_word,adjacencies,local,block_01,0.001,0.11777042148263683,6144,2048,8192,0.10519877817494161,0.32453718716108165,0.9883156597621285,0.342529296875,0.329345703125,0.01318359375
trained,category-encoding-e4-mlp-seed17,mlp,encoding_e4,17,to_cycle|to_lehmer|to_inversion_vector|to_reduced_word,fixed_points,positional,block_01,0.0001,0.26117542731000765,6144,2048,8192,0.26600170689076297,0.5166750513201502,0.8674837946066701,0.4197998046875,0.369873046875,0.0499267578125
trained,category-encoding-e4-mlp-seed17,mlp,encoding_e4,17,to_cycle|to_lehmer|to_inversion_vector|to_reduced_word,anti_fixed_points,positional,block_01,0.001,0.14560622460423156,6144,2048,8192,0.13825188835013535,0.37253976090411417,0.926069347473316,0.3824462890625,0.37939453125,0.0030517578125
trained,category-encoding-e4-mlp-seed17,mlp,encoding_e4,17,to_cycle|to_lehmer|to_inversion_vector|to_reduced_word,exceedances,positional,block_01,1e-05,0.3862483076257326,6144,2048,8192,0.39831740970104945,0.6313734495297159,0.7731560092875825,0.458251953125,0.3426513671875,0.1156005859375
trained,category-encoding-e4-mlp-seed17,mlp,encoding_e4,17,to_cycle|to_lehmer|to_inversion_vector|to_reduced_word,deficiencies,positional,block_01,0.0001,0.4024678386482209,6144,2048,8192,0.40547591619498025,0.6366203922813779,0.7724698937045515,0.461181640625,0.34033203125,0.120849609375
trained,category-encoding-e4-mlp-seed17,mlp,encoding_e4,17,to_cycle|to_lehmer|to_inversion_vector|to_reduced_word,left_to_right_maxima,positional,block_01,0.0001,0.4698438977696554,6144,2048,8192,0.4836782765450697,0.6952394459473087,0.7353056219784204,0.449462890625,0.3026123046875,0.1468505859375
trained,category-encoding-e4-mlp-seed17,mlp,encoding_e4,17,to_cycle|to_lehmer|to_inversion_vector|to_reduced_word,left_to_right_minima,positional,block_01,0.0001,0.6297770642811087,6144,2048,8192,0.6278666129806105,0.7925689350555457,0.6013601563276338,0.543212890625,0.307373046875,0.23583984375
trained,category-encoding-e4-mlp-seed17,mlp,encoding_e4,17,to_cycle|to_lehmer|to_inversion_vector|to_reduced_word,right_to_left_maxima,positional,block_01,0.0001,0.15156691573219572,6144,2048,8192,0.17159986879629074,0.41475898029122915,0.9375245171754646,0.356689453125,0.3045654296875,0.0521240234375
trained,category-encoding-e4-mlp-seed17,mlp,encoding_e4,17,to_cycle|to_lehmer|to_inversion_vector|to_reduced_word,right_to_left_minima,positional,block_01,0.0001,0.25982581698568075,6144,2048,8192,0.27440768635215773,0.5244761628667113,0.8753928787173467,0.3665771484375,0.2933349609375,0.0732421875
trained,category-encoding-e4-mlp-seed17,mlp,encoding_e4,17,to_cycle|to_lehmer|to_inversion_vector|to_reduced_word,cycle_count,cycle,block_01,0.001,0.1768099907365197,6144,2048,8192,0.16839581936744752,0.41085718829970413,0.9089800440122507,0.3621826171875,0.3079833984375,0.05419921875
trained,category-encoding-e4-mlp-seed17,mlp,encoding_e4,17,to_cycle|to_lehmer|to_inversion_vector|to_reduced_word,two_cycle_count,cycle,block_01,0.0001,0.049730005443684,6144,2048,8192,0.022302979088765107,0.1799506563856223,0.9988418213556696,0.50732421875,0.6026611328125,-0.0953369140625
trained,category-encoding-e4-mlp-seed17,mlp,encoding_e4,17,to_cycle|to_lehmer|to_inversion_vector|to_reduced_word,three_cycle_count,cycle,block_01,0.1,0.005502734556135813,6144,2048,8192,0.007406789297813243,0.08609295724434729,0.99661218365153,0.727294921875,0.7235107421875,0.0037841796875
trained,category-encoding-e4-mlp-seed17,mlp,encoding_e4,17,to_cycle|to_lehmer|to_inversion_vector|to_reduced_word,even_cycle_count,cycle,block_01,0.001,0.026197593806240427,6144,2048,8192,0.02097092859425298,0.15649272189623956,1.0004919972840516,0.4215087890625,0.40771484375,0.0137939453125
trained,category-encoding-e4-mlp-seed17,mlp,encoding_e4,17,to_cycle|to_lehmer|to_inversion_vector|to_reduced_word,odd_cycle_count,cycle,block_01,0.001,0.17037351223359287,6144,2048,8192,0.1784892745354545,0.42273318592829556,0.8999182404443555,0.3270263671875,0.5802001953125,-0.253173828125
trained,category-encoding-e4-mlp-seed17,mlp,encoding_e4,17,to_cycle|to_lehmer|to_inversion_vector|to_reduced_word,longest_cycle,cycle,block_01,0.01,0.04571236406889034,6144,2048,8192,0.05721454339691523,0.23945603693920536,0.9732909193573135,0.1800537109375,0.1644287109375,0.015625
trained,category-encoding-e4-mlp-seed17,mlp,encoding_e4,17,to_cycle|to_lehmer|to_inversion_vector|to_reduced_word,shortest_cycle,cycle,block_01,0.001,0.10857157978265031,6144,2048,8192,0.08546872768864344,0.2935457674945176,0.9601979430195714,0.22607421875,0.6358642578125,-0.4097900390625
trained,category-encoding-e4-mlp-seed17,mlp,encoding_e4,17,to_cycle|to_lehmer|to_inversion_vector|to_reduced_word,nontrivial_cycle_count,cycle,block_01,0.001,0.0457318326414804,6144,2048,8192,0.04651259858120993,0.2210295393203645,0.9908676589064884,0.4537353515625,0.4312744140625,0.0224609375
trained,category-encoding-e4-mlp-seed17,mlp,encoding_e4,17,to_cycle|to_lehmer|to_inversion_vector|to_reduced_word,lis_length,global_run,block_01,0.001,0.31384156938175567,6144,2048,8192,0.3091156581334781,0.5562853521963541,0.8500454695710087,0.470947265625,0.39697265625,0.073974609375
trained,category-encoding-e4-mlp-seed17,mlp,encoding_e4,17,to_cycle|to_lehmer|to_inversion_vector|to_reduced_word,lds_length,global_run,block_01,0.001,0.3212406371601163,6144,2048,8192,0.2979244751053749,0.5458655075969974,0.8689969385945505,0.468994140625,0.396484375,0.072509765625
trained,category-encoding-e4-mlp-seed17,mlp,encoding_e4,17,to_cycle|to_lehmer|to_inversion_vector|to_reduced_word,longest_increasing_run,global_run,block_01,0.001,0.11860634532767489,6144,2048,8192,0.10332747097049921,0.3217667508623263,1.0114942620327712,0.4949951171875,0.5040283203125,-0.009033203125
trained,category-encoding-e4-mlp-seed17,mlp,encoding_e4,17,to_cycle|to_lehmer|to_inversion_vector|to_reduced_word,longest_decreasing_run,global_run,block_01,0.001,0.10417300702177545,6144,2048,8192,0.08540206816823714,0.29329510666426684,1.054216692519516,0.4989013671875,0.5018310546875,-0.0029296875
trained,category-encoding-e4-mlp-seed17,mlp,encoding_e4,17,to_cycle|to_lehmer|to_inversion_vector|to_reduced_word,global_descents,global_run,block_01,0.0001,0.14149579915238453,6144,2048,8192,0.19038820844663673,0.43686712715812603,1.1188582299765915,0.8218994140625,0.8125,0.0093994140625
trained,category-encoding-e4-mlp-seed17,mlp,encoding_e4,17,to_cycle|to_lehmer|to_inversion_vector|to_reduced_word,components,global_run,block_01,1e-06,0.17568433070043032,6144,2048,8192,0.2606617734143962,0.5108946443448493,1.0677806823378742,0.8348388671875,0.804931640625,0.0299072265625
trained,category-encoding-e4-mlp-seed17,mlp,encoding_e4,17,to_cycle|to_lehmer|to_inversion_vector|to_reduced_word,max_displacement,global_run,block_01,0.0001,0.39749867070729983,6144,2048,8192,0.38243061853226523,0.6190750466211958,0.802393233220732,0.3564453125,0.2574462890625,0.0989990234375
trained,category-encoding-e4-mlp-seed17,mlp,encoding_e4,17,to_cycle|to_lehmer|to_inversion_vector|to_reduced_word,displacement_one_count,global_run,block_01,0.0001,0.2871020889185577,6144,2048,8192,0.2716332930481459,0.5233520596686179,0.844864175772994,0.364990234375,0.3072509765625,0.0577392578125
trained,category-encoding-e4-mlp-seed17,mlp,encoding_e4,17,to_cycle|to_lehmer|to_inversion_vector|to_reduced_word,descents,local,final_norm,0.01,0.11603366569633389,6144,2048,8192,0.10193018072561566,0.3188942553658349,0.9676004034364385,0.359130859375,0.3338623046875,0.0252685546875
trained,category-encoding-e4-mlp-seed17,mlp,encoding_e4,17,to_cycle|to_lehmer|to_inversion_vector|to_reduced_word,recoils,local,final_norm,0.01,0.08562378232027412,6144,2048,8192,0.09726170849549276,0.31214557424857975,0.9612670031780972,0.3448486328125,0.33642578125,0.0084228515625
trained,category-encoding-e4-mlp-seed17,mlp,encoding_e4,17,to_cycle|to_lehmer|to_inversion_vector|to_reduced_word,peaks,local,final_norm,0.01,0.06290645044184429,6144,2048,8192,0.05858557038690837,0.24402520145988985,0.9578471932417336,0.483642578125,0.4635009765625,0.0201416015625
trained,category-encoding-e4-mlp-seed17,mlp,encoding_e4,17,to_cycle|to_lehmer|to_inversion_vector|to_reduced_word,valleys,local,final_norm,0.01,0.08800003063431294,6144,2048,8192,0.06700029329259194,0.26191774962031794,0.9588172787433545,0.470458984375,0.45556640625,0.014892578125
trained,category-encoding-e4-mlp-seed17,mlp,encoding_e4,17,to_cycle|to_lehmer|to_inversion_vector|to_reduced_word,double_ascents,local,final_norm,0.01,0.0893836369045864,6144,2048,8192,0.07802139375453654,0.27895792540466946,0.9726655407212351,0.345458984375,0.344482421875,0.0009765625
trained,category-encoding-e4-mlp-seed17,mlp,encoding_e4,17,to_cycle|to_lehmer|to_inversion_vector|to_reduced_word,double_descents,local,final_norm,0.01,0.06828204228894119,6144,2048,8192,0.06189123886298342,0.24896971126188083,0.9649535936465996,0.346435546875,0.3399658203125,0.0064697265625
trained,category-encoding-e4-mlp-seed17,mlp,encoding_e4,17,to_cycle|to_lehmer|to_inversion_vector|to_reduced_word,successions,local,final_norm,0.01,0.06915439875698826,6144,2048,8192,0.06334808296398164,0.25289577294012316,1.033329638363089,0.3719482421875,0.398681640625,-0.0267333984375
trained,category-encoding-e4-mlp-seed17,mlp,encoding_e4,17,to_cycle|to_lehmer|to_inversion_vector|to_reduced_word,adjacencies,local,final_norm,0.01,0.08869252440377196,6144,2048,8192,0.08419832292371299,0.2912968713116631,0.9998459914866995,0.334716796875,0.329345703125,0.00537109375
trained,category-encoding-e4-mlp-seed17,mlp,encoding_e4,17,to_cycle|to_lehmer|to_inversion_vector|to_reduced_word,fixed_points,positional,final_norm,0.001,0.23579859472254405,6144,2048,8192,0.22071109675369138,0.47062668684523307,0.8938468038876544,0.4007568359375,0.369873046875,0.0308837890625
trained,category-encoding-e4-mlp-seed17,mlp,encoding_e4,17,to_cycle|to_lehmer|to_inversion_vector|to_reduced_word,anti_fixed_points,positional,final_norm,0.01,0.10925026284809713,6144,2048,8192,0.09933242973410872,0.31503584363944365,0.9467506284956442,0.3570556640625,0.37939453125,-0.0223388671875
trained,category-encoding-e4-mlp-seed17,mlp,encoding_e4,17,to_cycle|to_lehmer|to_inversion_vector|to_reduced_word,exceedances,positional,final_norm,0.0001,0.3489379815855467,6144,2048,8192,0.35624944512565715,0.5971283857752412,0.7997278517775661,0.4310302734375,0.3426513671875,0.08837890625
trained,category-encoding-e4-mlp-seed17,mlp,encoding_e4,17,to_cycle|to_lehmer|to_inversion_vector|to_reduced_word,deficiencies,positional,final_norm,0.001,0.35347020808617124,6144,2048,8192,0.36228222931569787,0.601499135857306,0.8000388845548961,0.42919921875,0.34033203125,0.0888671875
trained,category-encoding-e4-mlp-seed17,mlp,encoding_e4,17,to_cycle|to_lehmer|to_inversion_vector|to_reduced_word,left_to_right_maxima,positional,final_norm,0.001,0.42439536968196667,6144,2048,8192,0.42434783815553523,0.651027515711545,0.7764039882819296,0.40625,0.3026123046875,0.1036376953125
trained,category-encoding-e4-mlp-seed17,mlp,encoding_e4,17,to_cycle|to_lehmer|to_inversion_vector|to_reduced_word,left_to_right_minima,positional,final_norm,0.001,0.582784897169321,6144,2048,8192,0.576063051071979,0.7590991228957167,0.6418535790125024,0.5115966796875,0.307373046875,0.2042236328125
trained,category-encoding-e4-mlp-seed17,mlp,encoding_e4,17,to_cycle|to_lehmer|to_inversion_vector|to_reduced_word,right_to_left_maxima,positional,final_norm,0.01,0.11299347022686634,6144,2048,8192,0.13273218164534006,0.3659697674829803,0.9592662611544509,0.314453125,0.3045654296875,0.0098876953125
trained,category-encoding-e4-mlp-seed17,mlp,encoding_e4,17,to_cycle|to_lehmer|to_inversion_vector|to_reduced_word,right_to_left_minima,positional,final_norm,0.001,0.24029505008681284,6144,2048,8192,0.2513466023643124,0.5016448781260773,0.8891951239803993,0.3563232421875,0.2933349609375,0.06298828125
trained,category-encoding-e4-mlp-seed17,mlp,encoding_e4,17,to_cycle|to_lehmer|to_inversion_vector|to_reduced_word,cycle_count,cycle,final_norm,0.001,0.14280603356698518,6144,2048,8192,0.1174401357862851,0.34879456448254925,0.9364144427697757,0.33544921875,0.3079833984375,0.0274658203125
trained,category-encoding-e4-mlp-seed17,mlp,encoding_e4,17,to_cycle|to_lehmer|to_inversion_vector|to_reduced_word,two_cycle_count,cycle,final_norm,0.001,0.027241299618827375,6144,2048,8192,-0.0030715829534193606,0.09953667840833762,1.011720466205221,0.501220703125,0.6026611328125,-0.1014404296875
trained,category-encoding-e4-mlp-seed17,mlp,encoding_e4,17,to_cycle|to_lehmer|to_inversion_vector|to_reduced_word,three_cycle_count,cycle,final_norm,1.0,0.0003973205782707989,6144,2048,8192,0.0010561501881312108,0.032693059608906255,0.9997952766951907,0.7236328125,0.7235107421875,0.0001220703125
trained,category-encoding-e4-mlp-seed17,mlp,encoding_e4,17,to_cycle|to_lehmer|to_inversion_vector|to_reduced_word,even_cycle_count,cycle,final_norm,1.0,0.0027922001965572374,6144,2048,8192,0.0009032635368120268,0.03292835061503428,1.010693785505676,0.408203125,0.40771484375,0.00048828125
trained,category-encoding-e4-mlp-seed17,mlp,encoding_e4,17,to_cycle|to_lehmer|to_inversion_vector|to_reduced_word,odd_cycle_count,cycle,final_norm,0.001,0.1415069183829024,6144,2048,8192,0.13764779977248542,0.37451083937570817,0.9220166709263504,0.3045654296875,0.5802001953125,-0.275634765625
trained,category-encoding-e4-mlp-seed17,mlp,encoding_e4,17,to_cycle|to_lehmer|to_inversion_vector|to_reduced_word,longest_cycle,cycle,final_norm,0.01,0.014064838250656297,6144,2048,8192,0.02573069991371235,0.1659124155246698,0.9894087417463205,0.148193359375,0.1644287109375,-0.0162353515625
trained,category-encoding-e4-mlp-seed17,mlp,encoding_e4,17,to_cycle|to_lehmer|to_inversion_vector|to_reduced_word,shortest_cycle,cycle,final_norm,0.01,0.06489812700145792,6144,2048,8192,0.04965247334147227,0.22339997140269177,0.9788197310849832,0.1854248046875,0.6358642578125,-0.450439453125
trained,category-encoding-e4-mlp-seed17,mlp,encoding_e4,17,to_cycle|to_lehmer|to_inversion_vector|to_reduced_word,nontrivial_cycle_count,cycle,final_norm,0.01,0.02023144665663512,6144,2048,8192,0.02053440188468658,0.14869074466498908,1.0042752679014195,0.43505859375,0.4312744140625,0.0037841796875
trained,category-encoding-e4-mlp-seed17,mlp,encoding_e4,17,to_cycle|to_lehmer|to_inversion_vector|to_reduced_word,lis_length,global_run,final_norm,0.001,0.2881541143090858,6144,2048,8192,0.28346006005860414,0.5324684440602003,0.8656845836940308,0.4439697265625,0.39697265625,0.0469970703125
trained,category-encoding-e4-mlp-seed17,mlp,encoding_e4,17,to_cycle|to_lehmer|to_inversion_vector|to_reduced_word,lds_length,global_run,final_norm,0.001,0.2774870473958517,6144,2048,8192,0.26567657120634824,0.5156492047353093,0.8887303717986156,0.4530029296875,0.396484375,0.0565185546875
trained,category-encoding-e4-mlp-seed17,mlp,encoding_e4,17,to_cycle|to_lehmer|to_inversion_vector|to_reduced_word,longest_increasing_run,global_run,final_norm,0.01,0.09104397903221018,6144,2048,8192,0.07569902001784978,0.2755644594766894,1.0269592189066332,0.4674072265625,0.5040283203125,-0.03662109375
trained,category-encoding-e4-mlp-seed17,mlp,encoding_e4,17,to_cycle|to_lehmer|to_inversion_vector|to_reduced_word,longest_decreasing_run,global_run,final_norm,0.01,0.06981847618572479,6144,2048,8192,0.06520801099720053,0.25531858009005726,1.065791548458385,0.47998046875,0.5018310546875,-0.0218505859375
trained,category-encoding-e4-mlp-seed17,mlp,encoding_e4,17,to_cycle|to_lehmer|to_inversion_vector|to_reduced_word,global_descents,global_run,final_norm,0.0001,0.139229622453226,6144,2048,8192,0.1635394514968589,0.40478427506717546,1.1372589924532366,0.7679443359375,0.8125,-0.0445556640625
trained,category-encoding-e4-mlp-seed17,mlp,encoding_e4,17,to_cycle|to_lehmer|to_inversion_vector|to_reduced_word,components,global_run,final_norm,0.001,0.1806391828315047,6144,2048,8192,0.242472047250326,0.494060147898199,1.080836021868205,0.830322265625,0.804931640625,0.025390625
trained,category-encoding-e4-mlp-seed17,mlp,encoding_e4,17,to_cycle|to_lehmer|to_inversion_vector|to_reduced_word,max_displacement,global_run,final_norm,0.001,0.36103035439202535,6144,2048,8192,0.341465641780218,0.5847199253360824,0.8285783833756982,0.328125,0.2574462890625,0.0706787109375
trained,category-encoding-e4-mlp-seed17,mlp,encoding_e4,17,to_cycle|to_lehmer|to_inversion_vector|to_reduced_word,displacement_one_count,global_run,final_norm,0.001,0.23061905227979307,6144,2048,8192,0.21445129115925732,0.4651836168972199,0.8774015793176397,0.3140869140625,0.3072509765625,0.0068359375
trained,category-encoding-e4-mlp-seed42,mlp,encoding_e4,42,to_cycle|to_lehmer|to_inversion_vector|to_reduced_word,descents,local,embedding,1e-06,0.0,6144,2048,8192,0.0,-0.005482626769305789,1.0210358474220083,0.3427734375,0.3338623046875,0.0089111328125
trained,category-encoding-e4-mlp-seed42,mlp,encoding_e4,42,to_cycle|to_lehmer|to_inversion_vector|to_reduced_word,recoils,local,embedding,1e-06,2.220446049250313e-16,6144,2048,8192,0.0,0.028179861787378007,1.0117264466110467,0.3408203125,0.33642578125,0.00439453125
trained,category-encoding-e4-mlp-seed42,mlp,encoding_e4,42,to_cycle|to_lehmer|to_inversion_vector|to_reduced_word,peaks,local,embedding,10.0,1.1102230246251565e-16,6144,2048,8192,0.0,0.0,0.987201497821541,0.4708251953125,0.4635009765625,0.00732421875
trained,category-encoding-e4-mlp-seed42,mlp,encoding_e4,42,to_cycle|to_lehmer|to_inversion_vector|to_reduced_word,valleys,local,embedding,1e-06,0.0,6144,2048,8192,0.0,-0.00023364478917779736,0.9926476029684151,0.458984375,0.45556640625,0.00341796875
trained,category-encoding-e4-mlp-seed42,mlp,encoding_e4,42,to_cycle|to_lehmer|to_inversion_vector|to_reduced_word,double_ascents,local,embedding,0.1,0.0,6144,2048,8192,0.0,0.0,1.012985218660725,0.3338623046875,0.344482421875,-0.0106201171875
trained,category-encoding-e4-mlp-seed42,mlp,encoding_e4,42,to_cycle|to_lehmer|to_inversion_vector|to_reduced_word,double_descents,local,embedding,1.0,0.0,6144,2048,8192,0.0,0.0,0.9962763749938195,0.3388671875,0.3399658203125,-0.0010986328125
trained,category-encoding-e4-mlp-seed42,mlp,encoding_e4,42,to_cycle|to_lehmer|to_inversion_vector|to_reduced_word,successions,local,embedding,1e-06,0.0,6144,2048,8192,0.0,0.0,1.0677013036927756,0.3643798828125,0.398681640625,-0.0343017578125
trained,category-encoding-e4-mlp-seed42,mlp,encoding_e4,42,to_cycle|to_lehmer|to_inversion_vector|to_reduced_word,adjacencies,local,embedding,1e-06,0.0,6144,2048,8192,0.0,0.0,1.0447981442612964,0.329345703125,0.329345703125,0.0
trained,category-encoding-e4-mlp-seed42,mlp,encoding_e4,42,to_cycle|to_lehmer|to_inversion_vector|to_reduced_word,fixed_points,positional,embedding,1e-06,2.220446049250313e-16,6144,2048,8192,-2.220446049250313e-16,0.0,1.0125438624646814,0.3580322265625,0.369873046875,-0.0118408203125
trained,category-encoding-e4-mlp-seed42,mlp,encoding_e4,42,to_cycle|to_lehmer|to_inversion_vector|to_reduced_word,anti_fixed_points,positional,embedding,1e-06,0.0,6144,2048,8192,0.0,0.0,0.9975928763619372,0.3592529296875,0.37939453125,-0.0201416015625
trained,category-encoding-e4-mlp-seed42,mlp,encoding_e4,42,to_cycle|to_lehmer|to_inversion_vector|to_reduced_word,exceedances,positional,embedding,1e-06,2.220446049250313e-16,6144,2048,8192,0.0,-0.022135823962148936,0.996743501992833,0.3426513671875,0.3426513671875,0.0
trained,category-encoding-e4-mlp-seed42,mlp,encoding_e4,42,to_cycle|to_lehmer|to_inversion_vector|to_reduced_word,deficiencies,positional,embedding,1e-06,0.0,6144,2048,8192,0.0,0.020876973814776104,1.0018364670463262,0.3414306640625,0.34033203125,0.0010986328125
trained,category-encoding-e4-mlp-seed42,mlp,encoding_e4,42,to_cycle|to_lehmer|to_inversion_vector|to_reduced_word,left_to_right_maxima,positional,embedding,1e-06,0.0,6144,2048,8192,0.0,0.0,1.0233111062138236,0.3040771484375,0.3026123046875,0.00146484375
trained,category-encoding-e4-mlp-seed42,mlp,encoding_e4,42,to_cycle|to_lehmer|to_inversion_vector|to_reduced_word,left_to_right_minima,positional,embedding,1e-06,0.0,6144,2048,8192,0.0,0.0,0.9857920972831147,0.3160400390625,0.307373046875,0.0086669921875
trained,category-encoding-e4-mlp-seed42,mlp,encoding_e4,42,to_cycle|to_lehmer|to_inversion_vector|to_reduced_word,right_to_left_maxima,positional,embedding,1e-06,0.0,6144,2048,8192,0.0,0.0,1.0300600749281232,0.305908203125,0.3045654296875,0.0013427734375
trained,category-encoding-e4-mlp-seed42,mlp,encoding_e4,42,to_cycle|to_lehmer|to_inversion_vector|to_reduced_word,right_to_left_minima,positional,embedding,10.0,0.0,6144,2048,8192,0.0,0.0,1.0276770844678722,0.3035888671875,0.2933349609375,0.01025390625
trained,category-encoding-e4-mlp-seed42,mlp,encoding_e4,42,to_cycle|to_lehmer|to_inversion_vector|to_reduced_word,cycle_count,cycle,embedding,1e-06,0.0,6144,2048,8192,1.1102230246251565e-16,0.0,0.9967724289122707,0.3077392578125,0.3079833984375,-0.000244140625
trained,category-encoding-e4-mlp-seed42,mlp,encoding_e4,42,to_cycle|to_lehmer|to_inversion_vector|to_reduced_word,two_cycle_count,cycle,embedding,1e-06,0.0,6144,2048,8192,0.0,0.0,1.0101702448488212,0.4593505859375,0.6026611328125,-0.143310546875
trained,category-encoding-e4-mlp-seed42,mlp,encoding_e4,42,to_cycle|to_lehmer|to_inversion_vector|to_reduced_word,three_cycle_count,cycle,embedding,1e-06,1.1102230246251565e-16,6144,2048,8192,0.0,0.0,1.0003236622577176,0.7235107421875,0.7235107421875,0.0
trained,category-encoding-e4-mlp-seed42,mlp,encoding_e4,42,to_cycle|to_lehmer|to_inversion_vector|to_reduced_word,even_cycle_count,cycle,embedding,1e-06,0.0,6144,2048,8192,0.0,0.0,1.0111505563890062,0.3974609375,0.40771484375,-0.01025390625
trained,category-encoding-e4-mlp-seed42,mlp,encoding_e4,42,to_cycle|to_lehmer|to_inversion_vector|to_reduced_word,odd_cycle_count,cycle,embedding,1e-06,0.0,6144,2048,8192,0.0,0.0,0.9928792526047006,0.3057861328125,0.5802001953125,-0.2744140625
trained,category-encoding-e4-mlp-seed42,mlp,encoding_e4,42,to_cycle|to_lehmer|to_inversion_vector|to_reduced_word,longest_cycle,cycle,embedding,0.01,0.0,6144,2048,8192,0.0,-0.023536949638416422,1.002388866359531,0.1435546875,0.1644287109375,-0.0208740234375
trained,category-encoding-e4-mlp-seed42,mlp,encoding_e4,42,to_cycle|to_lehmer|to_inversion_vector|to_reduced_word,shortest_cycle,cycle,embedding,1e-06,0.0,6144,2048,8192,0.0,0.0,1.004064219330732,0.1092529296875,0.6358642578125,-0.526611328125
trained,category-encoding-e4-mlp-seed42,mlp,encoding_e4,42,to_cycle|to_lehmer|to_inversion_vector|to_reduced_word,nontrivial_cycle_count,cycle,embedding,1e-06,0.0,6144,2048,8192,0.0,0.016835283864188748,1.0147479301353286,0.4290771484375,0.4312744140625,-0.002197265625
trained,category-encoding-e4-mlp-seed42,mlp,encoding_e4,42,to_cycle|to_lehmer|to_inversion_vector|to_reduced_word,lis_length,global_run,embedding,1e-06,0.0,6144,2048,8192,0.0,-0.0034241839290079677,1.022679339029915,0.390869140625,0.39697265625,-0.006103515625
trained,category-encoding-e4-mlp-seed42,mlp,encoding_e4,42,to_cycle|to_lehmer|to_inversion_vector|to_reduced_word,lds_length,global_run,embedding,1e-06,0.0,6144,2048,8192,0.0,-0.021001184384182758,1.0371136011049422,0.38720703125,0.396484375,-0.00927734375
trained,category-encoding-e4-mlp-seed42,mlp,encoding_e4,42,to_cycle|to_lehmer|to_inversion_vector|to_reduced_word,longest_increasing_run,global_run,embedding,1e-06,0.0,6144,2048,8192,0.0,0.013567123302404819,1.0681850394483854,0.4554443359375,0.5040283203125,-0.048583984375
trained,category-encoding-e4-mlp-seed42,mlp,encoding_e4,42,to_cycle|to_lehmer|to_inversion_vector|to_reduced_word,longest_decreasing_run,global_run,embedding,1e-06,0.0,6144,2048,8192,0.0,0.014546992591817482,1.1023380059178607,0.459716796875,0.5018310546875,-0.0421142578125
trained,category-encoding-e4-mlp-seed42,mlp,encoding_e4,42,to_cycle|to_lehmer|to_inversion_vector|to_reduced_word,global_descents,global_run,embedding,1e-06,0.0,6144,2048,8192,0.0,0.0,1.2434738264527403,0.7889404296875,0.8125,-0.0235595703125
trained,category-encoding-e4-mlp-seed42,mlp,encoding_e4,42,to_cycle|to_lehmer|to_inversion_vector|to_reduced_word,components,global_run,embedding,1e-06,0.0,6144,2048,8192,0.0,-0.0021668129862845854,1.241825229327309,0.7493896484375,0.804931640625,-0.0555419921875
trained,category-encoding-e4-mlp-seed42,mlp,encoding_e4,42,to_cycle|to_lehmer|to_inversion_vector|to_reduced_word,max_displacement,global_run,embedding,1e-06,0.0,6144,2048,8192,0.0,-0.014954733389096284,1.0210438164840894,0.238037109375,0.2574462890625,-0.0194091796875
trained,category-encoding-e4-mlp-seed42,mlp,encoding_e4,42,to_cycle|to_lehmer|to_inversion_vector|to_reduced_word,displacement_one_count,global_run,embedding,1e-06,0.0,6144,2048,8192,0.0,0.0,0.9899467911205587,0.2646484375,0.3072509765625,-0.0426025390625
trained,category-encoding-e4-mlp-seed42,mlp,encoding_e4,42,to_cycle|to_lehmer|to_inversion_vector|to_reduced_word,descents,local,block_01,0.001,0.13890420448785323,6144,2048,8192,0.11395233439180019,0.3391660667250867,0.9611021146569659,0.37646484375,0.3338623046875,0.0426025390625
trained,category-encoding-e4-mlp-seed42,mlp,encoding_e4,42,to_cycle|to_lehmer|to_inversion_vector|to_reduced_word,recoils,local,block_01,0.001,0.15610249912209428,6144,2048,8192,0.14654705062456996,0.383500364615388,0.9346583590801141,0.3983154296875,0.33642578125,0.0618896484375
trained,category-encoding-e4-mlp-seed42,mlp,encoding_e4,42,to_cycle|to_lehmer|to_inversion_vector|to_reduced_word,peaks,local,block_01,0.001,0.10946325392404943,6144,2048,8192,0.07486530017929793,0.27837894193089174,0.9495291261864328,0.4820556640625,0.4635009765625,0.0185546875
trained,category-encoding-e4-mlp-seed42,mlp,encoding_e4,42,to_cycle|to_lehmer|to_inversion_vector|to_reduced_word,valleys,local,block_01,0.001,0.11277049365295577,6144,2048,8192,0.09119808404645835,0.30483392359836337,0.9463019067479641,0.48291015625,0.45556640625,0.02734375
trained,category-encoding-e4-mlp-seed42,mlp,encoding_e4,42,to_cycle|to_lehmer|to_inversion_vector|to_reduced_word,double_ascents,local,block_01,0.001,0.10614058881981447,6144,2048,8192,0.08387304301977483,0.29372679669741,0.9695739519344028,0.3497314453125,0.344482421875,0.0052490234375
trained,category-encoding-e4-mlp-seed42,mlp,encoding_e4,42,to_cycle|to_lehmer|to_inversion_vector|to_reduced_word,double_descents,local,block_01,0.001,0.08667430590044478,6144,2048,8192,0.06875038931404709,0.26707350614242265,0.9614194059534867,0.357177734375,0.3399658203125,0.0172119140625
trained,category-encoding-e4-mlp-seed42,mlp,encoding_e4,42,to_cycle|to_lehmer|to_inversion_vector|to_reduced_word,successions,local,block_01,0.0001,0.13143609445580273,6144,2048,8192,0.09947244744024741,0.32054899017267385,1.0132072192241326,0.3822021484375,0.398681640625,-0.0164794921875
trained,category-encoding-e4-mlp-seed42,mlp,encoding_e4,42,to_cycle|to_lehmer|to_inversion_vector|to_reduced_word,adjacencies,local,block_01,0.0001,0.16639857688164095,6144,2048,8192,0.16874047757097144,0.4117713978939053,0.9525783554834159,0.3609619140625,0.329345703125,0.0316162109375
trained,category-encoding-e4-mlp-seed42,mlp,encoding_e4,42,to_cycle|to_lehmer|to_inversion_vector|to_reduced_word,fixed_points,positional,block_01,0.0001,0.2755536894734101,6144,2048,8192,0.24982409615678058,0.5008733996962292,0.8769915333740839,0.3992919921875,0.369873046875,0.0294189453125
trained,category-encoding-e4-mlp-seed42,mlp,encoding_e4,42,to_cycle|to_lehmer|to_inversion_vector|to_reduced_word,anti_fixed_points,positional,block_01,0.0001,0.13994786015823546,6144,2048,8192,0.13658078550038033,0.3714690672817456,0.9269668299134786,0.3841552734375,0.37939453125,0.0047607421875
trained,category-encoding-e4-mlp-seed42,mlp,encoding_e4,42,to_cycle|to_lehmer|to_inversion_vector|to_reduced_word,exceedances,positional,block_01,0.0001,0.43170369259847097,6144,2048,8192,0.4238286444039915,0.6512220529966346,0.7565876446410466,0.4652099609375,0.3426513671875,0.12255859375
trained,category-encoding-e4-mlp-seed42,mlp,encoding_e4,42,to_cycle|to_lehmer|to_inversion_vector|to_reduced_word,deficiencies,positional,block_01,0.0001,0.3773730735958344,6144,2048,8192,0.38801467811114043,0.62308327095982,0.7837315660545939,0.459716796875,0.34033203125,0.119384765625
trained,category-encoding-e4-mlp-seed42,mlp,encoding_e4,42,to_cycle|to_lehmer|to_inversion_vector|to_reduced_word,left_to_right_maxima,positional,block_01,0.0001,0.46493803437294867,6144,2048,8192,0.4588667798732161,0.6771952769757851,0.7527656368426207,0.4373779296875,0.3026123046875,0.134765625
trained,category-encoding-e4-mlp-seed42,mlp,encoding_e4,42,to_cycle|to_lehmer|to_inversion_vector|to_reduced_word,left_to_right_minima,positional,block_01,0.0001,0.6770944952176621,6144,2048,8192,0.6784609770015388,0.823841194833225,0.5589876027208078,0.59521484375,0.307373046875,0.287841796875
trained,category-encoding-e4-mlp-seed42,mlp,encoding_e4,42,to_cycle|to_lehmer|to_inversion_vector|to_reduced_word,right_to_left_maxima,positional,block_01,0.001,0.18387601966145029,6144,2048,8192,0.18582992154399458,0.4311556674207232,0.9294373546736417,0.3597412109375,0.3045654296875,0.05517578125
trained,category-encoding-e4-mlp-seed42,mlp,encoding_e4,42,to_cycle|to_lehmer|to_inversion_vector|to_reduced_word,right_to_left_minima,positional,block_01,0.001,0.3623971468085616,6144,2048,8192,0.3456189793153289,0.5881536989117723,0.8313272567761016,0.3804931640625,0.2933349609375,0.087158203125
trained,category-encoding-e4-mlp-seed42,mlp,encoding_e4,42,to_cycle|to_lehmer|to_inversion_vector|to_reduced_word,cycle_count,cycle,block_01,0.001,0.18695527873237205,6144,2048,8192,0.15481081933769836,0.39455275385837724,0.9163744697739482,0.357177734375,0.3079833984375,0.0491943359375
trained,category-encoding-e4-mlp-seed42,mlp,encoding_e4,42,to_cycle|to_lehmer|to_inversion_vector|to_reduced_word,two_cycle_count,cycle,block_01,0.01,0.015328469460213046,6144,2048,8192,0.01652005312569471,0.13240955060926257,1.0017914632041078,0.4830322265625,0.6026611328125,-0.11962890625
trained,category-encoding-e4-mlp-seed42,mlp,encoding_e4,42,to_cycle|to_lehmer|to_inversion_vector|to_reduced_word,three_cycle_count,cycle,block_01,10.0,-7.166475448450171e-05,6144,2048,8192,0.0004659970849467676,0.02691141100318593,1.0000905611431357,0.7235107421875,0.7235107421875,0.0
trained,category-encoding-e4-mlp-seed42,mlp,encoding_e4,42,to_cycle|to_lehmer|to_inversion_vector|to_reduced_word,even_cycle_count,cycle,block_01,0.01,0.007058043644341927,6144,2048,8192,0.013508681724737182,0.11923240413648326,1.0042976788411577,0.40673828125,0.40771484375,-0.0009765625
trained,category-encoding-e4-mlp-seed42,mlp,encoding_e4,42,to_cycle|to_lehmer|to_inversion_vector|to_reduced_word,odd_cycle_count,cycle,block_01,0.001,0.17808217498127255,6144,2048,8192,0.16656348804620935,0.4088540177107519,0.9064267149886261,0.3155517578125,0.5802001953125,-0.2646484375
trained,category-encoding-e4-mlp-seed42,mlp,encoding_e4,42,to_cycle|to_lehmer|to_inversion_vector|to_reduced_word,longest_cycle,cycle,block_01,0.001,0.05051038287339893,6144,2048,8192,0.047317026950127294,0.22613774251353927,0.978386464706223,0.1806640625,0.1644287109375,0.0162353515625
trained,category-encoding-e4-mlp-seed42,mlp,encoding_e4,42,to_cycle|to_lehmer|to_inversion_vector|to_reduced_word,shortest_cycle,cycle,block_01,0.01,0.06004491899610265,6144,2048,8192,0.06379827596901988,0.25306967277669623,0.9715076151971754,0.2010498046875,0.6358642578125,-0.434814453125
trained,category-encoding-e4-mlp-seed42,mlp,encoding_e4,42,to_cycle|to_lehmer|to_inversion_vector|to_reduced_word,nontrivial_cycle_count,cycle,block_01,0.01,0.019815596644051414,6144,2048,8192,0.03379345395606004,0.18437776853670543,0.9974546559302402,0.4512939453125,0.4312744140625,0.02001953125
trained,category-encoding-e4-mlp-seed42,mlp,encoding_e4,42,to_cycle|to_lehmer|to_inversion_vector|to_reduced_word,lis_length,global_run,block_01,0.0001,0.3579749246536146,6144,2048,8192,0.32658838465338136,0.5721132039210123,0.8392276490333838,0.47314453125,0.39697265625,0.076171875
trained,category-encoding-e4-mlp-seed42,mlp,encoding_e4,42,to_cycle|to_lehmer|to_inversion_vector|to_reduced_word,lds_length,global_run,block_01,0.001,0.319757404909901,6144,2048,8192,0.2936319641972229,0.5417550994905974,0.8716494271539241,0.468994140625,0.396484375,0.072509765625
trained,category-encoding-e4-mlp-seed42,mlp,encoding_e4,42,to_cycle|to_lehmer|to_inversion_vector|to_reduced_word,longest_increasing_run,global_run,block_01,0.001,0.149387710079961,6144,2048,8192,0.10462153720785461,0.3255064673521009,1.0107641107601417,0.47509765625,0.5040283203125,-0.0289306640625
trained,category-encoding-e4-mlp-seed42,mlp,encoding_e4,42,to_cycle|to_lehmer|to_inversion_vector|to_reduced_word,longest_decreasing_run,global_run,block_01,0.001,0.09024212115868713,6144,2048,8192,0.07816095479283836,0.279848373386615,1.0583817208540334,0.505859375,0.5018310546875,0.0040283203125
trained,category-encoding-e4-mlp-seed42,mlp,encoding_e4,42,to_cycle|to_lehmer|to_inversion_vector|to_reduced_word,global_descents,global_run,block_01,0.0001,0.15288660033215307,6144,2048,8192,0.1838068131803945,0.42922546513755666,1.1233966667559803,0.822021484375,0.8125,0.009521484375
trained,category-encoding-e4-mlp-seed42,mlp,encoding_e4,42,to_cycle|to_lehmer|to_inversion_vector|to_reduced_word,components,global_run,block_01,1e-06,0.2754297548885022,6144,2048,8192,0.2916686119308839,0.5401743937580853,1.0451502345534727,0.8369140625,0.804931640625,0.031982421875
trained,category-encoding-e4-mlp-seed42,mlp,encoding_e4,42,to_cycle|to_lehmer|to_inversion_vector|to_reduced_word,max_displacement,global_run,block_01,0.0001,0.4240921800997084,6144,2048,8192,0.4150035563291592,0.6443625566914781,0.7809459779005221,0.3770751953125,0.2574462890625,0.11962890625
trained,category-encoding-e4-mlp-seed42,mlp,encoding_e4,42,to_cycle|to_lehmer|to_inversion_vector|to_reduced_word,displacement_one_count,global_run,block_01,0.0001,0.25386244356164434,6144,2048,8192,0.2629783279744521,0.5146413018561875,0.8498689869422493,0.344970703125,0.3072509765625,0.0377197265625
trained,category-encoding-e4-mlp-seed42,mlp,encoding_e4,42,to_cycle|to_lehmer|to_inversion_vector|to_reduced_word,descents,local,final_norm,0.01,0.09956765225502395,6144,2048,8192,0.0837982774968824,0.2897166528908312,0.9773194500011446,0.35546875,0.3338623046875,0.0216064453125
trained,category-encoding-e4-mlp-seed42,mlp,encoding_e4,42,to_cycle|to_lehmer|to_inversion_vector|to_reduced_word,recoils,local,final_norm,0.01,0.10718286253661613,6144,2048,8192,0.10180161128831255,0.31930689750582214,0.9588468336865648,0.360107421875,0.33642578125,0.023681640625
trained,category-encoding-e4-mlp-seed42,mlp,encoding_e4,42,to_cycle|to_lehmer|to_inversion_vector|to_reduced_word,peaks,local,final_norm,0.01,0.058046791052560054,6144,2048,8192,0.04256708604884363,0.2092832731162,0.9659618670423965,0.46923828125,0.4635009765625,0.0057373046875
trained,category-encoding-e4-mlp-seed42,mlp,encoding_e4,42,to_cycle|to_lehmer|to_inversion_vector|to_reduced_word,valleys,local,final_norm,0.01,0.06755907348553691,6144,2048,8192,0.06034920063852345,0.24676958559153064,0.9622287790677219,0.46923828125,0.45556640625,0.013671875
trained,category-encoding-e4-mlp-seed42,mlp,encoding_e4,42,to_cycle|to_lehmer|to_inversion_vector|to_reduced_word,double_ascents,local,final_norm,0.01,0.0767836796546768,6144,2048,8192,0.05679181480733042,0.24094485984159122,0.9838001596603787,0.3416748046875,0.344482421875,-0.0028076171875
trained,category-encoding-e4-mlp-seed42,mlp,encoding_e4,42,to_cycle|to_lehmer|to_inversion_vector|to_reduced_word,double_descents,local,final_norm,0.01,0.05018100538601489,6144,2048,8192,0.047372585300041625,0.21950622725748944,0.9723919830594027,0.3529052734375,0.3399658203125,0.012939453125
trained,category-encoding-e4-mlp-seed42,mlp,encoding_e4,42,to_cycle|to_lehmer|to_inversion_vector|to_reduced_word,successions,local,final_norm,0.001,0.0836072197115213,6144,2048,8192,0.066023893679373,0.26321009257767375,1.031852583738411,0.3555908203125,0.398681640625,-0.0430908203125
trained,category-encoding-e4-mlp-seed42,mlp,encoding_e4,42,to_cycle|to_lehmer|to_inversion_vector|to_reduced_word,adjacencies,local,final_norm,0.01,0.10653764760468831,6144,2048,8192,0.11323506834367603,0.33918898782628026,0.9838675742040123,0.3426513671875,0.329345703125,0.0133056640625
trained,category-encoding-e4-mlp-seed42,mlp,encoding_e4,42,to_cycle|to_lehmer|to_inversion_vector|to_reduced_word,fixed_points,positional,final_norm,0.001,0.2263898443245319,6144,2048,8192,0.20273692649914854,0.45157439532634913,0.9040962550095899,0.3907470703125,0.369873046875,0.0208740234375
trained,category-encoding-e4-mlp-seed42,mlp,encoding_e4,42,to_cycle|to_lehmer|to_inversion_vector|to_reduced_word,anti_fixed_points,positional,final_norm,0.001,0.10179422413855632,6144,2048,8192,0.0931217699561937,0.3072801781000997,0.9500092360966671,0.3658447265625,0.37939453125,-0.0135498046875
trained,category-encoding-e4-mlp-seed42,mlp,encoding_e4,42,to_cycle|to_lehmer|to_inversion_vector|to_reduced_word,exceedances,positional,final_norm,0.001,0.38275659279520713,6144,2048,8192,0.37696141025127305,0.61421376623175,0.7867574906434883,0.4525146484375,0.3426513671875,0.10986328125
trained,category-encoding-e4-mlp-seed42,mlp,encoding_e4,42,to_cycle|to_lehmer|to_inversion_vector|to_reduced_word,deficiencies,positional,final_norm,0.001,0.3181090550742365,6144,2048,8192,0.33288931102697294,0.5774059882012506,0.8182684110187306,0.4205322265625,0.34033203125,0.0802001953125
trained,category-encoding-e4-mlp-seed42,mlp,encoding_e4,42,to_cycle|to_lehmer|to_inversion_vector|to_reduced_word,left_to_right_maxima,positional,final_norm,0.001,0.39578149784509,6144,2048,8192,0.3958542287635527,0.6287566504087264,0.7953871266043631,0.37744140625,0.3026123046875,0.0748291015625
trained,category-encoding-e4-mlp-seed42,mlp,encoding_e4,42,to_cycle|to_lehmer|to_inversion_vector|to_reduced_word,left_to_right_minima,positional,final_norm,0.001,0.6223874768278108,6144,2048,8192,0.6214783886200725,0.7884376671099669,0.6064998145046311,0.5357666015625,0.307373046875,0.2283935546875
trained,category-encoding-e4-mlp-seed42,mlp,encoding_e4,42,to_cycle|to_lehmer|to_inversion_vector|to_reduced_word,right_to_left_maxima,positional,final_norm,0.01,0.1236223967736575,6144,2048,8192,0.13166184020644012,0.3642938004708926,0.9598580194409183,0.31689453125,0.3045654296875,0.0123291015625
trained,category-encoding-e4-mlp-seed42,mlp,encoding_e4,42,to_cycle|to_lehmer|to_inversion_vector|to_reduced_word,right_to_left_minima,positional,final_norm,0.01,0.3044080962860566,6144,2048,8192,0.2858456170852759,0.5353045645325814,0.8684658096497856,0.3431396484375,0.2933349609375,0.0498046875
trained,category-encoding-e4-mlp-seed42,mlp,encoding_e4,42,to_cycle|to_lehmer|to_inversion_vector|to_reduced_word,cycle_count,cycle,final_norm,0.01,0.13910664684162788,6144,2048,8192,0.10949844727258384,0.3317162617213949,0.9406181558652477,0.3258056640625,0.3079833984375,0.017822265625
trained,category-encoding-e4-mlp-seed42,mlp,encoding_e4,42,to_cycle|to_lehmer|to_inversion_vector|to_reduced_word,two_cycle_count,cycle,final_norm,1.0,0.008500606970222035,6144,2048,8192,0.0037007193910604252,0.0608186778230371,1.008299334008732,0.4674072265625,0.6026611328125,-0.13525390625
trained,category-encoding-e4-mlp-seed42,mlp,encoding_e4,42,to_cycle|to_lehmer|to_inversion_vector|to_reduced_word,three_cycle_count,cycle,final_norm,10.0,3.568723244751215e-05,6144,2048,8192,-0.00039924567638971453,-0.00300489054374962,1.0005233297791811,0.7235107421875,0.7235107421875,0.0
trained,category-encoding-e4-mlp-seed42,mlp,encoding_e4,42,to_cycle|to_lehmer|to_inversion_vector|to_reduced_word,even_cycle_count,cycle,final_norm,1.0,0.0023285288109331503,6144,2048,8192,0.003041057312442752,0.05543695301767427,1.009611902317759,0.3941650390625,0.40771484375,-0.0135498046875
trained,category-encoding-e4-mlp-seed42,mlp,encoding_e4,42,to_cycle|to_lehmer|to_inversion_vector|to_reduced_word,odd_cycle_count,cycle,final_norm,0.001,0.13760938651866383,6144,2048,8192,0.12048572061250173,0.3531498567693724,0.931146216858078,0.311767578125,0.5802001953125,-0.2684326171875
trained,category-encoding-e4-mlp-seed42,mlp,encoding_e4,42,to_cycle|to_lehmer|to_inversion_vector|to_reduced_word,longest_cycle,cycle,final_norm,0.1,0.017415926176031604,6144,2048,8192,0.011735057108722469,0.11080139716699904,0.9964899640027842,0.1409912109375,0.1644287109375,-0.0234375
trained,category-encoding-e4-mlp-seed42,mlp,encoding_e4,42,to_cycle|to_lehmer|to_inversion_vector|to_reduced_word,shortest_cycle,cycle,final_norm,0.1,0.03955811703427714,6144,2048,8192,0.03787263682612618,0.19589212374676623,0.9848674269834968,0.1578369140625,0.6358642578125,-0.47802734375
trained,category-encoding-e4-mlp-seed42,mlp,encoding_e4,42,to_cycle|to_lehmer|to_inversion_vector|to_reduced_word,nontrivial_cycle_count,cycle,final_norm,1.0,0.004199561201990165,6144,2048,8192,0.005198932593415195,0.07389684335608791,1.0121066897100541,0.4326171875,0.4312744140625,0.0013427734375
trained,category-encoding-e4-mlp-seed42,mlp,encoding_e4,42,to_cycle|to_lehmer|to_inversion_vector|to_reduced_word,lis_length,global_run,final_norm,0.001,0.29947997124679804,6144,2048,8192,0.2822448318364368,0.5317096519571207,0.8664183590327186,0.442138671875,0.39697265625,0.045166015625
trained,category-encoding-e4-mlp-seed42,mlp,encoding_e4,42,to_cycle|to_lehmer|to_inversion_vector|to_reduced_word,lds_length,global_run,final_norm,0.001,0.2614822356861688,6144,2048,8192,0.25003004770335047,0.5002076664167915,0.8981487330888207,0.4400634765625,0.396484375,0.0435791015625
trained,category-encoding-e4-mlp-seed42,mlp,encoding_e4,42,to_cycle|to_lehmer|to_inversion_vector|to_reduced_word,longest_increasing_run,global_run,final_norm,0.01,0.09756582499188593,6144,2048,8192,0.06765830502664183,0.2610178961511573,1.0314164280809306,0.4560546875,0.5040283203125,-0.0479736328125
trained,category-encoding-e4-mlp-seed42,mlp,encoding_e4,42,to_cycle|to_lehmer|to_inversion_vector|to_reduced_word,longest_decreasing_run,global_run,final_norm,0.01,0.053239164022938934,6144,2048,8192,0.0522539741188035,0.2284375605310498,1.0731508331782664,0.473876953125,0.5018310546875,-0.0279541015625
trained,category-encoding-e4-mlp-seed42,mlp,encoding_e4,42,to_cycle|to_lehmer|to_inversion_vector|to_reduced_word,global_descents,global_run,final_norm,1e-06,0.12958155972996188,6144,2048,8192,0.14247200623698208,0.3778348867234767,1.1514916725303408,0.7786865234375,0.8125,-0.0338134765625
trained,category-encoding-e4-mlp-seed42,mlp,encoding_e4,42,to_cycle|to_lehmer|to_inversion_vector|to_reduced_word,components,global_run,final_norm,1e-06,0.2320825717172308,6144,2048,8192,0.2540123942965691,0.5042856944411813,1.072571578930405,0.811767578125,0.804931640625,0.0068359375
trained,category-encoding-e4-mlp-seed42,mlp,encoding_e4,42,to_cycle|to_lehmer|to_inversion_vector|to_reduced_word,max_displacement,global_run,final_norm,0.0001,0.3691291782746543,6144,2048,8192,0.35506014102478956,0.596488783081549,0.819981376398393,0.3292236328125,0.2574462890625,0.07177734375
trained,category-encoding-e4-mlp-seed42,mlp,encoding_e4,42,to_cycle|to_lehmer|to_inversion_vector|to_reduced_word,displacement_one_count,global_run,final_norm,0.001,0.20160982791138238,6144,2048,8192,0.20951475663234853,0.4588768874674648,0.8801541392343142,0.3084716796875,0.3072509765625,0.001220703125
trained,category-encoding-e4-mlp-seed314159,mlp,encoding_e4,314159,to_cycle|to_lehmer|to_inversion_vector|to_reduced_word,descents,local,embedding,1e-06,0.0,6144,2048,8192,-2.220446049250313e-16,-0.005353381194340161,1.0210358474220083,0.3427734375,0.3338623046875,0.0089111328125
trained,category-encoding-e4-mlp-seed314159,mlp,encoding_e4,314159,to_cycle|to_lehmer|to_inversion_vector|to_reduced_word,recoils,local,embedding,1e-06,2.220446049250313e-16,6144,2048,8192,0.0,0.029460746189319736,1.0117264466110467,0.3408203125,0.33642578125,0.00439453125
trained,category-encoding-e4-mlp-seed314159,mlp,encoding_e4,314159,to_cycle|to_lehmer|to_inversion_vector|to_reduced_word,peaks,local,embedding,1.0,1.1102230246251565e-16,6144,2048,8192,0.0,-0.018448972118800703,0.987201497821541,0.4708251953125,0.4635009765625,0.00732421875
trained,category-encoding-e4-mlp-seed314159,mlp,encoding_e4,314159,to_cycle|to_lehmer|to_inversion_vector|to_reduced_word,valleys,local,embedding,1e-06,0.0,6144,2048,8192,1.1102230246251565e-16,-0.00412301571833164,0.992647602968415,0.458984375,0.45556640625,0.00341796875
trained,category-encoding-e4-mlp-seed314159,mlp,encoding_e4,314159,to_cycle|to_lehmer|to_inversion_vector|to_reduced_word,double_ascents,local,embedding,1e-06,-2.220446049250313e-16,6144,2048,8192,0.0,0.0,1.012985218660725,0.3338623046875,0.344482421875,-0.0106201171875
trained,category-encoding-e4-mlp-seed314159,mlp,encoding_e4,314159,to_cycle|to_lehmer|to_inversion_vector|to_reduced_word,double_descents,local,embedding,1.0,1.1102230246251565e-16,6144,2048,8192,0.0,0.0,0.9962763749938195,0.3388671875,0.3399658203125,-0.0010986328125
trained,category-encoding-e4-mlp-seed314159,mlp,encoding_e4,314159,to_cycle|to_lehmer|to_inversion_vector|to_reduced_word,successions,local,embedding,1e-06,0.0,6144,2048,8192,0.0,0.0,1.0677013036927756,0.3643798828125,0.398681640625,-0.0343017578125
trained,category-encoding-e4-mlp-seed314159,mlp,encoding_e4,314159,to_cycle|to_lehmer|to_inversion_vector|to_reduced_word,adjacencies,local,embedding,1e-06,0.0,6144,2048,8192,0.0,0.0,1.0447981442612964,0.329345703125,0.329345703125,0.0
trained,category-encoding-e4-mlp-seed314159,mlp,encoding_e4,314159,to_cycle|to_lehmer|to_inversion_vector|to_reduced_word,fixed_points,positional,embedding,1e-06,3.3306690738754696e-16,6144,2048,8192,-2.220446049250313e-16,0.0,1.0125438624646814,0.3580322265625,0.369873046875,-0.0118408203125
trained,category-encoding-e4-mlp-seed314159,mlp,encoding_e4,314159,to_cycle|to_lehmer|to_inversion_vector|to_reduced_word,anti_fixed_points,positional,embedding,1e-06,0.0,6144,2048,8192,0.0,0.0,0.9975928763619372,0.3592529296875,0.37939453125,-0.0201416015625
trained,category-encoding-e4-mlp-seed314159,mlp,encoding_e4,314159,to_cycle|to_lehmer|to_inversion_vector|to_reduced_word,exceedances,positional,embedding,1e-06,0.0,6144,2048,8192,0.0,-0.01888895102299954,0.996743501992833,0.3426513671875,0.3426513671875,0.0
trained,category-encoding-e4-mlp-seed314159,mlp,encoding_e4,314159,to_cycle|to_lehmer|to_inversion_vector|to_reduced_word,deficiencies,positional,embedding,1e-06,0.0,6144,2048,8192,0.0,0.018747386788548988,1.0018364670463262,0.3414306640625,0.34033203125,0.0010986328125
trained,category-encoding-e4-mlp-seed314159,mlp,encoding_e4,314159,to_cycle|to_lehmer|to_inversion_vector|to_reduced_word,left_to_right_maxima,positional,embedding,1e-06,0.0,6144,2048,8192,0.0,0.0,1.0233111062138236,0.3040771484375,0.3026123046875,0.00146484375
trained,category-encoding-e4-mlp-seed314159,mlp,encoding_e4,314159,to_cycle|to_lehmer|to_inversion_vector|to_reduced_word,left_to_right_minima,positional,embedding,1e-06,0.0,6144,2048,8192,-2.220446049250313e-16,-0.010500964096989298,0.9857920972831147,0.3160400390625,0.307373046875,0.0086669921875
trained,category-encoding-e4-mlp-seed314159,mlp,encoding_e4,314159,to_cycle|to_lehmer|to_inversion_vector|to_reduced_word,right_to_left_maxima,positional,embedding,1e-06,0.0,6144,2048,8192,0.0,0.0,1.0300600749281232,0.305908203125,0.3045654296875,0.0013427734375
trained,category-encoding-e4-mlp-seed314159,mlp,encoding_e4,314159,to_cycle|to_lehmer|to_inversion_vector|to_reduced_word,right_to_left_minima,positional,embedding,1e-06,0.0,6144,2048,8192,0.0,0.0,1.0276770844678722,0.3035888671875,0.2933349609375,0.01025390625
trained,category-encoding-e4-mlp-seed314159,mlp,encoding_e4,314159,to_cycle|to_lehmer|to_inversion_vector|to_reduced_word,cycle_count,cycle,embedding,1e-06,0.0,6144,2048,8192,0.0,0.0,0.9967724289122708,0.3077392578125,0.3079833984375,-0.000244140625
trained,category-encoding-e4-mlp-seed314159,mlp,encoding_e4,314159,to_cycle|to_lehmer|to_inversion_vector|to_reduced_word,two_cycle_count,cycle,embedding,1e-06,0.0,6144,2048,8192,0.0,0.0,1.0101702448488212,0.4593505859375,0.6026611328125,-0.143310546875
trained,category-encoding-e4-mlp-seed314159,mlp,encoding_e4,314159,to_cycle|to_lehmer|to_inversion_vector|to_reduced_word,three_cycle_count,cycle,embedding,1e-06,1.1102230246251565e-16,6144,2048,8192,0.0,0.0,1.0003236622577176,0.7235107421875,0.7235107421875,0.0
trained,category-encoding-e4-mlp-seed314159,mlp,encoding_e4,314159,to_cycle|to_lehmer|to_inversion_vector|to_reduced_word,even_cycle_count,cycle,embedding,1e-06,0.0,6144,2048,8192,0.0,0.0,1.0111505563890062,0.3974609375,0.40771484375,-0.01025390625
trained,category-encoding-e4-mlp-seed314159,mlp,encoding_e4,314159,to_cycle|to_lehmer|to_inversion_vector|to_reduced_word,odd_cycle_count,cycle,embedding,0.1,2.220446049250313e-16,6144,2048,8192,0.0,0.0,0.9928792526047006,0.3057861328125,0.5802001953125,-0.2744140625
trained,category-encoding-e4-mlp-seed314159,mlp,encoding_e4,314159,to_cycle|to_lehmer|to_inversion_vector|to_reduced_word,longest_cycle,cycle,embedding,1e-06,0.0,6144,2048,8192,0.0,-0.019742041652748253,1.002388866359531,0.1435546875,0.1644287109375,-0.0208740234375
trained,category-encoding-e4-mlp-seed314159,mlp,encoding_e4,314159,to_cycle|to_lehmer|to_inversion_vector|to_reduced_word,shortest_cycle,cycle,embedding,1e-06,0.0,6144,2048,8192,0.0,0.0,1.004064219330732,0.1092529296875,0.6358642578125,-0.526611328125
trained,category-encoding-e4-mlp-seed314159,mlp,encoding_e4,314159,to_cycle|to_lehmer|to_inversion_vector|to_reduced_word,nontrivial_cycle_count,cycle,embedding,10.0,1.1102230246251565e-16,6144,2048,8192,0.0,0.0,1.0147479301353286,0.4290771484375,0.4312744140625,-0.002197265625
trained,category-encoding-e4-mlp-seed314159,mlp,encoding_e4,314159,to_cycle|to_lehmer|to_inversion_vector|to_reduced_word,lis_length,global_run,embedding,1e-06,0.0,6144,2048,8192,0.0,-0.012689518638944373,1.022679339029915,0.390869140625,0.39697265625,-0.006103515625
trained,category-encoding-e4-mlp-seed314159,mlp,encoding_e4,314159,to_cycle|to_lehmer|to_inversion_vector|to_reduced_word,lds_length,global_run,embedding,1e-06,0.0,6144,2048,8192,0.0,-0.011086283889312562,1.0371136011049422,0.38720703125,0.396484375,-0.00927734375
trained,category-encoding-e4-mlp-seed314159,mlp,encoding_e4,314159,to_cycle|to_lehmer|to_inversion_vector|to_reduced_word,longest_increasing_run,global_run,embedding,1e-06,0.0,6144,2048,8192,0.0,0.0,1.0681850394483854,0.4554443359375,0.5040283203125,-0.048583984375
trained,category-encoding-e4-mlp-seed314159,mlp,encoding_e4,314159,to_cycle|to_lehmer|to_inversion_vector|to_reduced_word,longest_decreasing_run,global_run,embedding,1e-06,0.0,6144,2048,8192,0.0,0.020404526241613652,1.1023380059178607,0.459716796875,0.5018310546875,-0.0421142578125
trained,category-encoding-e4-mlp-seed314159,mlp,encoding_e4,314159,to_cycle|to_lehmer|to_inversion_vector|to_reduced_word,global_descents,global_run,embedding,1e-06,0.0,6144,2048,8192,0.0,0.0,1.2434738264527403,0.7889404296875,0.8125,-0.0235595703125
trained,category-encoding-e4-mlp-seed314159,mlp,encoding_e4,314159,to_cycle|to_lehmer|to_inversion_vector|to_reduced_word,components,global_run,embedding,1e-06,0.0,6144,2048,8192,0.0,-0.0015797798332358008,1.241825229327309,0.7493896484375,0.804931640625,-0.0555419921875
trained,category-encoding-e4-mlp-seed314159,mlp,encoding_e4,314159,to_cycle|to_lehmer|to_inversion_vector|to_reduced_word,max_displacement,global_run,embedding,1.0,0.0,6144,2048,8192,0.0,-0.012917580159381319,1.0210438164840894,0.238037109375,0.2574462890625,-0.0194091796875
trained,category-encoding-e4-mlp-seed314159,mlp,encoding_e4,314159,to_cycle|to_lehmer|to_inversion_vector|to_reduced_word,displacement_one_count,global_run,embedding,1.0,1.1102230246251565e-16,6144,2048,8192,0.0,0.0,0.9899467911205587,0.2646484375,0.3072509765625,-0.0426025390625
trained,category-encoding-e4-mlp-seed314159,mlp,encoding_e4,314159,to_cycle|to_lehmer|to_inversion_vector|to_reduced_word,descents,local,block_01,0.001,0.09944341520322453,6144,2048,8192,0.09978856362466426,0.3157593460014011,0.9687534293992195,0.374755859375,0.3338623046875,0.0408935546875
trained,category-encoding-e4-mlp-seed314159,mlp,encoding_e4,314159,to_cycle|to_lehmer|to_inversion_vector|to_reduced_word,recoils,local,block_01,0.01,0.07135014617017077,6144,2048,8192,0.08115074587809556,0.28528057384476024,0.9698068251531279,0.3697509765625,0.33642578125,0.0333251953125
trained,category-encoding-e4-mlp-seed314159,mlp,encoding_e4,314159,to_cycle|to_lehmer|to_inversion_vector|to_reduced_word,peaks,local,block_01,0.001,0.042297527058553275,6144,2048,8192,0.05058160974550574,0.2258297658281751,0.9619104115712038,0.483642578125,0.4635009765625,0.0201416015625
trained,category-encoding-e4-mlp-seed314159,mlp,encoding_e4,314159,to_cycle|to_lehmer|to_inversion_vector|to_reduced_word,valleys,local,block_01,0.001,0.06092311223868818,6144,2048,8192,0.0677757693207226,0.263054255321635,0.9584187285750903,0.4736328125,0.45556640625,0.01806640625
trained,category-encoding-e4-mlp-seed314159,mlp,encoding_e4,314159,to_cycle|to_lehmer|to_inversion_vector|to_reduced_word,double_ascents,local,block_01,0.01,0.0574366638073005,6144,2048,8192,0.05854489056200918,0.24252483421912077,0.9828854738231961,0.3409423828125,0.344482421875,-0.0035400390625
trained,category-encoding-e4-mlp-seed314159,mlp,encoding_e4,314159,to_cycle|to_lehmer|to_inversion_vector|to_reduced_word,double_descents,local,block_01,0.01,0.05147130696936364,6144,2048,8192,0.04970958258191538,0.22308885998487996,0.9711985086664814,0.345947265625,0.3399658203125,0.0059814453125
trained,category-encoding-e4-mlp-seed314159,mlp,encoding_e4,314159,to_cycle|to_lehmer|to_inversion_vector|to_reduced_word,successions,local,block_01,0.001,0.052865769845240274,6144,2048,8192,0.06300329263226889,0.2516211934029634,1.0335198100163163,0.3583984375,0.398681640625,-0.040283203125
trained,category-encoding-e4-mlp-seed314159,mlp,encoding_e4,314159,to_cycle|to_lehmer|to_inversion_vector|to_reduced_word,adjacencies,local,block_01,0.001,0.10503411597192547,6144,2048,8192,0.10951465002464955,0.3311611051489693,0.985929319967733,0.353271484375,0.329345703125,0.02392578125
trained,category-encoding-e4-mlp-seed314159,mlp,encoding_e4,314159,to_cycle|to_lehmer|to_inversion_vector|to_reduced_word,fixed_points,positional,block_01,0.0001,0.2305849309721475,6144,2048,8192,0.24066915791512788,0.4912687638169219,0.8823265863270238,0.4085693359375,0.369873046875,0.0386962890625
trained,category-encoding-e4-mlp-seed314159,mlp,encoding_e4,314159,to_cycle|to_lehmer|to_inversion_vector|to_reduced_word,anti_fixed_points,positional,block_01,0.001,0.09495552889219827,6144,2048,8192,0.09969547481227292,0.3160179723440172,0.9465597990427969,0.359130859375,0.37939453125,-0.020263671875
trained,category-encoding-e4-mlp-seed314159,mlp,encoding_e4,314159,to_cycle|to_lehmer|to_inversion_vector|to_reduced_word,exceedances,positional,block_01,0.0001,0.3842869128163723,6144,2048,8192,0.41077478365615305,0.6407967344783777,0.7651103472451634,0.4549560546875,0.3426513671875,0.1123046875
trained,category-encoding-e4-mlp-seed314159,mlp,encoding_e4,314159,to_cycle|to_lehmer|to_inversion_vector|to_reduced_word,deficiencies,positional,block_01,0.0001,0.3968097772583635,6144,2048,8192,0.4010955166075507,0.6332120062956729,0.7753104152271653,0.4593505859375,0.34033203125,0.1190185546875
trained,category-encoding-e4-mlp-seed314159,mlp,encoding_e4,314159,to_cycle|to_lehmer|to_inversion_vector|to_reduced_word,left_to_right_maxima,positional,block_01,1e-05,0.4090153584919445,6144,2048,8192,0.3882380751970774,0.622865860945745,0.8003849419749002,0.4224853515625,0.3026123046875,0.119873046875
trained,category-encoding-e4-mlp-seed314159,mlp,encoding_e4,314159,to_cycle|to_lehmer|to_inversion_vector|to_reduced_word,left_to_right_minima,positional,block_01,0.0001,0.5950923796379046,6144,2048,8192,0.5955427830389891,0.7718583833622354,0.6269337165373058,0.5601806640625,0.307373046875,0.2528076171875
trained,category-encoding-e4-mlp-seed314159,mlp,encoding_e4,314159,to_cycle|to_lehmer|to_inversion_vector|to_reduced_word,right_to_left_maxima,positional,block_01,0.001,0.07483933575676283,6144,2048,8192,0.11183925833246078,0.3346739538068499,0.9707521041941964,0.324951171875,0.3045654296875,0.0203857421875
trained,category-encoding-e4-mlp-seed314159,mlp,encoding_e4,314159,to_cycle|to_lehmer|to_inversion_vector|to_reduced_word,right_to_left_minima,positional,block_01,0.0001,0.20226476444880848,6144,2048,8192,0.2279165202478286,0.4780928541769395,0.9030021878631842,0.3587646484375,0.2933349609375,0.0654296875
trained,category-encoding-e4-mlp-seed314159,mlp,encoding_e4,314159,to_cycle|to_lehmer|to_inversion_vector|to_reduced_word,cycle_count,cycle,block_01,0.001,0.16428624018975957,6144,2048,8192,0.14173082140698112,0.37761674360321196,0.9234380703626295,0.3369140625,0.3079833984375,0.0289306640625
trained,category-encoding-e4-mlp-seed314159,mlp,encoding_e4,314159,to_cycle|to_lehmer|to_inversion_vector|to_reduced_word,two_cycle_count,cycle,block_01,0.01,0.01176866724025527,6144,2048,8192,0.011465987002560296,0.10919038357319089,1.0043622487993766,0.4859619140625,0.6026611328125,-0.11669921875
trained,category-encoding-e4-mlp-seed314159,mlp,encoding_e4,314159,to_cycle|to_lehmer|to_inversion_vector|to_reduced_word,three_cycle_count,cycle,block_01,10.0,0.0008070980548662288,6144,2048,8192,0.0007621971648601455,0.029683035679245198,0.9999423676587947,0.7235107421875,0.7235107421875,0.0
trained,category-encoding-e4-mlp-seed314159,mlp,encoding_e4,314159,to_cycle|to_lehmer|to_inversion_vector|to_reduced_word,even_cycle_count,cycle,block_01,0.1,0.003252762230392503,6144,2048,8192,0.005252423023220154,0.07291812713734887,1.008491565024143,0.39990234375,0.40771484375,-0.0078125
trained,category-encoding-e4-mlp-seed314159,mlp,encoding_e4,314159,to_cycle|to_lehmer|to_inversion_vector|to_reduced_word,odd_cycle_count,cycle,block_01,0.001,0.15194096254936396,6144,2048,8192,0.15382542457771553,0.3928249292505003,0.9133272633251998,0.3076171875,0.5802001953125,-0.2725830078125
trained,category-encoding-e4-mlp-seed314159,mlp,encoding_e4,314159,to_cycle|to_lehmer|to_inversion_vector|to_reduced_word,longest_cycle,cycle,block_01,0.01,0.04023476352997879,6144,2048,8192,0.03177372618720309,0.17968812807793144,0.986335503528371,0.146240234375,0.1644287109375,-0.0181884765625
trained,category-encoding-e4-mlp-seed314159,mlp,encoding_e4,314159,to_cycle|to_lehmer|to_inversion_vector|to_reduced_word,shortest_cycle,cycle,block_01,0.001,0.06741444068655511,6144,2048,8192,0.0565769226338565,0.24182854744781268,0.9752472595861745,0.193359375,0.6358642578125,-0.4425048828125
trained,category-encoding-e4-mlp-seed314159,mlp,encoding_e4,314159,to_cycle|to_lehmer|to_inversion_vector|to_reduced_word,nontrivial_cycle_count,cycle,block_01,0.01,0.02602184970895227,6144,2048,8192,0.02864466354080142,0.16882049932748963,1.0001087785456992,0.4310302734375,0.4312744140625,-0.000244140625
trained,category-encoding-e4-mlp-seed314159,mlp,encoding_e4,314159,to_cycle|to_lehmer|to_inversion_vector|to_reduced_word,lis_length,global_run,block_01,0.001,0.24571591479330546,6144,2048,8192,0.24123066857934006,0.49127729262800474,0.8908290408867435,0.4478759765625,0.39697265625,0.0509033203125
trained,category-encoding-e4-mlp-seed314159,mlp,encoding_e4,314159,to_cycle|to_lehmer|to_inversion_vector|to_reduced_word,lds_length,global_run,block_01,0.0001,0.23708233544771107,6144,2048,8192,0.2155019624047927,0.46418448071541224,0.9185911576273054,0.4437255859375,0.396484375,0.0472412109375
trained,category-encoding-e4-mlp-seed314159,mlp,encoding_e4,314159,to_cycle|to_lehmer|to_inversion_vector|to_reduced_word,longest_increasing_run,global_run,block_01,0.01,0.05075328131749379,6144,2048,8192,0.05978344337586028,0.24661834237470773,1.0357631085698593,0.467041015625,0.5040283203125,-0.0369873046875
trained,category-encoding-e4-mlp-seed314159,mlp,encoding_e4,314159,to_cycle|to_lehmer|to_inversion_vector|to_reduced_word,longest_decreasing_run,global_run,block_01,0.001,0.041080909781669006,6144,2048,8192,0.05672043853299402,0.23844566486434057,1.0706191155731426,0.4918212890625,0.5018310546875,-0.010009765625
trained,category-encoding-e4-mlp-seed314159,mlp,encoding_e4,314159,to_cycle|to_lehmer|to_inversion_vector|to_reduced_word,global_descents,global_run,block_01,1e-06,0.1305281069400751,6144,2048,8192,0.15120410663753237,0.3890286251206276,1.145613923243386,0.805419921875,0.8125,-0.007080078125
trained,category-encoding-e4-mlp-seed314159,mlp,encoding_e4,314159,to_cycle|to_lehmer|to_inversion_vector|to_reduced_word,components,global_run,block_01,1e-06,0.15845230059374082,6144,2048,8192,0.22390019396769723,0.47339526161889794,1.0940048978030406,0.8271484375,0.804931640625,0.022216796875
trained,category-encoding-e4-mlp-seed314159,mlp,encoding_e4,314159,to_cycle|to_lehmer|to_inversion_vector|to_reduced_word,max_displacement,global_run,block_01,1e-05,0.32023334146924853,6144,2048,8192,0.3227078239598554,0.5683160475894754,0.8402962180821091,0.346435546875,0.2574462890625,0.0889892578125
trained,category-encoding-e4-mlp-seed314159,mlp,encoding_e4,314159,to_cycle|to_lehmer|to_inversion_vector|to_reduced_word,displacement_one_count,global_run,block_01,0.0001,0.24204174822689883,6144,2048,8192,0.22431200824215658,0.4755175928323273,0.8718773316299032,0.31787109375,0.3072509765625,0.0106201171875
trained,category-encoding-e4-mlp-seed314159,mlp,encoding_e4,314159,to_cycle|to_lehmer|to_inversion_vector|to_reduced_word,descents,local,final_norm,0.01,0.10494125721704928,6144,2048,8192,0.10396952592700359,0.32285552402505335,0.9665011610938191,0.359130859375,0.3338623046875,0.0252685546875
trained,category-encoding-e4-mlp-seed314159,mlp,encoding_e4,314159,to_cycle|to_lehmer|to_inversion_vector|to_reduced_word,recoils,local,final_norm,0.01,0.08383385362052631,6144,2048,8192,0.09223507788503771,0.3038098879240756,0.9639395532138635,0.3724365234375,0.33642578125,0.0360107421875
trained,category-encoding-e4-mlp-seed314159,mlp,encoding_e4,314159,to_cycle|to_lehmer|to_inversion_vector|to_reduced_word,peaks,local,final_norm,0.001,0.059548411067227636,6144,2048,8192,0.06330368227885919,0.25379532996751564,0.9554439441459767,0.4940185546875,0.4635009765625,0.030517578125
trained,category-encoding-e4-mlp-seed314159,mlp,encoding_e4,314159,to_cycle|to_lehmer|to_inversion_vector|to_reduced_word,valleys,local,final_norm,0.001,0.07799597212523002,6144,2048,8192,0.08178324361729705,0.2893921683778676,0.9511909402424737,0.4830322265625,0.45556640625,0.0274658203125
trained,category-encoding-e4-mlp-seed314159,mlp,encoding_e4,314159,to_cycle|to_lehmer|to_inversion_vector|to_reduced_word,double_ascents,local,final_norm,0.01,0.06445768195321533,6144,2048,8192,0.0696521879720372,0.26407976456811955,0.9770702241929352,0.343017578125,0.344482421875,-0.00146484375
trained,category-encoding-e4-mlp-seed314159,mlp,encoding_e4,314159,to_cycle|to_lehmer|to_inversion_vector|to_reduced_word,double_descents,local,final_norm,0.01,0.05863957083019811,6144,2048,8192,0.05521391764525041,0.2358611657366853,0.9683817036749073,0.351318359375,0.3399658203125,0.0113525390625
trained,category-encoding-e4-mlp-seed314159,mlp,encoding_e4,314159,to_cycle|to_lehmer|to_inversion_vector|to_reduced_word,successions,local,final_norm,0.001,0.06181727900891776,6144,2048,8192,0.0675794560640327,0.2610019386084651,1.0309929364995807,0.3699951171875,0.398681640625,-0.0286865234375
trained,category-encoding-e4-mlp-seed314159,mlp,encoding_e4,314159,to_cycle|to_lehmer|to_inversion_vector|to_reduced_word,adjacencies,local,final_norm,0.001,0.11262881371520661,6144,2048,8192,0.10988283220153527,0.3321327656408602,0.9857254765620412,0.3515625,0.329345703125,0.022216796875
trained,category-encoding-e4-mlp-seed314159,mlp,encoding_e4,314159,to_cycle|to_lehmer|to_inversion_vector|to_reduced_word,fixed_points,positional,final_norm,0.0001,0.2518571652762335,6144,2048,8192,0.2607224533234008,0.5114207652895146,0.8705978765287873,0.42138671875,0.369873046875,0.051513671875
trained,category-encoding-e4-mlp-seed314159,mlp,encoding_e4,314159,to_cycle|to_lehmer|to_inversion_vector|to_reduced_word,anti_fixed_points,positional,final_norm,0.01,0.10244434295312332,6144,2048,8192,0.11056581159764955,0.3329228716006212,0.9408280320454089,0.3626708984375,0.37939453125,-0.0167236328125
trained,category-encoding-e4-mlp-seed314159,mlp,encoding_e4,314159,to_cycle|to_lehmer|to_inversion_vector|to_reduced_word,exceedances,positional,final_norm,0.0001,0.3964728524840331,6144,2048,8192,0.4262469678403329,0.6528001896759996,0.7549981890523056,0.4627685546875,0.3426513671875,0.1201171875
trained,category-encoding-e4-mlp-seed314159,mlp,encoding_e4,314159,to_cycle|to_lehmer|to_inversion_vector|to_reduced_word,deficiencies,positional,final_norm,0.0001,0.4144127070948078,6144,2048,8192,0.4150635724201944,0.6442442134412553,0.7662159181913749,0.4532470703125,0.34033203125,0.1129150390625
trained,category-encoding-e4-mlp-seed314159,mlp,encoding_e4,314159,to_cycle|to_lehmer|to_inversion_vector|to_reduced_word,left_to_right_maxima,positional,final_norm,1e-05,0.430998659382823,6144,2048,8192,0.41426792440569005,0.643367881820921,0.7831720705901758,0.42041015625,0.3026123046875,0.1177978515625
trained,category-encoding-e4-mlp-seed314159,mlp,encoding_e4,314159,to_cycle|to_lehmer|to_inversion_vector|to_reduced_word,left_to_right_minima,positional,final_norm,0.001,0.5898938409487168,6144,2048,8192,0.5874045761093674,0.7664238012335048,0.6332096658858568,0.559326171875,0.307373046875,0.251953125
trained,category-encoding-e4-mlp-seed314159,mlp,encoding_e4,314159,to_cycle|to_lehmer|to_inversion_vector|to_reduced_word,right_to_left_maxima,positional,final_norm,0.001,0.09223542577143484,6144,2048,8192,0.1274119229109385,0.35721709583101585,0.9622040743547797,0.3294677734375,0.3045654296875,0.02490234375
trained,category-encoding-e4-mlp-seed314159,mlp,encoding_e4,314159,to_cycle|to_lehmer|to_inversion_vector|to_reduced_word,right_to_left_minima,positional,final_norm,0.001,0.21902908465027704,6144,2048,8192,0.24164185979424246,0.4921377713495539,0.8949398544466228,0.3519287109375,0.2933349609375,0.05859375
trained,category-encoding-e4-mlp-seed314159,mlp,encoding_e4,314159,to_cycle|to_lehmer|to_inversion_vector|to_reduced_word,cycle_count,cycle,final_norm,0.001,0.18107851661619734,6144,2048,8192,0.16242319600747634,0.4046048789414464,0.9122383744710797,0.3482666015625,0.3079833984375,0.040283203125
trained,category-encoding-e4-mlp-seed314159,mlp,encoding_e4,314159,to_cycle|to_lehmer|to_inversion_vector|to_reduced_word,two_cycle_count,cycle,final_norm,0.01,0.01413463763414835,6144,2048,8192,0.017024249215525034,0.13305185196697722,1.0015346383987267,0.490478515625,0.6026611328125,-0.1121826171875
trained,category-encoding-e4-mlp-seed314159,mlp,encoding_e4,314159,to_cycle|to_lehmer|to_inversion_vector|to_reduced_word,three_cycle_count,cycle,final_norm,0.1,0.0006892043374068235,6144,2048,8192,0.0028307333746713237,0.06213006046066889,0.9989068340933358,0.7222900390625,0.7235107421875,-0.001220703125
trained,category-encoding-e4-mlp-seed314159,mlp,encoding_e4,314159,to_cycle|to_lehmer|to_inversion_vector|to_reduced_word,even_cycle_count,cycle,final_norm,0.01,0.006718106400703139,6144,2048,8192,0.014575406516291411,0.12305744033356082,1.003754542282711,0.4000244140625,0.40771484375,-0.0076904296875
trained,category-encoding-e4-mlp-seed314159,mlp,encoding_e4,314159,to_cycle|to_lehmer|to_inversion_vector|to_reduced_word,odd_cycle_count,cycle,final_norm,0.001,0.16275574205794863,6144,2048,8192,0.17124502790261187,0.4152686330487027,0.9038773614470408,0.3245849609375,0.5802001953125,-0.255615234375
trained,category-encoding-e4-mlp-seed314159,mlp,encoding_e4,314159,to_cycle|to_lehmer|to_inversion_vector|to_reduced_word,longest_cycle,cycle,final_norm,0.01,0.05148158789623747,6144,2048,8192,0.04632001935808794,0.21643333146501645,0.9788982843164964,0.1558837890625,0.1644287109375,-0.008544921875
trained,category-encoding-e4-mlp-seed314159,mlp,encoding_e4,314159,to_cycle|to_lehmer|to_inversion_vector|to_reduced_word,shortest_cycle,cycle,final_norm,0.01,0.08285088827410947,6144,2048,8192,0.06976320665965818,0.26423613438031457,0.9684077300363851,0.1849365234375,0.6358642578125,-0.450927734375
trained,category-encoding-e4-mlp-seed314159,mlp,encoding_e4,314159,to_cycle|to_lehmer|to_inversion_vector|to_reduced_word,nontrivial_cycle_count,cycle,final_norm,0.01,0.03454723983894492,6144,2048,8192,0.039264998440954435,0.19783156390893866,0.9946263962773187,0.43603515625,0.4312744140625,0.0047607421875
trained,category-encoding-e4-mlp-seed314159,mlp,encoding_e4,314159,to_cycle|to_lehmer|to_inversion_vector|to_reduced_word,lis_length,global_run,final_norm,0.001,0.2572717559324025,6144,2048,8192,0.25243816813011855,0.5024539556474241,0.8842255134115585,0.4586181640625,0.39697265625,0.0616455078125
trained,category-encoding-e4-mlp-seed314159,mlp,encoding_e4,314159,to_cycle|to_lehmer|to_inversion_vector|to_reduced_word,lds_length,global_run,final_norm,0.001,0.23981013470132173,6144,2048,8192,0.21606445396478002,0.4647328992785205,0.918261779858849,0.4500732421875,0.396484375,0.0535888671875
trained,category-encoding-e4-mlp-seed314159,mlp,encoding_e4,314159,to_cycle|to_lehmer|to_inversion_vector|to_reduced_word,longest_increasing_run,global_run,final_norm,0.01,0.05780904279410315,6144,2048,8192,0.069383405797381,0.26440915341023885,1.0304617774951454,0.46533203125,0.5040283203125,-0.0386962890625
trained,category-encoding-e4-mlp-seed314159,mlp,encoding_e4,314159,to_cycle|to_lehmer|to_inversion_vector|to_reduced_word,longest_decreasing_run,global_run,final_norm,0.01,0.04844193246410311,6144,2048,8192,0.05280838009790745,0.22972320091503498,1.0728369050494795,0.4920654296875,0.5018310546875,-0.009765625
trained,category-encoding-e4-mlp-seed314159,mlp,encoding_e4,314159,to_cycle|to_lehmer|to_inversion_vector|to_reduced_word,global_descents,global_run,final_norm,1e-06,0.12266300487340875,6144,2048,8192,0.15638380589913792,0.395658955154389,1.1421130721015922,0.8233642578125,0.8125,0.0108642578125
trained,category-encoding-e4-mlp-seed314159,mlp,encoding_e4,314159,to_cycle|to_lehmer|to_inversion_vector|to_reduced_word,components,global_run,final_norm,1e-06,0.16602391711416464,6144,2048,8192,0.2325430417835651,0.4825047713429942,1.0878962829136638,0.8328857421875,0.804931640625,0.0279541015625
trained,category-encoding-e4-mlp-seed314159,mlp,encoding_e4,314159,to_cycle|to_lehmer|to_inversion_vector|to_reduced_word,max_displacement,global_run,final_norm,1e-05,0.3416511889963765,6144,2048,8192,0.34567879363980125,0.5880424667274272,0.8259236031179319,0.346923828125,0.2574462890625,0.0894775390625
trained,category-encoding-e4-mlp-seed314159,mlp,encoding_e4,314159,to_cycle|to_lehmer|to_inversion_vector|to_reduced_word,displacement_one_count,global_run,final_norm,0.001,0.2703266107989317,6144,2048,8192,0.2517360708274511,0.5020500057170615,0.8563262502199717,0.32275390625,0.3072509765625,0.0155029296875
trained,category-statistics-s4-transformer-seed17,transformer,statistics_s4,17,length|cycle_type|rsk_shape|pattern_avoidance,descents,local,embedding,1.0,0.0,6144,2048,8192,-2.220446049250313e-16,0.007276193592961301,1.0210358474220083,0.3427734375,0.3338623046875,0.0089111328125
trained,category-statistics-s4-transformer-seed17,transformer,statistics_s4,17,length|cycle_type|rsk_shape|pattern_avoidance,recoils,local,embedding,1e-06,2.220446049250313e-16,6144,2048,8192,0.0,0.032326569109227134,1.0117264466110467,0.3408203125,0.33642578125,0.00439453125
trained,category-statistics-s4-transformer-seed17,transformer,statistics_s4,17,length|cycle_type|rsk_shape|pattern_avoidance,peaks,local,embedding,1e-06,1.1102230246251565e-16,6144,2048,8192,0.0,-0.01762900384393395,0.987201497821541,0.4708251953125,0.4635009765625,0.00732421875
trained,category-statistics-s4-transformer-seed17,transformer,statistics_s4,17,length|cycle_type|rsk_shape|pattern_avoidance,valleys,local,embedding,1e-06,0.0,6144,2048,8192,0.0,0.005645683369624325,0.9926476029684151,0.458984375,0.45556640625,0.00341796875
trained,category-statistics-s4-transformer-seed17,transformer,statistics_s4,17,length|cycle_type|rsk_shape|pattern_avoidance,double_ascents,local,embedding,1e-06,-2.220446049250313e-16,6144,2048,8192,0.0,0.0,1.012985218660725,0.3338623046875,0.344482421875,-0.0106201171875
trained,category-statistics-s4-transformer-seed17,transformer,statistics_s4,17,length|cycle_type|rsk_shape|pattern_avoidance,double_descents,local,embedding,1e-06,0.0,6144,2048,8192,-2.220446049250313e-16,0.0,0.9962763749938196,0.3388671875,0.3399658203125,-0.0010986328125
trained,category-statistics-s4-transformer-seed17,transformer,statistics_s4,17,length|cycle_type|rsk_shape|pattern_avoidance,successions,local,embedding,1e-06,0.0,6144,2048,8192,0.0,0.0,1.0677013036927756,0.3643798828125,0.398681640625,-0.0343017578125
trained,category-statistics-s4-transformer-seed17,transformer,statistics_s4,17,length|cycle_type|rsk_shape|pattern_avoidance,adjacencies,local,embedding,1e-06,0.0,6144,2048,8192,0.0,0.0,1.0447981442612964,0.329345703125,0.329345703125,0.0
trained,category-statistics-s4-transformer-seed17,transformer,statistics_s4,17,length|cycle_type|rsk_shape|pattern_avoidance,fixed_points,positional,embedding,10.0,2.220446049250313e-16,6144,2048,8192,0.0,0.0,1.0125438624646812,0.3580322265625,0.369873046875,-0.0118408203125
trained,category-statistics-s4-transformer-seed17,transformer,statistics_s4,17,length|cycle_type|rsk_shape|pattern_avoidance,anti_fixed_points,positional,embedding,1e-06,0.0,6144,2048,8192,0.0,0.0,0.9975928763619372,0.3592529296875,0.37939453125,-0.0201416015625
trained,category-statistics-s4-transformer-seed17,transformer,statistics_s4,17,length|cycle_type|rsk_shape|pattern_avoidance,exceedances,positional,embedding,1e-06,0.0,6144,2048,8192,0.0,-0.015837057571193105,0.996743501992833,0.3426513671875,0.3426513671875,0.0
trained,category-statistics-s4-transformer-seed17,transformer,statistics_s4,17,length|cycle_type|rsk_shape|pattern_avoidance,deficiencies,positional,embedding,1e-06,0.0,6144,2048,8192,0.0,0.019311641706760866,1.0018364670463262,0.3414306640625,0.34033203125,0.0010986328125
trained,category-statistics-s4-transformer-seed17,transformer,statistics_s4,17,length|cycle_type|rsk_shape|pattern_avoidance,left_to_right_maxima,positional,embedding,1e-06,0.0,6144,2048,8192,0.0,0.0,1.0233111062138236,0.3040771484375,0.3026123046875,0.00146484375
trained,category-statistics-s4-transformer-seed17,transformer,statistics_s4,17,length|cycle_type|rsk_shape|pattern_avoidance,left_to_right_minima,positional,embedding,1e-06,0.0,6144,2048,8192,0.0,0.0,0.9857920972831147,0.3160400390625,0.307373046875,0.0086669921875
trained,category-statistics-s4-transformer-seed17,transformer,statistics_s4,17,length|cycle_type|rsk_shape|pattern_avoidance,right_to_left_maxima,positional,embedding,1e-06,0.0,6144,2048,8192,0.0,0.0,1.0300600749281232,0.305908203125,0.3045654296875,0.0013427734375
trained,category-statistics-s4-transformer-seed17,transformer,statistics_s4,17,length|cycle_type|rsk_shape|pattern_avoidance,right_to_left_minima,positional,embedding,1.0,0.0,6144,2048,8192,0.0,0.0,1.0276770844678722,0.3035888671875,0.2933349609375,0.01025390625
trained,category-statistics-s4-transformer-seed17,transformer,statistics_s4,17,length|cycle_type|rsk_shape|pattern_avoidance,cycle_count,cycle,embedding,1e-06,0.0,6144,2048,8192,1.1102230246251565e-16,0.0,0.9967724289122707,0.3077392578125,0.3079833984375,-0.000244140625
trained,category-statistics-s4-transformer-seed17,transformer,statistics_s4,17,length|cycle_type|rsk_shape|pattern_avoidance,two_cycle_count,cycle,embedding,1e-06,0.0,6144,2048,8192,0.0,0.0,1.0101702448488212,0.4593505859375,0.6026611328125,-0.143310546875
trained,category-statistics-s4-transformer-seed17,transformer,statistics_s4,17,length|cycle_type|rsk_shape|pattern_avoidance,three_cycle_count,cycle,embedding,1e-06,0.0,6144,2048,8192,0.0,0.0,1.0003236622577176,0.7235107421875,0.7235107421875,0.0
trained,category-statistics-s4-transformer-seed17,transformer,statistics_s4,17,length|cycle_type|rsk_shape|pattern_avoidance,even_cycle_count,cycle,embedding,1e-06,0.0,6144,2048,8192,0.0,0.0,1.0111505563890062,0.3974609375,0.40771484375,-0.01025390625
trained,category-statistics-s4-transformer-seed17,transformer,statistics_s4,17,length|cycle_type|rsk_shape|pattern_avoidance,odd_cycle_count,cycle,embedding,1e-06,0.0,6144,2048,8192,0.0,0.0,0.9928792526047006,0.3057861328125,0.5802001953125,-0.2744140625
trained,category-statistics-s4-transformer-seed17,transformer,statistics_s4,17,length|cycle_type|rsk_shape|pattern_avoidance,longest_cycle,cycle,embedding,1e-06,0.0,6144,2048,8192,0.0,-0.02160196109732523,1.002388866359531,0.1435546875,0.1644287109375,-0.0208740234375
trained,category-statistics-s4-transformer-seed17,transformer,statistics_s4,17,length|cycle_type|rsk_shape|pattern_avoidance,shortest_cycle,cycle,embedding,1e-06,0.0,6144,2048,8192,0.0,0.0,1.004064219330732,0.1092529296875,0.6358642578125,-0.526611328125
trained,category-statistics-s4-transformer-seed17,transformer,statistics_s4,17,length|cycle_type|rsk_shape|pattern_avoidance,nontrivial_cycle_count,cycle,embedding,10.0,1.1102230246251565e-16,6144,2048,8192,0.0,0.0,1.0147479301353286,0.4290771484375,0.4312744140625,-0.002197265625
trained,category-statistics-s4-transformer-seed17,transformer,statistics_s4,17,length|cycle_type|rsk_shape|pattern_avoidance,lis_length,global_run,embedding,1.0,2.220446049250313e-16,6144,2048,8192,0.0,-0.01542932930798948,1.022679339029915,0.390869140625,0.39697265625,-0.006103515625
trained,category-statistics-s4-transformer-seed17,transformer,statistics_s4,17,length|cycle_type|rsk_shape|pattern_avoidance,lds_length,global_run,embedding,1e-06,0.0,6144,2048,8192,0.0,-0.017853576347203144,1.0371136011049422,0.38720703125,0.396484375,-0.00927734375
trained,category-statistics-s4-transformer-seed17,transformer,statistics_s4,17,length|cycle_type|rsk_shape|pattern_avoidance,longest_increasing_run,global_run,embedding,1e-06,0.0,6144,2048,8192,0.0,0.014767400363193768,1.0681850394483854,0.4554443359375,0.5040283203125,-0.048583984375
trained,category-statistics-s4-transformer-seed17,transformer,statistics_s4,17,length|cycle_type|rsk_shape|pattern_avoidance,longest_decreasing_run,global_run,embedding,1e-06,0.0,6144,2048,8192,0.0,-0.002261862713862057,1.1023380059178607,0.459716796875,0.5018310546875,-0.0421142578125
trained,category-statistics-s4-transformer-seed17,transformer,statistics_s4,17,length|cycle_type|rsk_shape|pattern_avoidance,global_descents,global_run,embedding,1e-06,0.0,6144,2048,8192,0.0,0.0,1.2434738264527403,0.7889404296875,0.8125,-0.0235595703125
trained,category-statistics-s4-transformer-seed17,transformer,statistics_s4,17,length|cycle_type|rsk_shape|pattern_avoidance,components,global_run,embedding,1e-06,0.0,6144,2048,8192,0.0,-0.0040528224032078996,1.241825229327309,0.7493896484375,0.804931640625,-0.0555419921875
trained,category-statistics-s4-transformer-seed17,transformer,statistics_s4,17,length|cycle_type|rsk_shape|pattern_avoidance,max_displacement,global_run,embedding,10.0,0.0,6144,2048,8192,0.0,-0.009542714571530901,1.0210438164840894,0.238037109375,0.2574462890625,-0.0194091796875
trained,category-statistics-s4-transformer-seed17,transformer,statistics_s4,17,length|cycle_type|rsk_shape|pattern_avoidance,displacement_one_count,global_run,embedding,1e-06,0.0,6144,2048,8192,0.0,0.0,0.9899467911205587,0.2646484375,0.3072509765625,-0.0426025390625
trained,category-statistics-s4-transformer-seed17,transformer,statistics_s4,17,length|cycle_type|rsk_shape|pattern_avoidance,descents,local,block_01,0.0001,0.25215462881426176,6144,2048,8192,0.23993991447701568,0.48954242655510183,0.8901536009694173,0.3909912109375,0.3338623046875,0.05712890625
trained,category-statistics-s4-transformer-seed17,transformer,statistics_s4,17,length|cycle_type|rsk_shape|pattern_avoidance,recoils,local,block_01,0.0001,0.24799582653529095,6144,2048,8192,0.25938609715634753,0.5093516782426879,0.8706809307148264,0.407470703125,0.33642578125,0.071044921875
trained,category-statistics-s4-transformer-seed17,transformer,statistics_s4,17,length|cycle_type|rsk_shape|pattern_avoidance,peaks,local,block_01,0.0001,0.1758254518230381,6144,2048,8192,0.17853995139876921,0.4226087983738456,0.8947444823390098,0.4954833984375,0.4635009765625,0.031982421875
trained,category-statistics-s4-transformer-seed17,transformer,statistics_s4,17,length|cycle_type|rsk_shape|pattern_avoidance,valleys,local,block_01,0.0001,0.14029129278054653,6144,2048,8192,0.14251905609186266,0.3774634974753303,0.9191943302145666,0.4891357421875,0.45556640625,0.0335693359375
trained,category-statistics-s4-transformer-seed17,transformer,statistics_s4,17,length|cycle_type|rsk_shape|pattern_avoidance,double_ascents,local,block_01,0.0001,0.20864036485787218,6144,2048,8192,0.21376765695751854,0.46203959447289705,0.898211396111504,0.3594970703125,0.344482421875,0.0150146484375
trained,category-statistics-s4-transformer-seed17,transformer,statistics_s4,17,length|cycle_type|rsk_shape|pattern_avoidance,double_descents,local,block_01,0.0001,0.14281952138671739,6144,2048,8192,0.1334443866478744,0.365813936712541,0.9274234050181768,0.3646240234375,0.3399658203125,0.024658203125
trained,category-statistics-s4-transformer-seed17,transformer,statistics_s4,17,length|cycle_type|rsk_shape|pattern_avoidance,successions,local,block_01,1e-05,0.2647245003129308,6144,2048,8192,0.2768789319337148,0.5266649148532938,0.9079360921036809,0.4005126953125,0.398681640625,0.0018310546875
trained,category-statistics-s4-transformer-seed17,transformer,statistics_s4,17,length|cycle_type|rsk_shape|pattern_avoidance,adjacencies,local,block_01,0.0001,0.2205127025217215,6144,2048,8192,0.23149908070184766,0.4822013747130053,0.9159137697945783,0.34326171875,0.329345703125,0.013916015625
trained,category-statistics-s4-transformer-seed17,transformer,statistics_s4,17,length|cycle_type|rsk_shape|pattern_avoidance,fixed_points,positional,block_01,1e-05,0.3622473283522949,6144,2048,8192,0.323002179672651,0.5696843439517432,0.8331198473228428,0.467041015625,0.369873046875,0.09716796875
trained,category-statistics-s4-transformer-seed17,transformer,statistics_s4,17,length|cycle_type|rsk_shape|pattern_avoidance,anti_fixed_points,positional,block_01,1e-05,0.2551984939626708,6144,2048,8192,0.25765220682822443,0.50868599513387,0.8595221048204416,0.4432373046875,0.37939453125,0.0638427734375
trained,category-statistics-s4-transformer-seed17,transformer,statistics_s4,17,length|cycle_type|rsk_shape|pattern_avoidance,exceedances,positional,block_01,1e-06,0.5605074396543951,6144,2048,8192,0.5778824997602443,0.7605748669995526,0.6475899374650829,0.5096435546875,0.3426513671875,0.1669921875
trained,category-statistics-s4-transformer-seed17,transformer,statistics_s4,17,length|cycle_type|rsk_shape|pattern_avoidance,deficiencies,positional,block_01,1e-05,0.5853907841534105,6144,2048,8192,0.5727596517206166,0.7567215556320506,0.6548366321731889,0.519287109375,0.34033203125,0.178955078125
trained,category-statistics-s4-transformer-seed17,transformer,statistics_s4,17,length|cycle_type|rsk_shape|pattern_avoidance,left_to_right_maxima,positional,block_01,1e-05,0.6548634157014405,6144,2048,8192,0.6482404514585958,0.8049878142288627,0.6069188625958599,0.5379638671875,0.3026123046875,0.2353515625
trained,category-statistics-s4-transformer-seed17,transformer,statistics_s4,17,length|cycle_type|rsk_shape|pattern_avoidance,left_to_right_minima,positional,block_01,1e-05,0.571510551035698,6144,2048,8192,0.5650094192720562,0.7518347593508662,0.6501675031685069,0.4837646484375,0.307373046875,0.1763916015625
trained,category-statistics-s4-transformer-seed17,transformer,statistics_s4,17,length|cycle_type|rsk_shape|pattern_avoidance,right_to_left_maxima,positional,block_01,0.0001,0.5474446833614066,6144,2048,8192,0.5067281828098333,0.7119517690847853,0.7234453104218231,0.469970703125,0.3045654296875,0.1654052734375
trained,category-statistics-s4-transformer-seed17,transformer,statistics_s4,17,length|cycle_type|rsk_shape|pattern_avoidance,right_to_left_minima,positional,block_01,1e-05,0.6965930848831512,6144,2048,8192,0.6909450186338912,0.8314712380103089,0.5713135790635447,0.50439453125,0.2933349609375,0.2110595703125
trained,category-statistics-s4-transformer-seed17,transformer,statistics_s4,17,length|cycle_type|rsk_shape|pattern_avoidance,cycle_count,cycle,block_01,0.0001,0.2393082379094802,6144,2048,8192,0.21256768982953034,0.4630664023940798,0.8845097656366164,0.3697509765625,0.3079833984375,0.061767578125
trained,category-statistics-s4-transformer-seed17,transformer,statistics_s4,17,length|cycle_type|rsk_shape|pattern_avoidance,two_cycle_count,cycle,block_01,0.0001,0.04722243867627263,6144,2048,8192,0.06724054827829795,0.2616747259364841,0.9756170942891939,0.5172119140625,0.6026611328125,-0.08544921875
trained,category-statistics-s4-transformer-seed17,transformer,statistics_s4,17,length|cycle_type|rsk_shape|pattern_avoidance,three_cycle_count,cycle,block_01,0.01,0.014807496038458434,6144,2048,8192,0.008425802691516715,0.0968711850602263,0.9961004826170236,0.7322998046875,0.7235107421875,0.0087890625
trained,category-statistics-s4-transformer-seed17,transformer,statistics_s4,17,length|cycle_type|rsk_shape|pattern_avoidance,even_cycle_count,cycle,block_01,0.001,0.046459133475839076,6144,2048,8192,0.0506259523698952,0.22512326683026496,0.9852229116649118,0.428466796875,0.40771484375,0.020751953125
trained,category-statistics-s4-transformer-seed17,transformer,statistics_s4,17,length|cycle_type|rsk_shape|pattern_avoidance,odd_cycle_count,cycle,block_01,0.0001,0.24697388299057488,6144,2048,8192,0.22573125833239804,0.4763860990764783,0.8736596916115686,0.364990234375,0.5802001953125,-0.2152099609375
trained,category-statistics-s4-transformer-seed17,transformer,statistics_s4,17,length|cycle_type|rsk_shape|pattern_avoidance,longest_cycle,cycle,block_01,0.001,0.0994540550970412,6144,2048,8192,0.09722061180052821,0.3128906708337139,0.9524168093308143,0.1895751953125,0.1644287109375,0.025146484375
trained,category-statistics-s4-transformer-seed17,transformer,statistics_s4,17,length|cycle_type|rsk_shape|pattern_avoidance,shortest_cycle,cycle,block_01,0.0001,0.10963739452194343,6144,2048,8192,0.10423697986159097,0.3251631914521776,0.9502941497282743,0.2269287109375,0.6358642578125,-0.408935546875
trained,category-statistics-s4-transformer-seed17,transformer,statistics_s4,17,length|cycle_type|rsk_shape|pattern_avoidance,nontrivial_cycle_count,cycle,block_01,0.001,0.08085293225323187,6144,2048,8192,0.0806228272667967,0.28401810041089576,0.9729825071491053,0.4591064453125,0.4312744140625,0.02783203125
trained,category-statistics-s4-transformer-seed17,transformer,statistics_s4,17,length|cycle_type|rsk_shape|pattern_avoidance,lis_length,global_run,block_01,1e-05,0.5217407480474601,6144,2048,8192,0.5302132573583273,0.7282527228067298,0.7009545521682176,0.5072021484375,0.39697265625,0.1102294921875
trained,category-statistics-s4-transformer-seed17,transformer,statistics_s4,17,length|cycle_type|rsk_shape|pattern_avoidance,lds_length,global_run,block_01,0.0001,0.48011282730885485,6144,2048,8192,0.4857772989040201,0.6971308663635838,0.743707142515693,0.5223388671875,0.396484375,0.1258544921875
trained,category-statistics-s4-transformer-seed17,transformer,statistics_s4,17,length|cycle_type|rsk_shape|pattern_avoidance,longest_increasing_run,global_run,block_01,1e-05,0.3451054991653847,6144,2048,8192,0.3381500572944316,0.5818377586753538,0.869012971193219,0.5032958984375,0.5040283203125,-0.000732421875
trained,category-statistics-s4-transformer-seed17,transformer,statistics_s4,17,length|cycle_type|rsk_shape|pattern_avoidance,longest_decreasing_run,global_run,block_01,0.001,0.16741513161219068,6144,2048,8192,0.16124118885156768,0.40322288209358076,1.0095627752221268,0.5140380859375,0.5018310546875,0.01220703125
trained,category-statistics-s4-transformer-seed17,transformer,statistics_s4,17,length|cycle_type|rsk_shape|pattern_avoidance,global_descents,global_run,block_01,1e-06,0.2590219625540673,6144,2048,8192,0.3172655500464475,0.5640732057166109,1.0274544017071967,0.861328125,0.8125,0.048828125
trained,category-statistics-s4-transformer-seed17,transformer,statistics_s4,17,length|cycle_type|rsk_shape|pattern_avoidance,components,global_run,block_01,1e-06,0.4432088454565982,6144,2048,8192,0.46698591574051074,0.6876181214884808,0.9066294483199786,0.838623046875,0.804931640625,0.03369140625
trained,category-statistics-s4-transformer-seed17,transformer,statistics_s4,17,length|cycle_type|rsk_shape|pattern_avoidance,max_displacement,global_run,block_01,1e-05,0.7341078542456614,6144,2048,8192,0.7352757106875135,0.8576180721695543,0.5253409741574884,0.50341796875,0.2574462890625,0.2459716796875
trained,category-statistics-s4-transformer-seed17,transformer,statistics_s4,17,length|cycle_type|rsk_shape|pattern_avoidance,displacement_one_count,global_run,block_01,0.0001,0.25749364655756557,6144,2048,8192,0.26593798982177885,0.5166196413351073,0.848160858677336,0.38134765625,0.3072509765625,0.0740966796875
trained,category-statistics-s4-transformer-seed17,transformer,statistics_s4,17,length|cycle_type|rsk_shape|pattern_avoidance,descents,local,block_02,1e-05,0.4857425022527969,6144,2048,8192,0.49106962051208236,0.70095506219819,0.7284004038324658,0.462158203125,0.3338623046875,0.1282958984375
trained,category-statistics-s4-transformer-seed17,transformer,statistics_s4,17,length|cycle_type|rsk_shape|pattern_avoidance,recoils,local,block_02,0.0001,0.44410354795984797,6144,2048,8192,0.468324339479114,0.6843490964554699,0.7377113958024216,0.4637451171875,0.33642578125,0.1273193359375
trained,category-statistics-s4-transformer-seed17,transformer,statistics_s4,17,length|cycle_type|rsk_shape|pattern_avoidance,peaks,local,block_02,0.0001,0.2213412311064472,6144,2048,8192,0.24420102244578779,0.4942368814867163,0.8582404027767804,0.5032958984375,0.4635009765625,0.039794921875
trained,category-statistics-s4-transformer-seed17,transformer,statistics_s4,17,length|cycle_type|rsk_shape|pattern_avoidance,valleys,local,block_02,0.0001,0.21573672394931787,6144,2048,8192,0.23833587623558705,0.488172977774027,0.8663170225280867,0.4970703125,0.45556640625,0.04150390625
trained,category-statistics-s4-transformer-seed17,transformer,statistics_s4,17,length|cycle_type|rsk_shape|pattern_avoidance,double_ascents,local,block_02,0.0001,0.37395293789704076,6144,2048,8192,0.3976073445509394,0.6304812934752432,0.7862179272518931,0.4027099609375,0.344482421875,0.0582275390625
trained,category-statistics-s4-transformer-seed17,transformer,statistics_s4,17,length|cycle_type|rsk_shape|pattern_avoidance,double_descents,local,block_02,0.0001,0.34238133908571833,6144,2048,8192,0.3580351646629014,0.5982656261036657,0.7982436118113526,0.4066162109375,0.3399658203125,0.066650390625
trained,category-statistics-s4-transformer-seed17,transformer,statistics_s4,17,length|cycle_type|rsk_shape|pattern_avoidance,successions,local,block_02,0.0001,0.3898998323084477,6144,2048,8192,0.45184662933109865,0.6736341156137569,0.7904980764858748,0.4468994140625,0.398681640625,0.0482177734375
trained,category-statistics-s4-transformer-seed17,transformer,statistics_s4,17,length|cycle_type|rsk_shape|pattern_avoidance,adjacencies,local,block_02,0.0001,0.3288119068928532,6144,2048,8192,0.3973679951813369,0.631025792697471,0.811070281870951,0.368896484375,0.329345703125,0.03955078125
trained,category-statistics-s4-transformer-seed17,transformer,statistics_s4,17,length|cycle_type|rsk_shape|pattern_avoidance,fixed_points,positional,block_02,1e-05,0.48357373299469286,6144,2048,8192,0.4542729762546983,0.6745625421502592,0.7479999615803761,0.5162353515625,0.369873046875,0.1463623046875
trained,category-statistics-s4-transformer-seed17,transformer,statistics_s4,17,length|cycle_type|rsk_shape|pattern_avoidance,anti_fixed_points,positional,block_02,0.0001,0.2922181606606469,6144,2048,8192,0.2779906849315247,0.5276311151834221,0.8476659525947484,0.4517822265625,0.37939453125,0.0723876953125
trained,category-statistics-s4-transformer-seed17,transformer,statistics_s4,17,length|cycle_type|rsk_shape|pattern_avoidance,exceedances,positional,block_02,1e-05,0.7095775264510957,6144,2048,8192,0.702575501158985,0.8386061863522055,0.5435904049803105,0.578369140625,0.3426513671875,0.2357177734375
trained,category-statistics-s4-transformer-seed17,transformer,statistics_s4,17,length|cycle_type|rsk_shape|pattern_avoidance,deficiencies,positional,block_02,1e-05,0.6576271249432801,6144,2048,8192,0.6735837978078005,0.820678969744365,0.5723776797400197,0.563232421875,0.34033203125,0.222900390625
trained,category-statistics-s4-transformer-seed17,transformer,statistics_s4,17,length|cycle_type|rsk_shape|pattern_avoidance,left_to_right_maxima,positional,block_02,1e-05,0.7123948626558089,6144,2048,8192,0.6970002220167102,0.8346524360484252,0.56328585141312,0.5491943359375,0.3026123046875,0.24658203125
trained,category-statistics-s4-transformer-seed17,transformer,statistics_s4,17,length|cycle_type|rsk_shape|pattern_avoidance,left_to_right_minima,positional,block_02,1e-05,0.7515620533865578,6144,2048,8192,0.734194059469161,0.8572665398913344,0.5082386323615644,0.5880126953125,0.307373046875,0.2806396484375
trained,category-statistics-s4-transformer-seed17,transformer,statistics_s4,17,length|cycle_type|rsk_shape|pattern_avoidance,right_to_left_maxima,positional,block_02,1e-05,0.6281580731559215,6144,2048,8192,0.6257976872703193,0.7910837762823968,0.6301091525205117,0.48486328125,0.3045654296875,0.1802978515625
trained,category-statistics-s4-transformer-seed17,transformer,statistics_s4,17,length|cycle_type|rsk_shape|pattern_avoidance,right_to_left_minima,positional,block_02,1e-05,0.7803361832861163,6144,2048,8192,0.7815899517538678,0.884082841498649,0.4802783168524205,0.5606689453125,0.2933349609375,0.267333984375
trained,category-statistics-s4-transformer-seed17,transformer,statistics_s4,17,length|cycle_type|rsk_shape|pattern_avoidance,cycle_count,cycle,block_02,0.0001,0.32133822194736494,6144,2048,8192,0.29526403186524053,0.5447367231963197,0.836776038525529,0.388671875,0.3079833984375,0.0806884765625
trained,category-statistics-s4-transformer-seed17,transformer,statistics_s4,17,length|cycle_type|rsk_shape|pattern_avoidance,two_cycle_count,cycle,block_02,0.001,0.09161346095135581,6144,2048,8192,0.1065034414692515,0.32678830409916265,0.9548628874820154,0.5211181640625,0.6026611328125,-0.08154296875
trained,category-statistics-s4-transformer-seed17,transformer,statistics_s4,17,length|cycle_type|rsk_shape|pattern_avoidance,three_cycle_count,cycle,block_02,0.01,0.030486377657359953,6144,2048,8192,0.02359863843069454,0.15447856790542444,0.9884500555883854,0.731689453125,0.7235107421875,0.0081787109375
trained,category-statistics-s4-transformer-seed17,transformer,statistics_s4,17,length|cycle_type|rsk_shape|pattern_avoidance,even_cycle_count,cycle,block_02,0.01,0.06716341146130578,6144,2048,8192,0.07713663862106268,0.27781100576051077,0.9713696440648529,0.4259033203125,0.40771484375,0.0181884765625
trained,category-statistics-s4-transformer-seed17,transformer,statistics_s4,17,length|cycle_type|rsk_shape|pattern_avoidance,odd_cycle_count,cycle,block_02,1e-05,0.3323385576911454,6144,2048,8192,0.3213673422359048,0.5684679039587205,0.817925622781331,0.3912353515625,0.5802001953125,-0.18896484375
trained,category-statistics-s4-transformer-seed17,transformer,statistics_s4,17,length|cycle_type|rsk_shape|pattern_avoidance,longest_cycle,cycle,block_02,0.001,0.11812181135958966,6144,2048,8192,0.1161660196708153,0.3422434657659883,0.9423702810547012,0.1943359375,0.1644287109375,0.0299072265625
trained,category-statistics-s4-transformer-seed17,transformer,statistics_s4,17,length|cycle_type|rsk_shape|pattern_avoidance,shortest_cycle,cycle,block_02,0.0001,0.15508326257682858,6144,2048,8192,0.14097582535323416,0.3772068572007677,0.9306024334893354,0.2408447265625,0.6358642578125,-0.39501953125
trained,category-statistics-s4-transformer-seed17,transformer,statistics_s4,17,length|cycle_type|rsk_shape|pattern_avoidance,nontrivial_cycle_count,cycle,block_02,0.001,0.09625376175316358,6144,2048,8192,0.10533707324343411,0.32498479910072275,0.9598157999904618,0.4639892578125,0.4312744140625,0.03271484375
trained,category-statistics-s4-transformer-seed17,transformer,statistics_s4,17,length|cycle_type|rsk_shape|pattern_avoidance,lis_length,global_run,block_02,1e-05,0.7224827226582737,6144,2048,8192,0.7225618411602941,0.8500435655587573,0.5386697392244195,0.5997314453125,0.39697265625,0.2027587890625
trained,category-statistics-s4-transformer-seed17,transformer,statistics_s4,17,length|cycle_type|rsk_shape|pattern_avoidance,lds_length,global_run,block_02,0.0001,0.7055559746894852,6144,2048,8192,0.7138463502734933,0.845046351780581,0.5547866149544706,0.6077880859375,0.396484375,0.2113037109375
trained,category-statistics-s4-transformer-seed17,transformer,statistics_s4,17,length|cycle_type|rsk_shape|pattern_avoidance,longest_increasing_run,global_run,block_02,1e-05,0.49413094604745134,6144,2048,8192,0.5213569440362398,0.7226315341888645,0.7390135008072926,0.54638671875,0.5040283203125,0.0423583984375
trained,category-statistics-s4-transformer-seed17,transformer,statistics_s4,17,length|cycle_type|rsk_shape|pattern_avoidance,longest_decreasing_run,global_run,block_02,0.0001,0.3599885921910244,6144,2048,8192,0.44272305009196533,0.6681922264422544,0.822906174840623,0.546875,0.5018310546875,0.0450439453125
trained,category-statistics-s4-transformer-seed17,transformer,statistics_s4,17,length|cycle_type|rsk_shape|pattern_avoidance,global_descents,global_run,block_02,1e-06,0.35423549211015515,6144,2048,8192,0.44732197617911307,0.6725710593837292,0.9244272656890344,0.863037109375,0.8125,0.050537109375
trained,category-statistics-s4-transformer-seed17,transformer,statistics_s4,17,length|cycle_type|rsk_shape|pattern_avoidance,components,global_run,block_02,1e-06,0.48978018354906916,6144,2048,8192,0.5544061050991174,0.7474767485894307,0.8289533573552106,0.884765625,0.804931640625,0.079833984375
trained,category-statistics-s4-transformer-seed17,transformer,statistics_s4,17,length|cycle_type|rsk_shape|pattern_avoidance,max_displacement,global_run,block_02,0.0001,0.7470607451231183,6144,2048,8192,0.74365848550949,0.8625725625045987,0.516956323987098,0.5130615234375,0.2574462890625,0.255615234375
trained,category-statistics-s4-transformer-seed17,transformer,statistics_s4,17,length|cycle_type|rsk_shape|pattern_avoidance,displacement_one_count,global_run,block_02,0.0001,0.3305187515250121,6144,2048,8192,0.32140005697094076,0.5682759199217667,0.8154902287273337,0.393798828125,0.3072509765625,0.0865478515625
trained,category-statistics-s4-transformer-seed17,transformer,statistics_s4,17,length|cycle_type|rsk_shape|pattern_avoidance,descents,local,block_03,0.0001,0.49141258556969536,6144,2048,8192,0.5042421655620474,0.7103349544836884,0.7189120829530576,0.4683837890625,0.3338623046875,0.134521484375
trained,category-statistics-s4-transformer-seed17,transformer,statistics_s4,17,length|cycle_type|rsk_shape|pattern_avoidance,recoils,local,block_03,0.0001,0.4484996881440241,6144,2048,8192,0.4713482521768968,0.6865665641851316,0.7356105324697885,0.464599609375,0.33642578125,0.128173828125
trained,category-statistics-s4-transformer-seed17,transformer,statistics_s4,17,length|cycle_type|rsk_shape|pattern_avoidance,peaks,local,block_03,0.0001,0.2239611670590933,6144,2048,8192,0.24672236900453715,0.4969324955671908,0.8568076612156333,0.512451171875,0.4635009765625,0.0489501953125
trained,category-statistics-s4-transformer-seed17,transformer,statistics_s4,17,length|cycle_type|rsk_shape|pattern_avoidance,valleys,local,block_03,0.0001,0.2278640172345351,6144,2048,8192,0.24258531261991279,0.4925243674043233,0.863896987209461,0.4993896484375,0.45556640625,0.0438232421875
trained,category-statistics-s4-transformer-seed17,transformer,statistics_s4,17,length|cycle_type|rsk_shape|pattern_avoidance,double_ascents,local,block_03,0.0001,0.37951086383067556,6144,2048,8192,0.40399912261531357,0.6357442354866141,0.7820356616170782,0.401123046875,0.344482421875,0.056640625
trained,category-statistics-s4-transformer-seed17,transformer,statistics_s4,17,length|cycle_type|rsk_shape|pattern_avoidance,double_descents,local,block_03,0.0001,0.35090500793032575,6144,2048,8192,0.36820768982524543,0.6067987951056213,0.7918939038327489,0.41064453125,0.3399658203125,0.0706787109375
trained,category-statistics-s4-transformer-seed17,transformer,statistics_s4,17,length|cycle_type|rsk_shape|pattern_avoidance,successions,local,block_03,0.001,0.40458595082178506,6144,2048,8192,0.44491569527065133,0.6692319835287268,0.795479966583664,0.447509765625,0.398681640625,0.048828125
trained,category-statistics-s4-transformer-seed17,transformer,statistics_s4,17,length|cycle_type|rsk_shape|pattern_avoidance,adjacencies,local,block_03,0.0001,0.34353631224245873,6144,2048,8192,0.4020796761471156,0.6346513359214113,0.8078933817605254,0.3818359375,0.329345703125,0.052490234375
trained,category-statistics-s4-transformer-seed17,transformer,statistics_s4,17,length|cycle_type|rsk_shape|pattern_avoidance,fixed_points,positional,block_03,1e-06,0.5137330799316833,6144,2048,8192,0.4774287521132754,0.6919839235730257,0.7319587402334494,0.5274658203125,0.369873046875,0.1575927734375
trained,category-statistics-s4-transformer-seed17,transformer,statistics_s4,17,length|cycle_type|rsk_shape|pattern_avoidance,anti_fixed_points,positional,block_03,0.0001,0.2920352431450465,6144,2048,8192,0.27339513937083804,0.5236164952028842,0.8503593447972829,0.4471435546875,0.37939453125,0.0677490234375
trained,category-statistics-s4-transformer-seed17,transformer,statistics_s4,17,length|cycle_type|rsk_shape|pattern_avoidance,exceedances,positional,block_03,1e-05,0.6887112016108601,6144,2048,8192,0.6825488491090878,0.8267081148102252,0.561593232962968,0.564453125,0.3426513671875,0.2218017578125
trained,category-statistics-s4-transformer-seed17,transformer,statistics_s4,17,length|cycle_type|rsk_shape|pattern_avoidance,deficiencies,positional,block_03,1e-05,0.6703686643031975,6144,2048,8192,0.6831393985812246,0.8265527602084608,0.5639374771833858,0.567138671875,0.34033203125,0.226806640625
trained,category-statistics-s4-transformer-seed17,transformer,statistics_s4,17,length|cycle_type|rsk_shape|pattern_avoidance,left_to_right_maxima,positional,block_03,0.0001,0.6977419868992194,6144,2048,8192,0.6849958350498294,0.827613828265981,0.5743357308441678,0.5413818359375,0.3026123046875,0.23876953125
trained,category-statistics-s4-transformer-seed17,transformer,statistics_s4,17,length|cycle_type|rsk_shape|pattern_avoidance,left_to_right_minima,positional,block_03,0.0001,0.7570714501053202,6144,2048,8192,0.7490569153753784,0.8657024120961399,0.4938248588894518,0.59130859375,0.307373046875,0.283935546875
trained,category-statistics-s4-transformer-seed17,transformer,statistics_s4,17,length|cycle_type|rsk_shape|pattern_avoidance,right_to_left_maxima,positional,block_03,1e-05,0.6340578010873965,6144,2048,8192,0.6376135239586125,0.7984853726639884,0.6200811726247232,0.489990234375,0.3045654296875,0.1854248046875
trained,category-statistics-s4-transformer-seed17,transformer,statistics_s4,17,length|cycle_type|rsk_shape|pattern_avoidance,right_to_left_minima,positional,block_03,0.0001,0.7661021332866765,6144,2048,8192,0.7714284300964245,0.87855596104286,0.4913237729049312,0.5570068359375,0.2933349609375,0.263671875
trained,category-statistics-s4-transformer-seed17,transformer,statistics_s4,17,length|cycle_type|rsk_shape|pattern_avoidance,cycle_count,cycle,block_03,0.0001,0.34011030395081143,6144,2048,8192,0.31736618501850244,0.5650477392841714,0.8235498939319461,0.4044189453125,0.3079833984375,0.096435546875
trained,category-statistics-s4-transformer-seed17,transformer,statistics_s4,17,length|cycle_type|rsk_shape|pattern_avoidance,two_cycle_count,cycle,block_03,0.001,0.1031084392353585,6144,2048,8192,0.10950556322931182,0.33210516721326955,0.953257382338368,0.529541015625,0.6026611328125,-0.0731201171875
trained,category-statistics-s4-transformer-seed17,transformer,statistics_s4,17,length|cycle_type|rsk_shape|pattern_avoidance,three_cycle_count,cycle,block_03,0.01,0.0330064212942901,6144,2048,8192,0.03338401027389093,0.183225531793887,0.983484522101548,0.7353515625,0.7235107421875,0.0118408203125
trained,category-statistics-s4-transformer-seed17,transformer,statistics_s4,17,length|cycle_type|rsk_shape|pattern_avoidance,even_cycle_count,cycle,block_03,0.01,0.0796566532933396,6144,2048,8192,0.08797986321520423,0.2968871585557016,0.9656462067707076,0.4317626953125,0.40771484375,0.0240478515625
trained,category-statistics-s4-transformer-seed17,transformer,statistics_s4,17,length|cycle_type|rsk_shape|pattern_avoidance,odd_cycle_count,cycle,block_03,0.0001,0.3625651950032637,6144,2048,8192,0.34369279380115536,0.5870528287236289,0.804359178866102,0.406005859375,0.5802001953125,-0.1741943359375
trained,category-statistics-s4-transformer-seed17,transformer,statistics_s4,17,length|cycle_type|rsk_shape|pattern_avoidance,longest_cycle,cycle,block_03,0.001,0.12694173881729642,6144,2048,8192,0.12702013093500564,0.3579780596895466,0.9365659161892644,0.1971435546875,0.1644287109375,0.03271484375
trained,category-statistics-s4-transformer-seed17,transformer,statistics_s4,17,length|cycle_type|rsk_shape|pattern_avoidance,shortest_cycle,cycle,block_03,0.001,0.168221485736482,6144,2048,8192,0.1482431062893831,0.38547117089926,0.926657658789228,0.232666015625,0.6358642578125,-0.4031982421875
trained,category-statistics-s4-transformer-seed17,transformer,statistics_s4,17,length|cycle_type|rsk_shape|pattern_avoidance,nontrivial_cycle_count,cycle,block_03,0.001,0.10353015029949075,6144,2048,8192,0.11550205107777667,0.3403694760778767,0.9543476077477125,0.4678955078125,0.4312744140625,0.03662109375
trained,category-statistics-s4-transformer-seed17,transformer,statistics_s4,17,length|cycle_type|rsk_shape|pattern_avoidance,lis_length,global_run,block_03,0.0001,0.7360864982068689,6144,2048,8192,0.7457757172790067,0.8636175448642687,0.5156416594794003,0.6146240234375,0.39697265625,0.2176513671875
trained,category-statistics-s4-transformer-seed17,transformer,statistics_s4,17,length|cycle_type|rsk_shape|pattern_avoidance,lds_length,global_run,block_03,0.0001,0.7217703270267639,6144,2048,8192,0.7180284947102809,0.847449292712916,0.5507175812049635,0.6114501953125,0.396484375,0.2149658203125
trained,category-statistics-s4-transformer-seed17,transformer,statistics_s4,17,length|cycle_type|rsk_shape|pattern_avoidance,longest_increasing_run,global_run,block_03,0.0001,0.49733414502375417,6144,2048,8192,0.5295415863530843,0.7286981255018521,0.7326678099277275,0.55078125,0.5040283203125,0.0467529296875
trained,category-statistics-s4-transformer-seed17,transformer,statistics_s4,17,length|cycle_type|rsk_shape|pattern_avoidance,longest_decreasing_run,global_run,block_03,0.0001,0.38598424255359565,6144,2048,8192,0.45454237139329345,0.6766514491354315,0.8141328731808297,0.5458984375,0.5018310546875,0.0440673828125
trained,category-statistics-s4-transformer-seed17,transformer,statistics_s4,17,length|cycle_type|rsk_shape|pattern_avoidance,global_descents,global_run,block_03,1e-06,0.3707562655867018,6144,2048,8192,0.4693267208300429,0.6893012087700997,0.9058374223808485,0.8670654296875,0.8125,0.0545654296875
trained,category-statistics-s4-transformer-seed17,transformer,statistics_s4,17,length|cycle_type|rsk_shape|pattern_avoidance,components,global_run,block_03,1e-06,0.4964225324462975,6144,2048,8192,0.5662644746344898,0.7560255104246929,0.8178487161097888,0.8890380859375,0.804931640625,0.0841064453125
trained,category-statistics-s4-transformer-seed17,transformer,statistics_s4,17,length|cycle_type|rsk_shape|pattern_avoidance,max_displacement,global_run,block_03,1e-05,0.7298206111707255,6144,2048,8192,0.7266248042631742,0.852393589362797,0.5338557602143545,0.5023193359375,0.2574462890625,0.244873046875
trained,category-statistics-s4-transformer-seed17,transformer,statistics_s4,17,length|cycle_type|rsk_shape|pattern_avoidance,displacement_one_count,global_run,block_03,0.0001,0.3347010354064215,6144,2048,8192,0.3409645419024939,0.5850080373377002,0.8036486935231755,0.3985595703125,0.3072509765625,0.09130859375
trained,category-statistics-s4-transformer-seed17,transformer,statistics_s4,17,length|cycle_type|rsk_shape|pattern_avoidance,descents,local,block_04,1e-05,0.4745151883140274,6144,2048,8192,0.4921608968508332,0.7019148644600424,0.7276190467697706,0.4666748046875,0.3338623046875,0.1328125
trained,category-statistics-s4-transformer-seed17,transformer,statistics_s4,17,length|cycle_type|rsk_shape|pattern_avoidance,recoils,local,block_04,0.0001,0.42714800710418976,6144,2048,8192,0.4542240435413216,0.6739645527306456,0.7474296161478547,0.451904296875,0.33642578125,0.115478515625
trained,category-statistics-s4-transformer-seed17,transformer,statistics_s4,17,length|cycle_type|rsk_shape|pattern_avoidance,peaks,local,block_04,0.0001,0.21151719385075984,6144,2048,8192,0.22342911753270767,0.47353916935610973,0.8699541354596997,0.5072021484375,0.4635009765625,0.043701171875
trained,category-statistics-s4-transformer-seed17,transformer,statistics_s4,17,length|cycle_type|rsk_shape|pattern_avoidance,valleys,local,block_04,0.0001,0.2093862394874415,6144,2048,8192,0.21830313464345186,0.46756961688502985,0.8776357050047647,0.490478515625,0.45556640625,0.034912109375
trained,category-statistics-s4-transformer-seed17,transformer,statistics_s4,17,length|cycle_type|rsk_shape|pattern_avoidance,double_ascents,local,block_04,1e-06,0.36927033699057,6144,2048,8192,0.38984565510664804,0.6246443634649055,0.7912668334955381,0.396240234375,0.344482421875,0.0517578125
trained,category-statistics-s4-transformer-seed17,transformer,statistics_s4,17,length|cycle_type|rsk_shape|pattern_avoidance,double_descents,local,block_04,0.0001,0.33668487179590434,6144,2048,8192,0.356028422647616,0.5968169703307455,0.7994902681882173,0.409423828125,0.3399658203125,0.0694580078125
trained,category-statistics-s4-transformer-seed17,transformer,statistics_s4,17,length|cycle_type|rsk_shape|pattern_avoidance,successions,local,block_04,0.0001,0.3824714541400188,6144,2048,8192,0.4258371879136704,0.653868018024422,0.8090349868416338,0.445556640625,0.398681640625,0.046875
trained,category-statistics-s4-transformer-seed17,transformer,statistics_s4,17,length|cycle_type|rsk_shape|pattern_avoidance,adjacencies,local,block_04,0.0001,0.33146812001016623,6144,2048,8192,0.38156774604057386,0.6182632216888686,0.8216341059502386,0.369384765625,0.329345703125,0.0400390625
trained,category-statistics-s4-transformer-seed17,transformer,statistics_s4,17,length|cycle_type|rsk_shape|pattern_avoidance,fixed_points,positional,block_04,0.0001,0.5391653693985238,6144,2048,8192,0.516176443884937,0.718562320291937,0.7042994514473538,0.54248046875,0.369873046875,0.172607421875
trained,category-statistics-s4-transformer-seed17,transformer,statistics_s4,17,length|cycle_type|rsk_shape|pattern_avoidance,anti_fixed_points,positional,block_04,0.0001,0.27628037389480264,6144,2048,8192,0.2664085096964981,0.5165405812375897,0.8544378561825101,0.444580078125,0.37939453125,0.065185546875
trained,category-statistics-s4-transformer-seed17,transformer,statistics_s4,17,length|cycle_type|rsk_shape|pattern_avoidance,exceedances,positional,block_04,0.0001,0.6510959391271621,6144,2048,8192,0.65668884011323,0.810447434099459,0.5840195342707493,0.55322265625,0.3426513671875,0.2105712890625
trained,category-statistics-s4-transformer-seed17,transformer,statistics_s4,17,length|cycle_type|rsk_shape|pattern_avoidance,deficiencies,positional,block_04,0.0001,0.6571528530038965,6144,2048,8192,0.6636960591478722,0.8145239904318023,0.5809821832762332,0.55908203125,0.34033203125,0.21875
trained,category-statistics-s4-transformer-seed17,transformer,statistics_s4,17,length|cycle_type|rsk_shape|pattern_avoidance,left_to_right_maxima,positional,block_04,1e-05,0.659082981078428,6144,2048,8192,0.660547703458983,0.8125508198681086,0.5962069897291822,0.521728515625,0.3026123046875,0.2191162109375
trained,category-statistics-s4-transformer-seed17,transformer,statistics_s4,17,length|cycle_type|rsk_shape|pattern_avoidance,left_to_right_minima,positional,block_04,0.0001,0.7491909560722558,6144,2048,8192,0.745786924704781,0.8636863632809441,0.4970319130640899,0.5906982421875,0.307373046875,0.2833251953125
trained,category-statistics-s4-transformer-seed17,transformer,statistics_s4,17,length|cycle_type|rsk_shape|pattern_avoidance,right_to_left_maxima,positional,block_04,1e-05,0.6150483550370074,6144,2048,8192,0.6163632707349125,0.7850925102613601,0.6380028872792688,0.4786376953125,0.3045654296875,0.174072265625
trained,category-statistics-s4-transformer-seed17,transformer,statistics_s4,17,length|cycle_type|rsk_shape|pattern_avoidance,right_to_left_minima,positional,block_04,0.0001,0.7533728791120788,6144,2048,8192,0.7518953566175111,0.8672777929607369,0.5118870218067714,0.539794921875,0.2933349609375,0.2464599609375
trained,category-statistics-s4-transformer-seed17,transformer,statistics_s4,17,length|cycle_type|rsk_shape|pattern_avoidance,cycle_count,cycle,block_04,0.0001,0.3680500288429752,6144,2048,8192,0.3277084313913854,0.5746017529883607,0.8172874857452437,0.4051513671875,0.3079833984375,0.09716796875
trained,category-statistics-s4-transformer-seed17,transformer,statistics_s4,17,length|cycle_type|rsk_shape|pattern_avoidance,two_cycle_count,cycle,block_04,0.001,0.11367623193284304,6144,2048,8192,0.10872947324274296,0.3302368214838108,0.9536726866664167,0.5279541015625,0.6026611328125,-0.07470703125
trained,category-statistics-s4-transformer-seed17,transformer,statistics_s4,17,length|cycle_type|rsk_shape|pattern_avoidance,three_cycle_count,cycle,block_04,0.01,0.03048578135490987,6144,2048,8192,0.034540262732669524,0.18615728847014537,0.9828961309125411,0.7325439453125,0.7235107421875,0.009033203125
trained,category-statistics-s4-transformer-seed17,transformer,statistics_s4,17,length|cycle_type|rsk_shape|pattern_avoidance,even_cycle_count,cycle,block_04,0.001,0.08164544095511284,6144,2048,8192,0.09371234372716386,0.30652136075989034,0.9626066500377326,0.4342041015625,0.40771484375,0.0264892578125
trained,category-statistics-s4-transformer-seed17,transformer,statistics_s4,17,length|cycle_type|rsk_shape|pattern_avoidance,odd_cycle_count,cycle,block_04,0.0001,0.3835060670776097,6144,2048,8192,0.36648783254679984,0.6061400840049408,0.7902671253966107,0.41162109375,0.5802001953125,-0.1685791015625
trained,category-statistics-s4-transformer-seed17,transformer,statistics_s4,17,length|cycle_type|rsk_shape|pattern_avoidance,longest_cycle,cycle,block_04,0.001,0.13468811348823684,6144,2048,8192,0.1282820687691304,0.35973312640972144,0.9358887439915887,0.1939697265625,0.1644287109375,0.029541015625
trained,category-statistics-s4-transformer-seed17,transformer,statistics_s4,17,length|cycle_type|rsk_shape|pattern_avoidance,shortest_cycle,cycle,block_04,0.001,0.18236132769789182,6144,2048,8192,0.1691190058529657,0.41124817682044096,0.9152313826210654,0.2425537109375,0.6358642578125,-0.393310546875
trained,category-statistics-s4-transformer-seed17,transformer,statistics_s4,17,length|cycle_type|rsk_shape|pattern_avoidance,nontrivial_cycle_count,cycle,block_04,0.001,0.10828832329351878,6144,2048,8192,0.11424185679850662,0.33824424190007685,0.9550272222829576,0.472412109375,0.4312744140625,0.0411376953125
trained,category-statistics-s4-transformer-seed17,transformer,statistics_s4,17,length|cycle_type|rsk_shape|pattern_avoidance,lis_length,global_run,block_04,1e-05,0.7296067148984609,6144,2048,8192,0.7370118283356455,0.8585357016616543,0.5244542268669797,0.6124267578125,0.39697265625,0.2154541015625
trained,category-statistics-s4-transformer-seed17,transformer,statistics_s4,17,length|cycle_type|rsk_shape|pattern_avoidance,lds_length,global_run,block_04,0.0001,0.7115665611199411,6144,2048,8192,0.7082917284940466,0.8417844116066002,0.5601453070318766,0.610595703125,0.396484375,0.214111328125
trained,category-statistics-s4-transformer-seed17,transformer,statistics_s4,17,length|cycle_type|rsk_shape|pattern_avoidance,longest_increasing_run,global_run,block_04,1e-05,0.48838489725989365,6144,2048,8192,0.5035742117890833,0.7101208116804983,0.7526163662144767,0.537841796875,0.5040283203125,0.0338134765625
trained,category-statistics-s4-transformer-seed17,transformer,statistics_s4,17,length|cycle_type|rsk_shape|pattern_avoidance,longest_decreasing_run,global_run,block_04,0.0001,0.3763934059708096,6144,2048,8192,0.4390275288928175,0.6653590998606599,0.8256301725188285,0.5455322265625,0.5018310546875,0.043701171875
trained,category-statistics-s4-transformer-seed17,transformer,statistics_s4,17,length|cycle_type|rsk_shape|pattern_avoidance,global_descents,global_run,block_04,1e-06,0.34115068022646367,6144,2048,8192,0.4391829419357627,0.6666625043200717,0.9312091952556742,0.8531494140625,0.8125,0.0406494140625
trained,category-statistics-s4-transformer-seed17,transformer,statistics_s4,17,length|cycle_type|rsk_shape|pattern_avoidance,components,global_run,block_04,1e-06,0.4740730917528223,6144,2048,8192,0.5535270019509042,0.7480067732068999,0.8297706670645145,0.8883056640625,0.804931640625,0.0833740234375
trained,category-statistics-s4-transformer-seed17,transformer,statistics_s4,17,length|cycle_type|rsk_shape|pattern_avoidance,max_displacement,global_run,block_04,0.0001,0.6976940218872811,6144,2048,8192,0.7001368031835709,0.8369586583704864,0.5591212042716178,0.4923095703125,0.2574462890625,0.23486328125
trained,category-statistics-s4-transformer-seed17,transformer,statistics_s4,17,length|cycle_type|rsk_shape|pattern_avoidance,displacement_one_count,global_run,block_04,0.0001,0.3400515161565477,6144,2048,8192,0.33544855510484384,0.581276567181394,0.8070048699658119,0.40185546875,0.3072509765625,0.0946044921875
trained,category-statistics-s4-transformer-seed17,transformer,statistics_s4,17,length|cycle_type|rsk_shape|pattern_avoidance,descents,local,final_norm,1e-05,0.46663635033613515,6144,2048,8192,0.48118539830596996,0.6941291736290237,0.7354397258281167,0.4632568359375,0.3338623046875,0.12939453125
trained,category-statistics-s4-transformer-seed17,transformer,statistics_s4,17,length|cycle_type|rsk_shape|pattern_avoidance,recoils,local,final_norm,0.0001,0.41515188525073077,6144,2048,8192,0.4436018052221318,0.6660309823047628,0.7546680411243155,0.45068359375,0.33642578125,0.1142578125
trained,category-statistics-s4-transformer-seed17,transformer,statistics_s4,17,length|cycle_type|rsk_shape|pattern_avoidance,peaks,local,final_norm,0.0001,0.20266257723538683,6144,2048,8192,0.2112621286752172,0.46145822308737694,0.8767426881172583,0.50830078125,0.4635009765625,0.0447998046875
trained,category-statistics-s4-transformer-seed17,transformer,statistics_s4,17,length|cycle_type|rsk_shape|pattern_avoidance,valleys,local,final_norm,0.0001,0.20380486073300186,6144,2048,8192,0.21406626684319685,0.4630435719743204,0.8800109233790776,0.4927978515625,0.45556640625,0.0372314453125
trained,category-statistics-s4-transformer-seed17,transformer,statistics_s4,17,length|cycle_type|rsk_shape|pattern_avoidance,double_ascents,local,final_norm,1e-05,0.35812635259494774,6144,2048,8192,0.3804809903200296,0.6172335075548799,0.7973159035463715,0.395751953125,0.344482421875,0.05126953125
trained,category-statistics-s4-transformer-seed17,transformer,statistics_s4,17,length|cycle_type|rsk_shape|pattern_avoidance,double_descents,local,final_norm,0.001,0.3329207186719485,6144,2048,8192,0.33799505626001114,0.5816284773678478,0.8106071837621195,0.4052734375,0.3399658203125,0.0653076171875
trained,category-statistics-s4-transformer-seed17,transformer,statistics_s4,17,length|cycle_type|rsk_shape|pattern_avoidance,successions,local,final_norm,0.0001,0.3639654334111897,6144,2048,8192,0.4129776259166066,0.6434753382983623,0.8180448224437596,0.4403076171875,0.398681640625,0.0416259765625
trained,category-statistics-s4-transformer-seed17,transformer,statistics_s4,17,length|cycle_type|rsk_shape|pattern_avoidance,adjacencies,local,final_norm,0.0001,0.317095714667894,6144,2048,8192,0.3622863114209419,0.6021861908814293,0.8343442209688938,0.36474609375,0.329345703125,0.035400390625
trained,category-statistics-s4-transformer-seed17,transformer,statistics_s4,17,length|cycle_type|rsk_shape|pattern_avoidance,fixed_points,positional,final_norm,1e-05,0.5273616559858219,6144,2048,8192,0.49536842935353764,0.7046189063143565,0.7192850837428134,0.5352783203125,0.369873046875,0.1654052734375
trained,category-statistics-s4-transformer-seed17,transformer,statistics_s4,17,length|cycle_type|rsk_shape|pattern_avoidance,anti_fixed_points,positional,final_norm,0.0001,0.26639199921440737,6144,2048,8192,0.264816010737151,0.5148871104674663,0.8553647710659246,0.44677734375,0.37939453125,0.0673828125
trained,category-statistics-s4-transformer-seed17,transformer,statistics_s4,17,length|cycle_type|rsk_shape|pattern_avoidance,exceedances,positional,final_norm,0.0001,0.6354965155550067,6144,2048,8192,0.644441252743682,0.8028698470164656,0.5943456613576046,0.5526123046875,0.3426513671875,0.2099609375
trained,category-statistics-s4-transformer-seed17,transformer,statistics_s4,17,length|cycle_type|rsk_shape|pattern_avoidance,deficiencies,positional,final_norm,0.0001,0.6469960551907415,6144,2048,8192,0.6507463033826777,0.8065126126104674,0.5920622098424675,0.5594482421875,0.34033203125,0.2191162109375
trained,category-statistics-s4-transformer-seed17,transformer,statistics_s4,17,length|cycle_type|rsk_shape|pattern_avoidance,left_to_right_maxima,positional,final_norm,1e-05,0.6421949016763406,6144,2048,8192,0.6474741985186929,0.8044745542691523,0.6075795417141855,0.5169677734375,0.3026123046875,0.21435546875
trained,category-statistics-s4-transformer-seed17,transformer,statistics_s4,17,length|cycle_type|rsk_shape|pattern_avoidance,left_to_right_minima,positional,final_norm,0.0001,0.7462912361858629,6144,2048,8192,0.7421825071469224,0.8616189038707738,0.5005431503256519,0.583740234375,0.307373046875,0.2763671875
trained,category-statistics-s4-transformer-seed17,transformer,statistics_s4,17,length|cycle_type|rsk_shape|pattern_avoidance,right_to_left_maxima,positional,final_norm,1e-05,0.6065980304487302,6144,2048,8192,0.599625725811386,0.7743336346689955,0.6517719056468171,0.471435546875,0.3045654296875,0.1668701171875
trained,category-statistics-s4-transformer-seed17,transformer,statistics_s4,17,length|cycle_type|rsk_shape|pattern_avoidance,right_to_left_minima,positional,final_norm,1e-05,0.7350905073736558,6144,2048,8192,0.73221335687243,0.8558763374651964,0.531803422707477,0.5289306640625,0.2933349609375,0.235595703125
trained,category-statistics-s4-transformer-seed17,transformer,statistics_s4,17,length|cycle_type|rsk_shape|pattern_avoidance,cycle_count,cycle,final_norm,0.0001,0.363116806085931,6144,2048,8192,0.3187657246909684,0.5670276252627157,0.8227052374764084,0.40234375,0.3079833984375,0.0943603515625
trained,category-statistics-s4-transformer-seed17,transformer,statistics_s4,17,length|cycle_type|rsk_shape|pattern_avoidance,two_cycle_count,cycle,final_norm,0.001,0.11503326456364549,6144,2048,8192,0.10594653476362337,0.32621158026823255,0.9551604189633541,0.5284423828125,0.6026611328125,-0.07421875
trained,category-statistics-s4-transformer-seed17,transformer,statistics_s4,17,length|cycle_type|rsk_shape|pattern_avoidance,three_cycle_count,cycle,final_norm,0.01,0.02975627000476555,6144,2048,8192,0.03297690671798792,0.18201973078535852,0.9836916042845808,0.7327880859375,0.7235107421875,0.00927734375
trained,category-statistics-s4-transformer-seed17,transformer,statistics_s4,17,length|cycle_type|rsk_shape|pattern_avoidance,even_cycle_count,cycle,final_norm,0.001,0.08268769405228626,6144,2048,8192,0.09238627894614104,0.3044209276366909,0.9633106275102873,0.4365234375,0.40771484375,0.02880859375
trained,category-statistics-s4-transformer-seed17,transformer,statistics_s4,17,length|cycle_type|rsk_shape|pattern_avoidance,odd_cycle_count,cycle,final_norm,0.0001,0.3746491781380459,6144,2048,8192,0.354187226176887,0.5962185823657021,0.7979023627824257,0.407958984375,0.5802001953125,-0.1722412109375
trained,category-statistics-s4-transformer-seed17,transformer,statistics_s4,17,length|cycle_type|rsk_shape|pattern_avoidance,longest_cycle,cycle,final_norm,0.001,0.1349195280482285,6144,2048,8192,0.12880916592340308,0.36030803196953753,0.9356057517130731,0.197021484375,0.1644287109375,0.0325927734375
trained,category-statistics-s4-transformer-seed17,transformer,statistics_s4,17,length|cycle_type|rsk_shape|pattern_avoidance,shortest_cycle,cycle,final_norm,0.001,0.18027794499364325,6144,2048,8192,0.16621632278885679,0.4077345582510493,0.916828669395751,0.2410888671875,0.6358642578125,-0.394775390625
trained,category-statistics-s4-transformer-seed17,transformer,statistics_s4,17,length|cycle_type|rsk_shape|pattern_avoidance,nontrivial_cycle_count,cycle,final_norm,0.001,0.10949372352151199,6144,2048,8192,0.11387869517443716,0.33778502103815927,0.9552229832234291,0.471923828125,0.4312744140625,0.0406494140625
trained,category-statistics-s4-transformer-seed17,transformer,statistics_s4,17,length|cycle_type|rsk_shape|pattern_avoidance,lis_length,global_run,final_norm,1e-05,0.7145397982942646,6144,2048,8192,0.7231273282655971,0.850368502123326,0.5381204885930141,0.6065673828125,0.39697265625,0.2095947265625
trained,category-statistics-s4-transformer-seed17,transformer,statistics_s4,17,length|cycle_type|rsk_shape|pattern_avoidance,lds_length,global_run,final_norm,0.0001,0.6965314460865959,6144,2048,8192,0.6931456800791433,0.8327506173136815,0.5745031981319471,0.605712890625,0.396484375,0.209228515625
trained,category-statistics-s4-transformer-seed17,transformer,statistics_s4,17,length|cycle_type|rsk_shape|pattern_avoidance,longest_increasing_run,global_run,final_norm,0.0001,0.4713539397276141,6144,2048,8192,0.4913270522913772,0.7015486245684013,0.761843579606501,0.535888671875,0.5040283203125,0.0318603515625
trained,category-statistics-s4-transformer-seed17,transformer,statistics_s4,17,length|cycle_type|rsk_shape|pattern_avoidance,longest_decreasing_run,global_run,final_norm,0.001,0.37141832879818726,6144,2048,8192,0.4016175193678523,0.6389477677236391,0.8527156151988764,0.55126953125,0.5018310546875,0.0494384765625
trained,category-statistics-s4-transformer-seed17,transformer,statistics_s4,17,length|cycle_type|rsk_shape|pattern_avoidance,global_descents,global_run,final_norm,1e-06,0.32939099598205623,6144,2048,8192,0.42231147368435107,0.6531900502041585,0.9451125264849409,0.85986328125,0.8125,0.04736328125
trained,category-statistics-s4-transformer-seed17,transformer,statistics_s4,17,length|cycle_type|rsk_shape|pattern_avoidance,components,global_run,final_norm,1e-06,0.4560887712648152,6144,2048,8192,0.5228961823759167,0.7255958836903177,0.8577622413318973,0.8817138671875,0.804931640625,0.0767822265625
trained,category-statistics-s4-transformer-seed17,transformer,statistics_s4,17,length|cycle_type|rsk_shape|pattern_avoidance,max_displacement,global_run,final_norm,0.0001,0.6834689268183358,6144,2048,8192,0.6861054748983876,0.8284797060123419,0.5720529769267076,0.4774169921875,0.2574462890625,0.219970703125
trained,category-statistics-s4-transformer-seed17,transformer,statistics_s4,17,length|cycle_type|rsk_shape|pattern_avoidance,displacement_one_count,global_run,final_norm,0.0001,0.3359061219695737,6144,2048,8192,0.3317448831873826,0.5783783112931666,0.8092505414333846,0.401611328125,0.3072509765625,0.0943603515625
trained,category-statistics-s4-transformer-seed42,transformer,statistics_s4,42,length|cycle_type|rsk_shape|pattern_avoidance,descents,local,embedding,10.0,0.0,6144,2048,8192,0.0,0.0,1.0210358474220083,0.3427734375,0.3338623046875,0.0089111328125
trained,category-statistics-s4-transformer-seed42,transformer,statistics_s4,42,length|cycle_type|rsk_shape|pattern_avoidance,recoils,local,embedding,1e-06,2.220446049250313e-16,6144,2048,8192,0.0,0.028212574699245697,1.0117264466110467,0.3408203125,0.33642578125,0.00439453125
trained,category-statistics-s4-transformer-seed42,transformer,statistics_s4,42,length|cycle_type|rsk_shape|pattern_avoidance,peaks,local,embedding,10.0,1.1102230246251565e-16,6144,2048,8192,0.0,0.0,0.987201497821541,0.4708251953125,0.4635009765625,0.00732421875
trained,category-statistics-s4-transformer-seed42,transformer,statistics_s4,42,length|cycle_type|rsk_shape|pattern_avoidance,valleys,local,embedding,1e-06,0.0,6144,2048,8192,0.0,0.0032652246760092314,0.9926476029684151,0.458984375,0.45556640625,0.00341796875
trained,category-statistics-s4-transformer-seed42,transformer,statistics_s4,42,length|cycle_type|rsk_shape|pattern_avoidance,double_ascents,local,embedding,10.0,0.0,6144,2048,8192,0.0,0.0,1.012985218660725,0.3338623046875,0.344482421875,-0.0106201171875
trained,category-statistics-s4-transformer-seed42,transformer,statistics_s4,42,length|cycle_type|rsk_shape|pattern_avoidance,double_descents,local,embedding,1e-06,0.0,6144,2048,8192,0.0,0.0,0.9962763749938195,0.3388671875,0.3399658203125,-0.0010986328125
trained,category-statistics-s4-transformer-seed42,transformer,statistics_s4,42,length|cycle_type|rsk_shape|pattern_avoidance,successions,local,embedding,1e-06,0.0,6144,2048,8192,0.0,0.0,1.0677013036927756,0.3643798828125,0.398681640625,-0.0343017578125
trained,category-statistics-s4-transformer-seed42,transformer,statistics_s4,42,length|cycle_type|rsk_shape|pattern_avoidance,adjacencies,local,embedding,1e-06,0.0,6144,2048,8192,0.0,0.0,1.0447981442612964,0.329345703125,0.329345703125,0.0
trained,category-statistics-s4-transformer-seed42,transformer,statistics_s4,42,length|cycle_type|rsk_shape|pattern_avoidance,fixed_points,positional,embedding,1e-06,0.0,6144,2048,8192,0.0,0.0,1.0125438624646812,0.3580322265625,0.369873046875,-0.0118408203125
trained,category-statistics-s4-transformer-seed42,transformer,statistics_s4,42,length|cycle_type|rsk_shape|pattern_avoidance,anti_fixed_points,positional,embedding,1e-06,0.0,6144,2048,8192,0.0,0.0,0.9975928763619372,0.3592529296875,0.37939453125,-0.0201416015625
trained,category-statistics-s4-transformer-seed42,transformer,statistics_s4,42,length|cycle_type|rsk_shape|pattern_avoidance,exceedances,positional,embedding,1e-06,2.220446049250313e-16,6144,2048,8192,0.0,-0.01828646409353776,0.996743501992833,0.3426513671875,0.3426513671875,0.0
trained,category-statistics-s4-transformer-seed42,transformer,statistics_s4,42,length|cycle_type|rsk_shape|pattern_avoidance,deficiencies,positional,embedding,1e-06,0.0,6144,2048,8192,0.0,0.02051341362038438,1.0018364670463262,0.3414306640625,0.34033203125,0.0010986328125
trained,category-statistics-s4-transformer-seed42,transformer,statistics_s4,42,length|cycle_type|rsk_shape|pattern_avoidance,left_to_right_maxima,positional,embedding,1.0,0.0,6144,2048,8192,0.0,0.0,1.0233111062138236,0.3040771484375,0.3026123046875,0.00146484375
trained,category-statistics-s4-transformer-seed42,transformer,statistics_s4,42,length|cycle_type|rsk_shape|pattern_avoidance,left_to_right_minima,positional,embedding,1e-06,0.0,6144,2048,8192,-2.220446049250313e-16,0.0,0.9857920972831147,0.3160400390625,0.307373046875,0.0086669921875
trained,category-statistics-s4-transformer-seed42,transformer,statistics_s4,42,length|cycle_type|rsk_shape|pattern_avoidance,right_to_left_maxima,positional,embedding,1e-06,0.0,6144,2048,8192,0.0,0.0,1.0300600749281232,0.305908203125,0.3045654296875,0.0013427734375
trained,category-statistics-s4-transformer-seed42,transformer,statistics_s4,42,length|cycle_type|rsk_shape|pattern_avoidance,right_to_left_minima,positional,embedding,1e-06,0.0,6144,2048,8192,0.0,0.0,1.0276770844678722,0.3035888671875,0.2933349609375,0.01025390625
trained,category-statistics-s4-transformer-seed42,transformer,statistics_s4,42,length|cycle_type|rsk_shape|pattern_avoidance,cycle_count,cycle,embedding,1e-06,0.0,6144,2048,8192,1.1102230246251565e-16,0.0,0.9967724289122707,0.3077392578125,0.3079833984375,-0.000244140625
trained,category-statistics-s4-transformer-seed42,transformer,statistics_s4,42,length|cycle_type|rsk_shape|pattern_avoidance,two_cycle_count,cycle,embedding,1e-06,0.0,6144,2048,8192,0.0,0.0,1.0101702448488212,0.4593505859375,0.6026611328125,-0.143310546875
trained,category-statistics-s4-transformer-seed42,transformer,statistics_s4,42,length|cycle_type|rsk_shape|pattern_avoidance,three_cycle_count,cycle,embedding,1e-06,1.1102230246251565e-16,6144,2048,8192,0.0,0.0,1.0003236622577176,0.7235107421875,0.7235107421875,0.0
trained,category-statistics-s4-transformer-seed42,transformer,statistics_s4,42,length|cycle_type|rsk_shape|pattern_avoidance,even_cycle_count,cycle,embedding,1e-06,0.0,6144,2048,8192,0.0,0.0,1.0111505563890062,0.3974609375,0.40771484375,-0.01025390625
trained,category-statistics-s4-transformer-seed42,transformer,statistics_s4,42,length|cycle_type|rsk_shape|pattern_avoidance,odd_cycle_count,cycle,embedding,1e-06,2.220446049250313e-16,6144,2048,8192,1.1102230246251565e-16,0.0,0.9928792526047006,0.3057861328125,0.5802001953125,-0.2744140625
trained,category-statistics-s4-transformer-seed42,transformer,statistics_s4,42,length|cycle_type|rsk_shape|pattern_avoidance,longest_cycle,cycle,embedding,1e-06,0.0,6144,2048,8192,0.0,-0.01796681120363785,1.002388866359531,0.1435546875,0.1644287109375,-0.0208740234375
trained,category-statistics-s4-transformer-seed42,transformer,statistics_s4,42,length|cycle_type|rsk_shape|pattern_avoidance,shortest_cycle,cycle,embedding,1e-06,0.0,6144,2048,8192,0.0,0.0,1.004064219330732,0.1092529296875,0.6358642578125,-0.526611328125
trained,category-statistics-s4-transformer-seed42,transformer,statistics_s4,42,length|cycle_type|rsk_shape|pattern_avoidance,nontrivial_cycle_count,cycle,embedding,10.0,1.1102230246251565e-16,6144,2048,8192,0.0,0.0,1.0147479301353286,0.4290771484375,0.4312744140625,-0.002197265625
trained,category-statistics-s4-transformer-seed42,transformer,statistics_s4,42,length|cycle_type|rsk_shape|pattern_avoidance,lis_length,global_run,embedding,1e-06,0.0,6144,2048,8192,0.0,-0.009151125212788594,1.022679339029915,0.390869140625,0.39697265625,-0.006103515625
trained,category-statistics-s4-transformer-seed42,transformer,statistics_s4,42,length|cycle_type|rsk_shape|pattern_avoidance,lds_length,global_run,embedding,1e-06,0.0,6144,2048,8192,0.0,-0.02350539662577041,1.0371136011049422,0.38720703125,0.396484375,-0.00927734375
trained,category-statistics-s4-transformer-seed42,transformer,statistics_s4,42,length|cycle_type|rsk_shape|pattern_avoidance,longest_increasing_run,global_run,embedding,1e-06,0.0,6144,2048,8192,0.0,0.02693002483727083,1.0681850394483854,0.4554443359375,0.5040283203125,-0.048583984375
trained,category-statistics-s4-transformer-seed42,transformer,statistics_s4,42,length|cycle_type|rsk_shape|pattern_avoidance,longest_decreasing_run,global_run,embedding,1.0,0.0,6144,2048,8192,0.0,0.0,1.1023380059178607,0.459716796875,0.5018310546875,-0.0421142578125
trained,category-statistics-s4-transformer-seed42,transformer,statistics_s4,42,length|cycle_type|rsk_shape|pattern_avoidance,global_descents,global_run,embedding,1e-06,0.0,6144,2048,8192,0.0,0.0,1.2434738264527403,0.7889404296875,0.8125,-0.0235595703125
trained,category-statistics-s4-transformer-seed42,transformer,statistics_s4,42,length|cycle_type|rsk_shape|pattern_avoidance,components,global_run,embedding,1e-06,0.0,6144,2048,8192,0.0,9.184523795570248e-05,1.241825229327309,0.7493896484375,0.804931640625,-0.0555419921875
trained,category-statistics-s4-transformer-seed42,transformer,statistics_s4,42,length|cycle_type|rsk_shape|pattern_avoidance,max_displacement,global_run,embedding,1.0,0.0,6144,2048,8192,0.0,-0.013739621122411444,1.0210438164840894,0.238037109375,0.2574462890625,-0.0194091796875
trained,category-statistics-s4-transformer-seed42,transformer,statistics_s4,42,length|cycle_type|rsk_shape|pattern_avoidance,displacement_one_count,global_run,embedding,1e-06,0.0,6144,2048,8192,0.0,0.0,0.9899467911205587,0.2646484375,0.3072509765625,-0.0426025390625
trained,category-statistics-s4-transformer-seed42,transformer,statistics_s4,42,length|cycle_type|rsk_shape|pattern_avoidance,descents,local,block_01,0.0001,0.18318364577612112,6144,2048,8192,0.19455155317992812,0.44081117793839947,0.9163467927394454,0.3887939453125,0.3338623046875,0.054931640625
trained,category-statistics-s4-transformer-seed42,transformer,statistics_s4,42,length|cycle_type|rsk_shape|pattern_avoidance,recoils,local,block_01,1e-05,0.19275872015461293,6144,2048,8192,0.20674663091054934,0.4551900612157557,0.9010918574522174,0.392578125,0.33642578125,0.05615234375
trained,category-statistics-s4-transformer-seed42,transformer,statistics_s4,42,length|cycle_type|rsk_shape|pattern_avoidance,peaks,local,block_01,1e-05,0.1541582508625281,6144,2048,8192,0.14113900585708172,0.37677656950062977,0.9148865549283679,0.48583984375,0.4635009765625,0.0223388671875
trained,category-statistics-s4-transformer-seed42,transformer,statistics_s4,42,length|cycle_type|rsk_shape|pattern_avoidance,valleys,local,block_01,0.0001,0.1075098225678287,6144,2048,8192,0.12035451712240564,0.34743854451095596,0.9309984043229845,0.47705078125,0.45556640625,0.021484375
trained,category-statistics-s4-transformer-seed42,transformer,statistics_s4,42,length|cycle_type|rsk_shape|pattern_avoidance,double_ascents,local,block_01,0.0001,0.1299238988190089,6144,2048,8192,0.15120177497728993,0.3885188402290845,0.9332657751165867,0.35595703125,0.344482421875,0.011474609375
trained,category-statistics-s4-transformer-seed42,transformer,statistics_s4,42,length|cycle_type|rsk_shape|pattern_avoidance,double_descents,local,block_01,0.0001,0.10483471573515402,6144,2048,8192,0.1221291154805827,0.3493383084770108,0.9334588006870099,0.36376953125,0.3399658203125,0.0238037109375
trained,category-statistics-s4-transformer-seed42,transformer,statistics_s4,42,length|cycle_type|rsk_shape|pattern_avoidance,successions,local,block_01,1e-05,0.19528533360907085,6144,2048,8192,0.1833431979866169,0.4281726686884402,0.9648716917066689,0.3944091796875,0.398681640625,-0.0042724609375
trained,category-statistics-s4-transformer-seed42,transformer,statistics_s4,42,length|cycle_type|rsk_shape|pattern_avoidance,adjacencies,local,block_01,1e-05,0.16075422992112864,6144,2048,8192,0.1842529954631017,0.4292281660570263,0.9436482447130135,0.3284912109375,0.329345703125,-0.0008544921875
trained,category-statistics-s4-transformer-seed42,transformer,statistics_s4,42,length|cycle_type|rsk_shape|pattern_avoidance,fixed_points,positional,block_01,1e-06,0.3363673594980119,6144,2048,8192,0.32089386040932544,0.5687762642222154,0.8344160976042752,0.4661865234375,0.369873046875,0.0963134765625
trained,category-statistics-s4-transformer-seed42,transformer,statistics_s4,42,length|cycle_type|rsk_shape|pattern_avoidance,anti_fixed_points,positional,block_01,1e-05,0.24154239141570577,6144,2048,8192,0.24503239729538284,0.494857509694962,0.8667971945307583,0.4378662109375,0.37939453125,0.0584716796875
trained,category-statistics-s4-transformer-seed42,transformer,statistics_s4,42,length|cycle_type|rsk_shape|pattern_avoidance,exceedances,positional,block_01,1e-06,0.6069443644084003,6144,2048,8192,0.5986401447585992,0.7743977422128777,0.6314665917026592,0.5294189453125,0.3426513671875,0.186767578125
trained,category-statistics-s4-transformer-seed42,transformer,statistics_s4,42,length|cycle_type|rsk_shape|pattern_avoidance,deficiencies,positional,block_01,1e-06,0.5324744532325079,6144,2048,8192,0.5506356637361993,0.7420094980775512,0.6715774991657217,0.514404296875,0.34033203125,0.174072265625
trained,category-statistics-s4-transformer-seed42,transformer,statistics_s4,42,length|cycle_type|rsk_shape|pattern_avoidance,left_to_right_maxima,positional,block_01,1e-06,0.5760218313445675,6144,2048,8192,0.5832710459830478,0.7634381387119096,0.6605938491592389,0.471435546875,0.3026123046875,0.1688232421875
trained,category-statistics-s4-transformer-seed42,transformer,statistics_s4,42,length|cycle_type|rsk_shape|pattern_avoidance,left_to_right_minima,positional,block_01,1e-06,0.5059994344037562,6144,2048,8192,0.5012116170289669,0.7082328287710389,0.6962151944587565,0.4635009765625,0.307373046875,0.1561279296875
trained,category-statistics-s4-transformer-seed42,transformer,statistics_s4,42,length|cycle_type|rsk_shape|pattern_avoidance,right_to_left_maxima,positional,block_01,1e-05,0.533181171201222,6144,2048,8192,0.5303491586376411,0.7282380226164769,0.7059112554930705,0.47119140625,0.3045654296875,0.1666259765625
trained,category-statistics-s4-transformer-seed42,transformer,statistics_s4,42,length|cycle_type|rsk_shape|pattern_avoidance,right_to_left_minima,positional,block_01,1e-05,0.5509761257048305,6144,2048,8192,0.5327497218202764,0.7301632178718792,0.7024759444570811,0.447998046875,0.2933349609375,0.1546630859375
trained,category-statistics-s4-transformer-seed42,transformer,statistics_s4,42,length|cycle_type|rsk_shape|pattern_avoidance,cycle_count,cycle,block_01,1e-05,0.22203999276391972,6144,2048,8192,0.21688006650834912,0.4684672671072133,0.8820844295810598,0.371337890625,0.3079833984375,0.0633544921875
trained,category-statistics-s4-transformer-seed42,transformer,statistics_s4,42,length|cycle_type|rsk_shape|pattern_avoidance,two_cycle_count,cycle,block_01,0.001,0.059420878865739546,6144,2048,8192,0.06264659294011343,0.2503889843183402,0.9780166606348425,0.5013427734375,0.6026611328125,-0.101318359375
trained,category-statistics-s4-transformer-seed42,transformer,statistics_s4,42,length|cycle_type|rsk_shape|pattern_avoidance,three_cycle_count,cycle,block_01,0.001,0.01596827838408421,6144,2048,8192,0.019102180356597165,0.14181585194485438,0.9907234132720192,0.7301025390625,0.7235107421875,0.006591796875
trained,category-statistics-s4-transformer-seed42,transformer,statistics_s4,42,length|cycle_type|rsk_shape|pattern_avoidance,even_cycle_count,cycle,block_01,0.001,0.05767718743426009,6144,2048,8192,0.05908069150336459,0.24316086922225735,0.9808261034586522,0.4288330078125,0.40771484375,0.0211181640625
trained,category-statistics-s4-transformer-seed42,transformer,statistics_s4,42,length|cycle_type|rsk_shape|pattern_avoidance,odd_cycle_count,cycle,block_01,1e-05,0.22521106661869195,6144,2048,8192,0.22977944511520154,0.4820571929806662,0.8713727772495017,0.3695068359375,0.5802001953125,-0.210693359375
trained,category-statistics-s4-transformer-seed42,transformer,statistics_s4,42,length|cycle_type|rsk_shape|pattern_avoidance,longest_cycle,cycle,block_01,0.001,0.09208128311993224,6144,2048,8192,0.09328059943166034,0.3060370597618125,0.9544928694731901,0.1767578125,0.1644287109375,0.0123291015625
trained,category-statistics-s4-transformer-seed42,transformer,statistics_s4,42,length|cycle_type|rsk_shape|pattern_avoidance,shortest_cycle,cycle,block_01,0.0001,0.12651261208497855,6144,2048,8192,0.11796591686319946,0.34376424575888953,0.9429836755803112,0.2220458984375,0.6358642578125,-0.413818359375
trained,category-statistics-s4-transformer-seed42,transformer,statistics_s4,42,length|cycle_type|rsk_shape|pattern_avoidance,nontrivial_cycle_count,cycle,block_01,0.001,0.07470129328441633,6144,2048,8192,0.08152687474231735,0.28544070799059207,0.9725040099932705,0.45361328125,0.4312744140625,0.0223388671875
trained,category-statistics-s4-transformer-seed42,transformer,statistics_s4,42,length|cycle_type|rsk_shape|pattern_avoidance,lis_length,global_run,block_01,1e-05,0.4650015130302311,6144,2048,8192,0.47294372038761856,0.6877262556655753,0.7424513104514069,0.49365234375,0.39697265625,0.0966796875
trained,category-statistics-s4-transformer-seed42,transformer,statistics_s4,42,length|cycle_type|rsk_shape|pattern_avoidance,lds_length,global_run,block_01,1e-05,0.44046676989312794,6144,2048,8192,0.4436410973541123,0.66599590536715,0.7735775377765792,0.501708984375,0.396484375,0.105224609375
trained,category-statistics-s4-transformer-seed42,transformer,statistics_s4,42,length|cycle_type|rsk_shape|pattern_avoidance,longest_increasing_run,global_run,block_01,1e-05,0.24630611624620713,6144,2048,8192,0.23811090720018502,0.4877441138605079,0.9323787551014296,0.48388671875,0.5040283203125,-0.0201416015625
trained,category-statistics-s4-transformer-seed42,transformer,statistics_s4,42,length|cycle_type|rsk_shape|pattern_avoidance,longest_decreasing_run,global_run,block_01,0.0001,0.1505004042016883,6144,2048,8192,0.17290832878090268,0.4165095822047289,1.0025166745601353,0.50537109375,0.5018310546875,0.0035400390625
trained,category-statistics-s4-transformer-seed42,transformer,statistics_s4,42,length|cycle_type|rsk_shape|pattern_avoidance,global_descents,global_run,block_01,1e-06,0.23353798885495158,6144,2048,8192,0.2919313575162388,0.54136037841333,1.0463436166385394,0.8419189453125,0.8125,0.0294189453125
trained,category-statistics-s4-transformer-seed42,transformer,statistics_s4,42,length|cycle_type|rsk_shape|pattern_avoidance,components,global_run,block_01,1e-06,0.35916285705516493,6144,2048,8192,0.3981326200425419,0.6320956653739062,0.9634094054885042,0.814453125,0.804931640625,0.009521484375
trained,category-statistics-s4-transformer-seed42,transformer,statistics_s4,42,length|cycle_type|rsk_shape|pattern_avoidance,max_displacement,global_run,block_01,1e-05,0.5937212426549305,6144,2048,8192,0.5867913704332111,0.7658635764034333,0.656340299639527,0.421142578125,0.2574462890625,0.1636962890625
trained,category-statistics-s4-transformer-seed42,transformer,statistics_s4,42,length|cycle_type|rsk_shape|pattern_avoidance,displacement_one_count,global_run,block_01,1e-05,0.2774686060677457,6144,2048,8192,0.2921136851532318,0.5409891541266173,0.8329014352413235,0.3837890625,0.3072509765625,0.0765380859375
trained,category-statistics-s4-transformer-seed42,transformer,statistics_s4,42,length|cycle_type|rsk_shape|pattern_avoidance,descents,local,block_02,1e-05,0.4906799183338961,6144,2048,8192,0.4893317673575108,0.699611711528716,0.7296429845461719,0.466796875,0.3338623046875,0.1329345703125
trained,category-statistics-s4-transformer-seed42,transformer,statistics_s4,42,length|cycle_type|rsk_shape|pattern_avoidance,recoils,local,block_02,0.0001,0.4579065555522339,6144,2048,8192,0.46576692038838086,0.6824448900200967,0.7394835043014132,0.4736328125,0.33642578125,0.13720703125
trained,category-statistics-s4-transformer-seed42,transformer,statistics_s4,42,length|cycle_type|rsk_shape|pattern_avoidance,peaks,local,block_02,0.0001,0.22224553550504478,6144,2048,8192,0.24488583136030073,0.4948821593010223,0.8578515005103563,0.5072021484375,0.4635009765625,0.043701171875
trained,category-statistics-s4-transformer-seed42,transformer,statistics_s4,42,length|cycle_type|rsk_shape|pattern_avoidance,valleys,local,block_02,0.0001,0.2343384976550732,6144,2048,8192,0.2516934597118181,0.501856835872354,0.8586869618662527,0.50244140625,0.45556640625,0.046875
trained,category-statistics-s4-transformer-seed42,transformer,statistics_s4,42,length|cycle_type|rsk_shape|pattern_avoidance,double_ascents,local,block_02,0.0001,0.39139400728519713,6144,2048,8192,0.39774750570366313,0.6305463815092311,0.7861264556670945,0.4046630859375,0.344482421875,0.0601806640625
trained,category-statistics-s4-transformer-seed42,transformer,statistics_s4,42,length|cycle_type|rsk_shape|pattern_avoidance,double_descents,local,block_02,0.0001,0.34250325708868634,6144,2048,8192,0.352226632585263,0.593564360140106,0.8018467551984031,0.3961181640625,0.3399658203125,0.05615234375
trained,category-statistics-s4-transformer-seed42,transformer,statistics_s4,42,length|cycle_type|rsk_shape|pattern_avoidance,successions,local,block_02,0.0001,0.4511922125690543,6144,2048,8192,0.461917404827744,0.6805984189336025,0.7832028250129374,0.452880859375,0.398681640625,0.05419921875
trained,category-statistics-s4-transformer-seed42,transformer,statistics_s4,42,length|cycle_type|rsk_shape|pattern_avoidance,adjacencies,local,block_02,0.0001,0.353052630741319,6144,2048,8192,0.40196507191389164,0.6351613586772729,0.8079708030837827,0.37255859375,0.329345703125,0.043212890625
trained,category-statistics-s4-transformer-seed42,transformer,statistics_s4,42,length|cycle_type|rsk_shape|pattern_avoidance,fixed_points,positional,block_02,1e-05,0.5438445028362092,6144,2048,8192,0.5312826929138063,0.7290952438579202,0.6932172169777787,0.552978515625,0.369873046875,0.18310546875
trained,category-statistics-s4-transformer-seed42,transformer,statistics_s4,42,length|cycle_type|rsk_shape|pattern_avoidance,anti_fixed_points,positional,block_02,1e-05,0.3072797596284872,6144,2048,8192,0.2711748115140419,0.5234305508497418,0.851657599507364,0.4482421875,0.37939453125,0.06884765625
trained,category-statistics-s4-transformer-seed42,transformer,statistics_s4,42,length|cycle_type|rsk_shape|pattern_avoidance,exceedances,positional,block_02,1e-05,0.7991718294426359,6144,2048,8192,0.7944246295252494,0.8913544758847012,0.4519276922115204,0.664306640625,0.3426513671875,0.3216552734375
trained,category-statistics-s4-transformer-seed42,transformer,statistics_s4,42,length|cycle_type|rsk_shape|pattern_avoidance,deficiencies,positional,block_02,1e-05,0.7607025977672552,6144,2048,8192,0.7686375809719357,0.876617663628582,0.4818848184371028,0.6514892578125,0.34033203125,0.3111572265625
trained,category-statistics-s4-transformer-seed42,transformer,statistics_s4,42,length|cycle_type|rsk_shape|pattern_avoidance,left_to_right_maxima,positional,block_02,1e-05,0.7103571742943608,6144,2048,8192,0.7110996995967267,0.8430372360303686,0.5500240560366716,0.549072265625,0.3026123046875,0.2464599609375
trained,category-statistics-s4-transformer-seed42,transformer,statistics_s4,42,length|cycle_type|rsk_shape|pattern_avoidance,left_to_right_minima,positional,block_02,1e-05,0.7602720627782085,6144,2048,8192,0.7413307213792992,0.8611140833627307,0.5013693238244787,0.595458984375,0.307373046875,0.2880859375
trained,category-statistics-s4-transformer-seed42,transformer,statistics_s4,42,length|cycle_type|rsk_shape|pattern_avoidance,right_to_left_maxima,positional,block_02,0.0001,0.6712848046319371,6144,2048,8192,0.6576270976005624,0.811515738062221,0.602715342037883,0.5162353515625,0.3045654296875,0.211669921875
trained,category-statistics-s4-transformer-seed42,transformer,statistics_s4,42,length|cycle_type|rsk_shape|pattern_avoidance,right_to_left_minima,positional,block_02,1e-05,0.7360227152463821,6144,2048,8192,0.7620253780135171,0.8730329760596549,0.5013280392850133,0.55078125,0.2933349609375,0.2574462890625
trained,category-statistics-s4-transformer-seed42,transformer,statistics_s4,42,length|cycle_type|rsk_shape|pattern_avoidance,cycle_count,cycle,block_02,1e-05,0.3593506441901164,6144,2048,8192,0.33836093229598396,0.5842963972524781,0.8107866463439399,0.3992919921875,0.3079833984375,0.09130859375
trained,category-statistics-s4-transformer-seed42,transformer,statistics_s4,42,length|cycle_type|rsk_shape|pattern_avoidance,two_cycle_count,cycle,block_02,0.001,0.09565177705663597,6144,2048,8192,0.09110790276068514,0.30195613384826026,0.9630542133316574,0.524658203125,0.6026611328125,-0.0780029296875
trained,category-statistics-s4-transformer-seed42,transformer,statistics_s4,42,length|cycle_type|rsk_shape|pattern_avoidance,three_cycle_count,cycle,block_02,0.01,0.02061649405748678,6144,2048,8192,0.021234731207926627,0.14594946932266903,0.9896458710458929,0.73388671875,0.7235107421875,0.0103759765625
trained,category-statistics-s4-transformer-seed42,transformer,statistics_s4,42,length|cycle_type|rsk_shape|pattern_avoidance,even_cycle_count,cycle,block_02,0.001,0.07418235361140002,6144,2048,8192,0.07641298518480022,0.2766897842450852,0.9717504139948792,0.4266357421875,0.40771484375,0.0189208984375
trained,category-statistics-s4-transformer-seed42,transformer,statistics_s4,42,length|cycle_type|rsk_shape|pattern_avoidance,odd_cycle_count,cycle,block_02,1e-05,0.37110008572792585,6144,2048,8192,0.3688669998911105,0.6084958581946669,0.7887817977120594,0.4093017578125,0.5802001953125,-0.1708984375
trained,category-statistics-s4-transformer-seed42,transformer,statistics_s4,42,length|cycle_type|rsk_shape|pattern_avoidance,longest_cycle,cycle,block_02,0.001,0.11476408126175186,6144,2048,8192,0.11941673989528578,0.34654314997919505,0.940635676958641,0.1915283203125,0.1644287109375,0.027099609375
trained,category-statistics-s4-transformer-seed42,transformer,statistics_s4,42,length|cycle_type|rsk_shape|pattern_avoidance,shortest_cycle,cycle,block_02,0.0001,0.1851007000936612,6144,2048,8192,0.17414436108514175,0.4176893150825792,0.9124594222223396,0.2423095703125,0.6358642578125,-0.3935546875
trained,category-statistics-s4-transformer-seed42,transformer,statistics_s4,42,length|cycle_type|rsk_shape|pattern_avoidance,nontrivial_cycle_count,cycle,block_02,0.01,0.105652071245944,6144,2048,8192,0.09871258973542874,0.31418970586296613,0.9633626986208138,0.457275390625,0.4312744140625,0.0260009765625
trained,category-statistics-s4-transformer-seed42,transformer,statistics_s4,42,length|cycle_type|rsk_shape|pattern_avoidance,lis_length,global_run,block_02,1e-05,0.7474874604659061,6144,2048,8192,0.7419578827191087,0.861415545466929,0.519499077180794,0.6240234375,0.39697265625,0.22705078125
trained,category-statistics-s4-transformer-seed42,transformer,statistics_s4,42,length|cycle_type|rsk_shape|pattern_avoidance,lds_length,global_run,block_02,0.0001,0.702290406822071,6144,2048,8192,0.7084620980458909,0.8418442516787106,0.5599817092660191,0.603271484375,0.396484375,0.206787109375
trained,category-statistics-s4-transformer-seed42,transformer,statistics_s4,42,length|cycle_type|rsk_shape|pattern_avoidance,longest_increasing_run,global_run,block_02,0.0001,0.5307236274735898,6144,2048,8192,0.5196468522850048,0.722346569995558,0.7403324942426986,0.549072265625,0.5040283203125,0.0450439453125
trained,category-statistics-s4-transformer-seed42,transformer,statistics_s4,42,length|cycle_type|rsk_shape|pattern_avoidance,longest_decreasing_run,global_run,block_02,0.0001,0.37969900911707477,6144,2048,8192,0.4489392242663788,0.6748919886022081,0.8183037298375678,0.5347900390625,0.5018310546875,0.032958984375
trained,category-statistics-s4-transformer-seed42,transformer,statistics_s4,42,length|cycle_type|rsk_shape|pattern_avoidance,global_descents,global_run,block_02,1e-06,0.4026620503034175,6144,2048,8192,0.4608169516423254,0.6827743236302137,0.9130714495613428,0.86865234375,0.8125,0.05615234375
trained,category-statistics-s4-transformer-seed42,transformer,statistics_s4,42,length|cycle_type|rsk_shape|pattern_avoidance,components,global_run,block_02,1e-05,0.5317936453982893,6144,2048,8192,0.5776166505996615,0.763767437373223,0.8070749608644027,0.889404296875,0.804931640625,0.08447265625
trained,category-statistics-s4-transformer-seed42,transformer,statistics_s4,42,length|cycle_type|rsk_shape|pattern_avoidance,max_displacement,global_run,block_02,1e-05,0.6928559384370923,6144,2048,8192,0.6900176911900733,0.8305372450069467,0.5684769157152546,0.474609375,0.2574462890625,0.2171630859375
trained,category-statistics-s4-transformer-seed42,transformer,statistics_s4,42,length|cycle_type|rsk_shape|pattern_avoidance,displacement_one_count,global_run,block_02,1e-05,0.3714112846795742,6144,2048,8192,0.33855377323400837,0.5850474086099775,0.8051172355608852,0.40478515625,0.3072509765625,0.0975341796875
trained,category-statistics-s4-transformer-seed42,transformer,statistics_s4,42,length|cycle_type|rsk_shape|pattern_avoidance,descents,local,block_03,0.0001,0.4867107237441478,6144,2048,8192,0.5019847784068661,0.708674745761174,0.7205469736137697,0.4683837890625,0.3338623046875,0.134521484375
trained,category-statistics-s4-transformer-seed42,transformer,statistics_s4,42,length|cycle_type|rsk_shape|pattern_avoidance,recoils,local,block_03,0.0001,0.4477092805936185,6144,2048,8192,0.47355082729457143,0.6881340962365774,0.7340765087704749,0.4754638671875,0.33642578125,0.1390380859375
trained,category-statistics-s4-transformer-seed42,transformer,statistics_s4,42,length|cycle_type|rsk_shape|pattern_avoidance,peaks,local,block_03,0.0001,0.22889415227088306,6144,2048,8192,0.25334795927540377,0.5034779912802987,0.8530312350830395,0.5042724609375,0.4635009765625,0.040771484375
trained,category-statistics-s4-transformer-seed42,transformer,statistics_s4,42,length|cycle_type|rsk_shape|pattern_avoidance,valleys,local,block_03,0.0001,0.26835716066100446,6144,2048,8192,0.2672018296040237,0.5171577512290921,0.8497423948614956,0.4979248046875,0.45556640625,0.0423583984375
trained,category-statistics-s4-transformer-seed42,transformer,statistics_s4,42,length|cycle_type|rsk_shape|pattern_avoidance,double_ascents,local,block_03,0.0001,0.40416178305337047,6144,2048,8192,0.4138119474338394,0.6432365403763183,0.7755710497898404,0.4013671875,0.344482421875,0.056884765625
trained,category-statistics-s4-transformer-seed42,transformer,statistics_s4,42,length|cycle_type|rsk_shape|pattern_avoidance,double_descents,local,block_03,0.0001,0.3464787305833755,6144,2048,8192,0.36258816619996737,0.6022651884357566,0.7954078868556747,0.4000244140625,0.3399658203125,0.06005859375
trained,category-statistics-s4-transformer-seed42,transformer,statistics_s4,42,length|cycle_type|rsk_shape|pattern_avoidance,successions,local,block_03,0.0001,0.4440375524949135,6144,2048,8192,0.47525535857544576,0.6906822432432274,0.7734349252402859,0.4534912109375,0.398681640625,0.0548095703125
trained,category-statistics-s4-transformer-seed42,transformer,statistics_s4,42,length|cycle_type|rsk_shape|pattern_avoidance,adjacencies,local,block_03,0.0001,0.35037047511056374,6144,2048,8192,0.42875113982337676,0.6560862431596802,0.7896689573495757,0.367919921875,0.329345703125,0.03857421875
trained,category-statistics-s4-transformer-seed42,transformer,statistics_s4,42,length|cycle_type|rsk_shape|pattern_avoidance,fixed_points,positional,block_03,1e-06,0.5622420052557628,6144,2048,8192,0.54922429538376,0.7412997509808441,0.6798202485752598,0.55810546875,0.369873046875,0.188232421875
trained,category-statistics-s4-transformer-seed42,transformer,statistics_s4,42,length|cycle_type|rsk_shape|pattern_avoidance,anti_fixed_points,positional,block_03,0.0001,0.30865134297034347,6144,2048,8192,0.281039221251309,0.5312208998018971,0.8458745117405345,0.4427490234375,0.37939453125,0.0633544921875
trained,category-statistics-s4-transformer-seed42,transformer,statistics_s4,42,length|cycle_type|rsk_shape|pattern_avoidance,exceedances,positional,block_03,1e-06,0.7958029353168735,6144,2048,8192,0.7912131701024727,0.8895371731865436,0.45544397706502276,0.660400390625,0.3426513671875,0.3177490234375
trained,category-statistics-s4-transformer-seed42,transformer,statistics_s4,42,length|cycle_type|rsk_shape|pattern_avoidance,deficiencies,positional,block_03,1e-05,0.7558787199482653,6144,2048,8192,0.7723986782743422,0.878789329771711,0.4779519369042523,0.6466064453125,0.34033203125,0.3062744140625
trained,category-statistics-s4-transformer-seed42,transformer,statistics_s4,42,length|cycle_type|rsk_shape|pattern_avoidance,left_to_right_maxima,positional,block_03,0.0001,0.7179992394995083,6144,2048,8192,0.7225445859717614,0.8498730781861282,0.5390192674488898,0.568603515625,0.3026123046875,0.2659912109375
trained,category-statistics-s4-transformer-seed42,transformer,statistics_s4,42,length|cycle_type|rsk_shape|pattern_avoidance,left_to_right_minima,positional,block_03,1e-06,0.7731000844073757,6144,2048,8192,0.751340112809655,0.8676152110709466,0.49157320087700285,0.6051025390625,0.307373046875,0.2977294921875
trained,category-statistics-s4-transformer-seed42,transformer,statistics_s4,42,length|cycle_type|rsk_shape|pattern_avoidance,right_to_left_maxima,positional,block_03,1e-05,0.6664431592873851,6144,2048,8192,0.6903610433782402,0.8310202863485837,0.5731791075797522,0.521240234375,0.3045654296875,0.2166748046875
trained,category-statistics-s4-transformer-seed42,transformer,statistics_s4,42,length|cycle_type|rsk_shape|pattern_avoidance,right_to_left_minima,positional,block_03,0.0001,0.7655246694416017,6144,2048,8192,0.7825455074191644,0.8849308097537077,0.4792265435134644,0.56640625,0.2933349609375,0.2730712890625
trained,category-statistics-s4-transformer-seed42,transformer,statistics_s4,42,length|cycle_type|rsk_shape|pattern_avoidance,cycle_count,cycle,block_03,1e-05,0.3696560257004532,6144,2048,8192,0.3581013540172783,0.5998267286384688,0.7985998909071761,0.409912109375,0.3079833984375,0.1019287109375
trained,category-statistics-s4-transformer-seed42,transformer,statistics_s4,42,length|cycle_type|rsk_shape|pattern_avoidance,two_cycle_count,cycle,block_03,0.001,0.10758040803880842,6144,2048,8192,0.10811750232121653,0.32890398569070334,0.9540000394663616,0.5283203125,0.6026611328125,-0.0743408203125
trained,category-statistics-s4-transformer-seed42,transformer,statistics_s4,42,length|cycle_type|rsk_shape|pattern_avoidance,three_cycle_count,cycle,block_03,0.01,0.02570722455666752,6144,2048,8192,0.028200159936914937,0.16868718010013192,0.9861181530256603,0.7320556640625,0.7235107421875,0.008544921875
trained,category-statistics-s4-transformer-seed42,transformer,statistics_s4,42,length|cycle_type|rsk_shape|pattern_avoidance,even_cycle_count,cycle,block_03,0.001,0.07875600070117861,6144,2048,8192,0.0873609165121152,0.29576481260700244,0.9659738213381643,0.429931640625,0.40771484375,0.022216796875
trained,category-statistics-s4-transformer-seed42,transformer,statistics_s4,42,length|cycle_type|rsk_shape|pattern_avoidance,odd_cycle_count,cycle,block_03,1e-05,0.3824588974554617,6144,2048,8192,0.3808910145856109,0.6180205700926764,0.7812319373731553,0.40625,0.5802001953125,-0.1739501953125
trained,category-statistics-s4-transformer-seed42,transformer,statistics_s4,42,length|cycle_type|rsk_shape|pattern_avoidance,longest_cycle,cycle,block_03,0.001,0.12719645998887497,6144,2048,8192,0.13160902362562144,0.3636539554187367,0.9341011037284533,0.193359375,0.1644287109375,0.0289306640625
trained,category-statistics-s4-transformer-seed42,transformer,statistics_s4,42,length|cycle_type|rsk_shape|pattern_avoidance,shortest_cycle,cycle,block_03,0.001,0.1854680656191957,6144,2048,8192,0.17134271799448875,0.4140381232439093,0.9140058312473687,0.24169921875,0.6358642578125,-0.3941650390625
trained,category-statistics-s4-transformer-seed42,transformer,statistics_s4,42,length|cycle_type|rsk_shape|pattern_avoidance,nontrivial_cycle_count,cycle,block_03,0.01,0.1120028374415778,6144,2048,8192,0.10655517003990311,0.3265730733478417,0.9591621757367964,0.461181640625,0.4312744140625,0.0299072265625
trained,category-statistics-s4-transformer-seed42,transformer,statistics_s4,42,length|cycle_type|rsk_shape|pattern_avoidance,lis_length,global_run,block_03,0.0001,0.7638157828774261,6144,2048,8192,0.7698111293999493,0.8774475095846297,0.4906611169401301,0.6400146484375,0.39697265625,0.2430419921875
trained,category-statistics-s4-transformer-seed42,transformer,statistics_s4,42,length|cycle_type|rsk_shape|pattern_avoidance,lds_length,global_run,block_03,0.0001,0.7080965193986615,6144,2048,8192,0.7146317778400622,0.8454171775086688,0.5540247093876851,0.603759765625,0.396484375,0.207275390625
trained,category-statistics-s4-transformer-seed42,transformer,statistics_s4,42,length|cycle_type|rsk_shape|pattern_avoidance,longest_increasing_run,global_run,block_03,0.0001,0.5518935976969523,6144,2048,8192,0.5435182237660137,0.7384298172977569,0.7217025058620186,0.546630859375,0.5040283203125,0.0426025390625
trained,category-statistics-s4-transformer-seed42,transformer,statistics_s4,42,length|cycle_type|rsk_shape|pattern_avoidance,longest_decreasing_run,global_run,block_03,0.0001,0.3896244859006409,6144,2048,8192,0.4753691131495429,0.6930533182729618,0.7984389388825771,0.53515625,0.5018310546875,0.0333251953125
trained,category-statistics-s4-transformer-seed42,transformer,statistics_s4,42,length|cycle_type|rsk_shape|pattern_avoidance,global_descents,global_run,block_03,1e-06,0.39024673980372193,6144,2048,8192,0.49710520098211974,0.7096457907640796,0.8818104078497967,0.8671875,0.8125,0.0546875
trained,category-statistics-s4-transformer-seed42,transformer,statistics_s4,42,length|cycle_type|rsk_shape|pattern_avoidance,components,global_run,block_03,1e-06,0.5277775426682901,6144,2048,8192,0.57634132888428,0.7624131802960067,0.8082924620481954,0.8929443359375,0.804931640625,0.0880126953125
trained,category-statistics-s4-transformer-seed42,transformer,statistics_s4,42,length|cycle_type|rsk_shape|pattern_avoidance,max_displacement,global_run,block_03,1e-05,0.7139905811002863,6144,2048,8192,0.6981582451903728,0.835423393405855,0.5609627688812912,0.476806640625,0.2574462890625,0.2193603515625
trained,category-statistics-s4-transformer-seed42,transformer,statistics_s4,42,length|cycle_type|rsk_shape|pattern_avoidance,displacement_one_count,global_run,block_03,0.0001,0.3575617113101034,6144,2048,8192,0.3339185486918915,0.5805643342763311,0.8079333253719321,0.3968505859375,0.3072509765625,0.089599609375
trained,category-statistics-s4-transformer-seed42,transformer,statistics_s4,42,length|cycle_type|rsk_shape|pattern_avoidance,descents,local,block_04,0.0001,0.47920599712439493,6144,2048,8192,0.48088086801991203,0.6937130284167174,0.735655535882253,0.4652099609375,0.3338623046875,0.13134765625
trained,category-statistics-s4-transformer-seed42,transformer,statistics_s4,42,length|cycle_type|rsk_shape|pattern_avoidance,recoils,local,block_04,0.0001,0.4321836534098452,6144,2048,8192,0.4649792762145618,0.6819553266705619,0.7400284306369713,0.4681396484375,0.33642578125,0.1317138671875
trained,category-statistics-s4-transformer-seed42,transformer,statistics_s4,42,length|cycle_type|rsk_shape|pattern_avoidance,peaks,local,block_04,0.0001,0.2285478580990966,6144,2048,8192,0.2510361484027117,0.5012946180161382,0.8543508074236609,0.504150390625,0.4635009765625,0.0406494140625
trained,category-statistics-s4-transformer-seed42,transformer,statistics_s4,42,length|cycle_type|rsk_shape|pattern_avoidance,valleys,local,block_04,0.0001,0.24749541081737791,6144,2048,8192,0.24652128461785006,0.4967600304154082,0.8616494051524409,0.4949951171875,0.45556640625,0.0394287109375
trained,category-statistics-s4-transformer-seed42,transformer,statistics_s4,42,length|cycle_type|rsk_shape|pattern_avoidance,double_ascents,local,block_04,0.0001,0.38940266900057974,6144,2048,8192,0.39443865319404803,0.6280084206541079,0.7882830374181511,0.3958740234375,0.344482421875,0.0513916015625
trained,category-statistics-s4-transformer-seed42,transformer,statistics_s4,42,length|cycle_type|rsk_shape|pattern_avoidance,double_descents,local,block_04,0.001,0.3358376007820326,6144,2048,8192,0.3372355571765945,0.5811139733665299,0.8110720435333465,0.399658203125,0.3399658203125,0.0596923828125
trained,category-statistics-s4-transformer-seed42,transformer,statistics_s4,42,length|cycle_type|rsk_shape|pattern_avoidance,successions,local,block_04,0.0001,0.41399236630626335,6144,2048,8192,0.46424476168301976,0.6833620335778012,0.781507204512037,0.4566650390625,0.398681640625,0.0579833984375
trained,category-statistics-s4-transformer-seed42,transformer,statistics_s4,42,length|cycle_type|rsk_shape|pattern_avoidance,adjacencies,local,block_04,0.0001,0.3572131915947584,6144,2048,8192,0.4101017096495958,0.6417960669081804,0.8024555060272565,0.369384765625,0.329345703125,0.0400390625
trained,category-statistics-s4-transformer-seed42,transformer,statistics_s4,42,length|cycle_type|rsk_shape|pattern_avoidance,fixed_points,positional,block_04,1e-06,0.6258967202242559,6144,2048,8192,0.6199627806081218,0.7875216982982094,0.6242045232900982,0.617919921875,0.369873046875,0.248046875
trained,category-statistics-s4-transformer-seed42,transformer,statistics_s4,42,length|cycle_type|rsk_shape|pattern_avoidance,anti_fixed_points,positional,block_04,0.0001,0.29525779335705515,6144,2048,8192,0.2755559029554637,0.5259501707426224,0.8490940122446091,0.4393310546875,0.37939453125,0.0599365234375
trained,category-statistics-s4-transformer-seed42,transformer,statistics_s4,42,length|cycle_type|rsk_shape|pattern_avoidance,exceedances,positional,block_04,1e-06,0.7992274423121792,6144,2048,8192,0.7998588647137634,0.8944312775417705,0.44591449777101405,0.67138671875,0.3426513671875,0.3287353515625
trained,category-statistics-s4-transformer-seed42,transformer,statistics_s4,42,length|cycle_type|rsk_shape|pattern_avoidance,deficiencies,positional,block_04,0.0001,0.7608393395092178,6144,2048,8192,0.7796104421397639,0.8828521631086108,0.47031880407789284,0.671875,0.34033203125,0.33154296875
trained,category-statistics-s4-transformer-seed42,transformer,statistics_s4,42,length|cycle_type|rsk_shape|pattern_avoidance,left_to_right_maxima,positional,block_04,1e-05,0.6994693687138703,6144,2048,8192,0.6965611110559129,0.8343633004370721,0.5636938639933557,0.5501708984375,0.3026123046875,0.24755859375
trained,category-statistics-s4-transformer-seed42,transformer,statistics_s4,42,length|cycle_type|rsk_shape|pattern_avoidance,left_to_right_minima,positional,block_04,1e-05,0.7859308792542938,6144,2048,8192,0.7690934581681417,0.8775028721834,0.47370007209130083,0.6231689453125,0.307373046875,0.3157958984375
trained,category-statistics-s4-transformer-seed42,transformer,statistics_s4,42,length|cycle_type|rsk_shape|pattern_avoidance,right_to_left_maxima,positional,block_04,0.0001,0.6524287633477377,6144,2048,8192,0.6641160968092128,0.815067627251624,0.5969763824491506,0.4969482421875,0.3045654296875,0.1923828125
trained,category-statistics-s4-transformer-seed42,transformer,statistics_s4,42,length|cycle_type|rsk_shape|pattern_avoidance,right_to_left_minima,positional,block_04,1e-05,0.7533321550970848,6144,2048,8192,0.763773282516008,0.8740493165951799,0.4994835390062295,0.5556640625,0.2933349609375,0.2623291015625
trained,category-statistics-s4-transformer-seed42,transformer,statistics_s4,42,length|cycle_type|rsk_shape|pattern_avoidance,cycle_count,cycle,block_04,0.0001,0.4119912132033109,6144,2048,8192,0.39487842939716933,0.6295857179506295,0.7753848905625716,0.421142578125,0.3079833984375,0.1131591796875
trained,category-statistics-s4-transformer-seed42,transformer,statistics_s4,42,length|cycle_type|rsk_shape|pattern_avoidance,two_cycle_count,cycle,block_04,0.001,0.14568131559589015,6144,2048,8192,0.13823531439445713,0.3723532187926345,0.9377539853182278,0.5428466796875,0.6026611328125,-0.059814453125
trained,category-statistics-s4-transformer-seed42,transformer,statistics_s4,42,length|cycle_type|rsk_shape|pattern_avoidance,three_cycle_count,cycle,block_04,0.01,0.038010655061941234,6144,2048,8192,0.033409310991919794,0.18384034551533548,0.9834716508953656,0.7315673828125,0.7235107421875,0.008056640625
trained,category-statistics-s4-transformer-seed42,transformer,statistics_s4,42,length|cycle_type|rsk_shape|pattern_avoidance,even_cycle_count,cycle,block_04,0.001,0.10151897412076705,6144,2048,8192,0.11243104367458256,0.3357241628271419,0.9526138186710448,0.4412841796875,0.40771484375,0.0335693359375
trained,category-statistics-s4-transformer-seed42,transformer,statistics_s4,42,length|cycle_type|rsk_shape|pattern_avoidance,odd_cycle_count,cycle,block_04,1e-05,0.4302564090990253,6144,2048,8192,0.43187529055250007,0.6580581332226558,0.7483732832922221,0.4344482421875,0.5802001953125,-0.145751953125
trained,category-statistics-s4-transformer-seed42,transformer,statistics_s4,42,length|cycle_type|rsk_shape|pattern_avoidance,longest_cycle,cycle,block_04,0.001,0.15622103199805293,6144,2048,8192,0.14671134482576942,0.38489540724821525,0.9259429300708998,0.210693359375,0.1644287109375,0.0462646484375
trained,category-statistics-s4-transformer-seed42,transformer,statistics_s4,42,length|cycle_type|rsk_shape|pattern_avoidance,shortest_cycle,cycle,block_04,0.001,0.27573537938307213,6144,2048,8192,0.24344633590967668,0.4938263576967861,0.8733359953675862,0.281005859375,0.6358642578125,-0.3548583984375
trained,category-statistics-s4-transformer-seed42,transformer,statistics_s4,42,length|cycle_type|rsk_shape|pattern_avoidance,nontrivial_cycle_count,cycle,block_04,0.01,0.13631435791591862,6144,2048,8192,0.13017159454089344,0.3608299272028606,0.9464005132604097,0.474365234375,0.4312744140625,0.0430908203125
trained,category-statistics-s4-transformer-seed42,transformer,statistics_s4,42,length|cycle_type|rsk_shape|pattern_avoidance,lis_length,global_run,block_04,0.0001,0.7537223732075551,6144,2048,8192,0.7603907881392908,0.8720263787116045,0.5006004519967637,0.6343994140625,0.39697265625,0.2374267578125
trained,category-statistics-s4-transformer-seed42,transformer,statistics_s4,42,length|cycle_type|rsk_shape|pattern_avoidance,lds_length,global_run,block_04,0.0001,0.6916094055133374,6144,2048,8192,0.6984683837340044,0.8357251631582112,0.569498726963701,0.5948486328125,0.396484375,0.1983642578125
trained,category-statistics-s4-transformer-seed42,transformer,statistics_s4,42,length|cycle_type|rsk_shape|pattern_avoidance,longest_increasing_run,global_run,block_04,0.0001,0.5271196320049718,6144,2048,8192,0.5358396411098445,0.7334041173072813,0.7277471523886384,0.550537109375,0.5040283203125,0.0465087890625
trained,category-statistics-s4-transformer-seed42,transformer,statistics_s4,42,length|cycle_type|rsk_shape|pattern_avoidance,longest_decreasing_run,global_run,block_04,0.001,0.38073855783902477,6144,2048,8192,0.43196734438215934,0.662422200621239,0.8308094597928103,0.5379638671875,0.5018310546875,0.0361328125
trained,category-statistics-s4-transformer-seed42,transformer,statistics_s4,42,length|cycle_type|rsk_shape|pattern_avoidance,global_descents,global_run,block_04,1e-06,0.3821942223642193,6144,2048,8192,0.4833321833002572,0.7001182625692096,0.893804122482531,0.8599853515625,0.8125,0.0474853515625
trained,category-statistics-s4-transformer-seed42,transformer,statistics_s4,42,length|cycle_type|rsk_shape|pattern_avoidance,components,global_run,block_04,1e-06,0.5094965880495326,6144,2048,8192,0.5695429815191078,0.7587513378545044,0.8147518879681529,0.8900146484375,0.804931640625,0.0850830078125
trained,category-statistics-s4-transformer-seed42,transformer,statistics_s4,42,length|cycle_type|rsk_shape|pattern_avoidance,max_displacement,global_run,block_04,1e-05,0.677942216394928,6144,2048,8192,0.6707815970529635,0.8188616512453127,0.5858499962127718,0.4598388671875,0.2574462890625,0.202392578125
trained,category-statistics-s4-transformer-seed42,transformer,statistics_s4,42,length|cycle_type|rsk_shape|pattern_avoidance,displacement_one_count,global_run,block_04,0.0001,0.38531249235768317,6144,2048,8192,0.37241209936745523,0.6121295026092062,0.7842402594574359,0.408203125,0.3072509765625,0.1009521484375
trained,category-statistics-s4-transformer-seed42,transformer,statistics_s4,42,length|cycle_type|rsk_shape|pattern_avoidance,descents,local,final_norm,0.0001,0.4656084220785286,6144,2048,8192,0.4674651412498594,0.683942014385096,0.7451007671170325,0.46044921875,0.3338623046875,0.1265869140625
trained,category-statistics-s4-transformer-seed42,transformer,statistics_s4,42,length|cycle_type|rsk_shape|pattern_avoidance,recoils,local,final_norm,0.0001,0.4215716210222419,6144,2048,8192,0.4532534827097914,0.6732944572431416,0.748093903094652,0.4656982421875,0.33642578125,0.1292724609375
trained,category-statistics-s4-transformer-seed42,transformer,statistics_s4,42,length|cycle_type|rsk_shape|pattern_avoidance,peaks,local,final_norm,0.001,0.20739203955072727,6144,2048,8192,0.226360416953999,0.47642643347555447,0.8683106878960405,0.5013427734375,0.4635009765625,0.037841796875
trained,category-statistics-s4-transformer-seed42,transformer,statistics_s4,42,length|cycle_type|rsk_shape|pattern_avoidance,valleys,local,final_norm,0.0001,0.23393002564994914,6144,2048,8192,0.23390531776763934,0.48391817052883623,0.8688330282891001,0.49853515625,0.45556640625,0.04296875
trained,category-statistics-s4-transformer-seed42,transformer,statistics_s4,42,length|cycle_type|rsk_shape|pattern_avoidance,double_ascents,local,final_norm,0.0001,0.3730134474346146,6144,2048,8192,0.37889604217045225,0.6155354681550012,0.7983351597177624,0.3927001953125,0.344482421875,0.0482177734375
trained,category-statistics-s4-transformer-seed42,transformer,statistics_s4,42,length|cycle_type|rsk_shape|pattern_avoidance,double_descents,local,final_norm,0.001,0.32431727224173856,6144,2048,8192,0.3262257863653396,0.57153286797228,0.817781016379993,0.3966064453125,0.3399658203125,0.056640625
trained,category-statistics-s4-transformer-seed42,transformer,statistics_s4,42,length|cycle_type|rsk_shape|pattern_avoidance,successions,local,final_norm,0.0001,0.3889733065032669,6144,2048,8192,0.4418036982401343,0.6661298722026029,0.7977067196111471,0.44873046875,0.398681640625,0.050048828125
trained,category-statistics-s4-transformer-seed42,transformer,statistics_s4,42,length|cycle_type|rsk_shape|pattern_avoidance,adjacencies,local,final_norm,0.0001,0.3337195719513292,6144,2048,8192,0.3841552754370571,0.6209837563328986,0.8199134398148545,0.36328125,0.329345703125,0.033935546875
trained,category-statistics-s4-transformer-seed42,transformer,statistics_s4,42,length|cycle_type|rsk_shape|pattern_avoidance,fixed_points,positional,final_norm,1e-06,0.6029734323836696,6144,2048,8192,0.6033318849028516,0.7769591401494212,0.6377162619724575,0.6094970703125,0.369873046875,0.2396240234375
trained,category-statistics-s4-transformer-seed42,transformer,statistics_s4,42,length|cycle_type|rsk_shape|pattern_avoidance,anti_fixed_points,positional,final_norm,0.0001,0.28918500409394154,6144,2048,8192,0.26920440206737206,0.5197849907748848,0.852808068456225,0.4365234375,0.37939453125,0.05712890625
trained,category-statistics-s4-transformer-seed42,transformer,statistics_s4,42,length|cycle_type|rsk_shape|pattern_avoidance,exceedances,positional,final_norm,1e-06,0.7766269188506773,6144,2048,8192,0.7827992469695549,0.8848364124055583,0.46453033136458455,0.651123046875,0.3426513671875,0.3084716796875
trained,category-statistics-s4-transformer-seed42,transformer,statistics_s4,42,length|cycle_type|rsk_shape|pattern_avoidance,deficiencies,positional,final_norm,0.0001,0.7450911712623713,6144,2048,8192,0.7628899635219113,0.8733257064198389,0.4878337070096189,0.661376953125,0.34033203125,0.321044921875
trained,category-statistics-s4-transformer-seed42,transformer,statistics_s4,42,length|cycle_type|rsk_shape|pattern_avoidance,left_to_right_maxima,positional,final_norm,1e-05,0.6781397142548575,6144,2048,8192,0.6826480974144317,0.8259883433682333,0.5764720304239478,0.54150390625,0.3026123046875,0.2388916015625
trained,category-statistics-s4-transformer-seed42,transformer,statistics_s4,42,length|cycle_type|rsk_shape|pattern_avoidance,left_to_right_minima,positional,final_norm,1e-05,0.7767151009228755,6144,2048,8192,0.7627219570502888,0.8737368561072391,0.48019110181359603,0.619384765625,0.307373046875,0.31201171875
trained,category-statistics-s4-transformer-seed42,transformer,statistics_s4,42,length|cycle_type|rsk_shape|pattern_avoidance,right_to_left_maxima,positional,final_norm,0.0001,0.6364973298231555,6144,2048,8192,0.6441968791408174,0.8028210356648827,0.6144229523611868,0.4957275390625,0.3045654296875,0.191162109375
trained,category-statistics-s4-transformer-seed42,transformer,statistics_s4,42,length|cycle_type|rsk_shape|pattern_avoidance,right_to_left_minima,positional,final_norm,1e-06,0.7366551532634682,6144,2048,8192,0.7439029557716568,0.8625279929452607,0.5200665909223637,0.5460205078125,0.2933349609375,0.252685546875
trained,category-statistics-s4-transformer-seed42,transformer,statistics_s4,42,length|cycle_type|rsk_shape|pattern_avoidance,cycle_count,cycle,final_norm,0.0001,0.38860737730882133,6144,2048,8192,0.38392481142494184,0.6208809229254708,0.7823712376038674,0.419189453125,0.3079833984375,0.1112060546875
trained,category-statistics-s4-transformer-seed42,transformer,statistics_s4,42,length|cycle_type|rsk_shape|pattern_avoidance,two_cycle_count,cycle,final_norm,0.001,0.14062440649580166,6144,2048,8192,0.13238434429756452,0.3644732157916202,0.940932050608666,0.542236328125,0.6026611328125,-0.0604248046875
trained,category-statistics-s4-transformer-seed42,transformer,statistics_s4,42,length|cycle_type|rsk_shape|pattern_avoidance,three_cycle_count,cycle,final_norm,0.01,0.03400947916208741,6144,2048,8192,0.030288347632450474,0.17556792071667662,0.9850581059396258,0.7298583984375,0.7235107421875,0.00634765625
trained,category-statistics-s4-transformer-seed42,transformer,statistics_s4,42,length|cycle_type|rsk_shape|pattern_avoidance,even_cycle_count,cycle,final_norm,0.001,0.0956904355027699,6144,2048,8192,0.10708404825942386,0.32768880121409405,0.9554789331555917,0.4361572265625,0.40771484375,0.0284423828125
trained,category-statistics-s4-transformer-seed42,transformer,statistics_s4,42,length|cycle_type|rsk_shape|pattern_avoidance,odd_cycle_count,cycle,final_norm,1e-05,0.410498823276535,6144,2048,8192,0.42001090225220283,0.6490744912042573,0.7561472041911085,0.425537109375,0.5802001953125,-0.1546630859375
trained,category-statistics-s4-transformer-seed42,transformer,statistics_s4,42,length|cycle_type|rsk_shape|pattern_avoidance,longest_cycle,cycle,final_norm,0.001,0.14779461942768146,6144,2048,8192,0.14105160399280992,0.3777407063462054,0.9290086778973303,0.21142578125,0.1644287109375,0.0469970703125
trained,category-statistics-s4-transformer-seed42,transformer,statistics_s4,42,length|cycle_type|rsk_shape|pattern_avoidance,shortest_cycle,cycle,final_norm,0.001,0.2721785613401694,6144,2048,8192,0.2426128194669388,0.49304289380065297,0.8738169523433568,0.289794921875,0.6358642578125,-0.3460693359375
trained,category-statistics-s4-transformer-seed42,transformer,statistics_s4,42,length|cycle_type|rsk_shape|pattern_avoidance,nontrivial_cycle_count,cycle,final_norm,0.01,0.13491634128772578,6144,2048,8192,0.1256580172718086,0.3545433617340093,0.9488527927569544,0.471923828125,0.4312744140625,0.0406494140625
trained,category-statistics-s4-transformer-seed42,transformer,statistics_s4,42,length|cycle_type|rsk_shape|pattern_avoidance,lis_length,global_run,final_norm,0.0001,0.7398985540664484,6144,2048,8192,0.7507971231527194,0.8665058426386592,0.51052381728208,0.63037109375,0.39697265625,0.2333984375
trained,category-statistics-s4-transformer-seed42,transformer,statistics_s4,42,length|cycle_type|rsk_shape|pattern_avoidance,lds_length,global_run,final_norm,0.0001,0.6842410903610765,6144,2048,8192,0.6824407945876125,0.8260866492777327,0.5844383192195657,0.59033203125,0.396484375,0.19384765625
trained,category-statistics-s4-transformer-seed42,transformer,statistics_s4,42,length|cycle_type|rsk_shape|pattern_avoidance,longest_increasing_run,global_run,final_norm,0.0001,0.5017256435177943,6144,2048,8192,0.5121573509713708,0.7167222461456491,0.7460816761031148,0.5440673828125,0.5040283203125,0.0400390625
trained,category-statistics-s4-transformer-seed42,transformer,statistics_s4,42,length|cycle_type|rsk_shape|pattern_avoidance,longest_decreasing_run,global_run,final_norm,0.001,0.36750757058898054,6144,2048,8192,0.4109645875276303,0.6464857914896143,0.8460294552411128,0.5367431640625,0.5018310546875,0.034912109375
trained,category-statistics-s4-transformer-seed42,transformer,statistics_s4,42,length|cycle_type|rsk_shape|pattern_avoidance,global_descents,global_run,final_norm,1e-06,0.36622474844180697,6144,2048,8192,0.45216507616358514,0.6767650312694728,0.920367989898005,0.858642578125,0.8125,0.046142578125
trained,category-statistics-s4-transformer-seed42,transformer,statistics_s4,42,length|cycle_type|rsk_shape|pattern_avoidance,components,global_run,final_norm,1e-06,0.4818778722929363,6144,2048,8192,0.5475252085272668,0.7436747660608275,0.8353292195380617,0.87841796875,0.804931640625,0.073486328125
trained,category-statistics-s4-transformer-seed42,transformer,statistics_s4,42,length|cycle_type|rsk_shape|pattern_avoidance,max_displacement,global_run,final_norm,1e-05,0.6579702895192621,6144,2048,8192,0.6514310023397276,0.8069697429179584,0.6028215347546219,0.4503173828125,0.2574462890625,0.19287109375
trained,category-statistics-s4-transformer-seed42,transformer,statistics_s4,42,length|cycle_type|rsk_shape|pattern_avoidance,displacement_one_count,global_run,final_norm,0.0001,0.36984216606737563,6144,2048,8192,0.35832295171089057,0.6005135121175241,0.7929943719029734,0.4051513671875,0.3072509765625,0.097900390625
trained,category-statistics-s4-transformer-seed314159,transformer,statistics_s4,314159,length|cycle_type|rsk_shape|pattern_avoidance,descents,local,embedding,10.0,0.0,6144,2048,8192,0.0,0.0,1.0210358474220083,0.3427734375,0.3338623046875,0.0089111328125
trained,category-statistics-s4-transformer-seed314159,transformer,statistics_s4,314159,length|cycle_type|rsk_shape|pattern_avoidance,recoils,local,embedding,1e-06,2.220446049250313e-16,6144,2048,8192,0.0,0.029573050811342108,1.0117264466110467,0.3408203125,0.33642578125,0.00439453125
trained,category-statistics-s4-transformer-seed314159,transformer,statistics_s4,314159,length|cycle_type|rsk_shape|pattern_avoidance,peaks,local,embedding,1.0,1.1102230246251565e-16,6144,2048,8192,0.0,-0.01951631773211293,0.987201497821541,0.4708251953125,0.4635009765625,0.00732421875
trained,category-statistics-s4-transformer-seed314159,transformer,statistics_s4,314159,length|cycle_type|rsk_shape|pattern_avoidance,valleys,local,embedding,1e-06,0.0,6144,2048,8192,1.1102230246251565e-16,0.012739595731052747,0.992647602968415,0.458984375,0.45556640625,0.00341796875
trained,category-statistics-s4-transformer-seed314159,transformer,statistics_s4,314159,length|cycle_type|rsk_shape|pattern_avoidance,double_ascents,local,embedding,10.0,0.0,6144,2048,8192,0.0,0.0,1.012985218660725,0.3338623046875,0.344482421875,-0.0106201171875
trained,category-statistics-s4-transformer-seed314159,transformer,statistics_s4,314159,length|cycle_type|rsk_shape|pattern_avoidance,double_descents,local,embedding,1e-06,0.0,6144,2048,8192,0.0,0.0,0.9962763749938195,0.3388671875,0.3399658203125,-0.0010986328125
trained,category-statistics-s4-transformer-seed314159,transformer,statistics_s4,314159,length|cycle_type|rsk_shape|pattern_avoidance,successions,local,embedding,1e-06,0.0,6144,2048,8192,0.0,0.0,1.0677013036927756,0.3643798828125,0.398681640625,-0.0343017578125
trained,category-statistics-s4-transformer-seed314159,transformer,statistics_s4,314159,length|cycle_type|rsk_shape|pattern_avoidance,adjacencies,local,embedding,1e-06,0.0,6144,2048,8192,0.0,0.0,1.0447981442612964,0.329345703125,0.329345703125,0.0
trained,category-statistics-s4-transformer-seed314159,transformer,statistics_s4,314159,length|cycle_type|rsk_shape|pattern_avoidance,fixed_points,positional,embedding,10.0,2.220446049250313e-16,6144,2048,8192,0.0,0.0,1.0125438624646812,0.3580322265625,0.369873046875,-0.0118408203125
trained,category-statistics-s4-transformer-seed314159,transformer,statistics_s4,314159,length|cycle_type|rsk_shape|pattern_avoidance,anti_fixed_points,positional,embedding,1e-06,0.0,6144,2048,8192,0.0,0.0,0.9975928763619372,0.3592529296875,0.37939453125,-0.0201416015625
trained,category-statistics-s4-transformer-seed314159,transformer,statistics_s4,314159,length|cycle_type|rsk_shape|pattern_avoidance,exceedances,positional,embedding,1e-06,0.0,6144,2048,8192,0.0,-0.01349305632460031,0.996743501992833,0.3426513671875,0.3426513671875,0.0
trained,category-statistics-s4-transformer-seed314159,transformer,statistics_s4,314159,length|cycle_type|rsk_shape|pattern_avoidance,deficiencies,positional,embedding,1e-06,0.0,6144,2048,8192,0.0,0.017297900278111008,1.0018364670463262,0.3414306640625,0.34033203125,0.0010986328125
trained,category-statistics-s4-transformer-seed314159,transformer,statistics_s4,314159,length|cycle_type|rsk_shape|pattern_avoidance,left_to_right_maxima,positional,embedding,1e-06,0.0,6144,2048,8192,0.0,0.01240211671702085,1.0233111062138236,0.3040771484375,0.3026123046875,0.00146484375
trained,category-statistics-s4-transformer-seed314159,transformer,statistics_s4,314159,length|cycle_type|rsk_shape|pattern_avoidance,left_to_right_minima,positional,embedding,1e-06,0.0,6144,2048,8192,0.0,0.0,0.9857920972831147,0.3160400390625,0.307373046875,0.0086669921875
trained,category-statistics-s4-transformer-seed314159,transformer,statistics_s4,314159,length|cycle_type|rsk_shape|pattern_avoidance,right_to_left_maxima,positional,embedding,1e-06,0.0,6144,2048,8192,0.0,0.0,1.0300600749281232,0.305908203125,0.3045654296875,0.0013427734375
trained,category-statistics-s4-transformer-seed314159,transformer,statistics_s4,314159,length|cycle_type|rsk_shape|pattern_avoidance,right_to_left_minima,positional,embedding,10.0,0.0,6144,2048,8192,0.0,0.0,1.0276770844678722,0.3035888671875,0.2933349609375,0.01025390625
trained,category-statistics-s4-transformer-seed314159,transformer,statistics_s4,314159,length|cycle_type|rsk_shape|pattern_avoidance,cycle_count,cycle,embedding,1e-06,0.0,6144,2048,8192,1.1102230246251565e-16,0.0,0.9967724289122707,0.3077392578125,0.3079833984375,-0.000244140625
trained,category-statistics-s4-transformer-seed314159,transformer,statistics_s4,314159,length|cycle_type|rsk_shape|pattern_avoidance,two_cycle_count,cycle,embedding,1e-06,0.0,6144,2048,8192,0.0,0.0,1.0101702448488212,0.4593505859375,0.6026611328125,-0.143310546875
trained,category-statistics-s4-transformer-seed314159,transformer,statistics_s4,314159,length|cycle_type|rsk_shape|pattern_avoidance,three_cycle_count,cycle,embedding,1e-06,0.0,6144,2048,8192,0.0,0.0,1.0003236622577176,0.7235107421875,0.7235107421875,0.0
trained,category-statistics-s4-transformer-seed314159,transformer,statistics_s4,314159,length|cycle_type|rsk_shape|pattern_avoidance,even_cycle_count,cycle,embedding,1e-06,0.0,6144,2048,8192,0.0,0.0,1.0111505563890062,0.3974609375,0.40771484375,-0.01025390625
trained,category-statistics-s4-transformer-seed314159,transformer,statistics_s4,314159,length|cycle_type|rsk_shape|pattern_avoidance,odd_cycle_count,cycle,embedding,1e-06,0.0,6144,2048,8192,0.0,0.0,0.9928792526047006,0.3057861328125,0.5802001953125,-0.2744140625
trained,category-statistics-s4-transformer-seed314159,transformer,statistics_s4,314159,length|cycle_type|rsk_shape|pattern_avoidance,longest_cycle,cycle,embedding,1e-06,0.0,6144,2048,8192,0.0,-0.023294020895659007,1.002388866359531,0.1435546875,0.1644287109375,-0.0208740234375
trained,category-statistics-s4-transformer-seed314159,transformer,statistics_s4,314159,length|cycle_type|rsk_shape|pattern_avoidance,shortest_cycle,cycle,embedding,1e-06,0.0,6144,2048,8192,0.0,0.0,1.004064219330732,0.1092529296875,0.6358642578125,-0.526611328125
trained,category-statistics-s4-transformer-seed314159,transformer,statistics_s4,314159,length|cycle_type|rsk_shape|pattern_avoidance,nontrivial_cycle_count,cycle,embedding,1e-06,0.0,6144,2048,8192,0.0,0.0,1.0147479301353286,0.4290771484375,0.4312744140625,-0.002197265625
trained,category-statistics-s4-transformer-seed314159,transformer,statistics_s4,314159,length|cycle_type|rsk_shape|pattern_avoidance,lis_length,global_run,embedding,1e-06,0.0,6144,2048,8192,0.0,-0.006287722386943283,1.022679339029915,0.390869140625,0.39697265625,-0.006103515625
trained,category-statistics-s4-transformer-seed314159,transformer,statistics_s4,314159,length|cycle_type|rsk_shape|pattern_avoidance,lds_length,global_run,embedding,1e-06,0.0,6144,2048,8192,0.0,-0.012436187371363995,1.0371136011049422,0.38720703125,0.396484375,-0.00927734375
trained,category-statistics-s4-transformer-seed314159,transformer,statistics_s4,314159,length|cycle_type|rsk_shape|pattern_avoidance,longest_increasing_run,global_run,embedding,1e-06,0.0,6144,2048,8192,0.0,0.019275140244362318,1.0681850394483854,0.4554443359375,0.5040283203125,-0.048583984375
trained,category-statistics-s4-transformer-seed314159,transformer,statistics_s4,314159,length|cycle_type|rsk_shape|pattern_avoidance,longest_decreasing_run,global_run,embedding,1e-06,0.0,6144,2048,8192,0.0,0.013524711135746903,1.1023380059178607,0.459716796875,0.5018310546875,-0.0421142578125
trained,category-statistics-s4-transformer-seed314159,transformer,statistics_s4,314159,length|cycle_type|rsk_shape|pattern_avoidance,global_descents,global_run,embedding,1e-06,0.0,6144,2048,8192,0.0,0.0,1.2434738264527403,0.7889404296875,0.8125,-0.0235595703125
trained,category-statistics-s4-transformer-seed314159,transformer,statistics_s4,314159,length|cycle_type|rsk_shape|pattern_avoidance,components,global_run,embedding,1e-06,0.0,6144,2048,8192,0.0,-0.007037209125521607,1.241825229327309,0.7493896484375,0.804931640625,-0.0555419921875
trained,category-statistics-s4-transformer-seed314159,transformer,statistics_s4,314159,length|cycle_type|rsk_shape|pattern_avoidance,max_displacement,global_run,embedding,1.0,0.0,6144,2048,8192,0.0,-0.01451202971449454,1.0210438164840894,0.238037109375,0.2574462890625,-0.0194091796875
trained,category-statistics-s4-transformer-seed314159,transformer,statistics_s4,314159,length|cycle_type|rsk_shape|pattern_avoidance,displacement_one_count,global_run,embedding,1e-06,0.0,6144,2048,8192,0.0,0.0,0.9899467911205587,0.2646484375,0.3072509765625,-0.0426025390625
trained,category-statistics-s4-transformer-seed314159,transformer,statistics_s4,314159,length|cycle_type|rsk_shape|pattern_avoidance,descents,local,block_01,1e-05,0.21622272608469284,6144,2048,8192,0.23189016808129725,0.48156465236108714,0.8948549649281763,0.39013671875,0.3338623046875,0.0562744140625
trained,category-statistics-s4-transformer-seed314159,transformer,statistics_s4,314159,length|cycle_type|rsk_shape|pattern_avoidance,recoils,local,block_01,1e-05,0.20483306301208193,6144,2048,8192,0.22126713415021082,0.47087330546899975,0.892806523165656,0.388916015625,0.33642578125,0.052490234375
trained,category-statistics-s4-transformer-seed314159,transformer,statistics_s4,314159,length|cycle_type|rsk_shape|pattern_avoidance,peaks,local,block_01,0.0001,0.16744626244189953,6144,2048,8192,0.1506143258614211,0.3881990406560437,0.9098258493352811,0.4952392578125,0.4635009765625,0.03173828125
trained,category-statistics-s4-transformer-seed314159,transformer,statistics_s4,314159,length|cycle_type|rsk_shape|pattern_avoidance,valleys,local,block_01,0.0001,0.12849831244383336,6144,2048,8192,0.12454814751041399,0.35287652955654936,0.9287765276087557,0.482666015625,0.45556640625,0.027099609375
trained,category-statistics-s4-transformer-seed314159,transformer,statistics_s4,314159,length|cycle_type|rsk_shape|pattern_avoidance,double_ascents,local,block_01,1e-05,0.1722518295770462,6144,2048,8192,0.18109606868309613,0.4266343881999451,0.9166838630432271,0.359619140625,0.344482421875,0.01513671875
trained,category-statistics-s4-transformer-seed314159,transformer,statistics_s4,314159,length|cycle_type|rsk_shape|pattern_avoidance,double_descents,local,block_01,0.0001,0.12062934365981826,6144,2048,8192,0.13520180934744253,0.3671810360709539,0.9264824947481862,0.3663330078125,0.3399658203125,0.0263671875
trained,category-statistics-s4-transformer-seed314159,transformer,statistics_s4,314159,length|cycle_type|rsk_shape|pattern_avoidance,successions,local,block_01,1e-05,0.24693766333302736,6144,2048,8192,0.22573707774411134,0.4750053167276652,0.939493985565872,0.4044189453125,0.398681640625,0.0057373046875
trained,category-statistics-s4-transformer-seed314159,transformer,statistics_s4,314159,length|cycle_type|rsk_shape|pattern_avoidance,adjacencies,local,block_01,1e-05,0.1962900651524374,6144,2048,8192,0.21022893791940012,0.45847935077468205,0.9285023364656568,0.3524169921875,0.329345703125,0.0230712890625
trained,category-statistics-s4-transformer-seed314159,transformer,statistics_s4,314159,length|cycle_type|rsk_shape|pattern_avoidance,fixed_points,positional,block_01,1e-06,0.38818110972964726,6144,2048,8192,0.367004593309163,0.6060439352073348,0.8055901080599479,0.47509765625,0.369873046875,0.105224609375
trained,category-statistics-s4-transformer-seed314159,transformer,statistics_s4,314159,length|cycle_type|rsk_shape|pattern_avoidance,anti_fixed_points,positional,block_01,1e-05,0.27794261572236123,6144,2048,8192,0.2716687456185717,0.5222845970462877,0.851368960999318,0.4573974609375,0.37939453125,0.0780029296875
trained,category-statistics-s4-transformer-seed314159,transformer,statistics_s4,314159,length|cycle_type|rsk_shape|pattern_avoidance,exceedances,positional,block_01,1e-06,0.5836209459264083,6144,2048,8192,0.5839779051302882,0.7641424903932901,0.6428973140762358,0.504150390625,0.3426513671875,0.1614990234375
trained,category-statistics-s4-transformer-seed314159,transformer,statistics_s4,314159,length|cycle_type|rsk_shape|pattern_avoidance,deficiencies,positional,block_01,1e-06,0.5984501591227909,6144,2048,8192,0.588667044150007,0.7671689386498226,0.6425302653985295,0.52001953125,0.34033203125,0.1796875
trained,category-statistics-s4-transformer-seed314159,transformer,statistics_s4,314159,length|cycle_type|rsk_shape|pattern_avoidance,left_to_right_maxima,positional,block_01,1e-06,0.6182632888085846,6144,2048,8192,0.6429564960633933,0.8016028351041941,0.6114602866929735,0.5316162109375,0.3026123046875,0.22900390625
trained,category-statistics-s4-transformer-seed314159,transformer,statistics_s4,314159,length|cycle_type|rsk_shape|pattern_avoidance,left_to_right_minima,positional,block_01,1e-06,0.4863082464530927,6144,2048,8192,0.48168200714081266,0.6948039011659173,0.7097141675516607,0.4398193359375,0.307373046875,0.1324462890625
trained,category-statistics-s4-transformer-seed314159,transformer,statistics_s4,314159,length|cycle_type|rsk_shape|pattern_avoidance,right_to_left_maxima,positional,block_01,1e-05,0.5349521282962412,6144,2048,8192,0.5369915470888769,0.7328034288067882,0.7009015399294231,0.4620361328125,0.3045654296875,0.157470703125
trained,category-statistics-s4-transformer-seed314159,transformer,statistics_s4,314159,length|cycle_type|rsk_shape|pattern_avoidance,right_to_left_minima,positional,block_01,1e-05,0.517849671047365,6144,2048,8192,0.5128072308507341,0.7164324316853863,0.7173103372261586,0.4276123046875,0.2933349609375,0.13427734375
trained,category-statistics-s4-transformer-seed314159,transformer,statistics_s4,314159,length|cycle_type|rsk_shape|pattern_avoidance,cycle_count,cycle,block_01,1e-06,0.26275366967721425,6144,2048,8192,0.2339914216051029,0.48692275706668525,0.8723943281509153,0.37109375,0.3079833984375,0.0631103515625
trained,category-statistics-s4-transformer-seed314159,transformer,statistics_s4,314159,length|cycle_type|rsk_shape|pattern_avoidance,two_cycle_count,cycle,block_01,0.0001,0.07868055533769458,6144,2048,8192,0.08322854965866988,0.28931068234393875,0.967219652307858,0.5025634765625,0.6026611328125,-0.10009765625
trained,category-statistics-s4-transformer-seed314159,transformer,statistics_s4,314159,length|cycle_type|rsk_shape|pattern_avoidance,three_cycle_count,cycle,block_01,0.001,0.031253615852723016,6144,2048,8192,0.030567194586318402,0.17600145256535918,0.9849164657928177,0.7340087890625,0.7235107421875,0.010498046875
trained,category-statistics-s4-transformer-seed314159,transformer,statistics_s4,314159,length|cycle_type|rsk_shape|pattern_avoidance,even_cycle_count,cycle,block_01,0.0001,0.07575964245659683,6144,2048,8192,0.07857273156306643,0.2809768614887962,0.9706135623622475,0.4400634765625,0.40771484375,0.0323486328125
trained,category-statistics-s4-transformer-seed314159,transformer,statistics_s4,314159,length|cycle_type|rsk_shape|pattern_avoidance,odd_cycle_count,cycle,block_01,1e-06,0.2884525491467068,6144,2048,8192,0.26315751464049275,0.5144114757725751,0.8522828806053873,0.385498046875,0.5802001953125,-0.1947021484375
trained,category-statistics-s4-transformer-seed314159,transformer,statistics_s4,314159,length|cycle_type|rsk_shape|pattern_avoidance,longest_cycle,cycle,block_01,0.0001,0.10596136543855439,6144,2048,8192,0.10408210237239557,0.3243306069636158,0.9487905283041492,0.19140625,0.1644287109375,0.0269775390625
trained,category-statistics-s4-transformer-seed314159,transformer,statistics_s4,314159,length|cycle_type|rsk_shape|pattern_avoidance,shortest_cycle,cycle,block_01,0.0001,0.14463775920829136,6144,2048,8192,0.1324831985195185,0.36397667864129585,0.9351912575117785,0.219482421875,0.6358642578125,-0.4163818359375
trained,category-statistics-s4-transformer-seed314159,transformer,statistics_s4,314159,length|cycle_type|rsk_shape|pattern_avoidance,nontrivial_cycle_count,cycle,block_01,0.001,0.0858769768020905,6144,2048,8192,0.08855344814841726,0.2974011708838688,0.9687769056545817,0.4544677734375,0.4312744140625,0.023193359375
trained,category-statistics-s4-transformer-seed314159,transformer,statistics_s4,314159,length|cycle_type|rsk_shape|pattern_avoidance,lis_length,global_run,block_01,1e-06,0.49808754082218065,6144,2048,8192,0.4861240778546596,0.6974069303986057,0.7331091105586979,0.492431640625,0.39697265625,0.095458984375
trained,category-statistics-s4-transformer-seed314159,transformer,statistics_s4,314159,length|cycle_type|rsk_shape|pattern_avoidance,lds_length,global_run,block_01,1e-05,0.43921876315895925,6144,2048,8192,0.4676431964047977,0.6837695220726927,0.7567069698935858,0.50732421875,0.396484375,0.11083984375
trained,category-statistics-s4-transformer-seed314159,transformer,statistics_s4,314159,length|cycle_type|rsk_shape|pattern_avoidance,longest_increasing_run,global_run,block_01,1e-05,0.3063157934303058,6144,2048,8192,0.26686229517277305,0.5164615945783682,0.9146169990789024,0.49267578125,0.5040283203125,-0.0113525390625
trained,category-statistics-s4-transformer-seed314159,transformer,statistics_s4,314159,length|cycle_type|rsk_shape|pattern_avoidance,longest_decreasing_run,global_run,block_01,0.0001,0.14228855428862885,6144,2048,8192,0.19191029047546615,0.44008326682716165,0.9909336337582054,0.5081787109375,0.5018310546875,0.00634765625
trained,category-statistics-s4-transformer-seed314159,transformer,statistics_s4,314159,length|cycle_type|rsk_shape|pattern_avoidance,global_descents,global_run,block_01,1e-06,0.24274011203486456,6144,2048,8192,0.3297789404692507,0.5754413104388277,1.0179950901103099,0.8492431640625,0.8125,0.0367431640625
trained,category-statistics-s4-transformer-seed314159,transformer,statistics_s4,314159,length|cycle_type|rsk_shape|pattern_avoidance,components,global_run,block_01,1e-06,0.37268309703348745,6144,2048,8192,0.4483726845213766,0.673049546925159,0.92232368340146,0.83349609375,0.804931640625,0.028564453125
trained,category-statistics-s4-transformer-seed314159,transformer,statistics_s4,314159,length|cycle_type|rsk_shape|pattern_avoidance,max_displacement,global_run,block_01,1e-06,0.6283281579466382,6144,2048,8192,0.6159237450858337,0.7846881154914344,0.63278053110156,0.45166015625,0.2574462890625,0.1942138671875
trained,category-statistics-s4-transformer-seed314159,transformer,statistics_s4,314159,length|cycle_type|rsk_shape|pattern_avoidance,displacement_one_count,global_run,block_01,1e-05,0.310194927085507,6144,2048,8192,0.3151432535223012,0.5617806645758824,0.8192410799336385,0.3968505859375,0.3072509765625,0.089599609375
trained,category-statistics-s4-transformer-seed314159,transformer,statistics_s4,314159,length|cycle_type|rsk_shape|pattern_avoidance,descents,local,block_02,1e-05,0.4934195800229536,6144,2048,8192,0.49413440648938833,0.7031282019805383,0.7262038731628488,0.4595947265625,0.3338623046875,0.125732421875
trained,category-statistics-s4-transformer-seed314159,transformer,statistics_s4,314159,length|cycle_type|rsk_shape|pattern_avoidance,recoils,local,block_02,0.0001,0.4730230788697637,6144,2048,8192,0.4945834757409019,0.7032552114158772,0.7192631671607432,0.4759521484375,0.33642578125,0.1395263671875
trained,category-statistics-s4-transformer-seed314159,transformer,statistics_s4,314159,length|cycle_type|rsk_shape|pattern_avoidance,peaks,local,block_02,0.0001,0.22814499344831096,6144,2048,8192,0.2448068415188791,0.4947890890587201,0.8578963677534971,0.5057373046875,0.4635009765625,0.042236328125
trained,category-statistics-s4-transformer-seed314159,transformer,statistics_s4,314159,length|cycle_type|rsk_shape|pattern_avoidance,valleys,local,block_02,0.0001,0.22486973612776184,6144,2048,8192,0.2427700785595458,0.4928692823203436,0.8637916100119365,0.494873046875,0.45556640625,0.039306640625
trained,category-statistics-s4-transformer-seed314159,transformer,statistics_s4,314159,length|cycle_type|rsk_shape|pattern_avoidance,double_ascents,local,block_02,0.0001,0.3672296311418771,6144,2048,8192,0.3951039836035618,0.6284981708488128,0.7878498750172432,0.40185546875,0.344482421875,0.057373046875
trained,category-statistics-s4-transformer-seed314159,transformer,statistics_s4,314159,length|cycle_type|rsk_shape|pattern_avoidance,double_descents,local,block_02,0.0001,0.36617344220309334,6144,2048,8192,0.35562924864999657,0.5962602126116853,0.799738016922685,0.402587890625,0.3399658203125,0.0626220703125
trained,category-statistics-s4-transformer-seed314159,transformer,statistics_s4,314159,length|cycle_type|rsk_shape|pattern_avoidance,successions,local,block_02,1e-05,0.432432288373122,6144,2048,8192,0.48240450280332947,0.6957578185255806,0.7681482010141694,0.46533203125,0.398681640625,0.066650390625
trained,category-statistics-s4-transformer-seed314159,transformer,statistics_s4,314159,length|cycle_type|rsk_shape|pattern_avoidance,adjacencies,local,block_02,0.0001,0.3615449876164871,6144,2048,8192,0.39684014881437735,0.6313191742807708,0.8114254130217885,0.371337890625,0.329345703125,0.0419921875
trained,category-statistics-s4-transformer-seed314159,transformer,statistics_s4,314159,length|cycle_type|rsk_shape|pattern_avoidance,fixed_points,positional,block_02,1e-05,0.5681289032955935,6144,2048,8192,0.5501038214050895,0.7418446354774417,0.6791567128819531,0.5709228515625,0.369873046875,0.2010498046875
trained,category-statistics-s4-transformer-seed314159,transformer,statistics_s4,314159,length|cycle_type|rsk_shape|pattern_avoidance,anti_fixed_points,positional,block_02,0.0001,0.33533830367744477,6144,2048,8192,0.3058784384028693,0.5532499723664382,0.8311341111215146,0.4561767578125,0.37939453125,0.0767822265625
trained,category-statistics-s4-transformer-seed314159,transformer,statistics_s4,314159,length|cycle_type|rsk_shape|pattern_avoidance,exceedances,positional,block_02,1e-05,0.7298905665821362,6144,2048,8192,0.7385377064844065,0.8593833715452093,0.5096686800166732,0.60986328125,0.3426513671875,0.2672119140625
trained,category-statistics-s4-transformer-seed314159,transformer,statistics_s4,314159,length|cycle_type|rsk_shape|pattern_avoidance,deficiencies,positional,block_02,1e-05,0.6990224628380128,6144,2048,8192,0.7156199252840809,0.8458845197844024,0.5342523215588704,0.6019287109375,0.34033203125,0.2615966796875
trained,category-statistics-s4-transformer-seed314159,transformer,statistics_s4,314159,length|cycle_type|rsk_shape|pattern_avoidance,left_to_right_maxima,positional,block_02,1e-05,0.704829905660163,6144,2048,8192,0.7106370849460142,0.8428415231205804,0.5504642553123795,0.5609130859375,0.3026123046875,0.25830078125
trained,category-statistics-s4-transformer-seed314159,transformer,statistics_s4,314159,length|cycle_type|rsk_shape|pattern_avoidance,left_to_right_minima,positional,block_02,1e-06,0.7725300041390909,6144,2048,8192,0.7585457657769378,0.8714837408234932,0.4843984503695179,0.6051025390625,0.307373046875,0.2977294921875
trained,category-statistics-s4-transformer-seed314159,transformer,statistics_s4,314159,length|cycle_type|rsk_shape|pattern_avoidance,right_to_left_maxima,positional,block_02,1e-05,0.6583080066150766,6144,2048,8192,0.6735126100925162,0.8207005272599542,0.5885667994089492,0.5001220703125,0.3045654296875,0.195556640625
trained,category-statistics-s4-transformer-seed314159,transformer,statistics_s4,314159,length|cycle_type|rsk_shape|pattern_avoidance,right_to_left_minima,positional,block_02,1e-05,0.7571055403600674,6144,2048,8192,0.7662494925514094,0.8754719646322103,0.49685876295509485,0.5548095703125,0.2933349609375,0.261474609375
trained,category-statistics-s4-transformer-seed314159,transformer,statistics_s4,314159,length|cycle_type|rsk_shape|pattern_avoidance,cycle_count,cycle,block_02,0.0001,0.36252103702081584,6144,2048,8192,0.34661994279167285,0.5898002967369509,0.8057103713153092,0.4049072265625,0.3079833984375,0.096923828125
trained,category-statistics-s4-transformer-seed314159,transformer,statistics_s4,314159,length|cycle_type|rsk_shape|pattern_avoidance,two_cycle_count,cycle,block_02,0.001,0.0918497707421998,6144,2048,8192,0.09870665504503306,0.314225251198901,0.9590199774877063,0.5230712890625,0.6026611328125,-0.07958984375
trained,category-statistics-s4-transformer-seed314159,transformer,statistics_s4,314159,length|cycle_type|rsk_shape|pattern_avoidance,three_cycle_count,cycle,block_02,0.001,0.0314794850218143,6144,2048,8192,0.030569722188247828,0.17806036192874267,0.984915181805744,0.72998046875,0.7235107421875,0.0064697265625
trained,category-statistics-s4-transformer-seed314159,transformer,statistics_s4,314159,length|cycle_type|rsk_shape|pattern_avoidance,even_cycle_count,cycle,block_02,0.001,0.08464281821595265,6144,2048,8192,0.08641029617776341,0.2940697604786144,0.9664767777508079,0.431640625,0.40771484375,0.02392578125
trained,category-statistics-s4-transformer-seed314159,transformer,statistics_s4,314159,length|cycle_type|rsk_shape|pattern_avoidance,odd_cycle_count,cycle,block_02,0.0001,0.4067315375337044,6144,2048,8192,0.38789889298804614,0.623127193138069,0.7767978558790961,0.416748046875,0.5802001953125,-0.1634521484375
trained,category-statistics-s4-transformer-seed314159,transformer,statistics_s4,314159,length|cycle_type|rsk_shape|pattern_avoidance,longest_cycle,cycle,block_02,0.01,0.11698928820650556,6144,2048,8192,0.12042389587979652,0.3473001846080939,0.9400976029717927,0.1865234375,0.1644287109375,0.0220947265625
trained,category-statistics-s4-transformer-seed314159,transformer,statistics_s4,314159,length|cycle_type|rsk_shape|pattern_avoidance,shortest_cycle,cycle,block_02,0.0001,0.19453405246692856,6144,2048,8192,0.17660787658833998,0.42092340263357236,0.911097479127463,0.2381591796875,0.6358642578125,-0.397705078125
trained,category-statistics-s4-transformer-seed314159,transformer,statistics_s4,314159,length|cycle_type|rsk_shape|pattern_avoidance,nontrivial_cycle_count,cycle,block_02,0.01,0.10031504315648976,6144,2048,8192,0.09931063663341755,0.3150215365846774,0.9630430271863175,0.4541015625,0.4312744140625,0.0228271484375
trained,category-statistics-s4-transformer-seed314159,transformer,statistics_s4,314159,length|cycle_type|rsk_shape|pattern_avoidance,lis_length,global_run,block_02,1e-05,0.741908355084475,6144,2048,8192,0.7583177746191724,0.8708140323950306,0.50276129671234,0.6292724609375,0.39697265625,0.2322998046875
trained,category-statistics-s4-transformer-seed314159,transformer,statistics_s4,314159,length|cycle_type|rsk_shape|pattern_avoidance,lds_length,global_run,block_02,0.0001,0.7172900390275005,6144,2048,8192,0.7192325376151165,0.8481475539088664,0.5495405172825781,0.61572265625,0.396484375,0.21923828125
trained,category-statistics-s4-transformer-seed314159,transformer,statistics_s4,314159,length|cycle_type|rsk_shape|pattern_avoidance,longest_increasing_run,global_run,block_02,1e-05,0.48123414671747156,6144,2048,8192,0.5116086506518441,0.7159494691403421,0.7465011353370689,0.5408935546875,0.5040283203125,0.036865234375
trained,category-statistics-s4-transformer-seed314159,transformer,statistics_s4,314159,length|cycle_type|rsk_shape|pattern_avoidance,longest_decreasing_run,global_run,block_02,0.0001,0.4067185272310465,6144,2048,8192,0.4731157062220358,0.6910189954669728,0.8001518383889171,0.53857421875,0.5018310546875,0.0367431640625
trained,category-statistics-s4-transformer-seed314159,transformer,statistics_s4,314159,length|cycle_type|rsk_shape|pattern_avoidance,global_descents,global_run,block_02,1e-06,0.4264005839638608,6144,2048,8192,0.5082774465239741,0.7172326781619507,0.8719603006616308,0.86328125,0.8125,0.05078125
trained,category-statistics-s4-transformer-seed314159,transformer,statistics_s4,314159,length|cycle_type|rsk_shape|pattern_avoidance,components,global_run,block_02,1e-06,0.49606954873708664,6144,2048,8192,0.5680978531186944,0.7573476325837443,0.8161183827506682,0.884521484375,0.804931640625,0.07958984375
trained,category-statistics-s4-transformer-seed314159,transformer,statistics_s4,314159,length|cycle_type|rsk_shape|pattern_avoidance,max_displacement,global_run,block_02,1e-05,0.6954414454821123,6144,2048,8192,0.7068250175241937,0.8406447725844146,0.5528506613828966,0.4783935546875,0.2574462890625,0.220947265625
trained,category-statistics-s4-transformer-seed314159,transformer,statistics_s4,314159,length|cycle_type|rsk_shape|pattern_avoidance,displacement_one_count,global_run,block_02,1e-05,0.36824634171571846,6144,2048,8192,0.3846025409949595,0.6210452106371465,0.7765862585617382,0.4168701171875,0.3072509765625,0.109619140625
trained,category-statistics-s4-transformer-seed314159,transformer,statistics_s4,314159,length|cycle_type|rsk_shape|pattern_avoidance,descents,local,block_03,0.0001,0.48742123352143274,6144,2048,8192,0.49964042829791955,0.7067999071560032,0.7222409289609285,0.46630859375,0.3338623046875,0.1324462890625
trained,category-statistics-s4-transformer-seed314159,transformer,statistics_s4,314159,length|cycle_type|rsk_shape|pattern_avoidance,recoils,local,block_03,0.0001,0.47961534701130193,6144,2048,8192,0.4837311806792247,0.695549124340081,0.7269441579016152,0.47314453125,0.33642578125,0.13671875
trained,category-statistics-s4-transformer-seed314159,transformer,statistics_s4,314159,length|cycle_type|rsk_shape|pattern_avoidance,peaks,local,block_03,0.0001,0.22690701432621208,6144,2048,8192,0.253815568720556,0.5037883974773336,0.8527640772147629,0.5152587890625,0.4635009765625,0.0517578125
trained,category-statistics-s4-transformer-seed314159,transformer,statistics_s4,314159,length|cycle_type|rsk_shape|pattern_avoidance,valleys,local,block_03,0.0001,0.2358015758260219,6144,2048,8192,0.25352419637872414,0.5035196030267584,0.857635927099821,0.493408203125,0.45556640625,0.037841796875
trained,category-statistics-s4-transformer-seed314159,transformer,statistics_s4,314159,length|cycle_type|rsk_shape|pattern_avoidance,double_ascents,local,block_03,0.0001,0.36628293940251766,6144,2048,8192,0.39932696255013467,0.6318907895699483,0.7850949381741421,0.39892578125,0.344482421875,0.054443359375
trained,category-statistics-s4-transformer-seed314159,transformer,statistics_s4,314159,length|cycle_type|rsk_shape|pattern_avoidance,double_descents,local,block_03,0.0001,0.36893510392841045,6144,2048,8192,0.36242870806825256,0.6019655500955758,0.7955073722413257,0.40185546875,0.3399658203125,0.0618896484375
trained,category-statistics-s4-transformer-seed314159,transformer,statistics_s4,314159,length|cycle_type|rsk_shape|pattern_avoidance,successions,local,block_03,0.0001,0.43338012771729073,6144,2048,8192,0.46986514842509175,0.6872207576356543,0.7773971623875944,0.4617919921875,0.398681640625,0.0631103515625
trained,category-statistics-s4-transformer-seed314159,transformer,statistics_s4,314159,length|cycle_type|rsk_shape|pattern_avoidance,adjacencies,local,block_03,0.0001,0.3562941643853118,6144,2048,8192,0.39662871219692,0.631143857315762,0.8115676224306958,0.3741455078125,0.329345703125,0.0447998046875
trained,category-statistics-s4-transformer-seed314159,transformer,statistics_s4,314159,length|cycle_type|rsk_shape|pattern_avoidance,fixed_points,positional,block_03,1e-05,0.581114036829327,6144,2048,8192,0.5541812886585054,0.7448472563890475,0.6760720652704448,0.5736083984375,0.369873046875,0.2037353515625
trained,category-statistics-s4-transformer-seed314159,transformer,statistics_s4,314159,length|cycle_type|rsk_shape|pattern_avoidance,anti_fixed_points,positional,block_03,1e-05,0.340693670425937,6144,2048,8192,0.2946495592375624,0.5442589368774384,0.8378298134448247,0.4481201171875,0.37939453125,0.0687255859375
trained,category-statistics-s4-transformer-seed314159,transformer,statistics_s4,314159,length|cycle_type|rsk_shape|pattern_avoidance,exceedances,positional,block_03,1e-05,0.7442798197782474,6144,2048,8192,0.7402780860043279,0.8604884707248396,0.5079695861944421,0.6124267578125,0.3426513671875,0.269775390625
trained,category-statistics-s4-transformer-seed314159,transformer,statistics_s4,314159,length|cycle_type|rsk_shape|pattern_avoidance,deficiencies,positional,block_03,1e-05,0.7116404579927668,6144,2048,8192,0.720164509454621,0.8485644361078342,0.5299662740545384,0.6016845703125,0.34033203125,0.2613525390625
trained,category-statistics-s4-transformer-seed314159,transformer,statistics_s4,314159,length|cycle_type|rsk_shape|pattern_avoidance,left_to_right_maxima,positional,block_03,1e-05,0.7074423769092978,6144,2048,8192,0.7086649771905476,0.8416555923179653,0.55233687168002,0.5528564453125,0.3026123046875,0.250244140625
trained,category-statistics-s4-transformer-seed314159,transformer,statistics_s4,314159,length|cycle_type|rsk_shape|pattern_avoidance,left_to_right_minima,positional,block_03,1e-05,0.8124431243299987,6144,2048,8192,0.7907697159786007,0.8897881341554135,0.4509180337338289,0.6436767578125,0.307373046875,0.3363037109375
trained,category-statistics-s4-transformer-seed314159,transformer,statistics_s4,314159,length|cycle_type|rsk_shape|pattern_avoidance,right_to_left_maxima,positional,block_03,0.0001,0.6827970388674558,6144,2048,8192,0.68172174502414,0.8259121947262485,0.581120288900443,0.52294921875,0.3045654296875,0.2183837890625
trained,category-statistics-s4-transformer-seed314159,transformer,statistics_s4,314159,length|cycle_type|rsk_shape|pattern_avoidance,right_to_left_minima,positional,block_03,0.0001,0.7573236799157146,6144,2048,8192,0.7667079047367358,0.8759579828601489,0.4963713246764253,0.558349609375,0.2933349609375,0.2650146484375
trained,category-statistics-s4-transformer-seed314159,transformer,statistics_s4,314159,length|cycle_type|rsk_shape|pattern_avoidance,cycle_count,cycle,block_03,0.0001,0.3860862967029751,6144,2048,8192,0.3512315190423174,0.5945675061906269,0.8028619722810253,0.40771484375,0.3079833984375,0.0997314453125
trained,category-statistics-s4-transformer-seed314159,transformer,statistics_s4,314159,length|cycle_type|rsk_shape|pattern_avoidance,two_cycle_count,cycle,block_03,0.001,0.10337920150037272,6144,2048,8192,0.11306642762424701,0.33649727408251284,0.9513495543427247,0.52880859375,0.6026611328125,-0.0738525390625
trained,category-statistics-s4-transformer-seed314159,transformer,statistics_s4,314159,length|cycle_type|rsk_shape|pattern_avoidance,three_cycle_count,cycle,block_03,0.001,0.03935313692461939,6144,2048,8192,0.032681092023371106,0.18521302559742744,0.9838420495962154,0.732177734375,0.7235107421875,0.0086669921875
trained,category-statistics-s4-transformer-seed314159,transformer,statistics_s4,314159,length|cycle_type|rsk_shape|pattern_avoidance,even_cycle_count,cycle,block_03,0.001,0.08430887099417039,6144,2048,8192,0.09338800931739,0.30590978175684763,0.9627788793128871,0.433349609375,0.40771484375,0.025634765625
trained,category-statistics-s4-transformer-seed314159,transformer,statistics_s4,314159,length|cycle_type|rsk_shape|pattern_avoidance,odd_cycle_count,cycle,block_03,0.0001,0.4137871376868898,6144,2048,8192,0.3876983599254057,0.6232586072398953,0.7769250904935895,0.420654296875,0.5802001953125,-0.1595458984375
trained,category-statistics-s4-transformer-seed314159,transformer,statistics_s4,314159,length|cycle_type|rsk_shape|pattern_avoidance,longest_cycle,cycle,block_03,0.001,0.12868776242789515,6144,2048,8192,0.1315659058846531,0.3639300601860957,0.9341242936455427,0.1929931640625,0.1644287109375,0.028564453125
trained,category-statistics-s4-transformer-seed314159,transformer,statistics_s4,314159,length|cycle_type|rsk_shape|pattern_avoidance,shortest_cycle,cycle,block_03,0.001,0.19868675676192593,6144,2048,8192,0.1809790998597649,0.42544017172074816,0.9086758441696463,0.2403564453125,0.6358642578125,-0.3955078125
trained,category-statistics-s4-transformer-seed314159,transformer,statistics_s4,314159,length|cycle_type|rsk_shape|pattern_avoidance,nontrivial_cycle_count,cycle,block_03,0.01,0.10210982669252733,6144,2048,8192,0.11213290874198434,0.33499367905015254,0.9561634835604543,0.4656982421875,0.4312744140625,0.034423828125
trained,category-statistics-s4-transformer-seed314159,transformer,statistics_s4,314159,length|cycle_type|rsk_shape|pattern_avoidance,lis_length,global_run,block_03,0.0001,0.7601260670242598,6144,2048,8192,0.7672180601710951,0.8759390370549487,0.49341701718684045,0.645751953125,0.39697265625,0.248779296875
trained,category-statistics-s4-transformer-seed314159,transformer,statistics_s4,314159,length|cycle_type|rsk_shape|pattern_avoidance,lds_length,global_run,block_03,0.0001,0.7202294263827607,6144,2048,8192,0.7178146046762616,0.847277716881932,0.5509264155559709,0.6119384765625,0.396484375,0.2154541015625
trained,category-statistics-s4-transformer-seed314159,transformer,statistics_s4,314159,length|cycle_type|rsk_shape|pattern_avoidance,longest_increasing_run,global_run,block_03,0.0001,0.48708158348178665,6144,2048,8192,0.5102703133537372,0.7157060942336065,0.7475232529612776,0.5433349609375,0.5040283203125,0.039306640625
trained,category-statistics-s4-transformer-seed314159,transformer,statistics_s4,314159,length|cycle_type|rsk_shape|pattern_avoidance,longest_decreasing_run,global_run,block_03,0.0001,0.40302852621207064,6144,2048,8192,0.47020769520000827,0.6882516112548938,0.8023569226928553,0.5438232421875,0.5018310546875,0.0419921875
trained,category-statistics-s4-transformer-seed314159,transformer,statistics_s4,314159,length|cycle_type|rsk_shape|pattern_avoidance,global_descents,global_run,block_03,1e-06,0.4467573407563622,6144,2048,8192,0.5158923238592009,0.7229172619824159,0.8651823136174329,0.8629150390625,0.8125,0.0504150390625
trained,category-statistics-s4-transformer-seed314159,transformer,statistics_s4,314159,length|cycle_type|rsk_shape|pattern_avoidance,components,global_run,block_03,1e-06,0.5082251530971117,6144,2048,8192,0.5858795223813662,0.7699367694999361,0.7991417714137101,0.89208984375,0.804931640625,0.087158203125
trained,category-statistics-s4-transformer-seed314159,transformer,statistics_s4,314159,length|cycle_type|rsk_shape|pattern_avoidance,max_displacement,global_run,block_03,0.0001,0.7013264416862174,6144,2048,8192,0.702445209576839,0.8380869721407416,0.5569649334132812,0.4825439453125,0.2574462890625,0.22509765625
trained,category-statistics-s4-transformer-seed314159,transformer,statistics_s4,314159,length|cycle_type|rsk_shape|pattern_avoidance,displacement_one_count,global_run,block_03,0.0001,0.35508524359612514,6144,2048,8192,0.37558938628059857,0.6133825294220918,0.7822525553680564,0.412841796875,0.3072509765625,0.1055908203125
trained,category-statistics-s4-transformer-seed314159,transformer,statistics_s4,314159,length|cycle_type|rsk_shape|pattern_avoidance,descents,local,block_04,0.0001,0.4731981587543119,6144,2048,8192,0.48614472158166977,0.6972405614677826,0.731916269378058,0.4635009765625,0.3338623046875,0.129638671875
trained,category-statistics-s4-transformer-seed314159,transformer,statistics_s4,314159,length|cycle_type|rsk_shape|pattern_avoidance,recoils,local,block_04,0.0001,0.46758090448247225,6144,2048,8192,0.4712616198586208,0.6865173081586974,0.735670803749913,0.468505859375,0.33642578125,0.132080078125
trained,category-statistics-s4-transformer-seed314159,transformer,statistics_s4,314159,length|cycle_type|rsk_shape|pattern_avoidance,peaks,local,block_04,0.0001,0.2299245694037878,6144,2048,8192,0.2462553641257248,0.496207127803574,0.8570732149395824,0.5057373046875,0.4635009765625,0.042236328125
trained,category-statistics-s4-transformer-seed314159,transformer,statistics_s4,314159,length|cycle_type|rsk_shape|pattern_avoidance,valleys,local,block_04,0.0001,0.23646991303583564,6144,2048,8192,0.248595697908931,0.49856730748247935,0.8604624778516625,0.4921875,0.45556640625,0.03662109375
trained,category-statistics-s4-transformer-seed314159,transformer,statistics_s4,314159,length|cycle_type|rsk_shape|pattern_avoidance,double_ascents,local,block_04,0.0001,0.3656171492555035,6144,2048,8192,0.3976874394105233,0.6307592067990451,0.7861656572687982,0.398193359375,0.344482421875,0.0537109375
trained,category-statistics-s4-transformer-seed314159,transformer,statistics_s4,314159,length|cycle_type|rsk_shape|pattern_avoidance,double_descents,local,block_04,0.0001,0.35242917063414025,6144,2048,8192,0.352346155662294,0.593430796932753,0.8017727759198241,0.4019775390625,0.3399658203125,0.06201171875
trained,category-statistics-s4-transformer-seed314159,transformer,statistics_s4,314159,length|cycle_type|rsk_shape|pattern_avoidance,successions,local,block_04,0.0001,0.4201587694800586,6144,2048,8192,0.4690242812142632,0.6864787761684175,0.7780134478263429,0.4659423828125,0.398681640625,0.0672607421875
trained,category-statistics-s4-transformer-seed314159,transformer,statistics_s4,314159,length|cycle_type|rsk_shape|pattern_avoidance,adjacencies,local,block_04,0.0001,0.36004862778788316,6144,2048,8192,0.4005984703590235,0.6340591161761313,0.808893444907724,0.3648681640625,0.329345703125,0.0355224609375
trained,category-statistics-s4-transformer-seed314159,transformer,statistics_s4,314159,length|cycle_type|rsk_shape|pattern_avoidance,fixed_points,positional,block_04,1e-05,0.6008115082262747,6144,2048,8192,0.5896170014282593,0.767975184069857,0.648647167186375,0.5914306640625,0.369873046875,0.2215576171875
trained,category-statistics-s4-transformer-seed314159,transformer,statistics_s4,314159,length|cycle_type|rsk_shape|pattern_avoidance,anti_fixed_points,positional,block_04,0.0001,0.3279706993585082,6144,2048,8192,0.29265754318478077,0.5413996534013356,0.8390120582173671,0.4520263671875,0.37939453125,0.0726318359375
trained,category-statistics-s4-transformer-seed314159,transformer,statistics_s4,314159,length|cycle_type|rsk_shape|pattern_avoidance,exceedances,positional,block_04,1e-06,0.7210706977890324,6144,2048,8192,0.7213922123326176,0.8494659313186181,0.5261142184267914,0.586669921875,0.3426513671875,0.2440185546875
trained,category-statistics-s4-transformer-seed314159,transformer,statistics_s4,314159,length|cycle_type|rsk_shape|pattern_avoidance,deficiencies,positional,block_04,1e-05,0.7148673827583305,6144,2048,8192,0.714988753424155,0.8454389741721845,0.5348448703430824,0.5994873046875,0.34033203125,0.2591552734375
trained,category-statistics-s4-transformer-seed314159,transformer,statistics_s4,314159,length|cycle_type|rsk_shape|pattern_avoidance,left_to_right_maxima,positional,block_04,0.0001,0.6942281283309254,6144,2048,8192,0.6943325339545379,0.8330700419392942,0.5657600742594541,0.548095703125,0.3026123046875,0.2454833984375
trained,category-statistics-s4-transformer-seed314159,transformer,statistics_s4,314159,length|cycle_type|rsk_shape|pattern_avoidance,left_to_right_minima,positional,block_04,0.0001,0.8042195215071866,6144,2048,8192,0.7940140449261027,0.8911500522116789,0.447408403479613,0.6414794921875,0.307373046875,0.3341064453125
trained,category-statistics-s4-transformer-seed314159,transformer,statistics_s4,314159,length|cycle_type|rsk_shape|pattern_avoidance,right_to_left_maxima,positional,block_04,1e-05,0.6723437967856117,6144,2048,8192,0.6697447623978168,0.8184144556516065,0.5919532526196208,0.5037841796875,0.3045654296875,0.19921875
trained,category-statistics-s4-transformer-seed314159,transformer,statistics_s4,314159,length|cycle_type|rsk_shape|pattern_avoidance,right_to_left_minima,positional,block_04,1e-05,0.734902462893072,6144,2048,8192,0.7398137395325044,0.860220391813207,0.5242022155855603,0.5362548828125,0.2933349609375,0.242919921875
trained,category-statistics-s4-transformer-seed314159,transformer,statistics_s4,314159,length|cycle_type|rsk_shape|pattern_avoidance,cycle_count,cycle,block_04,0.0001,0.401188844376856,6144,2048,8192,0.3737851585207054,0.6133632831312165,0.7887832776243945,0.4215087890625,0.3079833984375,0.113525390625
trained,category-statistics-s4-transformer-seed314159,transformer,statistics_s4,314159,length|cycle_type|rsk_shape|pattern_avoidance,two_cycle_count,cycle,block_04,0.001,0.12931203992824813,6144,2048,8192,0.12217512653994833,0.35002569785179316,0.9464518255504992,0.5357666015625,0.6026611328125,-0.06689453125
trained,category-statistics-s4-transformer-seed314159,transformer,statistics_s4,314159,length|cycle_type|rsk_shape|pattern_avoidance,three_cycle_count,cycle,block_04,0.01,0.0430089993076086,6144,2048,8192,0.03233439007420602,0.18020227374488101,0.9840183458492213,0.7353515625,0.7235107421875,0.0118408203125
trained,category-statistics-s4-transformer-seed314159,transformer,statistics_s4,314159,length|cycle_type|rsk_shape|pattern_avoidance,even_cycle_count,cycle,block_04,0.001,0.09135885678148192,6144,2048,8192,0.10125682920825019,0.31854303405938955,0.9585916172965979,0.4344482421875,0.40771484375,0.0267333984375
trained,category-statistics-s4-transformer-seed314159,transformer,statistics_s4,314159,length|cycle_type|rsk_shape|pattern_avoidance,odd_cycle_count,cycle,block_04,0.0001,0.43151378665198414,6144,2048,8192,0.4122787913862439,0.6424167817566419,0.7611707958877485,0.4234619140625,0.5802001953125,-0.15673828125
trained,category-statistics-s4-transformer-seed314159,transformer,statistics_s4,314159,length|cycle_type|rsk_shape|pattern_avoidance,longest_cycle,cycle,block_04,0.01,0.14588847275380146,6144,2048,8192,0.14185756240315017,0.37704396746093743,0.9285727273321079,0.194091796875,0.1644287109375,0.0296630859375
trained,category-statistics-s4-transformer-seed314159,transformer,statistics_s4,314159,length|cycle_type|rsk_shape|pattern_avoidance,shortest_cycle,cycle,block_04,0.001,0.23821790422130362,6144,2048,8192,0.22072318139729408,0.4698958086901491,0.886354327807472,0.268798828125,0.6358642578125,-0.3670654296875
trained,category-statistics-s4-transformer-seed314159,transformer,statistics_s4,314159,length|cycle_type|rsk_shape|pattern_avoidance,nontrivial_cycle_count,cycle,block_04,0.01,0.1141765887053422,6144,2048,8192,0.11725186197354809,0.3424503856461495,0.9534031428278036,0.4693603515625,0.4312744140625,0.0380859375
trained,category-statistics-s4-transformer-seed314159,transformer,statistics_s4,314159,length|cycle_type|rsk_shape|pattern_avoidance,lis_length,global_run,block_04,0.0001,0.7491212731984968,6144,2048,8192,0.7607270638625163,0.8722557578604845,0.500249048804331,0.6373291015625,0.39697265625,0.2403564453125
trained,category-statistics-s4-transformer-seed314159,transformer,statistics_s4,314159,length|cycle_type|rsk_shape|pattern_avoidance,lds_length,global_run,block_04,0.0001,0.7093642731866038,6144,2048,8192,0.7059598621938483,0.8402988397071192,0.562379703722738,0.6065673828125,0.396484375,0.2100830078125
trained,category-statistics-s4-transformer-seed314159,transformer,statistics_s4,314159,length|cycle_type|rsk_shape|pattern_avoidance,longest_increasing_run,global_run,block_04,0.0001,0.48702657079140343,6144,2048,8192,0.5136437439085793,0.7183788163154377,0.7449442022192333,0.54052734375,0.5040283203125,0.0364990234375
trained,category-statistics-s4-transformer-seed314159,transformer,statistics_s4,314159,length|cycle_type|rsk_shape|pattern_avoidance,longest_decreasing_run,global_run,block_04,0.0001,0.3994103039134177,6144,2048,8192,0.46073013875455326,0.6819687425351164,0.8095018686709571,0.5384521484375,0.5018310546875,0.03662109375
trained,category-statistics-s4-transformer-seed314159,transformer,statistics_s4,314159,length|cycle_type|rsk_shape|pattern_avoidance,global_descents,global_run,block_04,1e-06,0.4312749345007152,6144,2048,8192,0.4999309463207695,0.713058079199488,0.8793294895604445,0.8594970703125,0.8125,0.0469970703125
trained,category-statistics-s4-transformer-seed314159,transformer,statistics_s4,314159,length|cycle_type|rsk_shape|pattern_avoidance,components,global_run,block_04,1e-06,0.4921835308226782,6144,2048,8192,0.5713710744407946,0.759706218665845,0.8130199765029168,0.8919677734375,0.804931640625,0.0870361328125
trained,category-statistics-s4-transformer-seed314159,transformer,statistics_s4,314159,length|cycle_type|rsk_shape|pattern_avoidance,max_displacement,global_run,block_04,0.0001,0.6759546619465426,6144,2048,8192,0.6852591523964344,0.8278540354051717,0.5728236425033673,0.4691162109375,0.2574462890625,0.211669921875
trained,category-statistics-s4-transformer-seed314159,transformer,statistics_s4,314159,length|cycle_type|rsk_shape|pattern_avoidance,displacement_one_count,global_run,block_04,0.0001,0.38821857211195676,6144,2048,8192,0.3990036682573086,0.6323034572267661,0.7674458869045101,0.419189453125,0.3072509765625,0.1119384765625
trained,category-statistics-s4-transformer-seed314159,transformer,statistics_s4,314159,length|cycle_type|rsk_shape|pattern_avoidance,descents,local,final_norm,0.0001,0.46068982817343074,6144,2048,8192,0.4727140922726424,0.6875387928342989,0.7414196161236916,0.4598388671875,0.3338623046875,0.1259765625
trained,category-statistics-s4-transformer-seed314159,transformer,statistics_s4,314159,length|cycle_type|rsk_shape|pattern_avoidance,recoils,local,final_norm,0.0001,0.45735918141214105,6144,2048,8192,0.4586890951822309,0.6772816937261691,0.7443659362755743,0.461181640625,0.33642578125,0.124755859375
trained,category-statistics-s4-transformer-seed314159,transformer,statistics_s4,314159,length|cycle_type|rsk_shape|pattern_avoidance,peaks,local,final_norm,0.0001,0.21873938714907226,6144,2048,8192,0.23540686638520103,0.4851494231946262,0.8632190228820158,0.505126953125,0.4635009765625,0.0416259765625
trained,category-statistics-s4-transformer-seed314159,transformer,statistics_s4,314159,length|cycle_type|rsk_shape|pattern_avoidance,valleys,local,final_norm,0.0001,0.22766299275174406,6144,2048,8192,0.2387665573017137,0.4886321051699415,0.8660720595022917,0.493896484375,0.45556640625,0.038330078125
trained,category-statistics-s4-transformer-seed314159,transformer,statistics_s4,314159,length|cycle_type|rsk_shape|pattern_avoidance,double_ascents,local,final_norm,0.0001,0.34823051429112883,6144,2048,8192,0.38001994987275256,0.6166046538685162,0.7976125260150032,0.395751953125,0.344482421875,0.05126953125
trained,category-statistics-s4-transformer-seed314159,transformer,statistics_s4,314159,length|cycle_type|rsk_shape|pattern_avoidance,double_descents,local,final_norm,0.0001,0.3500284912449537,6144,2048,8192,0.3473609882160833,0.5892040313994567,0.8048525920846143,0.4052734375,0.3399658203125,0.0653076171875
trained,category-statistics-s4-transformer-seed314159,transformer,statistics_s4,314159,length|cycle_type|rsk_shape|pattern_avoidance,successions,local,final_norm,0.0001,0.40887203622677404,6144,2048,8192,0.44481316308273655,0.6691392158447949,0.7955534315822522,0.45654296875,0.398681640625,0.057861328125
trained,category-statistics-s4-transformer-seed314159,transformer,statistics_s4,314159,length|cycle_type|rsk_shape|pattern_avoidance,adjacencies,local,final_norm,0.0001,0.35526694016843186,6144,2048,8192,0.38601687619471836,0.6227495350801421,0.8186732678639957,0.3665771484375,0.329345703125,0.0372314453125
trained,category-statistics-s4-transformer-seed314159,transformer,statistics_s4,314159,length|cycle_type|rsk_shape|pattern_avoidance,fixed_points,positional,final_norm,1e-05,0.5893327287493035,6144,2048,8192,0.5853504628760883,0.7651343625926077,0.6520102722580812,0.594970703125,0.369873046875,0.22509765625
trained,category-statistics-s4-transformer-seed314159,transformer,statistics_s4,314159,length|cycle_type|rsk_shape|pattern_avoidance,anti_fixed_points,positional,final_norm,0.0001,0.3325672315476106,6144,2048,8192,0.2917410810183625,0.5405340860826652,0.8395554116526665,0.449951171875,0.37939453125,0.070556640625
trained,category-statistics-s4-transformer-seed314159,transformer,statistics_s4,314159,length|cycle_type|rsk_shape|pattern_avoidance,exceedances,positional,final_norm,1e-06,0.7043858898444073,6144,2048,8192,0.7079926357789369,0.8414224059218637,0.5386173206418247,0.579833984375,0.3426513671875,0.2371826171875
trained,category-statistics-s4-transformer-seed314159,transformer,statistics_s4,314159,length|cycle_type|rsk_shape|pattern_avoidance,deficiencies,positional,final_norm,1e-05,0.7007508176494939,6144,2048,8192,0.702069978143744,0.8377723182701463,0.5468320619649956,0.593017578125,0.34033203125,0.252685546875
trained,category-statistics-s4-transformer-seed314159,transformer,statistics_s4,314159,length|cycle_type|rsk_shape|pattern_avoidance,left_to_right_maxima,positional,final_norm,0.0001,0.6753677045079012,6144,2048,8192,0.6804397246756064,0.8246531390221103,0.5784743156524532,0.5447998046875,0.3026123046875,0.2421875
trained,category-statistics-s4-transformer-seed314159,transformer,statistics_s4,314159,length|cycle_type|rsk_shape|pattern_avoidance,left_to_right_minima,positional,final_norm,1e-05,0.807774470803397,6144,2048,8192,0.792438530717226,0.8904957263436932,0.4491161790096442,0.6439208984375,0.307373046875,0.3365478515625
trained,category-statistics-s4-transformer-seed314159,transformer,statistics_s4,314159,length|cycle_type|rsk_shape|pattern_avoidance,right_to_left_maxima,positional,final_norm,1e-05,0.6672330715402183,6144,2048,8192,0.6636775412843283,0.8147473998437915,0.5973659841614369,0.5052490234375,0.3045654296875,0.20068359375
trained,category-statistics-s4-transformer-seed314159,transformer,statistics_s4,314159,length|cycle_type|rsk_shape|pattern_avoidance,right_to_left_minima,positional,final_norm,1e-05,0.7134989766007174,6144,2048,8192,0.7170322793426265,0.8469292503954337,0.546669848160353,0.5284423828125,0.2933349609375,0.235107421875
trained,category-statistics-s4-transformer-seed314159,transformer,statistics_s4,314159,length|cycle_type|rsk_shape|pattern_avoidance,cycle_count,cycle,final_norm,0.0001,0.3923932300033559,6144,2048,8192,0.3716483275732466,0.611315716871113,0.7901279128847419,0.4212646484375,0.3079833984375,0.11328125
trained,category-statistics-s4-transformer-seed314159,transformer,statistics_s4,314159,length|cycle_type|rsk_shape|pattern_avoidance,two_cycle_count,cycle,final_norm,0.01,0.12910410893418378,6144,2048,8192,0.11286173374058261,0.3361355174504411,0.9514593281784985,0.5303955078125,0.6026611328125,-0.072265625
trained,category-statistics-s4-transformer-seed314159,transformer,statistics_s4,314159,length|cycle_type|rsk_shape|pattern_avoidance,three_cycle_count,cycle,final_norm,0.01,0.04536633986806371,6144,2048,8192,0.03577325879889193,0.18950505114194752,0.9822682982866109,0.7347412109375,0.7235107421875,0.01123046875
trained,category-statistics-s4-transformer-seed314159,transformer,statistics_s4,314159,length|cycle_type|rsk_shape|pattern_avoidance,even_cycle_count,cycle,final_norm,0.001,0.09598780882516478,6144,2048,8192,0.10296325112066462,0.32120194216815207,0.9576811575694523,0.4393310546875,0.40771484375,0.0316162109375
trained,category-statistics-s4-transformer-seed314159,transformer,statistics_s4,314159,length|cycle_type|rsk_shape|pattern_avoidance,odd_cycle_count,cycle,final_norm,0.0001,0.42212000472178934,6144,2048,8192,0.411181561644987,0.641437358653126,0.7618809878826764,0.4296875,0.5802001953125,-0.1505126953125
trained,category-statistics-s4-transformer-seed314159,transformer,statistics_s4,314159,length|cycle_type|rsk_shape|pattern_avoidance,longest_cycle,cycle,final_norm,0.01,0.14270557064260647,6144,2048,8192,0.13983941128029875,0.37440292546230086,0.9296639794955165,0.1932373046875,0.1644287109375,0.02880859375
trained,category-statistics-s4-transformer-seed314159,transformer,statistics_s4,314159,length|cycle_type|rsk_shape|pattern_avoidance,shortest_cycle,cycle,final_norm,0.001,0.24031779519022378,6144,2048,8192,0.22198375547947125,0.471252414872307,0.8856371452348548,0.275634765625,0.6358642578125,-0.3602294921875
trained,category-statistics-s4-transformer-seed314159,transformer,statistics_s4,314159,length|cycle_type|rsk_shape|pattern_avoidance,nontrivial_cycle_count,cycle,final_norm,0.01,0.11537905066243792,6144,2048,8192,0.11539450101905613,0.3396529411644136,0.9544056276794994,0.467041015625,0.4312744140625,0.0357666015625
trained,category-statistics-s4-transformer-seed314159,transformer,statistics_s4,314159,length|cycle_type|rsk_shape|pattern_avoidance,lis_length,global_run,final_norm,0.0001,0.7382723211730665,6144,2048,8192,0.7477114069890767,0.8648375424885218,0.5136748342361466,0.63037109375,0.39697265625,0.2333984375
trained,category-statistics-s4-transformer-seed314159,transformer,statistics_s4,314159,length|cycle_type|rsk_shape|pattern_avoidance,lds_length,global_run,final_norm,0.0001,0.7027080774182339,6144,2048,8192,0.694182347472712,0.8332765756593301,0.5735319349646139,0.5994873046875,0.396484375,0.2030029296875
trained,category-statistics-s4-transformer-seed314159,transformer,statistics_s4,314159,length|cycle_type|rsk_shape|pattern_avoidance,longest_increasing_run,global_run,final_norm,0.0001,0.46620617526414765,6144,2048,8192,0.48305946677542133,0.6970948345768544,0.7680098399421788,0.53515625,0.5040283203125,0.0311279296875
trained,category-statistics-s4-transformer-seed314159,transformer,statistics_s4,314159,length|cycle_type|rsk_shape|pattern_avoidance,longest_decreasing_run,global_run,final_norm,0.0001,0.4005850195334113,6144,2048,8192,0.4566737573200129,0.6793588961569031,0.8125406965483059,0.5343017578125,0.5018310546875,0.032470703125
trained,category-statistics-s4-transformer-seed314159,transformer,statistics_s4,314159,length|cycle_type|rsk_shape|pattern_avoidance,global_descents,global_run,final_norm,1e-06,0.442418936029092,6144,2048,8192,0.49052229790244517,0.7060065432366586,0.8875631013659802,0.860107421875,0.8125,0.047607421875
trained,category-statistics-s4-transformer-seed314159,transformer,statistics_s4,314159,length|cycle_type|rsk_shape|pattern_avoidance,components,global_run,final_norm,1e-06,0.4687001196338946,6144,2048,8192,0.544387853829596,0.7414797517170081,0.8382202058533659,0.8780517578125,0.804931640625,0.0731201171875
trained,category-statistics-s4-transformer-seed314159,transformer,statistics_s4,314159,length|cycle_type|rsk_shape|pattern_avoidance,max_displacement,global_run,final_norm,0.0001,0.6630197848273546,6144,2048,8192,0.6739288505742466,0.8209924792129032,0.5830429747055085,0.464599609375,0.2574462890625,0.2071533203125
trained,category-statistics-s4-transformer-seed314159,transformer,statistics_s4,314159,length|cycle_type|rsk_shape|pattern_avoidance,displacement_one_count,global_run,final_norm,0.0001,0.3748034473571138,6144,2048,8192,0.39068942374678906,0.625602042376183,0.7727361156691944,0.420654296875,0.3072509765625,0.1134033203125
trained,category-statistics-s4-mlp-seed17,mlp,statistics_s4,17,length|cycle_type|rsk_shape|pattern_avoidance,descents,local,embedding,10.0,0.0,6144,2048,8192,0.0,0.0,1.0210358474220083,0.3427734375,0.3338623046875,0.0089111328125
trained,category-statistics-s4-mlp-seed17,mlp,statistics_s4,17,length|cycle_type|rsk_shape|pattern_avoidance,recoils,local,embedding,1e-06,2.220446049250313e-16,6144,2048,8192,0.0,0.02946481341350557,1.0117264466110467,0.3408203125,0.33642578125,0.00439453125
trained,category-statistics-s4-mlp-seed17,mlp,statistics_s4,17,length|cycle_type|rsk_shape|pattern_avoidance,peaks,local,embedding,10.0,1.1102230246251565e-16,6144,2048,8192,0.0,0.0,0.987201497821541,0.4708251953125,0.4635009765625,0.00732421875
trained,category-statistics-s4-mlp-seed17,mlp,statistics_s4,17,length|cycle_type|rsk_shape|pattern_avoidance,valleys,local,embedding,1e-06,0.0,6144,2048,8192,0.0,0.007748869431768002,0.9926476029684151,0.458984375,0.45556640625,0.00341796875
trained,category-statistics-s4-mlp-seed17,mlp,statistics_s4,17,length|cycle_type|rsk_shape|pattern_avoidance,double_ascents,local,embedding,1.0,0.0,6144,2048,8192,0.0,0.0,1.012985218660725,0.3338623046875,0.344482421875,-0.0106201171875
trained,category-statistics-s4-mlp-seed17,mlp,statistics_s4,17,length|cycle_type|rsk_shape|pattern_avoidance,double_descents,local,embedding,1e-06,0.0,6144,2048,8192,0.0,0.0,0.9962763749938195,0.3388671875,0.3399658203125,-0.0010986328125
trained,category-statistics-s4-mlp-seed17,mlp,statistics_s4,17,length|cycle_type|rsk_shape|pattern_avoidance,successions,local,embedding,1e-06,0.0,6144,2048,8192,0.0,0.0,1.0677013036927756,0.3643798828125,0.398681640625,-0.0343017578125
trained,category-statistics-s4-mlp-seed17,mlp,statistics_s4,17,length|cycle_type|rsk_shape|pattern_avoidance,adjacencies,local,embedding,1e-06,0.0,6144,2048,8192,0.0,0.0,1.0447981442612964,0.329345703125,0.329345703125,0.0
trained,category-statistics-s4-mlp-seed17,mlp,statistics_s4,17,length|cycle_type|rsk_shape|pattern_avoidance,fixed_points,positional,embedding,10.0,2.220446049250313e-16,6144,2048,8192,0.0,0.0,1.0125438624646812,0.3580322265625,0.369873046875,-0.0118408203125
trained,category-statistics-s4-mlp-seed17,mlp,statistics_s4,17,length|cycle_type|rsk_shape|pattern_avoidance,anti_fixed_points,positional,embedding,1e-06,0.0,6144,2048,8192,0.0,0.0,0.9975928763619372,0.3592529296875,0.37939453125,-0.0201416015625
trained,category-statistics-s4-mlp-seed17,mlp,statistics_s4,17,length|cycle_type|rsk_shape|pattern_avoidance,exceedances,positional,embedding,1e-06,0.0,6144,2048,8192,0.0,-0.017663179318059087,0.996743501992833,0.3426513671875,0.3426513671875,0.0
trained,category-statistics-s4-mlp-seed17,mlp,statistics_s4,17,length|cycle_type|rsk_shape|pattern_avoidance,deficiencies,positional,embedding,1e-06,0.0,6144,2048,8192,0.0,0.018697632441430582,1.0018364670463262,0.3414306640625,0.34033203125,0.0010986328125
trained,category-statistics-s4-mlp-seed17,mlp,statistics_s4,17,length|cycle_type|rsk_shape|pattern_avoidance,left_to_right_maxima,positional,embedding,1e-06,0.0,6144,2048,8192,0.0,0.0,1.0233111062138236,0.3040771484375,0.3026123046875,0.00146484375
trained,category-statistics-s4-mlp-seed17,mlp,statistics_s4,17,length|cycle_type|rsk_shape|pattern_avoidance,left_to_right_minima,positional,embedding,1e-06,0.0,6144,2048,8192,0.0,0.0,0.9857920972831147,0.3160400390625,0.307373046875,0.0086669921875
trained,category-statistics-s4-mlp-seed17,mlp,statistics_s4,17,length|cycle_type|rsk_shape|pattern_avoidance,right_to_left_maxima,positional,embedding,1e-06,0.0,6144,2048,8192,0.0,0.0,1.0300600749281232,0.305908203125,0.3045654296875,0.0013427734375
trained,category-statistics-s4-mlp-seed17,mlp,statistics_s4,17,length|cycle_type|rsk_shape|pattern_avoidance,right_to_left_minima,positional,embedding,1e-06,0.0,6144,2048,8192,0.0,0.0,1.0276770844678722,0.3035888671875,0.2933349609375,0.01025390625
trained,category-statistics-s4-mlp-seed17,mlp,statistics_s4,17,length|cycle_type|rsk_shape|pattern_avoidance,cycle_count,cycle,embedding,1e-06,0.0,6144,2048,8192,0.0,0.0,0.9967724289122708,0.3077392578125,0.3079833984375,-0.000244140625
trained,category-statistics-s4-mlp-seed17,mlp,statistics_s4,17,length|cycle_type|rsk_shape|pattern_avoidance,two_cycle_count,cycle,embedding,1e-06,0.0,6144,2048,8192,0.0,0.0,1.0101702448488212,0.4593505859375,0.6026611328125,-0.143310546875
trained,category-statistics-s4-mlp-seed17,mlp,statistics_s4,17,length|cycle_type|rsk_shape|pattern_avoidance,three_cycle_count,cycle,embedding,1e-06,0.0,6144,2048,8192,0.0,0.0,1.0003236622577176,0.7235107421875,0.7235107421875,0.0
trained,category-statistics-s4-mlp-seed17,mlp,statistics_s4,17,length|cycle_type|rsk_shape|pattern_avoidance,even_cycle_count,cycle,embedding,1e-06,0.0,6144,2048,8192,0.0,0.0,1.0111505563890062,0.3974609375,0.40771484375,-0.01025390625
trained,category-statistics-s4-mlp-seed17,mlp,statistics_s4,17,length|cycle_type|rsk_shape|pattern_avoidance,odd_cycle_count,cycle,embedding,1e-06,0.0,6144,2048,8192,0.0,0.0,0.9928792526047006,0.3057861328125,0.5802001953125,-0.2744140625
trained,category-statistics-s4-mlp-seed17,mlp,statistics_s4,17,length|cycle_type|rsk_shape|pattern_avoidance,longest_cycle,cycle,embedding,1e-06,0.0,6144,2048,8192,0.0,-0.021838196498530207,1.002388866359531,0.1435546875,0.1644287109375,-0.0208740234375
trained,category-statistics-s4-mlp-seed17,mlp,statistics_s4,17,length|cycle_type|rsk_shape|pattern_avoidance,shortest_cycle,cycle,embedding,1e-06,0.0,6144,2048,8192,0.0,0.0,1.004064219330732,0.1092529296875,0.6358642578125,-0.526611328125
trained,category-statistics-s4-mlp-seed17,mlp,statistics_s4,17,length|cycle_type|rsk_shape|pattern_avoidance,nontrivial_cycle_count,cycle,embedding,10.0,1.1102230246251565e-16,6144,2048,8192,0.0,0.0,1.0147479301353286,0.4290771484375,0.4312744140625,-0.002197265625
trained,category-statistics-s4-mlp-seed17,mlp,statistics_s4,17,length|cycle_type|rsk_shape|pattern_avoidance,lis_length,global_run,embedding,1e-06,0.0,6144,2048,8192,0.0,-0.011366365976487143,1.022679339029915,0.390869140625,0.39697265625,-0.006103515625
trained,category-statistics-s4-mlp-seed17,mlp,statistics_s4,17,length|cycle_type|rsk_shape|pattern_avoidance,lds_length,global_run,embedding,0.1,2.220446049250313e-16,6144,2048,8192,0.0,-0.018238116187757992,1.0371136011049422,0.38720703125,0.396484375,-0.00927734375
trained,category-statistics-s4-mlp-seed17,mlp,statistics_s4,17,length|cycle_type|rsk_shape|pattern_avoidance,longest_increasing_run,global_run,embedding,1e-06,0.0,6144,2048,8192,0.0,0.0,1.0681850394483854,0.4554443359375,0.5040283203125,-0.048583984375
trained,category-statistics-s4-mlp-seed17,mlp,statistics_s4,17,length|cycle_type|rsk_shape|pattern_avoidance,longest_decreasing_run,global_run,embedding,1e-06,0.0,6144,2048,8192,0.0,0.006415477598443434,1.1023380059178607,0.459716796875,0.5018310546875,-0.0421142578125
trained,category-statistics-s4-mlp-seed17,mlp,statistics_s4,17,length|cycle_type|rsk_shape|pattern_avoidance,global_descents,global_run,embedding,1e-06,0.0,6144,2048,8192,0.0,0.0,1.2434738264527403,0.7889404296875,0.8125,-0.0235595703125
trained,category-statistics-s4-mlp-seed17,mlp,statistics_s4,17,length|cycle_type|rsk_shape|pattern_avoidance,components,global_run,embedding,1e-06,0.0,6144,2048,8192,0.0,-0.0033337241192636594,1.241825229327309,0.7493896484375,0.804931640625,-0.0555419921875
trained,category-statistics-s4-mlp-seed17,mlp,statistics_s4,17,length|cycle_type|rsk_shape|pattern_avoidance,max_displacement,global_run,embedding,1e-06,0.0,6144,2048,8192,0.0,-0.012974326974140582,1.0210438164840894,0.238037109375,0.2574462890625,-0.0194091796875
trained,category-statistics-s4-mlp-seed17,mlp,statistics_s4,17,length|cycle_type|rsk_shape|pattern_avoidance,displacement_one_count,global_run,embedding,1e-06,0.0,6144,2048,8192,0.0,0.0,0.9899467911205587,0.2646484375,0.3072509765625,-0.0426025390625
trained,category-statistics-s4-mlp-seed17,mlp,statistics_s4,17,length|cycle_type|rsk_shape|pattern_avoidance,descents,local,block_01,0.0001,0.0650015926844244,6144,2048,8192,0.08278471350972783,0.288112395801843,0.9778598888396544,0.3465576171875,0.3338623046875,0.0126953125
trained,category-statistics-s4-mlp-seed17,mlp,statistics_s4,17,length|cycle_type|rsk_shape|pattern_avoidance,recoils,local,block_01,0.001,0.09426133441843187,6144,2048,8192,0.09952789082696967,0.3155206360433952,0.9600596902867905,0.350830078125,0.33642578125,0.014404296875
trained,category-statistics-s4-mlp-seed17,mlp,statistics_s4,17,length|cycle_type|rsk_shape|pattern_avoidance,peaks,local,block_01,0.001,0.05671373674558644,6144,2048,8192,0.0679391458538996,0.26058655337478503,0.9530768917117272,0.4781494140625,0.4635009765625,0.0146484375
trained,category-statistics-s4-mlp-seed17,mlp,statistics_s4,17,length|cycle_type|rsk_shape|pattern_avoidance,valleys,local,block_01,0.001,0.08379951579691103,6144,2048,8192,0.08906298251974587,0.2984340555414764,0.947412855851164,0.468505859375,0.45556640625,0.012939453125
trained,category-statistics-s4-mlp-seed17,mlp,statistics_s4,17,length|cycle_type|rsk_shape|pattern_avoidance,double_ascents,local,block_01,0.001,0.08518791244350254,6144,2048,8192,0.07567568503522548,0.2753811335617514,0.9739020882157038,0.33642578125,0.344482421875,-0.008056640625
trained,category-statistics-s4-mlp-seed17,mlp,statistics_s4,17,length|cycle_type|rsk_shape|pattern_avoidance,double_descents,local,block_01,0.001,0.052222336028140304,6144,2048,8192,0.07083501079113652,0.2658030037053047,0.960342724479189,0.347412109375,0.3399658203125,0.0074462890625
trained,category-statistics-s4-mlp-seed17,mlp,statistics_s4,17,length|cycle_type|rsk_shape|pattern_avoidance,successions,local,block_01,0.0001,0.10368580103690384,6144,2048,8192,0.09510931019738855,0.30924416479645195,1.0156587934849501,0.3570556640625,0.398681640625,-0.0416259765625
trained,category-statistics-s4-mlp-seed17,mlp,statistics_s4,17,length|cycle_type|rsk_shape|pattern_avoidance,adjacencies,local,block_01,0.0001,0.1509635027287468,6144,2048,8192,0.1542048338841765,0.39287793912832014,0.9608707914955894,0.339111328125,0.329345703125,0.009765625
trained,category-statistics-s4-mlp-seed17,mlp,statistics_s4,17,length|cycle_type|rsk_shape|pattern_avoidance,fixed_points,positional,block_01,1e-05,0.18023849493008037,6144,2048,8192,0.15739768109396834,0.40049617233382623,0.9294481568685665,0.36279296875,0.369873046875,-0.007080078125
trained,category-statistics-s4-mlp-seed17,mlp,statistics_s4,17,length|cycle_type|rsk_shape|pattern_avoidance,anti_fixed_points,positional,block_01,0.0001,0.14418567566854912,6144,2048,8192,0.15851951134923514,0.3989679063888975,0.915114347633023,0.370849609375,0.37939453125,-0.008544921875
trained,category-statistics-s4-mlp-seed17,mlp,statistics_s4,17,length|cycle_type|rsk_shape|pattern_avoidance,exceedances,positional,block_01,1e-05,0.3149347626946999,6144,2048,8192,0.2806552558979699,0.532129549236569,0.8453799637695419,0.40283203125,0.3426513671875,0.0601806640625
trained,category-statistics-s4-mlp-seed17,mlp,statistics_s4,17,length|cycle_type|rsk_shape|pattern_avoidance,deficiencies,positional,block_01,1e-05,0.3190535469062623,6144,2048,8192,0.3038384573115914,0.5514277848103785,0.8358952362795034,0.417236328125,0.34033203125,0.076904296875
trained,category-statistics-s4-mlp-seed17,mlp,statistics_s4,17,length|cycle_type|rsk_shape|pattern_avoidance,left_to_right_maxima,positional,block_01,1e-06,0.373417588185915,6144,2048,8192,0.3483727960149856,0.5903618688890349,0.8260518174638691,0.3912353515625,0.3026123046875,0.088623046875
trained,category-statistics-s4-mlp-seed17,mlp,statistics_s4,17,length|cycle_type|rsk_shape|pattern_avoidance,left_to_right_minima,positional,block_01,1e-05,0.40370109209642135,6144,2048,8192,0.3892563423433505,0.6252753849754964,0.7703974118424939,0.4320068359375,0.307373046875,0.1246337890625
trained,category-statistics-s4-mlp-seed17,mlp,statistics_s4,17,length|cycle_type|rsk_shape|pattern_avoidance,right_to_left_maxima,positional,block_01,0.0001,0.06998923706308335,6144,2048,8192,0.13991536582926434,0.3742844468891467,0.9552854184547603,0.332275390625,0.3045654296875,0.0277099609375
trained,category-statistics-s4-mlp-seed17,mlp,statistics_s4,17,length|cycle_type|rsk_shape|pattern_avoidance,right_to_left_minima,positional,block_01,1e-05,0.1827650156791646,6144,2048,8192,0.1648754018293216,0.40839715017795175,0.9391442643406313,0.3525390625,0.2933349609375,0.0592041015625
trained,category-statistics-s4-mlp-seed17,mlp,statistics_s4,17,length|cycle_type|rsk_shape|pattern_avoidance,cycle_count,cycle,block_01,0.0001,0.09848422467807882,6144,2048,8192,0.08995232877695136,0.30368820810138875,0.9508852003692272,0.3134765625,0.3079833984375,0.0054931640625
trained,category-statistics-s4-mlp-seed17,mlp,statistics_s4,17,length|cycle_type|rsk_shape|pattern_avoidance,two_cycle_count,cycle,block_01,0.01,0.00418355022291661,6144,2048,8192,0.0037037597010588508,0.06640455638709537,1.008297795542859,0.47119140625,0.6026611328125,-0.1314697265625
trained,category-statistics-s4-mlp-seed17,mlp,statistics_s4,17,length|cycle_type|rsk_shape|pattern_avoidance,three_cycle_count,cycle,block_01,10.0,0.0004270709354614599,6144,2048,8192,0.000654577119726607,0.027449187077555445,0.9999962141731223,0.7235107421875,0.7235107421875,0.0
trained,category-statistics-s4-mlp-seed17,mlp,statistics_s4,17,length|cycle_type|rsk_shape|pattern_avoidance,even_cycle_count,cycle,block_01,0.01,0.001631371119255487,6144,2048,8192,-0.00026060910783964886,0.04249617908659425,1.011282305328018,0.3955078125,0.40771484375,-0.01220703125
trained,category-statistics-s4-mlp-seed17,mlp,statistics_s4,17,length|cycle_type|rsk_shape|pattern_avoidance,odd_cycle_count,cycle,block_01,0.0001,0.11266234477043202,6144,2048,8192,0.10145167441382508,0.32186939284174504,0.9411680058417544,0.3082275390625,0.5802001953125,-0.27197265625
trained,category-statistics-s4-mlp-seed17,mlp,statistics_s4,17,length|cycle_type|rsk_shape|pattern_avoidance,longest_cycle,cycle,block_01,0.01,0.0159114820973143,6144,2048,8192,0.013568845060470291,0.11731828176611159,0.9955650097271298,0.1409912109375,0.1644287109375,-0.0234375
trained,category-statistics-s4-mlp-seed17,mlp,statistics_s4,17,length|cycle_type|rsk_shape|pattern_avoidance,shortest_cycle,cycle,block_01,0.001,0.017304251115354496,6144,2048,8192,0.02441200296841739,0.15960490704743036,0.9917328868544076,0.1658935546875,0.6358642578125,-0.469970703125
trained,category-statistics-s4-mlp-seed17,mlp,statistics_s4,17,length|cycle_type|rsk_shape|pattern_avoidance,nontrivial_cycle_count,cycle,block_01,0.01,0.010398434501558751,6144,2048,8192,0.011332520673857926,0.10629198380780665,1.008981721219053,0.4298095703125,0.4312744140625,-0.00146484375
trained,category-statistics-s4-mlp-seed17,mlp,statistics_s4,17,length|cycle_type|rsk_shape|pattern_avoidance,lis_length,global_run,block_01,1e-05,0.2866228743346757,6144,2048,8192,0.2678673108823614,0.5176938330099208,0.8750530465520123,0.4395751953125,0.39697265625,0.0426025390625
trained,category-statistics-s4-mlp-seed17,mlp,statistics_s4,17,length|cycle_type|rsk_shape|pattern_avoidance,lds_length,global_run,block_01,0.0001,0.22300158525817915,6144,2048,8192,0.26308133854848703,0.512796936434836,0.8902994541154229,0.4288330078125,0.396484375,0.0323486328125
trained,category-statistics-s4-mlp-seed17,mlp,statistics_s4,17,length|cycle_type|rsk_shape|pattern_avoidance,longest_increasing_run,global_run,block_01,0.0001,0.15042713961779375,6144,2048,8192,0.12745024054937149,0.35749590773952955,0.9977956188443008,0.4637451171875,0.5040283203125,-0.040283203125
trained,category-statistics-s4-mlp-seed17,mlp,statistics_s4,17,length|cycle_type|rsk_shape|pattern_avoidance,longest_decreasing_run,global_run,block_01,0.001,0.07567468950748357,6144,2048,8192,0.1337819443670759,0.3725348325917116,1.0259552001756989,0.4698486328125,0.5018310546875,-0.031982421875
trained,category-statistics-s4-mlp-seed17,mlp,statistics_s4,17,length|cycle_type|rsk_shape|pattern_avoidance,global_descents,global_run,block_01,1e-06,0.14310795722215464,6144,2048,8192,0.2275038058390303,0.4812453509893711,1.0929110641526345,0.799560546875,0.8125,-0.012939453125
trained,category-statistics-s4-mlp-seed17,mlp,statistics_s4,17,length|cycle_type|rsk_shape|pattern_avoidance,components,global_run,block_01,1e-06,0.22810677621324593,6144,2048,8192,0.22754131083176776,0.4787857656639738,1.0914355873027313,0.791015625,0.804931640625,-0.013916015625
trained,category-statistics-s4-mlp-seed17,mlp,statistics_s4,17,length|cycle_type|rsk_shape|pattern_avoidance,max_displacement,global_run,block_01,1e-05,0.2039149644075382,6144,2048,8192,0.20813717281949606,0.45730020242203107,0.9085929393838484,0.310302734375,0.2574462890625,0.0528564453125
trained,category-statistics-s4-mlp-seed17,mlp,statistics_s4,17,length|cycle_type|rsk_shape|pattern_avoidance,displacement_one_count,global_run,block_01,0.001,0.11241377802691488,6144,2048,8192,0.12855183468094977,0.35862233739604843,0.9241290705909558,0.3046875,0.3072509765625,-0.0025634765625
trained,category-statistics-s4-mlp-seed17,mlp,statistics_s4,17,length|cycle_type|rsk_shape|pattern_avoidance,descents,local,final_norm,0.001,0.06295885499658171,6144,2048,8192,0.06984740403241863,0.2643868106411005,0.9847320910093531,0.3409423828125,0.3338623046875,0.007080078125
trained,category-statistics-s4-mlp-seed17,mlp,statistics_s4,17,length|cycle_type|rsk_shape|pattern_avoidance,recoils,local,final_norm,0.01,0.09303684105698407,6144,2048,8192,0.08648081907829486,0.29487732021760743,0.9669898998127087,0.34765625,0.33642578125,0.01123046875
trained,category-statistics-s4-mlp-seed17,mlp,statistics_s4,17,length|cycle_type|rsk_shape|pattern_avoidance,peaks,local,final_norm,0.01,0.05701186607077702,6144,2048,8192,0.06116136835889163,0.24770441505923038,0.9565359159075087,0.4720458984375,0.4635009765625,0.008544921875
trained,category-statistics-s4-mlp-seed17,mlp,statistics_s4,17,length|cycle_type|rsk_shape|pattern_avoidance,valleys,local,final_norm,0.001,0.07744596334976306,6144,2048,8192,0.08714824144514599,0.29577821441499896,0.9484080388419592,0.468505859375,0.45556640625,0.012939453125
trained,category-statistics-s4-mlp-seed17,mlp,statistics_s4,17,length|cycle_type|rsk_shape|pattern_avoidance,double_ascents,local,final_norm,0.01,0.09518090834282844,6144,2048,8192,0.07238469391079883,0.26936009937536093,0.9756343023630831,0.341796875,0.344482421875,-0.002685546875
trained,category-statistics-s4-mlp-seed17,mlp,statistics_s4,17,length|cycle_type|rsk_shape|pattern_avoidance,double_descents,local,final_norm,0.01,0.04705852583282355,6144,2048,8192,0.05855365492381437,0.24242281425543488,0.9666686155480088,0.345458984375,0.3399658203125,0.0054931640625
trained,category-statistics-s4-mlp-seed17,mlp,statistics_s4,17,length|cycle_type|rsk_shape|pattern_avoidance,successions,local,final_norm,0.001,0.1414207227453037,6144,2048,8192,0.11000385559657788,0.332231659220129,1.007265213561478,0.3631591796875,0.398681640625,-0.0355224609375
trained,category-statistics-s4-mlp-seed17,mlp,statistics_s4,17,length|cycle_type|rsk_shape|pattern_avoidance,adjacencies,local,final_norm,0.001,0.16207501135760682,6144,2048,8192,0.15039678692857794,0.3892394125474124,0.9630314398025099,0.323974609375,0.329345703125,-0.00537109375
trained,category-statistics-s4-mlp-seed17,mlp,statistics_s4,17,length|cycle_type|rsk_shape|pattern_avoidance,fixed_points,positional,final_norm,0.001,0.20424884614308103,6144,2048,8192,0.14353705689643803,0.3799100484527237,0.9370615844112641,0.3568115234375,0.369873046875,-0.0130615234375
trained,category-statistics-s4-mlp-seed17,mlp,statistics_s4,17,length|cycle_type|rsk_shape|pattern_avoidance,anti_fixed_points,positional,final_norm,0.001,0.1353208471221874,6144,2048,8192,0.1407604796834615,0.3751316354545887,0.9247204482652743,0.3658447265625,0.37939453125,-0.0135498046875
trained,category-statistics-s4-mlp-seed17,mlp,statistics_s4,17,length|cycle_type|rsk_shape|pattern_avoidance,exceedances,positional,final_norm,0.0001,0.3066795970177094,6144,2048,8192,0.26720458852557794,0.5184923557043821,0.8532470269586389,0.4027099609375,0.3426513671875,0.06005859375
trained,category-statistics-s4-mlp-seed17,mlp,statistics_s4,17,length|cycle_type|rsk_shape|pattern_avoidance,deficiencies,positional,final_norm,0.0001,0.29075099820083894,6144,2048,8192,0.2805199878831959,0.529562932361859,0.8497794074397459,0.39892578125,0.34033203125,0.05859375
trained,category-statistics-s4-mlp-seed17,mlp,statistics_s4,17,length|cycle_type|rsk_shape|pattern_avoidance,left_to_right_maxima,positional,final_norm,0.0001,0.3568673304043035,6144,2048,8192,0.3151120169973949,0.5612372855765406,0.8468713889489622,0.36669921875,0.3026123046875,0.0640869140625
trained,category-statistics-s4-mlp-seed17,mlp,statistics_s4,17,length|cycle_type|rsk_shape|pattern_avoidance,left_to_right_minima,positional,final_norm,0.0001,0.36772832125839083,6144,2048,8192,0.3598579472162585,0.6009334354002552,0.7887211945402699,0.4229736328125,0.307373046875,0.1156005859375
trained,category-statistics-s4-mlp-seed17,mlp,statistics_s4,17,length|cycle_type|rsk_shape|pattern_avoidance,right_to_left_maxima,positional,final_norm,0.001,0.05314917557629961,6144,2048,8192,0.11662635169502145,0.3438678878864818,0.9681324434230092,0.325439453125,0.3045654296875,0.0208740234375
trained,category-statistics-s4-mlp-seed17,mlp,statistics_s4,17,length|cycle_type|rsk_shape|pattern_avoidance,right_to_left_minima,positional,final_norm,0.0001,0.18173167306777793,6144,2048,8192,0.1616821105210814,0.4036468132176436,0.9409380684545073,0.342529296875,0.2933349609375,0.0491943359375
trained,category-statistics-s4-mlp-seed17,mlp,statistics_s4,17,length|cycle_type|rsk_shape|pattern_avoidance,cycle_count,cycle,final_norm,0.001,0.10837226483478823,6144,2048,8192,0.07691011683814708,0.2807636597696915,0.9576746956828345,0.314453125,0.3079833984375,0.0064697265625
trained,category-statistics-s4-mlp-seed17,mlp,statistics_s4,17,length|cycle_type|rsk_shape|pattern_avoidance,two_cycle_count,cycle,final_norm,1.0,0.002297813804050697,6144,2048,8192,0.0026983971564152887,0.051819851625627474,1.0088064039231033,0.4708251953125,0.6026611328125,-0.1318359375
trained,category-statistics-s4-mlp-seed17,mlp,statistics_s4,17,length|cycle_type|rsk_shape|pattern_avoidance,three_cycle_count,cycle,final_norm,10.0,-0.00015107401520619845,6144,2048,8192,0.0002893046453449344,0.017294610962023775,1.0001789526495002,0.7235107421875,0.7235107421875,0.0
trained,category-statistics-s4-mlp-seed17,mlp,statistics_s4,17,length|cycle_type|rsk_shape|pattern_avoidance,even_cycle_count,cycle,final_norm,1.0,0.001525985287991083,6144,2048,8192,0.0007202428644250691,0.029761112314285826,1.0107863538120676,0.39599609375,0.40771484375,-0.01171875
trained,category-statistics-s4-mlp-seed17,mlp,statistics_s4,17,length|cycle_type|rsk_shape|pattern_avoidance,odd_cycle_count,cycle,final_norm,0.001,0.1302746394834997,6144,2048,8192,0.0889549831520865,0.3013635342747818,0.9476901226475103,0.3004150390625,0.5802001953125,-0.27978515625
trained,category-statistics-s4-mlp-seed17,mlp,statistics_s4,17,length|cycle_type|rsk_shape|pattern_avoidance,longest_cycle,cycle,final_norm,0.01,0.01036228020639629,6144,2048,8192,0.006329809806458697,0.08968474030388286,0.9992113646939044,0.140625,0.1644287109375,-0.0238037109375
trained,category-statistics-s4-mlp-seed17,mlp,statistics_s4,17,length|cycle_type|rsk_shape|pattern_avoidance,shortest_cycle,cycle,final_norm,0.01,0.008996655149451804,6144,2048,8192,0.016258623542433126,0.12856415009803032,0.995868418625494,0.135009765625,0.6358642578125,-0.5008544921875
trained,category-statistics-s4-mlp-seed17,mlp,statistics_s4,17,length|cycle_type|rsk_shape|pattern_avoidance,nontrivial_cycle_count,cycle,final_norm,0.1,0.0033105853427323195,6144,2048,8192,0.002247299141210357,0.04967721787862156,1.0136070677340707,0.42724609375,0.4312744140625,-0.0040283203125
trained,category-statistics-s4-mlp-seed17,mlp,statistics_s4,17,length|cycle_type|rsk_shape|pattern_avoidance,lis_length,global_run,final_norm,0.001,0.2898157482637629,6144,2048,8192,0.25667075834170616,0.5066776787327137,0.8817187797799063,0.4212646484375,0.39697265625,0.0242919921875
trained,category-statistics-s4-mlp-seed17,mlp,statistics_s4,17,length|cycle_type|rsk_shape|pattern_avoidance,lds_length,global_run,final_norm,0.001,0.21412625402086216,6144,2048,8192,0.25025607631793034,0.5005064408074791,0.8980133792581257,0.4244384765625,0.396484375,0.0279541015625
trained,category-statistics-s4-mlp-seed17,mlp,statistics_s4,17,length|cycle_type|rsk_shape|pattern_avoidance,longest_increasing_run,global_run,final_norm,0.001,0.18289929390578896,6144,2048,8192,0.1423231567935047,0.37841126092739935,0.9892551808420259,0.464599609375,0.5040283203125,-0.0394287109375
trained,category-statistics-s4-mlp-seed17,mlp,statistics_s4,17,length|cycle_type|rsk_shape|pattern_avoidance,longest_decreasing_run,global_run,final_norm,0.001,0.07041925720198994,6144,2048,8192,0.1421533818156555,0.3837943140890137,1.0209855671161931,0.466064453125,0.5018310546875,-0.0357666015625
trained,category-statistics-s4-mlp-seed17,mlp,statistics_s4,17,length|cycle_type|rsk_shape|pattern_avoidance,global_descents,global_run,final_norm,1e-05,0.12458874833606126,6144,2048,8192,0.20430167592648074,0.4560165452614928,1.1092025773139749,0.77685546875,0.8125,-0.03564453125
trained,category-statistics-s4-mlp-seed17,mlp,statistics_s4,17,length|cycle_type|rsk_shape|pattern_avoidance,components,global_run,final_norm,1e-06,0.30089459802215535,6144,2048,8192,0.24772433398702198,0.5000162761393526,1.0770825398950798,0.775146484375,0.804931640625,-0.02978515625
trained,category-statistics-s4-mlp-seed17,mlp,statistics_s4,17,length|cycle_type|rsk_shape|pattern_avoidance,max_displacement,global_run,final_norm,0.0001,0.1798607303031734,6144,2048,8192,0.18329393613039102,0.4289927765694358,0.9227355855545473,0.29638671875,0.2574462890625,0.0389404296875
trained,category-statistics-s4-mlp-seed17,mlp,statistics_s4,17,length|cycle_type|rsk_shape|pattern_avoidance,displacement_one_count,global_run,final_norm,0.01,0.09738253396061303,6144,2048,8192,0.10740824158806528,0.32779009737198656,0.9352727662068685,0.2900390625,0.3072509765625,-0.0172119140625
trained,category-statistics-s4-mlp-seed42,mlp,statistics_s4,42,length|cycle_type|rsk_shape|pattern_avoidance,descents,local,embedding,1.0,0.0,6144,2048,8192,-2.220446049250313e-16,0.012517872187317841,1.0210358474220083,0.3427734375,0.3338623046875,0.0089111328125
trained,category-statistics-s4-mlp-seed42,mlp,statistics_s4,42,length|cycle_type|rsk_shape|pattern_avoidance,recoils,local,embedding,1e-06,2.220446049250313e-16,6144,2048,8192,0.0,0.02663696953266536,1.0117264466110467,0.3408203125,0.33642578125,0.00439453125
trained,category-statistics-s4-mlp-seed42,mlp,statistics_s4,42,length|cycle_type|rsk_shape|pattern_avoidance,peaks,local,embedding,10.0,1.1102230246251565e-16,6144,2048,8192,0.0,0.0,0.987201497821541,0.4708251953125,0.4635009765625,0.00732421875
trained,category-statistics-s4-mlp-seed42,mlp,statistics_s4,42,length|cycle_type|rsk_shape|pattern_avoidance,valleys,local,embedding,1e-06,0.0,6144,2048,8192,0.0,0.008002879415839341,0.9926476029684151,0.458984375,0.45556640625,0.00341796875
trained,category-statistics-s4-mlp-seed42,mlp,statistics_s4,42,length|cycle_type|rsk_shape|pattern_avoidance,double_ascents,local,embedding,1e-06,-2.220446049250313e-16,6144,2048,8192,0.0,0.0,1.012985218660725,0.3338623046875,0.344482421875,-0.0106201171875
trained,category-statistics-s4-mlp-seed42,mlp,statistics_s4,42,length|cycle_type|rsk_shape|pattern_avoidance,double_descents,local,embedding,1e-06,0.0,6144,2048,8192,0.0,0.0,0.9962763749938195,0.3388671875,0.3399658203125,-0.0010986328125
trained,category-statistics-s4-mlp-seed42,mlp,statistics_s4,42,length|cycle_type|rsk_shape|pattern_avoidance,successions,local,embedding,1e-06,0.0,6144,2048,8192,0.0,0.0,1.0677013036927756,0.3643798828125,0.398681640625,-0.0343017578125
trained,category-statistics-s4-mlp-seed42,mlp,statistics_s4,42,length|cycle_type|rsk_shape|pattern_avoidance,adjacencies,local,embedding,1e-06,0.0,6144,2048,8192,0.0,0.0,1.0447981442612964,0.329345703125,0.329345703125,0.0
trained,category-statistics-s4-mlp-seed42,mlp,statistics_s4,42,length|cycle_type|rsk_shape|pattern_avoidance,fixed_points,positional,embedding,1.0,2.220446049250313e-16,6144,2048,8192,0.0,0.0,1.0125438624646812,0.3580322265625,0.369873046875,-0.0118408203125
trained,category-statistics-s4-mlp-seed42,mlp,statistics_s4,42,length|cycle_type|rsk_shape|pattern_avoidance,anti_fixed_points,positional,embedding,1e-06,0.0,6144,2048,8192,0.0,0.0,0.9975928763619372,0.3592529296875,0.37939453125,-0.0201416015625
trained,category-statistics-s4-mlp-seed42,mlp,statistics_s4,42,length|cycle_type|rsk_shape|pattern_avoidance,exceedances,positional,embedding,1.0,2.220446049250313e-16,6144,2048,8192,0.0,-0.015706728791744992,0.996743501992833,0.3426513671875,0.3426513671875,0.0
trained,category-statistics-s4-mlp-seed42,mlp,statistics_s4,42,length|cycle_type|rsk_shape|pattern_avoidance,deficiencies,positional,embedding,1e-06,0.0,6144,2048,8192,0.0,0.021002103022945726,1.0018364670463262,0.3414306640625,0.34033203125,0.0010986328125
trained,category-statistics-s4-mlp-seed42,mlp,statistics_s4,42,length|cycle_type|rsk_shape|pattern_avoidance,left_to_right_maxima,positional,embedding,1e-06,0.0,6144,2048,8192,2.220446049250313e-16,0.0,1.0233111062138236,0.3040771484375,0.3026123046875,0.00146484375
trained,category-statistics-s4-mlp-seed42,mlp,statistics_s4,42,length|cycle_type|rsk_shape|pattern_avoidance,left_to_right_minima,positional,embedding,1e-06,0.0,6144,2048,8192,-2.220446049250313e-16,0.0,0.9857920972831147,0.3160400390625,0.307373046875,0.0086669921875
trained,category-statistics-s4-mlp-seed42,mlp,statistics_s4,42,length|cycle_type|rsk_shape|pattern_avoidance,right_to_left_maxima,positional,embedding,1e-06,0.0,6144,2048,8192,0.0,0.0,1.0300600749281232,0.305908203125,0.3045654296875,0.0013427734375
trained,category-statistics-s4-mlp-seed42,mlp,statistics_s4,42,length|cycle_type|rsk_shape|pattern_avoidance,right_to_left_minima,positional,embedding,1e-06,0.0,6144,2048,8192,0.0,0.0,1.0276770844678722,0.3035888671875,0.2933349609375,0.01025390625
trained,category-statistics-s4-mlp-seed42,mlp,statistics_s4,42,length|cycle_type|rsk_shape|pattern_avoidance,cycle_count,cycle,embedding,1e-06,0.0,6144,2048,8192,0.0,0.0,0.9967724289122708,0.3077392578125,0.3079833984375,-0.000244140625
trained,category-statistics-s4-mlp-seed42,mlp,statistics_s4,42,length|cycle_type|rsk_shape|pattern_avoidance,two_cycle_count,cycle,embedding,1e-06,0.0,6144,2048,8192,0.0,0.0,1.0101702448488212,0.4593505859375,0.6026611328125,-0.143310546875
trained,category-statistics-s4-mlp-seed42,mlp,statistics_s4,42,length|cycle_type|rsk_shape|pattern_avoidance,three_cycle_count,cycle,embedding,1e-06,1.1102230246251565e-16,6144,2048,8192,0.0,0.0,1.0003236622577176,0.7235107421875,0.7235107421875,0.0
trained,category-statistics-s4-mlp-seed42,mlp,statistics_s4,42,length|cycle_type|rsk_shape|pattern_avoidance,even_cycle_count,cycle,embedding,1e-06,0.0,6144,2048,8192,0.0,0.0,1.0111505563890062,0.3974609375,0.40771484375,-0.01025390625
trained,category-statistics-s4-mlp-seed42,mlp,statistics_s4,42,length|cycle_type|rsk_shape|pattern_avoidance,odd_cycle_count,cycle,embedding,1e-06,2.220446049250313e-16,6144,2048,8192,0.0,0.0,0.9928792526047006,0.3057861328125,0.5802001953125,-0.2744140625
trained,category-statistics-s4-mlp-seed42,mlp,statistics_s4,42,length|cycle_type|rsk_shape|pattern_avoidance,longest_cycle,cycle,embedding,1e-06,0.0,6144,2048,8192,0.0,-0.021817798181029864,1.002388866359531,0.1435546875,0.1644287109375,-0.0208740234375
trained,category-statistics-s4-mlp-seed42,mlp,statistics_s4,42,length|cycle_type|rsk_shape|pattern_avoidance,shortest_cycle,cycle,embedding,1e-06,0.0,6144,2048,8192,0.0,0.0,1.004064219330732,0.1092529296875,0.6358642578125,-0.526611328125
trained,category-statistics-s4-mlp-seed42,mlp,statistics_s4,42,length|cycle_type|rsk_shape|pattern_avoidance,nontrivial_cycle_count,cycle,embedding,10.0,1.1102230246251565e-16,6144,2048,8192,0.0,0.0,1.0147479301353286,0.4290771484375,0.4312744140625,-0.002197265625
trained,category-statistics-s4-mlp-seed42,mlp,statistics_s4,42,length|cycle_type|rsk_shape|pattern_avoidance,lis_length,global_run,embedding,1e-06,0.0,6144,2048,8192,0.0,-0.006470171650363603,1.022679339029915,0.390869140625,0.39697265625,-0.006103515625
trained,category-statistics-s4-mlp-seed42,mlp,statistics_s4,42,length|cycle_type|rsk_shape|pattern_avoidance,lds_length,global_run,embedding,1e-06,0.0,6144,2048,8192,0.0,-0.01636249812622575,1.0371136011049422,0.38720703125,0.396484375,-0.00927734375
trained,category-statistics-s4-mlp-seed42,mlp,statistics_s4,42,length|cycle_type|rsk_shape|pattern_avoidance,longest_increasing_run,global_run,embedding,1e-06,0.0,6144,2048,8192,2.220446049250313e-16,0.01607514785855835,1.0681850394483852,0.4554443359375,0.5040283203125,-0.048583984375
trained,category-statistics-s4-mlp-seed42,mlp,statistics_s4,42,length|cycle_type|rsk_shape|pattern_avoidance,longest_decreasing_run,global_run,embedding,1.0,0.0,6144,2048,8192,0.0,0.0,1.1023380059178607,0.459716796875,0.5018310546875,-0.0421142578125
trained,category-statistics-s4-mlp-seed42,mlp,statistics_s4,42,length|cycle_type|rsk_shape|pattern_avoidance,global_descents,global_run,embedding,1e-06,0.0,6144,2048,8192,0.0,0.0,1.2434738264527403,0.7889404296875,0.8125,-0.0235595703125
trained,category-statistics-s4-mlp-seed42,mlp,statistics_s4,42,length|cycle_type|rsk_shape|pattern_avoidance,components,global_run,embedding,1e-06,0.0,6144,2048,8192,0.0,0.0014681949698383927,1.241825229327309,0.7493896484375,0.804931640625,-0.0555419921875
trained,category-statistics-s4-mlp-seed42,mlp,statistics_s4,42,length|cycle_type|rsk_shape|pattern_avoidance,max_displacement,global_run,embedding,1.0,0.0,6144,2048,8192,0.0,-0.015014365552781326,1.0210438164840894,0.238037109375,0.2574462890625,-0.0194091796875
trained,category-statistics-s4-mlp-seed42,mlp,statistics_s4,42,length|cycle_type|rsk_shape|pattern_avoidance,displacement_one_count,global_run,embedding,1e-06,1.1102230246251565e-16,6144,2048,8192,0.0,0.0,0.9899467911205587,0.2646484375,0.3072509765625,-0.0426025390625
trained,category-statistics-s4-mlp-seed42,mlp,statistics_s4,42,length|cycle_type|rsk_shape|pattern_avoidance,descents,local,block_01,0.0001,0.058142434197195114,6144,2048,8192,0.08652968495802404,0.294587333365303,0.9758615558989983,0.3492431640625,0.3338623046875,0.015380859375
trained,category-statistics-s4-mlp-seed42,mlp,statistics_s4,42,length|cycle_type|rsk_shape|pattern_avoidance,recoils,local,block_01,0.001,0.08575663342645956,6144,2048,8192,0.09146458130584934,0.30283261193064376,0.9643485548047287,0.35400390625,0.33642578125,0.017578125
trained,category-statistics-s4-mlp-seed42,mlp,statistics_s4,42,length|cycle_type|rsk_shape|pattern_avoidance,peaks,local,block_01,0.0001,0.07241221312100132,6144,2048,8192,0.07303932921169376,0.2724219952858491,0.9504657238187149,0.476806640625,0.4635009765625,0.0133056640625
trained,category-statistics-s4-mlp-seed42,mlp,statistics_s4,42,length|cycle_type|rsk_shape|pattern_avoidance,valleys,local,block_01,0.001,0.07418261821042837,6144,2048,8192,0.0818666255526539,0.28618659816720177,0.9511477511253198,0.4638671875,0.45556640625,0.00830078125
trained,category-statistics-s4-mlp-seed42,mlp,statistics_s4,42,length|cycle_type|rsk_shape|pattern_avoidance,double_ascents,local,block_01,0.001,0.07915547845855997,6144,2048,8192,0.07357183038725934,0.2713275005416266,0.9750098075647731,0.34375,0.344482421875,-0.000732421875
trained,category-statistics-s4-mlp-seed42,mlp,statistics_s4,42,length|cycle_type|rsk_shape|pattern_avoidance,double_descents,local,block_01,0.001,0.045170266383712576,6144,2048,8192,0.0651823562269801,0.25524594536132866,0.9632594586448225,0.34716796875,0.3399658203125,0.0072021484375
trained,category-statistics-s4-mlp-seed42,mlp,statistics_s4,42,length|cycle_type|rsk_shape|pattern_avoidance,successions,local,block_01,0.001,0.09028752636292225,6144,2048,8192,0.09423954115754607,0.3097093564428811,1.016146795190656,0.3587646484375,0.398681640625,-0.0399169921875
trained,category-statistics-s4-mlp-seed42,mlp,statistics_s4,42,length|cycle_type|rsk_shape|pattern_avoidance,adjacencies,local,block_01,0.001,0.12670124135194183,6144,2048,8192,0.14188006825149446,0.3795667337098835,0.9678462848448658,0.3402099609375,0.329345703125,0.0108642578125
trained,category-statistics-s4-mlp-seed42,mlp,statistics_s4,42,length|cycle_type|rsk_shape|pattern_avoidance,fixed_points,positional,block_01,1e-05,0.2116009896806894,6144,2048,8192,0.16395551821841192,0.4075513068090815,0.9258242198723698,0.355712890625,0.369873046875,-0.01416015625
trained,category-statistics-s4-mlp-seed42,mlp,statistics_s4,42,length|cycle_type|rsk_shape|pattern_avoidance,anti_fixed_points,positional,block_01,0.0001,0.1308183549796692,6144,2048,8192,0.14687581879557643,0.3834166952121314,0.9214238838063129,0.378662109375,0.37939453125,-0.000732421875
trained,category-statistics-s4-mlp-seed42,mlp,statistics_s4,42,length|cycle_type|rsk_shape|pattern_avoidance,exceedances,positional,block_01,1e-05,0.2838379325936752,6144,2048,8192,0.26667593799002964,0.5172102572011924,0.8535547446161234,0.400634765625,0.3426513671875,0.0579833984375
trained,category-statistics-s4-mlp-seed42,mlp,statistics_s4,42,length|cycle_type|rsk_shape|pattern_avoidance,deficiencies,positional,block_01,1e-05,0.2939237575024073,6144,2048,8192,0.281872079299461,0.5316250592427602,0.8489805528924927,0.4049072265625,0.34033203125,0.0645751953125
trained,category-statistics-s4-mlp-seed42,mlp,statistics_s4,42,length|cycle_type|rsk_shape|pattern_avoidance,left_to_right_maxima,positional,block_01,1e-05,0.3885622408345406,6144,2048,8192,0.37312180976072085,0.6105881349953716,0.8102131132050574,0.3961181640625,0.3026123046875,0.093505859375
trained,category-statistics-s4-mlp-seed42,mlp,statistics_s4,42,length|cycle_type|rsk_shape|pattern_avoidance,left_to_right_minima,positional,block_01,0.0001,0.41510317411854114,6144,2048,8192,0.4040368142250359,0.6358289723701744,0.7610182098035345,0.445068359375,0.307373046875,0.1376953125
trained,category-statistics-s4-mlp-seed42,mlp,statistics_s4,42,length|cycle_type|rsk_shape|pattern_avoidance,right_to_left_maxima,positional,block_01,0.001,0.08216444140182366,6144,2048,8192,0.11316055696497429,0.3400583810951824,0.9700297513772461,0.3336181640625,0.3045654296875,0.029052734375
trained,category-statistics-s4-mlp-seed42,mlp,statistics_s4,42,length|cycle_type|rsk_shape|pattern_avoidance,right_to_left_minima,positional,block_01,0.0001,0.156758381307617,6144,2048,8192,0.1656920288962892,0.4073149026070446,0.9386849806568918,0.3634033203125,0.2933349609375,0.070068359375
trained,category-statistics-s4-mlp-seed42,mlp,statistics_s4,42,length|cycle_type|rsk_shape|pattern_avoidance,cycle_count,cycle,block_01,0.0001,0.11549697371196144,6144,2048,8192,0.09120170075032019,0.3054634231557345,0.9502322580120073,0.3116455078125,0.3079833984375,0.003662109375
trained,category-statistics-s4-mlp-seed42,mlp,statistics_s4,42,length|cycle_type|rsk_shape|pattern_avoidance,two_cycle_count,cycle,block_01,0.1,0.002293003214887457,6144,2048,8192,0.0021175971274618455,0.04684063915395961,1.0091001112162374,0.47412109375,0.6026611328125,-0.1285400390625
trained,category-statistics-s4-mlp-seed42,mlp,statistics_s4,42,length|cycle_type|rsk_shape|pattern_avoidance,three_cycle_count,cycle,block_01,1.0,0.0009212308264709979,6144,2048,8192,0.0007827211838768999,0.02897436449915097,0.999932098360788,0.7235107421875,0.7235107421875,0.0
trained,category-statistics-s4-mlp-seed42,mlp,statistics_s4,42,length|cycle_type|rsk_shape|pattern_avoidance,even_cycle_count,cycle,block_01,0.1,0.00319025357678393,6144,2048,8192,0.00010602694546846259,0.026656289935116956,1.0110969503655964,0.3970947265625,0.40771484375,-0.0106201171875
trained,category-statistics-s4-mlp-seed42,mlp,statistics_s4,42,length|cycle_type|rsk_shape|pattern_avoidance,odd_cycle_count,cycle,block_01,0.0001,0.12810476758792955,6144,2048,8192,0.10365611538628938,0.32430269054825633,0.9400127961927064,0.3023681640625,0.5802001953125,-0.27783203125
trained,category-statistics-s4-mlp-seed42,mlp,statistics_s4,42,length|cycle_type|rsk_shape|pattern_avoidance,longest_cycle,cycle,block_01,0.001,0.023094185976963777,6144,2048,8192,0.010532993878582197,0.11627438167284687,0.9970958136433172,0.1392822265625,0.1644287109375,-0.025146484375
trained,category-statistics-s4-mlp-seed42,mlp,statistics_s4,42,length|cycle_type|rsk_shape|pattern_avoidance,shortest_cycle,cycle,block_01,0.001,0.023201279334340463,6144,2048,8192,0.02545631659084202,0.16081017897454417,0.9912019468085622,0.16357421875,0.6358642578125,-0.4722900390625
trained,category-statistics-s4-mlp-seed42,mlp,statistics_s4,42,length|cycle_type|rsk_shape|pattern_avoidance,nontrivial_cycle_count,cycle,block_01,0.001,0.0067843209111270175,6144,2048,8192,0.008010847666892307,0.09919746941920729,1.0106752618089945,0.4293212890625,0.4312744140625,-0.001953125
trained,category-statistics-s4-mlp-seed42,mlp,statistics_s4,42,length|cycle_type|rsk_shape|pattern_avoidance,lis_length,global_run,block_01,0.0001,0.26604844952803985,6144,2048,8192,0.26282519460710785,0.5127010522135199,0.878061072880915,0.429443359375,0.39697265625,0.032470703125
trained,category-statistics-s4-mlp-seed42,mlp,statistics_s4,42,length|cycle_type|rsk_shape|pattern_avoidance,lds_length,global_run,block_01,0.0001,0.23033768250324949,6144,2048,8192,0.260942139135807,0.510787322211391,0.8915907417492713,0.4320068359375,0.396484375,0.0355224609375
trained,category-statistics-s4-mlp-seed42,mlp,statistics_s4,42,length|cycle_type|rsk_shape|pattern_avoidance,longest_increasing_run,global_run,block_01,0.0001,0.14740464178161672,6144,2048,8192,0.13514427472656143,0.3678122414461504,0.9933866596946324,0.4683837890625,0.5040283203125,-0.03564453125
trained,category-statistics-s4-mlp-seed42,mlp,statistics_s4,42,length|cycle_type|rsk_shape|pattern_avoidance,longest_decreasing_run,global_run,block_01,0.001,0.061359317983527895,6144,2048,8192,0.11356938773458602,0.3457712101620171,1.0378561279626597,0.4677734375,0.5018310546875,-0.0340576171875
trained,category-statistics-s4-mlp-seed42,mlp,statistics_s4,42,length|cycle_type|rsk_shape|pattern_avoidance,global_descents,global_run,block_01,1e-06,0.14430285919055796,6144,2048,8192,0.20094539868546235,0.45123014821215374,1.1115394390379016,0.7818603515625,0.8125,-0.0306396484375
trained,category-statistics-s4-mlp-seed42,mlp,statistics_s4,42,length|cycle_type|rsk_shape|pattern_avoidance,components,global_run,block_01,1e-06,0.258151245771703,6144,2048,8192,0.26135841692005424,0.5140667422182017,1.06727750411694,0.7857666015625,0.804931640625,-0.0191650390625
trained,category-statistics-s4-mlp-seed42,mlp,statistics_s4,42,length|cycle_type|rsk_shape|pattern_avoidance,max_displacement,global_run,block_01,0.0001,0.20686746026617864,6144,2048,8192,0.2170416884797699,0.46545990853580205,0.903469922330359,0.3084716796875,0.2574462890625,0.051025390625
trained,category-statistics-s4-mlp-seed42,mlp,statistics_s4,42,length|cycle_type|rsk_shape|pattern_avoidance,displacement_one_count,global_run,block_01,0.01,0.09297778977579774,6144,2048,8192,0.10334155170900416,0.32150260935958813,0.9374009182467692,0.2916259765625,0.3072509765625,-0.015625
trained,category-statistics-s4-mlp-seed42,mlp,statistics_s4,42,length|cycle_type|rsk_shape|pattern_avoidance,descents,local,final_norm,0.001,0.0514619118710572,6144,2048,8192,0.0734128170736893,0.2716444345508156,0.98284296677197,0.3502197265625,0.3338623046875,0.016357421875
trained,category-statistics-s4-mlp-seed42,mlp,statistics_s4,42,length|cycle_type|rsk_shape|pattern_avoidance,recoils,local,final_norm,0.001,0.08337206874922798,6144,2048,8192,0.09288313090546918,0.3048126660229502,0.9635954137489144,0.3525390625,0.33642578125,0.01611328125
trained,category-statistics-s4-mlp-seed42,mlp,statistics_s4,42,length|cycle_type|rsk_shape|pattern_avoidance,peaks,local,final_norm,0.0001,0.06908794007100583,6144,2048,8192,0.0712965081873359,0.27032083248221006,0.951358811205431,0.4771728515625,0.4635009765625,0.013671875
trained,category-statistics-s4-mlp-seed42,mlp,statistics_s4,42,length|cycle_type|rsk_shape|pattern_avoidance,valleys,local,final_norm,0.001,0.06845315927146622,6144,2048,8192,0.07947230233345193,0.28223134703645786,0.9523871529434882,0.4639892578125,0.45556640625,0.0084228515625
trained,category-statistics-s4-mlp-seed42,mlp,statistics_s4,42,length|cycle_type|rsk_shape|pattern_avoidance,double_ascents,local,final_norm,0.001,0.07936557570156755,6144,2048,8192,0.07741918032680462,0.27836291662155693,0.9729831493006983,0.3431396484375,0.344482421875,-0.0013427734375
trained,category-statistics-s4-mlp-seed42,mlp,statistics_s4,42,length|cycle_type|rsk_shape|pattern_avoidance,double_descents,local,final_norm,0.01,0.03779930845790891,6144,2048,8192,0.04789424977733803,0.22015992519845248,0.9721257027635923,0.3482666015625,0.3399658203125,0.00830078125
trained,category-statistics-s4-mlp-seed42,mlp,statistics_s4,42,length|cycle_type|rsk_shape|pattern_avoidance,successions,local,final_norm,0.001,0.11252630039144262,6144,2048,8192,0.11269903799301406,0.3370415222136998,1.0057389025251395,0.359130859375,0.398681640625,-0.03955078125
trained,category-statistics-s4-mlp-seed42,mlp,statistics_s4,42,length|cycle_type|rsk_shape|pattern_avoidance,adjacencies,local,final_norm,0.001,0.1335719910576868,6144,2048,8192,0.14604842090230352,0.38389089309039187,0.9654927468153269,0.3299560546875,0.329345703125,0.0006103515625
trained,category-statistics-s4-mlp-seed42,mlp,statistics_s4,42,length|cycle_type|rsk_shape|pattern_avoidance,fixed_points,positional,final_norm,0.0001,0.2224168370987154,6144,2048,8192,0.16769080824813576,0.4102899494456282,0.9237537000746098,0.3642578125,0.369873046875,-0.005615234375
trained,category-statistics-s4-mlp-seed42,mlp,statistics_s4,42,length|cycle_type|rsk_shape|pattern_avoidance,anti_fixed_points,positional,final_norm,0.0001,0.12100697734175891,6144,2048,8192,0.13659571291894934,0.37023720840044616,0.9269588168408918,0.3685302734375,0.37939453125,-0.0108642578125
trained,category-statistics-s4-mlp-seed42,mlp,statistics_s4,42,length|cycle_type|rsk_shape|pattern_avoidance,exceedances,positional,final_norm,1e-05,0.27762858646613664,6144,2048,8192,0.2557832454187824,0.5070973829401462,0.8598706682282176,0.3968505859375,0.3426513671875,0.05419921875
trained,category-statistics-s4-mlp-seed42,mlp,statistics_s4,42,length|cycle_type|rsk_shape|pattern_avoidance,deficiencies,positional,final_norm,1e-05,0.2786422072829887,6144,2048,8192,0.2678133784549648,0.5188356584230457,0.8572504675591033,0.4027099609375,0.34033203125,0.0623779296875
trained,category-statistics-s4-mlp-seed42,mlp,statistics_s4,42,length|cycle_type|rsk_shape|pattern_avoidance,left_to_right_maxima,positional,final_norm,0.0001,0.3732908960025013,6144,2048,8192,0.3566621804384179,0.5966832492123427,0.8207808762120046,0.3758544921875,0.3026123046875,0.0732421875
trained,category-statistics-s4-mlp-seed42,mlp,statistics_s4,42,length|cycle_type|rsk_shape|pattern_avoidance,left_to_right_minima,positional,final_norm,0.0001,0.39403263062260385,6144,2048,8192,0.38355829536910235,0.6197717330180116,0.7739828517396814,0.428955078125,0.307373046875,0.12158203125
trained,category-statistics-s4-mlp-seed42,mlp,statistics_s4,42,length|cycle_type|rsk_shape|pattern_avoidance,right_to_left_maxima,positional,final_norm,0.001,0.07159942585766665,6144,2048,8192,0.11490504011143765,0.3418968460549817,0.9690752192132672,0.322509765625,0.3045654296875,0.0179443359375
trained,category-statistics-s4-mlp-seed42,mlp,statistics_s4,42,length|cycle_type|rsk_shape|pattern_avoidance,right_to_left_minima,positional,final_norm,0.0001,0.15244406225191454,6144,2048,8192,0.16843257935106615,0.41103195470569154,0.937142007512196,0.3597412109375,0.2933349609375,0.06640625
trained,category-statistics-s4-mlp-seed42,mlp,statistics_s4,42,length|cycle_type|rsk_shape|pattern_avoidance,cycle_count,cycle,final_norm,0.0001,0.11695676818717571,6144,2048,8192,0.08641239939327872,0.299603741150424,0.9527327955904747,0.308349609375,0.3079833984375,0.0003662109375
trained,category-statistics-s4-mlp-seed42,mlp,statistics_s4,42,length|cycle_type|rsk_shape|pattern_avoidance,two_cycle_count,cycle,final_norm,0.1,0.0019648891129891988,6144,2048,8192,0.002095020785710444,0.0467311623251193,1.009111526218673,0.471923828125,0.6026611328125,-0.1307373046875
trained,category-statistics-s4-mlp-seed42,mlp,statistics_s4,42,length|cycle_type|rsk_shape|pattern_avoidance,three_cycle_count,cycle,final_norm,1.0,0.0007181412652315089,6144,2048,8192,0.0001998595889967092,0.02018920956243716,1.0002236951246193,0.7235107421875,0.7235107421875,0.0
trained,category-statistics-s4-mlp-seed42,mlp,statistics_s4,42,length|cycle_type|rsk_shape|pattern_avoidance,even_cycle_count,cycle,final_norm,0.1,0.0028372840195660665,6144,2048,8192,9.539163293315056e-05,0.026050582077945684,1.011102327587465,0.3980712890625,0.40771484375,-0.0096435546875
trained,category-statistics-s4-mlp-seed42,mlp,statistics_s4,42,length|cycle_type|rsk_shape|pattern_avoidance,odd_cycle_count,cycle,final_norm,0.0001,0.13311019106719346,6144,2048,8192,0.10178390135540238,0.32266868857841163,0.9409939972397505,0.2923583984375,0.5802001953125,-0.287841796875
trained,category-statistics-s4-mlp-seed42,mlp,statistics_s4,42,length|cycle_type|rsk_shape|pattern_avoidance,longest_cycle,cycle,final_norm,0.001,0.015334919798312363,6144,2048,8192,0.005323210864570105,0.09908533258709804,0.999717342692615,0.13916015625,0.1644287109375,-0.0252685546875
trained,category-statistics-s4-mlp-seed42,mlp,statistics_s4,42,length|cycle_type|rsk_shape|pattern_avoidance,shortest_cycle,cycle,final_norm,0.001,0.01745123978783303,6144,2048,8192,0.021021195963563777,0.14774398073569517,0.9934548524463112,0.14794921875,0.6358642578125,-0.4879150390625
trained,category-statistics-s4-mlp-seed42,mlp,statistics_s4,42,length|cycle_type|rsk_shape|pattern_avoidance,nontrivial_cycle_count,cycle,final_norm,0.01,0.00205879698754885,6144,2048,8192,0.003888211276498854,0.06554376758111384,1.0127732315821523,0.429443359375,0.4312744140625,-0.0018310546875
trained,category-statistics-s4-mlp-seed42,mlp,statistics_s4,42,length|cycle_type|rsk_shape|pattern_avoidance,lis_length,global_run,final_norm,0.001,0.27201272345612815,6144,2048,8192,0.2580362843559372,0.5084901868436977,0.8809085308849414,0.4317626953125,0.39697265625,0.0347900390625
trained,category-statistics-s4-mlp-seed42,mlp,statistics_s4,42,length|cycle_type|rsk_shape|pattern_avoidance,lds_length,global_run,final_norm,0.0001,0.22230249719163253,6144,2048,8192,0.2568440219468181,0.5067036462190283,0.8940592847017126,0.42578125,0.396484375,0.029296875
trained,category-statistics-s4-mlp-seed42,mlp,statistics_s4,42,length|cycle_type|rsk_shape|pattern_avoidance,longest_increasing_run,global_run,final_norm,0.001,0.1638032769829636,6144,2048,8192,0.1409126180535687,0.37786225193200623,0.9900683131572939,0.4622802734375,0.5040283203125,-0.041748046875
trained,category-statistics-s4-mlp-seed42,mlp,statistics_s4,42,length|cycle_type|rsk_shape|pattern_avoidance,longest_decreasing_run,global_run,final_norm,0.001,0.05906837276090626,6144,2048,8192,0.12172843227500929,0.3578166447811139,1.0330686748171467,0.4630126953125,0.5018310546875,-0.038818359375
trained,category-statistics-s4-mlp-seed42,mlp,statistics_s4,42,length|cycle_type|rsk_shape|pattern_avoidance,global_descents,global_run,final_norm,1e-06,0.14595693298239365,6144,2048,8192,0.19920988108475435,0.4501684508853534,1.112745895962994,0.7630615234375,0.8125,-0.0494384765625
trained,category-statistics-s4-mlp-seed42,mlp,statistics_s4,42,length|cycle_type|rsk_shape|pattern_avoidance,components,global_run,final_norm,1e-06,0.28805866890961573,6144,2048,8192,0.29186331239484964,0.5453708124415116,1.0450065834147246,0.781982421875,0.804931640625,-0.02294921875
trained,category-statistics-s4-mlp-seed42,mlp,statistics_s4,42,length|cycle_type|rsk_shape|pattern_avoidance,max_displacement,global_run,final_norm,0.0001,0.19246432483441567,6144,2048,8192,0.2045539499631599,0.4521220127028242,0.9106463355909774,0.296630859375,0.2574462890625,0.0391845703125
trained,category-statistics-s4-mlp-seed42,mlp,statistics_s4,42,length|cycle_type|rsk_shape|pattern_avoidance,displacement_one_count,global_run,final_norm,0.1,0.08944425704424863,6144,2048,8192,0.08904622174075394,0.29857652699117865,0.9448438116472124,0.2823486328125,0.3072509765625,-0.02490234375
trained,category-statistics-s4-mlp-seed314159,mlp,statistics_s4,314159,length|cycle_type|rsk_shape|pattern_avoidance,descents,local,embedding,10.0,0.0,6144,2048,8192,0.0,0.0,1.0210358474220083,0.3427734375,0.3338623046875,0.0089111328125
trained,category-statistics-s4-mlp-seed314159,mlp,statistics_s4,314159,length|cycle_type|rsk_shape|pattern_avoidance,recoils,local,embedding,1.0,2.220446049250313e-16,6144,2048,8192,0.0,0.02995090033847735,1.0117264466110467,0.3408203125,0.33642578125,0.00439453125
trained,category-statistics-s4-mlp-seed314159,mlp,statistics_s4,314159,length|cycle_type|rsk_shape|pattern_avoidance,peaks,local,embedding,1e-06,0.0,6144,2048,8192,0.0,-0.010940995236248594,0.987201497821541,0.4708251953125,0.4635009765625,0.00732421875
trained,category-statistics-s4-mlp-seed314159,mlp,statistics_s4,314159,length|cycle_type|rsk_shape|pattern_avoidance,valleys,local,embedding,1e-06,0.0,6144,2048,8192,0.0,0.010834642933933325,0.9926476029684151,0.458984375,0.45556640625,0.00341796875
trained,category-statistics-s4-mlp-seed314159,mlp,statistics_s4,314159,length|cycle_type|rsk_shape|pattern_avoidance,double_ascents,local,embedding,1e-06,-2.220446049250313e-16,6144,2048,8192,0.0,0.0,1.012985218660725,0.3338623046875,0.344482421875,-0.0106201171875
trained,category-statistics-s4-mlp-seed314159,mlp,statistics_s4,314159,length|cycle_type|rsk_shape|pattern_avoidance,double_descents,local,embedding,1e-06,0.0,6144,2048,8192,0.0,0.0,0.9962763749938195,0.3388671875,0.3399658203125,-0.0010986328125
trained,category-statistics-s4-mlp-seed314159,mlp,statistics_s4,314159,length|cycle_type|rsk_shape|pattern_avoidance,successions,local,embedding,1e-06,0.0,6144,2048,8192,0.0,0.0,1.0677013036927756,0.3643798828125,0.398681640625,-0.0343017578125
trained,category-statistics-s4-mlp-seed314159,mlp,statistics_s4,314159,length|cycle_type|rsk_shape|pattern_avoidance,adjacencies,local,embedding,1e-06,0.0,6144,2048,8192,0.0,0.0,1.0447981442612964,0.329345703125,0.329345703125,0.0
trained,category-statistics-s4-mlp-seed314159,mlp,statistics_s4,314159,length|cycle_type|rsk_shape|pattern_avoidance,fixed_points,positional,embedding,1e-06,2.220446049250313e-16,6144,2048,8192,0.0,0.0,1.0125438624646812,0.3580322265625,0.369873046875,-0.0118408203125
trained,category-statistics-s4-mlp-seed314159,mlp,statistics_s4,314159,length|cycle_type|rsk_shape|pattern_avoidance,anti_fixed_points,positional,embedding,1e-06,0.0,6144,2048,8192,0.0,0.0,0.9975928763619372,0.3592529296875,0.37939453125,-0.0201416015625
trained,category-statistics-s4-mlp-seed314159,mlp,statistics_s4,314159,length|cycle_type|rsk_shape|pattern_avoidance,exceedances,positional,embedding,1e-06,0.0,6144,2048,8192,0.0,-0.01608337955095658,0.996743501992833,0.3426513671875,0.3426513671875,0.0
trained,category-statistics-s4-mlp-seed314159,mlp,statistics_s4,314159,length|cycle_type|rsk_shape|pattern_avoidance,deficiencies,positional,embedding,1e-06,0.0,6144,2048,8192,0.0,0.018325644088552702,1.0018364670463262,0.3414306640625,0.34033203125,0.0010986328125
trained,category-statistics-s4-mlp-seed314159,mlp,statistics_s4,314159,length|cycle_type|rsk_shape|pattern_avoidance,left_to_right_maxima,positional,embedding,1e-06,0.0,6144,2048,8192,0.0,0.0,1.0233111062138236,0.3040771484375,0.3026123046875,0.00146484375
trained,category-statistics-s4-mlp-seed314159,mlp,statistics_s4,314159,length|cycle_type|rsk_shape|pattern_avoidance,left_to_right_minima,positional,embedding,1e-06,0.0,6144,2048,8192,0.0,-0.022853986948050242,0.9857920972831147,0.3160400390625,0.307373046875,0.0086669921875
trained,category-statistics-s4-mlp-seed314159,mlp,statistics_s4,314159,length|cycle_type|rsk_shape|pattern_avoidance,right_to_left_maxima,positional,embedding,1e-06,0.0,6144,2048,8192,0.0,0.0,1.0300600749281232,0.305908203125,0.3045654296875,0.0013427734375
trained,category-statistics-s4-mlp-seed314159,mlp,statistics_s4,314159,length|cycle_type|rsk_shape|pattern_avoidance,right_to_left_minima,positional,embedding,1e-06,0.0,6144,2048,8192,0.0,0.0,1.0276770844678722,0.3035888671875,0.2933349609375,0.01025390625
trained,category-statistics-s4-mlp-seed314159,mlp,statistics_s4,314159,length|cycle_type|rsk_shape|pattern_avoidance,cycle_count,cycle,embedding,1e-06,0.0,6144,2048,8192,0.0,0.0,0.9967724289122708,0.3077392578125,0.3079833984375,-0.000244140625
trained,category-statistics-s4-mlp-seed314159,mlp,statistics_s4,314159,length|cycle_type|rsk_shape|pattern_avoidance,two_cycle_count,cycle,embedding,1e-06,0.0,6144,2048,8192,0.0,0.0,1.0101702448488212,0.4593505859375,0.6026611328125,-0.143310546875
trained,category-statistics-s4-mlp-seed314159,mlp,statistics_s4,314159,length|cycle_type|rsk_shape|pattern_avoidance,three_cycle_count,cycle,embedding,1e-06,1.1102230246251565e-16,6144,2048,8192,0.0,0.0,1.0003236622577176,0.7235107421875,0.7235107421875,0.0
trained,category-statistics-s4-mlp-seed314159,mlp,statistics_s4,314159,length|cycle_type|rsk_shape|pattern_avoidance,even_cycle_count,cycle,embedding,1e-06,0.0,6144,2048,8192,0.0,0.0,1.0111505563890062,0.3974609375,0.40771484375,-0.01025390625
trained,category-statistics-s4-mlp-seed314159,mlp,statistics_s4,314159,length|cycle_type|rsk_shape|pattern_avoidance,odd_cycle_count,cycle,embedding,1e-06,0.0,6144,2048,8192,0.0,0.0,0.9928792526047006,0.3057861328125,0.5802001953125,-0.2744140625
trained,category-statistics-s4-mlp-seed314159,mlp,statistics_s4,314159,length|cycle_type|rsk_shape|pattern_avoidance,longest_cycle,cycle,embedding,10.0,0.0,6144,2048,8192,0.0,0.0,1.002388866359531,0.1435546875,0.1644287109375,-0.0208740234375
trained,category-statistics-s4-mlp-seed314159,mlp,statistics_s4,314159,length|cycle_type|rsk_shape|pattern_avoidance,shortest_cycle,cycle,embedding,1e-06,0.0,6144,2048,8192,0.0,0.0,1.004064219330732,0.1092529296875,0.6358642578125,-0.526611328125
trained,category-statistics-s4-mlp-seed314159,mlp,statistics_s4,314159,length|cycle_type|rsk_shape|pattern_avoidance,nontrivial_cycle_count,cycle,embedding,10.0,1.1102230246251565e-16,6144,2048,8192,0.0,0.0,1.0147479301353286,0.4290771484375,0.4312744140625,-0.002197265625
trained,category-statistics-s4-mlp-seed314159,mlp,statistics_s4,314159,length|cycle_type|rsk_shape|pattern_avoidance,lis_length,global_run,embedding,1e-06,0.0,6144,2048,8192,0.0,-0.010945740728540161,1.022679339029915,0.390869140625,0.39697265625,-0.006103515625
trained,category-statistics-s4-mlp-seed314159,mlp,statistics_s4,314159,length|cycle_type|rsk_shape|pattern_avoidance,lds_length,global_run,embedding,1e-06,0.0,6144,2048,8192,0.0,-0.014606896850727627,1.0371136011049422,0.38720703125,0.396484375,-0.00927734375
trained,category-statistics-s4-mlp-seed314159,mlp,statistics_s4,314159,length|cycle_type|rsk_shape|pattern_avoidance,longest_increasing_run,global_run,embedding,1e-06,0.0,6144,2048,8192,0.0,0.016489244923313637,1.0681850394483854,0.4554443359375,0.5040283203125,-0.048583984375
trained,category-statistics-s4-mlp-seed314159,mlp,statistics_s4,314159,length|cycle_type|rsk_shape|pattern_avoidance,longest_decreasing_run,global_run,embedding,1e-06,0.0,6144,2048,8192,0.0,0.009129738333024226,1.1023380059178607,0.459716796875,0.5018310546875,-0.0421142578125
trained,category-statistics-s4-mlp-seed314159,mlp,statistics_s4,314159,length|cycle_type|rsk_shape|pattern_avoidance,global_descents,global_run,embedding,1e-06,0.0,6144,2048,8192,0.0,0.0,1.2434738264527403,0.7889404296875,0.8125,-0.0235595703125
trained,category-statistics-s4-mlp-seed314159,mlp,statistics_s4,314159,length|cycle_type|rsk_shape|pattern_avoidance,components,global_run,embedding,1e-06,0.0,6144,2048,8192,0.0,-0.0022251670697767713,1.241825229327309,0.7493896484375,0.804931640625,-0.0555419921875
trained,category-statistics-s4-mlp-seed314159,mlp,statistics_s4,314159,length|cycle_type|rsk_shape|pattern_avoidance,max_displacement,global_run,embedding,1.0,0.0,6144,2048,8192,0.0,-0.010724307195551433,1.0210438164840894,0.238037109375,0.2574462890625,-0.0194091796875
trained,category-statistics-s4-mlp-seed314159,mlp,statistics_s4,314159,length|cycle_type|rsk_shape|pattern_avoidance,displacement_one_count,global_run,embedding,1e-06,1.1102230246251565e-16,6144,2048,8192,0.0,0.0,0.9899467911205587,0.2646484375,0.3072509765625,-0.0426025390625
trained,category-statistics-s4-mlp-seed314159,mlp,statistics_s4,314159,length|cycle_type|rsk_shape|pattern_avoidance,descents,local,block_01,0.001,0.05303638396547883,6144,2048,8192,0.05998631821128797,0.24485154898237108,0.9899381864927572,0.355712890625,0.3338623046875,0.0218505859375
trained,category-statistics-s4-mlp-seed314159,mlp,statistics_s4,314159,length|cycle_type|rsk_shape|pattern_avoidance,recoils,local,block_01,0.001,0.08131740255547582,6144,2048,8192,0.08890614861799495,0.29812438921284246,0.9657054014032412,0.3538818359375,0.33642578125,0.0174560546875
trained,category-statistics-s4-mlp-seed314159,mlp,statistics_s4,314159,length|cycle_type|rsk_shape|pattern_avoidance,peaks,local,block_01,0.001,0.07432127804253996,6144,2048,8192,0.07201445872429901,0.2685985662549991,0.9509910077928089,0.480712890625,0.4635009765625,0.0172119140625
trained,category-statistics-s4-mlp-seed314159,mlp,statistics_s4,314159,length|cycle_type|rsk_shape|pattern_avoidance,valleys,local,block_01,0.0001,0.11022366208505696,6144,2048,8192,0.10185132699353061,0.3229576390130876,0.9407391421755246,0.4796142578125,0.45556640625,0.0240478515625
trained,category-statistics-s4-mlp-seed314159,mlp,statistics_s4,314159,length|cycle_type|rsk_shape|pattern_avoidance,double_ascents,local,block_01,0.001,0.08539131427517033,6144,2048,8192,0.06793054752758676,0.2610680514370201,0.9779738572682274,0.3382568359375,0.344482421875,-0.0062255859375
trained,category-statistics-s4-mlp-seed314159,mlp,statistics_s4,314159,length|cycle_type|rsk_shape|pattern_avoidance,double_descents,local,block_01,0.01,0.04189477604678182,6144,2048,8192,0.04297139020022944,0.20670140164163311,0.9746356488667982,0.3389892578125,0.3399658203125,-0.0009765625
trained,category-statistics-s4-mlp-seed314159,mlp,statistics_s4,314159,length|cycle_type|rsk_shape|pattern_avoidance,successions,local,block_01,0.0001,0.09815323063859371,6144,2048,8192,0.0834865794845493,0.290240414528978,1.022160719229963,0.3587646484375,0.398681640625,-0.0399169921875
trained,category-statistics-s4-mlp-seed314159,mlp,statistics_s4,314159,length|cycle_type|rsk_shape|pattern_avoidance,adjacencies,local,block_01,0.0001,0.1848486027818581,6144,2048,8192,0.1502386441545548,0.3879703842258317,0.9631210636261187,0.3504638671875,0.329345703125,0.0211181640625
trained,category-statistics-s4-mlp-seed314159,mlp,statistics_s4,314159,length|cycle_type|rsk_shape|pattern_avoidance,fixed_points,positional,block_01,1e-05,0.18996922670469618,6144,2048,8192,0.13997157887199785,0.37931316759304057,0.939010064780072,0.3564453125,0.369873046875,-0.013427734375
trained,category-statistics-s4-mlp-seed314159,mlp,statistics_s4,314159,length|cycle_type|rsk_shape|pattern_avoidance,anti_fixed_points,positional,block_01,0.0001,0.1514200255373791,6144,2048,8192,0.1558619729191082,0.39517009324405117,0.9165582518450306,0.3819580078125,0.37939453125,0.0025634765625
trained,category-statistics-s4-mlp-seed314159,mlp,statistics_s4,314159,length|cycle_type|rsk_shape|pattern_avoidance,exceedances,positional,block_01,0.0001,0.23640872858398598,6144,2048,8192,0.25635337665657765,0.506261128943775,0.85954123930025,0.4071044921875,0.3426513671875,0.064453125
trained,category-statistics-s4-mlp-seed314159,mlp,statistics_s4,314159,length|cycle_type|rsk_shape|pattern_avoidance,deficiencies,positional,block_01,0.0001,0.24207641588498385,6144,2048,8192,0.26961423736985846,0.518645847492886,0.8561955878803078,0.4036865234375,0.34033203125,0.0633544921875
trained,category-statistics-s4-mlp-seed314159,mlp,statistics_s4,314159,length|cycle_type|rsk_shape|pattern_avoidance,left_to_right_maxima,positional,block_01,1e-05,0.3560764431639293,6144,2048,8192,0.34583942628761066,0.5878613907946625,0.8276560051234281,0.39453125,0.3026123046875,0.0919189453125
trained,category-statistics-s4-mlp-seed314159,mlp,statistics_s4,314159,length|cycle_type|rsk_shape|pattern_avoidance,left_to_right_minima,positional,block_01,1e-06,0.4168747663518939,6144,2048,8192,0.3888314242768277,0.6246205366711738,0.7706653629344614,0.42919921875,0.307373046875,0.121826171875
trained,category-statistics-s4-mlp-seed314159,mlp,statistics_s4,314159,length|cycle_type|rsk_shape|pattern_avoidance,right_to_left_maxima,positional,block_01,0.0001,0.08330500981799316,6144,2048,8192,0.13396028714879216,0.36607720038193026,0.9585868300121769,0.3382568359375,0.3045654296875,0.03369140625
trained,category-statistics-s4-mlp-seed314159,mlp,statistics_s4,314159,length|cycle_type|rsk_shape|pattern_avoidance,right_to_left_minima,positional,block_01,0.0001,0.148647681419373,6144,2048,8192,0.17063097190854226,0.4132317978718147,0.9359024390814588,0.357421875,0.2933349609375,0.0640869140625
trained,category-statistics-s4-mlp-seed314159,mlp,statistics_s4,314159,length|cycle_type|rsk_shape|pattern_avoidance,cycle_count,cycle,block_01,0.0001,0.11903783585971506,6144,2048,8192,0.07245305020626924,0.278538668771362,0.9599839398732227,0.3135986328125,0.3079833984375,0.005615234375
trained,category-statistics-s4-mlp-seed314159,mlp,statistics_s4,314159,length|cycle_type|rsk_shape|pattern_avoidance,two_cycle_count,cycle,block_01,0.1,0.005077767703170255,6144,2048,8192,0.0022765197444650775,0.049350696849396775,1.009019753442807,0.473876953125,0.6026611328125,-0.1287841796875
trained,category-statistics-s4-mlp-seed314159,mlp,statistics_s4,314159,length|cycle_type|rsk_shape|pattern_avoidance,three_cycle_count,cycle,block_01,10.0,-0.0008592656621424499,6144,2048,8192,2.8597146375264337e-05,0.00552661652813963,1.0003093589543623,0.7235107421875,0.7235107421875,0.0
trained,category-statistics-s4-mlp-seed314159,mlp,statistics_s4,314159,length|cycle_type|rsk_shape|pattern_avoidance,even_cycle_count,cycle,block_01,0.01,0.005578677777171359,6144,2048,8192,-0.003356282662576593,0.02496245046497043,1.0128459885341115,0.39794921875,0.40771484375,-0.009765625
trained,category-statistics-s4-mlp-seed314159,mlp,statistics_s4,314159,length|cycle_type|rsk_shape|pattern_avoidance,odd_cycle_count,cycle,block_01,0.0001,0.10937926297001577,6144,2048,8192,0.08173279174393588,0.29295937616167733,0.9514390528940975,0.2978515625,0.5802001953125,-0.2823486328125
trained,category-statistics-s4-mlp-seed314159,mlp,statistics_s4,314159,length|cycle_type|rsk_shape|pattern_avoidance,longest_cycle,cycle,block_01,0.001,0.02645790060079911,6144,2048,8192,0.010841672226423293,0.12035562374807249,0.9969402723799536,0.1434326171875,0.1644287109375,-0.02099609375
trained,category-statistics-s4-mlp-seed314159,mlp,statistics_s4,314159,length|cycle_type|rsk_shape|pattern_avoidance,shortest_cycle,cycle,block_01,0.01,0.01650804362533287,6144,2048,8192,0.024199976023450365,0.15574551345966683,0.9918406488765201,0.1484375,0.6358642578125,-0.4874267578125
trained,category-statistics-s4-mlp-seed314159,mlp,statistics_s4,314159,length|cycle_type|rsk_shape|pattern_avoidance,nontrivial_cycle_count,cycle,block_01,0.001,0.011599556378077858,6144,2048,8192,0.0014045520622120167,0.08321246614590547,1.0140350465779036,0.4307861328125,0.4312744140625,-0.00048828125
trained,category-statistics-s4-mlp-seed314159,mlp,statistics_s4,314159,length|cycle_type|rsk_shape|pattern_avoidance,lis_length,global_run,block_01,0.0001,0.27690885932944165,6144,2048,8192,0.25578293728783774,0.5057684093026555,0.8822451783448289,0.431396484375,0.39697265625,0.034423828125
trained,category-statistics-s4-mlp-seed314159,mlp,statistics_s4,314159,length|cycle_type|rsk_shape|pattern_avoidance,lds_length,global_run,block_01,0.001,0.213644019944504,6144,2048,8192,0.2337583193926841,0.4841728094695155,0.9078397947443012,0.430419921875,0.396484375,0.033935546875
trained,category-statistics-s4-mlp-seed314159,mlp,statistics_s4,314159,length|cycle_type|rsk_shape|pattern_avoidance,longest_increasing_run,global_run,block_01,0.001,0.12363670046531772,6144,2048,8192,0.09585091321335726,0.310392195519811,1.015702485309034,0.4715576171875,0.5040283203125,-0.032470703125
trained,category-statistics-s4-mlp-seed314159,mlp,statistics_s4,314159,length|cycle_type|rsk_shape|pattern_avoidance,longest_decreasing_run,global_run,block_01,0.001,0.05908775415562173,6144,2048,8192,0.10721396162648766,0.33414450535326085,1.0415700324670456,0.4625244140625,0.5018310546875,-0.039306640625
trained,category-statistics-s4-mlp-seed314159,mlp,statistics_s4,314159,length|cycle_type|rsk_shape|pattern_avoidance,global_descents,global_run,block_01,1e-06,0.18148875585964874,6144,2048,8192,0.2172619523825845,0.46959751477942807,1.1001321857396784,0.777099609375,0.8125,-0.035400390625
trained,category-statistics-s4-mlp-seed314159,mlp,statistics_s4,314159,length|cycle_type|rsk_shape|pattern_avoidance,components,global_run,block_01,1e-06,0.22493044193226286,6144,2048,8192,0.22056231353266886,0.4705665479025381,1.0963549432730124,0.7894287109375,0.804931640625,-0.0155029296875
trained,category-statistics-s4-mlp-seed314159,mlp,statistics_s4,314159,length|cycle_type|rsk_shape|pattern_avoidance,max_displacement,global_run,block_01,0.0001,0.19522332820725385,6144,2048,8192,0.20566980452548167,0.4530474054559136,0.910007382463563,0.303955078125,0.2574462890625,0.0465087890625
trained,category-statistics-s4-mlp-seed314159,mlp,statistics_s4,314159,length|cycle_type|rsk_shape|pattern_avoidance,displacement_one_count,global_run,block_01,0.001,0.13738564634999106,6144,2048,8192,0.13452561812991337,0.36688423989795443,0.9209561679556427,0.3092041015625,0.3072509765625,0.001953125
trained,category-statistics-s4-mlp-seed314159,mlp,statistics_s4,314159,length|cycle_type|rsk_shape|pattern_avoidance,descents,local,final_norm,0.01,0.05097761272105916,6144,2048,8192,0.045361469276456345,0.21358392519375843,0.9976092550639012,0.3446044921875,0.3338623046875,0.0107421875
trained,category-statistics-s4-mlp-seed314159,mlp,statistics_s4,314159,length|cycle_type|rsk_shape|pattern_avoidance,recoils,local,final_norm,0.01,0.0857380042952044,6144,2048,8192,0.08079590211313747,0.2846502756461215,0.9699940684281962,0.352294921875,0.33642578125,0.015869140625
trained,category-statistics-s4-mlp-seed314159,mlp,statistics_s4,314159,length|cycle_type|rsk_shape|pattern_avoidance,peaks,local,final_norm,0.001,0.07177258204306292,6144,2048,8192,0.06821585753945913,0.26297340101499833,0.9529354057299559,0.4683837890625,0.4635009765625,0.0048828125
trained,category-statistics-s4-mlp-seed314159,mlp,statistics_s4,314159,length|cycle_type|rsk_shape|pattern_avoidance,valleys,local,final_norm,0.001,0.109822022727738,6144,2048,8192,0.09549487524424072,0.3099989170885291,0.9440622112297025,0.4803466796875,0.45556640625,0.0247802734375
trained,category-statistics-s4-mlp-seed314159,mlp,statistics_s4,314159,length|cycle_type|rsk_shape|pattern_avoidance,double_ascents,local,final_norm,0.01,0.09572406721907323,6144,2048,8192,0.06781091851710874,0.26050835185384463,0.9780366156231807,0.3380126953125,0.344482421875,-0.0064697265625
trained,category-statistics-s4-mlp-seed314159,mlp,statistics_s4,314159,length|cycle_type|rsk_shape|pattern_avoidance,double_descents,local,final_norm,0.01,0.03762831743720674,6144,2048,8192,0.04276770926295759,0.20620586496900267,0.974739357438966,0.3408203125,0.3399658203125,0.0008544921875
trained,category-statistics-s4-mlp-seed314159,mlp,statistics_s4,314159,length|cycle_type|rsk_shape|pattern_avoidance,successions,local,final_norm,0.001,0.1395787699354536,6144,2048,8192,0.10272595348819102,0.32101542542422423,1.0113752604754926,0.3619384765625,0.398681640625,-0.0367431640625
trained,category-statistics-s4-mlp-seed314159,mlp,statistics_s4,314159,length|cycle_type|rsk_shape|pattern_avoidance,adjacencies,local,final_norm,0.0001,0.181354891619952,6144,2048,8192,0.1438763705599817,0.3803448880559637,0.9667198462715316,0.34716796875,0.329345703125,0.017822265625
trained,category-statistics-s4-mlp-seed314159,mlp,statistics_s4,314159,length|cycle_type|rsk_shape|pattern_avoidance,fixed_points,positional,final_norm,0.0001,0.21134540478177244,6144,2048,8192,0.14119031950498517,0.3794671438634852,0.9383444964023256,0.352294921875,0.369873046875,-0.017578125
trained,category-statistics-s4-mlp-seed314159,mlp,statistics_s4,314159,length|cycle_type|rsk_shape|pattern_avoidance,anti_fixed_points,positional,final_norm,0.0001,0.14313517755683047,6144,2048,8192,0.14060612059102062,0.3767143911088888,0.9248035057805115,0.3798828125,0.37939453125,0.00048828125
trained,category-statistics-s4-mlp-seed314159,mlp,statistics_s4,314159,length|cycle_type|rsk_shape|pattern_avoidance,exceedances,positional,final_norm,0.001,0.22414846901712504,6144,2048,8192,0.22815917870004276,0.4773155913609931,0.8756837387485691,0.3983154296875,0.3426513671875,0.0556640625
trained,category-statistics-s4-mlp-seed314159,mlp,statistics_s4,314159,length|cycle_type|rsk_shape|pattern_avoidance,deficiencies,positional,final_norm,0.0001,0.2184767568490955,6144,2048,8192,0.25217678425593504,0.5016762459015932,0.8663558410061136,0.3985595703125,0.34033203125,0.0582275390625
trained,category-statistics-s4-mlp-seed314159,mlp,statistics_s4,314159,length|cycle_type|rsk_shape|pattern_avoidance,left_to_right_maxima,positional,final_norm,0.0001,0.3471936301331945,6144,2048,8192,0.3253026797826919,0.5700333496084818,0.840547344119023,0.3724365234375,0.3026123046875,0.06982421875
trained,category-statistics-s4-mlp-seed314159,mlp,statistics_s4,314159,length|cycle_type|rsk_shape|pattern_avoidance,left_to_right_minima,positional,final_norm,1e-06,0.3976036677266809,6144,2048,8192,0.37176886823679167,0.6109875363944675,0.7813489973876218,0.41943359375,0.307373046875,0.112060546875
trained,category-statistics-s4-mlp-seed314159,mlp,statistics_s4,314159,length|cycle_type|rsk_shape|pattern_avoidance,right_to_left_maxima,positional,final_norm,0.001,0.05852770272404073,6144,2048,8192,0.10463855627299401,0.3250739002995248,0.9746793132905573,0.320556640625,0.3045654296875,0.0159912109375
trained,category-statistics-s4-mlp-seed314159,mlp,statistics_s4,314159,length|cycle_type|rsk_shape|pattern_avoidance,right_to_left_minima,positional,final_norm,0.001,0.14832576725933477,6144,2048,8192,0.15104030786967904,0.3892973254483085,0.9468914781031701,0.3544921875,0.2933349609375,0.0611572265625
trained,category-statistics-s4-mlp-seed314159,mlp,statistics_s4,314159,length|cycle_type|rsk_shape|pattern_avoidance,cycle_count,cycle,final_norm,0.001,0.12441980549047693,6144,2048,8192,0.07279208190513087,0.27367212090470966,0.9598084798967478,0.310302734375,0.3079833984375,0.0023193359375
trained,category-statistics-s4-mlp-seed314159,mlp,statistics_s4,314159,length|cycle_type|rsk_shape|pattern_avoidance,two_cycle_count,cycle,final_norm,0.1,0.003255359526706858,6144,2048,8192,0.001693288799804571,0.04612507838369099,1.0093146275128009,0.4722900390625,0.6026611328125,-0.13037109375
trained,category-statistics-s4-mlp-seed314159,mlp,statistics_s4,314159,length|cycle_type|rsk_shape|pattern_avoidance,three_cycle_count,cycle,final_norm,10.0,-0.0005648685940391474,6144,2048,8192,5.619341127083288e-05,0.0076291603278988585,1.0002955560633877,0.7235107421875,0.7235107421875,0.0
trained,category-statistics-s4-mlp-seed314159,mlp,statistics_s4,314159,length|cycle_type|rsk_shape|pattern_avoidance,even_cycle_count,cycle,final_norm,0.1,0.003553030279571434,6144,2048,8192,-0.0017617626729318214,0.015813590314078547,1.0120408680855655,0.3988037109375,0.40771484375,-0.0089111328125
trained,category-statistics-s4-mlp-seed314159,mlp,statistics_s4,314159,length|cycle_type|rsk_shape|pattern_avoidance,odd_cycle_count,cycle,final_norm,0.001,0.12654539110857443,6144,2048,8192,0.08244393567397157,0.29059165065160764,0.9510705647510981,0.2947998046875,0.5802001953125,-0.285400390625
trained,category-statistics-s4-mlp-seed314159,mlp,statistics_s4,314159,length|cycle_type|rsk_shape|pattern_avoidance,longest_cycle,cycle,final_norm,0.01,0.019494446220361783,6144,2048,8192,0.00767273923546774,0.09754064354669993,0.9985359272869962,0.142578125,0.1644287109375,-0.0218505859375
trained,category-statistics-s4-mlp-seed314159,mlp,statistics_s4,314159,length|cycle_type|rsk_shape|pattern_avoidance,shortest_cycle,cycle,final_norm,1.0,0.01459914530474482,6144,2048,8192,0.013467816118054476,0.11728164561536886,0.9972800236870307,0.111083984375,0.6358642578125,-0.5247802734375
trained,category-statistics-s4-mlp-seed314159,mlp,statistics_s4,314159,length|cycle_type|rsk_shape|pattern_avoidance,nontrivial_cycle_count,cycle,final_norm,0.01,0.006794965962907629,6144,2048,8192,0.0035631783441900655,0.0684463814552473,1.0129384528996574,0.4312744140625,0.4312744140625,0.0
trained,category-statistics-s4-mlp-seed314159,mlp,statistics_s4,314159,length|cycle_type|rsk_shape|pattern_avoidance,lis_length,global_run,final_norm,0.001,0.2893328468175713,6144,2048,8192,0.2572989311452347,0.507368971886957,0.8813461395064235,0.4322509765625,0.39697265625,0.0352783203125
trained,category-statistics-s4-mlp-seed314159,mlp,statistics_s4,314159,length|cycle_type|rsk_shape|pattern_avoidance,lds_length,global_run,final_norm,0.001,0.20587599888626784,6144,2048,8192,0.2322107049906359,0.48206037367940036,0.9087561356737394,0.4271240234375,0.396484375,0.0306396484375
trained,category-statistics-s4-mlp-seed314159,mlp,statistics_s4,314159,length|cycle_type|rsk_shape|pattern_avoidance,longest_increasing_run,global_run,final_norm,0.001,0.1690464284889357,6144,2048,8192,0.12268219182403073,0.3505742529332328,1.0005181320202692,0.4688720703125,0.5040283203125,-0.03515625
trained,category-statistics-s4-mlp-seed314159,mlp,statistics_s4,314159,length|cycle_type|rsk_shape|pattern_avoidance,longest_decreasing_run,global_run,final_norm,0.01,0.05734037609577147,6144,2048,8192,0.08520567782099941,0.304444162666003,1.0543298716893188,0.4654541015625,0.5018310546875,-0.036376953125
trained,category-statistics-s4-mlp-seed314159,mlp,statistics_s4,314159,length|cycle_type|rsk_shape|pattern_avoidance,global_descents,global_run,final_norm,1e-06,0.17339128059133035,6144,2048,8192,0.20208316056393483,0.4532870745084841,1.110747804959306,0.7672119140625,0.8125,-0.0452880859375
trained,category-statistics-s4-mlp-seed314159,mlp,statistics_s4,314159,length|cycle_type|rsk_shape|pattern_avoidance,components,global_run,final_norm,1e-06,0.29661899252320423,6144,2048,8192,0.25292154210994644,0.5052551067154747,1.0733554992186625,0.7886962890625,0.804931640625,-0.0162353515625
trained,category-statistics-s4-mlp-seed314159,mlp,statistics_s4,314159,length|cycle_type|rsk_shape|pattern_avoidance,max_displacement,global_run,final_norm,0.001,0.17595991838473013,6144,2048,8192,0.1787681056128404,0.4222498175318475,0.9252887533568865,0.28515625,0.2574462890625,0.0277099609375
trained,category-statistics-s4-mlp-seed314159,mlp,statistics_s4,314159,length|cycle_type|rsk_shape|pattern_avoidance,displacement_one_count,global_run,final_norm,0.001,0.11920563495428038,6144,2048,8192,0.12142810216887323,0.34947375319213814,0.9278985714267624,0.2974853515625,0.3072509765625,-0.009765625
trained,category-algebra-a4-transformer-seed17,transformer,algebra_a4,17,inverse|compose|right_multiply_simple|bruhat_leq,descents,local,embedding,10.0,0.0,6144,2048,8192,0.0,0.0,1.0210358474220083,0.3427734375,0.3338623046875,0.0089111328125
trained,category-algebra-a4-transformer-seed17,transformer,algebra_a4,17,inverse|compose|right_multiply_simple|bruhat_leq,recoils,local,embedding,1.0,2.220446049250313e-16,6144,2048,8192,0.0,0.033068210610485836,1.0117264466110467,0.3408203125,0.33642578125,0.00439453125
trained,category-algebra-a4-transformer-seed17,transformer,algebra_a4,17,inverse|compose|right_multiply_simple|bruhat_leq,peaks,local,embedding,1e-06,0.0,6144,2048,8192,0.0,-0.00930168335446812,0.987201497821541,0.4708251953125,0.4635009765625,0.00732421875
trained,category-algebra-a4-transformer-seed17,transformer,algebra_a4,17,inverse|compose|right_multiply_simple|bruhat_leq,valleys,local,embedding,1e-06,0.0,6144,2048,8192,1.1102230246251565e-16,0.0043321198419523105,0.992647602968415,0.458984375,0.45556640625,0.00341796875
trained,category-algebra-a4-transformer-seed17,transformer,algebra_a4,17,inverse|compose|right_multiply_simple|bruhat_leq,double_ascents,local,embedding,10.0,0.0,6144,2048,8192,0.0,0.0,1.012985218660725,0.3338623046875,0.344482421875,-0.0106201171875
trained,category-algebra-a4-transformer-seed17,transformer,algebra_a4,17,inverse|compose|right_multiply_simple|bruhat_leq,double_descents,local,embedding,1.0,0.0,6144,2048,8192,0.0,0.0,0.9962763749938195,0.3388671875,0.3399658203125,-0.0010986328125
trained,category-algebra-a4-transformer-seed17,transformer,algebra_a4,17,inverse|compose|right_multiply_simple|bruhat_leq,successions,local,embedding,1e-06,0.0,6144,2048,8192,0.0,0.0,1.0677013036927756,0.3643798828125,0.398681640625,-0.0343017578125
trained,category-algebra-a4-transformer-seed17,transformer,algebra_a4,17,inverse|compose|right_multiply_simple|bruhat_leq,adjacencies,local,embedding,1e-06,0.0,6144,2048,8192,0.0,0.0,1.0447981442612964,0.329345703125,0.329345703125,0.0
trained,category-algebra-a4-transformer-seed17,transformer,algebra_a4,17,inverse|compose|right_multiply_simple|bruhat_leq,fixed_points,positional,embedding,1e-06,2.220446049250313e-16,6144,2048,8192,-2.220446049250313e-16,0.0,1.0125438624646814,0.3580322265625,0.369873046875,-0.0118408203125
trained,category-algebra-a4-transformer-seed17,transformer,algebra_a4,17,inverse|compose|right_multiply_simple|bruhat_leq,anti_fixed_points,positional,embedding,1e-06,0.0,6144,2048,8192,0.0,0.0,0.9975928763619372,0.3592529296875,0.37939453125,-0.0201416015625
trained,category-algebra-a4-transformer-seed17,transformer,algebra_a4,17,inverse|compose|right_multiply_simple|bruhat_leq,exceedances,positional,embedding,1e-06,0.0,6144,2048,8192,0.0,-0.01855305361204022,0.996743501992833,0.3426513671875,0.3426513671875,0.0
trained,category-algebra-a4-transformer-seed17,transformer,algebra_a4,17,inverse|compose|right_multiply_simple|bruhat_leq,deficiencies,positional,embedding,1e-06,0.0,6144,2048,8192,0.0,0.01964610764185424,1.0018364670463262,0.3414306640625,0.34033203125,0.0010986328125
trained,category-algebra-a4-transformer-seed17,transformer,algebra_a4,17,inverse|compose|right_multiply_simple|bruhat_leq,left_to_right_maxima,positional,embedding,1.0,0.0,6144,2048,8192,0.0,0.0,1.0233111062138236,0.3040771484375,0.3026123046875,0.00146484375
trained,category-algebra-a4-transformer-seed17,transformer,algebra_a4,17,inverse|compose|right_multiply_simple|bruhat_leq,left_to_right_minima,positional,embedding,1e-06,0.0,6144,2048,8192,0.0,0.0,0.9857920972831147,0.3160400390625,0.307373046875,0.0086669921875
trained,category-algebra-a4-transformer-seed17,transformer,algebra_a4,17,inverse|compose|right_multiply_simple|bruhat_leq,right_to_left_maxima,positional,embedding,1e-06,0.0,6144,2048,8192,0.0,0.0,1.0300600749281232,0.305908203125,0.3045654296875,0.0013427734375
trained,category-algebra-a4-transformer-seed17,transformer,algebra_a4,17,inverse|compose|right_multiply_simple|bruhat_leq,right_to_left_minima,positional,embedding,1e-06,0.0,6144,2048,8192,0.0,0.0,1.0276770844678722,0.3035888671875,0.2933349609375,0.01025390625
trained,category-algebra-a4-transformer-seed17,transformer,algebra_a4,17,inverse|compose|right_multiply_simple|bruhat_leq,cycle_count,cycle,embedding,1e-06,0.0,6144,2048,8192,1.1102230246251565e-16,0.0,0.9967724289122707,0.3077392578125,0.3079833984375,-0.000244140625
trained,category-algebra-a4-transformer-seed17,transformer,algebra_a4,17,inverse|compose|right_multiply_simple|bruhat_leq,two_cycle_count,cycle,embedding,1e-06,0.0,6144,2048,8192,0.0,0.0,1.0101702448488212,0.4593505859375,0.6026611328125,-0.143310546875
trained,category-algebra-a4-transformer-seed17,transformer,algebra_a4,17,inverse|compose|right_multiply_simple|bruhat_leq,three_cycle_count,cycle,embedding,1e-06,0.0,6144,2048,8192,0.0,0.0,1.0003236622577176,0.7235107421875,0.7235107421875,0.0
trained,category-algebra-a4-transformer-seed17,transformer,algebra_a4,17,inverse|compose|right_multiply_simple|bruhat_leq,even_cycle_count,cycle,embedding,1e-06,0.0,6144,2048,8192,0.0,0.0,1.0111505563890062,0.3974609375,0.40771484375,-0.01025390625
trained,category-algebra-a4-transformer-seed17,transformer,algebra_a4,17,inverse|compose|right_multiply_simple|bruhat_leq,odd_cycle_count,cycle,embedding,1e-06,0.0,6144,2048,8192,0.0,0.0,0.9928792526047006,0.3057861328125,0.5802001953125,-0.2744140625
trained,category-algebra-a4-transformer-seed17,transformer,algebra_a4,17,inverse|compose|right_multiply_simple|bruhat_leq,longest_cycle,cycle,embedding,10.0,0.0,6144,2048,8192,0.0,0.0,1.002388866359531,0.1435546875,0.1644287109375,-0.0208740234375
trained,category-algebra-a4-transformer-seed17,transformer,algebra_a4,17,inverse|compose|right_multiply_simple|bruhat_leq,shortest_cycle,cycle,embedding,1e-06,0.0,6144,2048,8192,0.0,0.0,1.004064219330732,0.1092529296875,0.6358642578125,-0.526611328125
trained,category-algebra-a4-transformer-seed17,transformer,algebra_a4,17,inverse|compose|right_multiply_simple|bruhat_leq,nontrivial_cycle_count,cycle,embedding,1e-06,0.0,6144,2048,8192,0.0,0.0,1.0147479301353286,0.4290771484375,0.4312744140625,-0.002197265625
trained,category-algebra-a4-transformer-seed17,transformer,algebra_a4,17,inverse|compose|right_multiply_simple|bruhat_leq,lis_length,global_run,embedding,1e-06,0.0,6144,2048,8192,0.0,-0.008531632294722436,1.022679339029915,0.390869140625,0.39697265625,-0.006103515625
trained,category-algebra-a4-transformer-seed17,transformer,algebra_a4,17,inverse|compose|right_multiply_simple|bruhat_leq,lds_length,global_run,embedding,1e-06,0.0,6144,2048,8192,0.0,-0.016859227552417245,1.0371136011049422,0.38720703125,0.396484375,-0.00927734375
trained,category-algebra-a4-transformer-seed17,transformer,algebra_a4,17,inverse|compose|right_multiply_simple|bruhat_leq,longest_increasing_run,global_run,embedding,1e-06,0.0,6144,2048,8192,0.0,0.0,1.0681850394483854,0.4554443359375,0.5040283203125,-0.048583984375
trained,category-algebra-a4-transformer-seed17,transformer,algebra_a4,17,inverse|compose|right_multiply_simple|bruhat_leq,longest_decreasing_run,global_run,embedding,1e-06,0.0,6144,2048,8192,0.0,0.007809283919644663,1.1023380059178607,0.459716796875,0.5018310546875,-0.0421142578125
trained,category-algebra-a4-transformer-seed17,transformer,algebra_a4,17,inverse|compose|right_multiply_simple|bruhat_leq,global_descents,global_run,embedding,1e-06,0.0,6144,2048,8192,0.0,0.0,1.2434738264527403,0.7889404296875,0.8125,-0.0235595703125
trained,category-algebra-a4-transformer-seed17,transformer,algebra_a4,17,inverse|compose|right_multiply_simple|bruhat_leq,components,global_run,embedding,1e-06,0.0,6144,2048,8192,0.0,0.002053204252047709,1.241825229327309,0.7493896484375,0.804931640625,-0.0555419921875
trained,category-algebra-a4-transformer-seed17,transformer,algebra_a4,17,inverse|compose|right_multiply_simple|bruhat_leq,max_displacement,global_run,embedding,1e-06,0.0,6144,2048,8192,0.0,-0.013615702460106382,1.0210438164840894,0.238037109375,0.2574462890625,-0.0194091796875
trained,category-algebra-a4-transformer-seed17,transformer,algebra_a4,17,inverse|compose|right_multiply_simple|bruhat_leq,displacement_one_count,global_run,embedding,1.0,0.0,6144,2048,8192,0.0,0.0,0.9899467911205587,0.2646484375,0.3072509765625,-0.0426025390625
trained,category-algebra-a4-transformer-seed17,transformer,algebra_a4,17,inverse|compose|right_multiply_simple|bruhat_leq,descents,local,block_01,0.01,0.18168731323558007,6144,2048,8192,0.1918429801995396,0.4381892257254215,0.9178862513200208,0.38623046875,0.3338623046875,0.0523681640625
trained,category-algebra-a4-transformer-seed17,transformer,algebra_a4,17,inverse|compose|right_multiply_simple|bruhat_leq,recoils,local,block_01,0.001,0.16105115487796384,6144,2048,8192,0.18278475665968352,0.4275627830039846,0.9146002843222324,0.3839111328125,0.33642578125,0.0474853515625
trained,category-algebra-a4-transformer-seed17,transformer,algebra_a4,17,inverse|compose|right_multiply_simple|bruhat_leq,peaks,local,block_01,0.001,0.0892021302404481,6144,2048,8192,0.127755274414882,0.35814469510258634,0.9219873907360447,0.4940185546875,0.4635009765625,0.030517578125
trained,category-algebra-a4-transformer-seed17,transformer,algebra_a4,17,inverse|compose|right_multiply_simple|bruhat_leq,valleys,local,block_01,0.001,0.13052670711496728,6144,2048,8192,0.12898380076983829,0.36026286906253113,0.9264206229158918,0.4754638671875,0.45556640625,0.0198974609375
trained,category-algebra-a4-transformer-seed17,transformer,algebra_a4,17,inverse|compose|right_multiply_simple|bruhat_leq,double_ascents,local,block_01,0.01,0.11596351542906425,6144,2048,8192,0.12196679787404408,0.3496609886128221,0.9492018535220768,0.3504638671875,0.344482421875,0.0059814453125
trained,category-algebra-a4-transformer-seed17,transformer,algebra_a4,17,inverse|compose|right_multiply_simple|bruhat_leq,double_descents,local,block_01,0.01,0.12717723838306394,6144,2048,8192,0.12503555057522187,0.35362794758893573,0.9319122824254169,0.35302734375,0.3399658203125,0.0130615234375
trained,category-algebra-a4-transformer-seed17,transformer,algebra_a4,17,inverse|compose|right_multiply_simple|bruhat_leq,successions,local,block_01,0.001,0.1254874370910124,6144,2048,8192,0.15047835956439082,0.3879366057209377,0.9840949342311639,0.3616943359375,0.398681640625,-0.0369873046875
trained,category-algebra-a4-transformer-seed17,transformer,algebra_a4,17,inverse|compose|right_multiply_simple|bruhat_leq,adjacencies,local,block_01,0.001,0.15985197354430714,6144,2048,8192,0.20371452141587965,0.45222535729706065,0.9323238420622162,0.3350830078125,0.329345703125,0.0057373046875
trained,category-algebra-a4-transformer-seed17,transformer,algebra_a4,17,inverse|compose|right_multiply_simple|bruhat_leq,fixed_points,positional,block_01,0.001,0.2487824658547928,6144,2048,8192,0.2726353277632627,0.5221495908079091,0.8635548892726825,0.4530029296875,0.369873046875,0.0831298828125
trained,category-algebra-a4-transformer-seed17,transformer,algebra_a4,17,inverse|compose|right_multiply_simple|bruhat_leq,anti_fixed_points,positional,block_01,0.001,0.2484751650774505,6144,2048,8192,0.25226933566897525,0.5022208679825501,0.8626327356129404,0.42333984375,0.37939453125,0.0439453125
trained,category-algebra-a4-transformer-seed17,transformer,algebra_a4,17,inverse|compose|right_multiply_simple|bruhat_leq,exceedances,positional,block_01,0.001,0.4011993536013777,6144,2048,8192,0.3969774271957891,0.6302497749035617,0.7740164624297493,0.4527587890625,0.3426513671875,0.110107421875
trained,category-algebra-a4-transformer-seed17,transformer,algebra_a4,17,inverse|compose|right_multiply_simple|bruhat_leq,deficiencies,positional,block_01,0.001,0.30494078481824594,6144,2048,8192,0.3306416173924961,0.5751610024733731,0.8196457462323414,0.4359130859375,0.34033203125,0.0955810546875
trained,category-algebra-a4-transformer-seed17,transformer,algebra_a4,17,inverse|compose|right_multiply_simple|bruhat_leq,left_to_right_maxima,positional,block_01,0.001,0.20318829151587392,6144,2048,8192,0.22203171300434643,0.47082155534085357,0.9025860865703469,0.365478515625,0.3026123046875,0.0628662109375
trained,category-algebra-a4-transformer-seed17,transformer,algebra_a4,17,inverse|compose|right_multiply_simple|bruhat_leq,left_to_right_minima,positional,block_01,0.0001,0.3583650458323532,6144,2048,8192,0.36644999983225846,0.6062294351515535,0.784649640211587,0.41943359375,0.307373046875,0.112060546875
trained,category-algebra-a4-transformer-seed17,transformer,algebra_a4,17,inverse|compose|right_multiply_simple|bruhat_leq,right_to_left_maxima,positional,block_01,0.0001,0.5427838563349668,6144,2048,8192,0.5691330771737709,0.7543951325550979,0.6761361117690343,0.4771728515625,0.3045654296875,0.172607421875
trained,category-algebra-a4-transformer-seed17,transformer,algebra_a4,17,inverse|compose|right_multiply_simple|bruhat_leq,right_to_left_minima,positional,block_01,0.0001,0.6744162489044754,6144,2048,8192,0.6504734888664347,0.8065208281835057,0.6075705764169141,0.53369140625,0.2933349609375,0.2403564453125
trained,category-algebra-a4-transformer-seed17,transformer,algebra_a4,17,inverse|compose|right_multiply_simple|bruhat_leq,cycle_count,cycle,block_01,0.001,0.15597448964453542,6144,2048,8192,0.175373376616751,0.42012166206153034,0.9051586223422813,0.3570556640625,0.3079833984375,0.049072265625
trained,category-algebra-a4-transformer-seed17,transformer,algebra_a4,17,inverse|compose|right_multiply_simple|bruhat_leq,two_cycle_count,cycle,block_01,0.01,0.045659081790156986,6144,2048,8192,0.028340298060439695,0.1724961890107749,0.9957531012403448,0.4849853515625,0.6026611328125,-0.11767578125
trained,category-algebra-a4-transformer-seed17,transformer,algebra_a4,17,inverse|compose|right_multiply_simple|bruhat_leq,three_cycle_count,cycle,block_01,10.0,0.0003661789826705508,6144,2048,8192,0.0006987543986294309,0.027608714285813487,0.9999741109048828,0.7235107421875,0.7235107421875,0.0
trained,category-algebra-a4-transformer-seed17,transformer,algebra_a4,17,inverse|compose|right_multiply_simple|bruhat_leq,even_cycle_count,cycle,block_01,0.01,0.03806696156060008,6144,2048,8192,0.03210478346354306,0.1801338133600326,0.9947867611102532,0.41748046875,0.40771484375,0.009765625
trained,category-algebra-a4-transformer-seed17,transformer,algebra_a4,17,inverse|compose|right_multiply_simple|bruhat_leq,odd_cycle_count,cycle,block_01,0.001,0.17472785091594145,6144,2048,8192,0.19380327553957788,0.4408219137724862,0.8914909737337661,0.3594970703125,0.5802001953125,-0.220703125
trained,category-algebra-a4-transformer-seed17,transformer,algebra_a4,17,inverse|compose|right_multiply_simple|bruhat_leq,longest_cycle,cycle,block_01,0.01,0.06980023190642926,6144,2048,8192,0.07427612017443785,0.2726831760677701,0.964443893602563,0.1778564453125,0.1644287109375,0.013427734375
trained,category-algebra-a4-transformer-seed17,transformer,algebra_a4,17,inverse|compose|right_multiply_simple|bruhat_leq,shortest_cycle,cycle,block_01,0.01,0.08402520665054569,6144,2048,8192,0.0802027450092081,0.28319802816494516,0.96295844337049,0.180419921875,0.6358642578125,-0.4554443359375
trained,category-algebra-a4-transformer-seed17,transformer,algebra_a4,17,inverse|compose|right_multiply_simple|bruhat_leq,nontrivial_cycle_count,cycle,block_01,0.01,0.07867345638565948,6144,2048,8192,0.06045146544096269,0.24631048476958037,0.9835983326613492,0.4534912109375,0.4312744140625,0.022216796875
trained,category-algebra-a4-transformer-seed17,transformer,algebra_a4,17,inverse|compose|right_multiply_simple|bruhat_leq,lis_length,global_run,block_01,0.0001,0.3911685681846244,6144,2048,8192,0.41649377226994144,0.6454763132213855,0.7811999914869493,0.4654541015625,0.39697265625,0.0684814453125
trained,category-algebra-a4-transformer-seed17,transformer,algebra_a4,17,inverse|compose|right_multiply_simple|bruhat_leq,lds_length,global_run,block_01,0.0001,0.3910227130923265,6144,2048,8192,0.4100635474634279,0.6402649250352652,0.7965791704512454,0.47705078125,0.396484375,0.08056640625
trained,category-algebra-a4-transformer-seed17,transformer,algebra_a4,17,inverse|compose|right_multiply_simple|bruhat_leq,longest_increasing_run,global_run,block_01,0.001,0.1935308402626551,6144,2048,8192,0.20782663032281556,0.4563812571121666,0.9507287135229707,0.4725341796875,0.5040283203125,-0.031494140625
trained,category-algebra-a4-transformer-seed17,transformer,algebra_a4,17,inverse|compose|right_multiply_simple|bruhat_leq,longest_decreasing_run,global_run,block_01,0.01,0.1594024839809074,6144,2048,8192,0.19457375835888857,0.4503309419497243,0.9892992246873437,0.480712890625,0.5018310546875,-0.0211181640625
trained,category-algebra-a4-transformer-seed17,transformer,algebra_a4,17,inverse|compose|right_multiply_simple|bruhat_leq,global_descents,global_run,block_01,0.0001,0.30386794154384544,6144,2048,8192,0.41997152612270816,0.6526366023158572,0.947024697769117,0.8626708984375,0.8125,0.0501708984375
trained,category-algebra-a4-transformer-seed17,transformer,algebra_a4,17,inverse|compose|right_multiply_simple|bruhat_leq,components,global_run,block_01,0.0001,0.21881355604217656,6144,2048,8192,0.30861176730910733,0.5573184655179025,1.032574678304088,0.809326171875,0.804931640625,0.00439453125
trained,category-algebra-a4-transformer-seed17,transformer,algebra_a4,17,inverse|compose|right_multiply_simple|bruhat_leq,max_displacement,global_run,block_01,0.001,0.4843769989960337,6144,2048,8192,0.48347079493184686,0.6953632766729201,0.7338238464401748,0.4273681640625,0.2574462890625,0.169921875
trained,category-algebra-a4-transformer-seed17,transformer,algebra_a4,17,inverse|compose|right_multiply_simple|bruhat_leq,displacement_one_count,global_run,block_01,0.001,0.20580263875755234,6144,2048,8192,0.23118179684586115,0.4810713980818892,0.8680079062640915,0.361083984375,0.3072509765625,0.0538330078125
trained,category-algebra-a4-transformer-seed17,transformer,algebra_a4,17,inverse|compose|right_multiply_simple|bruhat_leq,descents,local,block_02,0.001,0.2002172203848892,6144,2048,8192,0.21927232084164316,0.4677730693211946,0.9021749792579544,0.386962890625,0.3338623046875,0.0531005859375
trained,category-algebra-a4-transformer-seed17,transformer,algebra_a4,17,inverse|compose|right_multiply_simple|bruhat_leq,recoils,local,block_02,0.0001,0.1824060476196293,6144,2048,8192,0.19547621987509667,0.44413679335055256,0.9074705615819584,0.3900146484375,0.33642578125,0.0535888671875
trained,category-algebra-a4-transformer-seed17,transformer,algebra_a4,17,inverse|compose|right_multiply_simple|bruhat_leq,peaks,local,block_02,0.001,0.1415512144473169,6144,2048,8192,0.1556800165756662,0.39490187850733627,0.9071087157243976,0.4920654296875,0.4635009765625,0.028564453125
trained,category-algebra-a4-transformer-seed17,transformer,algebra_a4,17,inverse|compose|right_multiply_simple|bruhat_leq,valleys,local,block_02,0.001,0.14267374216822404,6144,2048,8192,0.14182108131330307,0.3771702993559758,0.9195683583251035,0.4727783203125,0.45556640625,0.0172119140625
trained,category-algebra-a4-transformer-seed17,transformer,algebra_a4,17,inverse|compose|right_multiply_simple|bruhat_leq,double_ascents,local,block_02,0.001,0.13438514001636703,6144,2048,8192,0.15811461822023176,0.39729561536613595,0.9294576206495686,0.35107421875,0.344482421875,0.006591796875
trained,category-algebra-a4-transformer-seed17,transformer,algebra_a4,17,inverse|compose|right_multiply_simple|bruhat_leq,double_descents,local,block_02,0.001,0.13730239622025686,6144,2048,8192,0.14094849714690272,0.3754104577239781,0.9233990700754036,0.35546875,0.3399658203125,0.0155029296875
trained,category-algebra-a4-transformer-seed17,transformer,algebra_a4,17,inverse|compose|right_multiply_simple|bruhat_leq,successions,local,block_02,0.001,0.14498559288317348,6144,2048,8192,0.1895733199353432,0.43655958600383377,0.961184232702866,0.3878173828125,0.398681640625,-0.0108642578125
trained,category-algebra-a4-transformer-seed17,transformer,algebra_a4,17,inverse|compose|right_multiply_simple|bruhat_leq,adjacencies,local,block_02,0.001,0.19295902304586587,6144,2048,8192,0.2408311569466558,0.4919377879992419,0.9103357126687427,0.340576171875,0.329345703125,0.01123046875
trained,category-algebra-a4-transformer-seed17,transformer,algebra_a4,17,inverse|compose|right_multiply_simple|bruhat_leq,fixed_points,positional,block_02,1e-05,0.34380502166595395,6144,2048,8192,0.3478897667499551,0.5909332311022537,0.8176630136939341,0.4786376953125,0.369873046875,0.1087646484375
trained,category-algebra-a4-transformer-seed17,transformer,algebra_a4,17,inverse|compose|right_multiply_simple|bruhat_leq,anti_fixed_points,positional,block_02,0.001,0.27519362088183963,6144,2048,8192,0.28804875388974793,0.5366416576338255,0.8417409708350404,0.4287109375,0.37939453125,0.04931640625
trained,category-algebra-a4-transformer-seed17,transformer,algebra_a4,17,inverse|compose|right_multiply_simple|bruhat_leq,exceedances,positional,block_02,0.0001,0.5107988662988506,6144,2048,8192,0.4962454745573549,0.7053727884815851,0.7074453451905549,0.4935302734375,0.3426513671875,0.15087890625
trained,category-algebra-a4-transformer-seed17,transformer,algebra_a4,17,inverse|compose|right_multiply_simple|bruhat_leq,deficiencies,positional,block_02,0.0001,0.45839922481258677,6144,2048,8192,0.47853665785559807,0.691645730574338,0.7234503447541836,0.491943359375,0.34033203125,0.151611328125
trained,category-algebra-a4-transformer-seed17,transformer,algebra_a4,17,inverse|compose|right_multiply_simple|bruhat_leq,left_to_right_maxima,positional,block_02,0.0001,0.2787709766509283,6144,2048,8192,0.3119136786920531,0.5581395273336481,0.8488464757158087,0.3887939453125,0.3026123046875,0.086181640625
trained,category-algebra-a4-transformer-seed17,transformer,algebra_a4,17,inverse|compose|right_multiply_simple|bruhat_leq,left_to_right_minima,positional,block_02,1e-05,0.416339602232248,6144,2048,8192,0.3967855530288581,0.6311807118213559,0.7656339792574955,0.4278564453125,0.307373046875,0.1204833984375
trained,category-algebra-a4-transformer-seed17,transformer,algebra_a4,17,inverse|compose|right_multiply_simple|bruhat_leq,right_to_left_maxima,positional,block_02,0.0001,0.572931772698169,6144,2048,8192,0.5938246328458197,0.7705913776179316,0.6564767432659662,0.489990234375,0.3045654296875,0.1854248046875
trained,category-algebra-a4-transformer-seed17,transformer,algebra_a4,17,inverse|compose|right_multiply_simple|bruhat_leq,right_to_left_minima,positional,block_02,0.0001,0.6971446960257279,6144,2048,8192,0.6827680650393223,0.8263464220780882,0.578822124150267,0.53076171875,0.2933349609375,0.2374267578125
trained,category-algebra-a4-transformer-seed17,transformer,algebra_a4,17,inverse|compose|right_multiply_simple|bruhat_leq,cycle_count,cycle,block_02,0.001,0.23330716666108609,6144,2048,8192,0.22772406160137437,0.47804523966178863,0.8759559534486675,0.365478515625,0.3079833984375,0.0574951171875
trained,category-algebra-a4-transformer-seed17,transformer,algebra_a4,17,inverse|compose|right_multiply_simple|bruhat_leq,two_cycle_count,cycle,block_02,0.01,0.04507725366884985,6144,2048,8192,0.03605664883999404,0.19141171924125325,0.9917913769359825,0.4945068359375,0.6026611328125,-0.108154296875
trained,category-algebra-a4-transformer-seed17,transformer,algebra_a4,17,inverse|compose|right_multiply_simple|bruhat_leq,three_cycle_count,cycle,block_02,0.1,0.002071644002783035,6144,2048,8192,0.004935553838943507,0.07068908150398677,0.9978520331250103,0.723388671875,0.7235107421875,-0.0001220703125
trained,category-algebra-a4-transformer-seed17,transformer,algebra_a4,17,inverse|compose|right_multiply_simple|bruhat_leq,even_cycle_count,cycle,block_02,0.01,0.0436600451935798,6144,2048,8192,0.03613181944796395,0.19061655508475647,0.99271514343794,0.412841796875,0.40771484375,0.005126953125
trained,category-algebra-a4-transformer-seed17,transformer,algebra_a4,17,inverse|compose|right_multiply_simple|bruhat_leq,odd_cycle_count,cycle,block_02,0.001,0.24046952655953724,6144,2048,8192,0.23807979940781476,0.48837901632448216,0.8666648436515061,0.36474609375,0.5802001953125,-0.2154541015625
trained,category-algebra-a4-transformer-seed17,transformer,algebra_a4,17,inverse|compose|right_multiply_simple|bruhat_leq,longest_cycle,cycle,block_02,0.01,0.088291486706082,6144,2048,8192,0.08737107667418653,0.2957372064405614,0.9575982604812108,0.180908203125,0.1644287109375,0.0164794921875
trained,category-algebra-a4-transformer-seed17,transformer,algebra_a4,17,inverse|compose|right_multiply_simple|bruhat_leq,shortest_cycle,cycle,block_02,0.001,0.11879617987962376,6144,2048,8192,0.10956525442589604,0.3323616797052918,0.9474636129576259,0.2230224609375,0.6358642578125,-0.412841796875
trained,category-algebra-a4-transformer-seed17,transformer,algebra_a4,17,inverse|compose|right_multiply_simple|bruhat_leq,nontrivial_cycle_count,cycle,block_02,0.01,0.08497613794327452,6144,2048,8192,0.06922203687473238,0.26315629307021293,0.9789966830479903,0.454345703125,0.4312744140625,0.0230712890625
trained,category-algebra-a4-transformer-seed17,transformer,algebra_a4,17,inverse|compose|right_multiply_simple|bruhat_leq,lis_length,global_run,block_02,0.001,0.4234391678608769,6144,2048,8192,0.44316367282107283,0.666185946271449,0.7631383210055916,0.47412109375,0.39697265625,0.0771484375
trained,category-algebra-a4-transformer-seed17,transformer,algebra_a4,17,inverse|compose|right_multiply_simple|bruhat_leq,lds_length,global_run,block_02,0.001,0.437607448313296,6144,2048,8192,0.4539805123399292,0.6739971224286444,0.7663557166284612,0.4874267578125,0.396484375,0.0909423828125
trained,category-algebra-a4-transformer-seed17,transformer,algebra_a4,17,inverse|compose|right_multiply_simple|bruhat_leq,longest_increasing_run,global_run,block_02,0.001,0.20267413219077424,6144,2048,8192,0.23572828950401725,0.4868950714538511,0.9338355078326791,0.4814453125,0.5040283203125,-0.0225830078125
trained,category-algebra-a4-transformer-seed17,transformer,algebra_a4,17,inverse|compose|right_multiply_simple|bruhat_leq,longest_decreasing_run,global_run,block_02,0.001,0.1861219320799542,6144,2048,8192,0.23986816967455893,0.4922669835478729,0.9610793379111405,0.4970703125,0.5018310546875,-0.0047607421875
trained,category-algebra-a4-transformer-seed17,transformer,algebra_a4,17,inverse|compose|right_multiply_simple|bruhat_leq,global_descents,global_run,block_02,1e-06,0.34415144429973965,6144,2048,8192,0.42662853129398315,0.6559998503150731,0.9415744983824097,0.8677978515625,0.8125,0.0552978515625
trained,category-algebra-a4-transformer-seed17,transformer,algebra_a4,17,inverse|compose|right_multiply_simple|bruhat_leq,components,global_run,block_02,1e-06,0.28535182943578685,6144,2048,8192,0.38364117964329136,0.6211520957379957,0.974938647362117,0.821533203125,0.804931640625,0.0166015625
trained,category-algebra-a4-transformer-seed17,transformer,algebra_a4,17,inverse|compose|right_multiply_simple|bruhat_leq,max_displacement,global_run,block_02,0.0001,0.5386367479488969,6144,2048,8192,0.5429849896638346,0.7367898834985686,0.6902550803075161,0.43408203125,0.2574462890625,0.1766357421875
trained,category-algebra-a4-transformer-seed17,transformer,algebra_a4,17,inverse|compose|right_multiply_simple|bruhat_leq,displacement_one_count,global_run,block_02,0.001,0.23576344869760513,6144,2048,8192,0.26107178181808,0.510979107543609,0.8509675081917275,0.369873046875,0.3072509765625,0.0626220703125
trained,category-algebra-a4-transformer-seed17,transformer,algebra_a4,17,inverse|compose|right_multiply_simple|bruhat_leq,descents,local,block_03,0.001,0.18835409211189347,6144,2048,8192,0.22098144395271768,0.4697723419417385,0.9011869440262137,0.385498046875,0.3338623046875,0.0516357421875
trained,category-algebra-a4-transformer-seed17,transformer,algebra_a4,17,inverse|compose|right_multiply_simple|bruhat_leq,recoils,local,block_03,0.001,0.17126876165777472,6144,2048,8192,0.19630625454626982,0.4430078848382972,0.9070023178661089,0.3885498046875,0.33642578125,0.0521240234375
trained,category-algebra-a4-transformer-seed17,transformer,algebra_a4,17,inverse|compose|right_multiply_simple|bruhat_leq,peaks,local,block_03,0.001,0.13768579131839787,6144,2048,8192,0.15878322845416193,0.39886474243181413,0.9054401884616088,0.48681640625,0.4635009765625,0.0233154296875
trained,category-algebra-a4-transformer-seed17,transformer,algebra_a4,17,inverse|compose|right_multiply_simple|bruhat_leq,valleys,local,block_03,0.001,0.16663843715160986,6144,2048,8192,0.16924760121121885,0.41225931507709296,0.9047548090206754,0.483154296875,0.45556640625,0.027587890625
trained,category-algebra-a4-transformer-seed17,transformer,algebra_a4,17,inverse|compose|right_multiply_simple|bruhat_leq,double_ascents,local,block_03,0.001,0.12268906916198452,6144,2048,8192,0.15334185557452107,0.39181748496307867,0.9320885079895016,0.3486328125,0.344482421875,0.004150390625
trained,category-algebra-a4-transformer-seed17,transformer,algebra_a4,17,inverse|compose|right_multiply_simple|bruhat_leq,double_descents,local,block_03,0.01,0.13273283081837317,6144,2048,8192,0.13385764315871806,0.3659894110325885,0.9272022366017357,0.3575439453125,0.3399658203125,0.017578125
trained,category-algebra-a4-transformer-seed17,transformer,algebra_a4,17,inverse|compose|right_multiply_simple|bruhat_leq,successions,local,block_03,0.001,0.13812206562742435,6144,2048,8192,0.1876198647726509,0.43395601761418,0.9623419563118241,0.377197265625,0.398681640625,-0.021484375
trained,category-algebra-a4-transformer-seed17,transformer,algebra_a4,17,inverse|compose|right_multiply_simple|bruhat_leq,adjacencies,local,block_03,0.001,0.20666544267456777,6144,2048,8192,0.2459879806881008,0.4973582364577425,0.9072386150604321,0.347412109375,0.329345703125,0.01806640625
trained,category-algebra-a4-transformer-seed17,transformer,algebra_a4,17,inverse|compose|right_multiply_simple|bruhat_leq,fixed_points,positional,block_03,0.0001,0.32681637636106387,6144,2048,8192,0.3344793632480929,0.5796978954725679,0.8260276957135498,0.4713134765625,0.369873046875,0.1014404296875
trained,category-algebra-a4-transformer-seed17,transformer,algebra_a4,17,inverse|compose|right_multiply_simple|bruhat_leq,anti_fixed_points,positional,block_03,0.001,0.29396537356707764,6144,2048,8192,0.2890063621238803,0.5376008207609765,0.8411746895635892,0.4434814453125,0.37939453125,0.0640869140625
trained,category-algebra-a4-transformer-seed17,transformer,algebra_a4,17,inverse|compose|right_multiply_simple|bruhat_leq,exceedances,positional,block_03,0.0001,0.5266239750557428,6144,2048,8192,0.5182522355588485,0.720181237251989,0.6918202454396214,0.489501953125,0.3426513671875,0.1468505859375
trained,category-algebra-a4-transformer-seed17,transformer,algebra_a4,17,inverse|compose|right_multiply_simple|bruhat_leq,deficiencies,positional,block_03,0.0001,0.45706572865690154,6144,2048,8192,0.4849277625712156,0.6965218197528348,0.7190033386210514,0.477783203125,0.34033203125,0.137451171875
trained,category-algebra-a4-transformer-seed17,transformer,algebra_a4,17,inverse|compose|right_multiply_simple|bruhat_leq,left_to_right_maxima,positional,block_03,0.0001,0.2867216754896871,6144,2048,8192,0.32383147494100684,0.5685564222743064,0.8414632688572219,0.3836669921875,0.3026123046875,0.0810546875
trained,category-algebra-a4-transformer-seed17,transformer,algebra_a4,17,inverse|compose|right_multiply_simple|bruhat_leq,left_to_right_minima,positional,block_03,1e-06,0.43755760075654104,6144,2048,8192,0.4166524024575302,0.6463082064295733,0.7529203562670645,0.4312744140625,0.307373046875,0.1239013671875
trained,category-algebra-a4-transformer-seed17,transformer,algebra_a4,17,inverse|compose|right_multiply_simple|bruhat_leq,right_to_left_maxima,positional,block_03,0.0001,0.5792610739644963,6144,2048,8192,0.5892333246906096,0.7676383231811951,0.6601766441505538,0.482177734375,0.3045654296875,0.1776123046875
trained,category-algebra-a4-transformer-seed17,transformer,algebra_a4,17,inverse|compose|right_multiply_simple|bruhat_leq,right_to_left_minima,positional,block_03,0.001,0.6986759186713996,6144,2048,8192,0.6777781905065816,0.8238800822544661,0.5833566307543987,0.548828125,0.2933349609375,0.2554931640625
trained,category-algebra-a4-transformer-seed17,transformer,algebra_a4,17,inverse|compose|right_multiply_simple|bruhat_leq,cycle_count,cycle,block_03,0.001,0.22816226547970153,6144,2048,8192,0.21917982770246547,0.4695862266314463,0.8807882838932395,0.3685302734375,0.3079833984375,0.060546875
trained,category-algebra-a4-transformer-seed17,transformer,algebra_a4,17,inverse|compose|right_multiply_simple|bruhat_leq,two_cycle_count,cycle,block_03,0.01,0.03172202087634457,6144,2048,8192,0.03857373048557644,0.19748862715200485,0.9904956308304383,0.5003662109375,0.6026611328125,-0.102294921875
trained,category-algebra-a4-transformer-seed17,transformer,algebra_a4,17,inverse|compose|right_multiply_simple|bruhat_leq,three_cycle_count,cycle,block_03,0.1,0.0036583238693366216,6144,2048,8192,0.0018832090752722852,0.053960039438887546,0.9993813090871463,0.7227783203125,0.7235107421875,-0.000732421875
trained,category-algebra-a4-transformer-seed17,transformer,algebra_a4,17,inverse|compose|right_multiply_simple|bruhat_leq,even_cycle_count,cycle,block_03,0.01,0.026150085895114028,6144,2048,8192,0.036515063014466054,0.1918845831280949,0.992517767113494,0.412841796875,0.40771484375,0.005126953125
trained,category-algebra-a4-transformer-seed17,transformer,algebra_a4,17,inverse|compose|right_multiply_simple|bruhat_leq,odd_cycle_count,cycle,block_03,0.001,0.22387230187359797,6144,2048,8192,0.232978591715863,0.4832595284724951,0.8695612507164912,0.3760986328125,0.5802001953125,-0.2041015625
trained,category-algebra-a4-transformer-seed17,transformer,algebra_a4,17,inverse|compose|right_multiply_simple|bruhat_leq,longest_cycle,cycle,block_03,0.01,0.09159767296815247,6144,2048,8192,0.08359987008739211,0.289382814776796,0.9595747362251748,0.181396484375,0.1644287109375,0.0169677734375
trained,category-algebra-a4-transformer-seed17,transformer,algebra_a4,17,inverse|compose|right_multiply_simple|bruhat_leq,shortest_cycle,cycle,block_03,0.001,0.10818399066292428,6144,2048,8192,0.10203246123495924,0.321691457780579,0.9514627924111492,0.2144775390625,0.6358642578125,-0.42138671875
trained,category-algebra-a4-transformer-seed17,transformer,algebra_a4,17,inverse|compose|right_multiply_simple|bruhat_leq,nontrivial_cycle_count,cycle,block_03,0.01,0.07255614458214943,6144,2048,8192,0.06220288624128234,0.2501348900815217,0.9826811378133363,0.4515380859375,0.4312744140625,0.020263671875
trained,category-algebra-a4-transformer-seed17,transformer,algebra_a4,17,inverse|compose|right_multiply_simple|bruhat_leq,lis_length,global_run,block_03,0.001,0.41902245699743046,6144,2048,8192,0.4553515779178584,0.6750620132539814,0.7547404161355558,0.479248046875,0.39697265625,0.082275390625
trained,category-algebra-a4-transformer-seed17,transformer,algebra_a4,17,inverse|compose|right_multiply_simple|bruhat_leq,lds_length,global_run,block_03,0.001,0.4465284819635388,6144,2048,8192,0.45343953513168767,0.6737040871422658,0.7667352620001806,0.49169921875,0.396484375,0.09521484375
trained,category-algebra-a4-transformer-seed17,transformer,algebra_a4,17,inverse|compose|right_multiply_simple|bruhat_leq,longest_increasing_run,global_run,block_03,0.001,0.2046617234173116,6144,2048,8192,0.2401041873611205,0.49088539677887605,0.931158295819465,0.48291015625,0.5040283203125,-0.0211181640625
trained,category-algebra-a4-transformer-seed17,transformer,algebra_a4,17,inverse|compose|right_multiply_simple|bruhat_leq,longest_decreasing_run,global_run,block_03,0.001,0.19306303886334342,6144,2048,8192,0.24474128613164892,0.4984941674208019,0.9579937008058068,0.4931640625,0.5018310546875,-0.0086669921875
trained,category-algebra-a4-transformer-seed17,transformer,algebra_a4,17,inverse|compose|right_multiply_simple|bruhat_leq,global_descents,global_run,block_03,1e-06,0.3372845911636222,6144,2048,8192,0.41781224152499263,0.6493802177183616,0.9487858149601124,0.8648681640625,0.8125,0.0523681640625
trained,category-algebra-a4-transformer-seed17,transformer,algebra_a4,17,inverse|compose|right_multiply_simple|bruhat_leq,components,global_run,block_03,1e-06,0.2880857854522614,6144,2048,8192,0.36877139018853844,0.6084621960625232,0.9866288628699423,0.81689453125,0.804931640625,0.011962890625
trained,category-algebra-a4-transformer-seed17,transformer,algebra_a4,17,inverse|compose|right_multiply_simple|bruhat_leq,max_displacement,global_run,block_03,0.0001,0.5468646420085062,6144,2048,8192,0.5446393537019868,0.7378849463805983,0.6890046088115227,0.4307861328125,0.2574462890625,0.17333984375
trained,category-algebra-a4-transformer-seed17,transformer,algebra_a4,17,inverse|compose|right_multiply_simple|bruhat_leq,displacement_one_count,global_run,block_03,0.001,0.2562399591458142,6144,2048,8192,0.27721840076839765,0.5265398874090834,0.8416187378042682,0.3719482421875,0.3072509765625,0.064697265625
trained,category-algebra-a4-transformer-seed17,transformer,algebra_a4,17,inverse|compose|right_multiply_simple|bruhat_leq,descents,local,block_04,0.001,0.1827095899895217,6144,2048,8192,0.20944859152630824,0.4572873505598984,0.907833173289117,0.388427734375,0.3338623046875,0.0545654296875
trained,category-algebra-a4-transformer-seed17,transformer,algebra_a4,17,inverse|compose|right_multiply_simple|bruhat_leq,recoils,local,block_04,0.001,0.15766863996407054,6144,2048,8192,0.17999316305360336,0.424360347859807,0.916161082182567,0.3865966796875,0.33642578125,0.0501708984375
trained,category-algebra-a4-transformer-seed17,transformer,algebra_a4,17,inverse|compose|right_multiply_simple|bruhat_leq,peaks,local,block_04,0.001,0.12770937183246012,6144,2048,8192,0.12944385327888674,0.3617127202628495,0.9210945205464945,0.4853515625,0.4635009765625,0.0218505859375
trained,category-algebra-a4-transformer-seed17,transformer,algebra_a4,17,inverse|compose|right_multiply_simple|bruhat_leq,valleys,local,block_04,0.001,0.15694770689350268,6144,2048,8192,0.14560654702642284,0.3828651355546818,0.917537988194288,0.479248046875,0.45556640625,0.023681640625
trained,category-algebra-a4-transformer-seed17,transformer,algebra_a4,17,inverse|compose|right_multiply_simple|bruhat_leq,double_ascents,local,block_04,0.01,0.10801195280863662,6144,2048,8192,0.12776658095716031,0.3583509819670367,0.9460617182868812,0.353515625,0.344482421875,0.009033203125
trained,category-algebra-a4-transformer-seed17,transformer,algebra_a4,17,inverse|compose|right_multiply_simple|bruhat_leq,double_descents,local,block_04,0.001,0.12127571034275686,6144,2048,8192,0.12595906242950572,0.35595390956502093,0.9314203428634618,0.3492431640625,0.3399658203125,0.00927734375
trained,category-algebra-a4-transformer-seed17,transformer,algebra_a4,17,inverse|compose|right_multiply_simple|bruhat_leq,successions,local,block_04,0.001,0.12188554134775109,6144,2048,8192,0.1487842124290446,0.3856317371852793,0.9850757045633008,0.3720703125,0.398681640625,-0.026611328125
trained,category-algebra-a4-transformer-seed17,transformer,algebra_a4,17,inverse|compose|right_multiply_simple|bruhat_leq,adjacencies,local,block_04,0.001,0.1464809265274052,6144,2048,8192,0.17963741001216227,0.4243360210077592,0.9463141113942243,0.3426513671875,0.329345703125,0.0133056640625
trained,category-algebra-a4-transformer-seed17,transformer,algebra_a4,17,inverse|compose|right_multiply_simple|bruhat_leq,fixed_points,positional,block_04,0.0001,0.27466742128703125,6144,2048,8192,0.27649431113037937,0.5275440654182775,0.8612610772008849,0.45068359375,0.369873046875,0.080810546875
trained,category-algebra-a4-transformer-seed17,transformer,algebra_a4,17,inverse|compose|right_multiply_simple|bruhat_leq,anti_fixed_points,positional,block_04,0.001,0.28143259379856855,6144,2048,8192,0.2885658044922986,0.5371123616248435,0.8414352604884723,0.4488525390625,0.37939453125,0.0694580078125
trained,category-algebra-a4-transformer-seed17,transformer,algebra_a4,17,inverse|compose|right_multiply_simple|bruhat_leq,exceedances,positional,block_04,0.001,0.4901645719990406,6144,2048,8192,0.49651687219229357,0.7045868157940933,0.7072547515078618,0.48583984375,0.3426513671875,0.1431884765625
trained,category-algebra-a4-transformer-seed17,transformer,algebra_a4,17,inverse|compose|right_multiply_simple|bruhat_leq,deficiencies,positional,block_04,0.0001,0.4025553634710155,6144,2048,8192,0.43253294378458884,0.6576584883921511,0.7546875109331002,0.463134765625,0.34033203125,0.122802734375
trained,category-algebra-a4-transformer-seed17,transformer,algebra_a4,17,inverse|compose|right_multiply_simple|bruhat_leq,left_to_right_maxima,positional,block_04,0.001,0.277202121379303,6144,2048,8192,0.28032843273741426,0.5288453340147201,0.8681102021064302,0.3741455078125,0.3026123046875,0.071533203125
trained,category-algebra-a4-transformer-seed17,transformer,algebra_a4,17,inverse|compose|right_multiply_simple|bruhat_leq,left_to_right_minima,positional,block_04,0.0001,0.4528212904191268,6144,2048,8192,0.4324393297418825,0.658464204501409,0.7426624718072833,0.433349609375,0.307373046875,0.1259765625
trained,category-algebra-a4-transformer-seed17,transformer,algebra_a4,17,inverse|compose|right_multiply_simple|bruhat_leq,right_to_left_maxima,positional,block_04,0.0001,0.5038003067347125,6144,2048,8192,0.5212401732897527,0.721937942104297,0.7127240353017643,0.45703125,0.3045654296875,0.1524658203125
trained,category-algebra-a4-transformer-seed17,transformer,algebra_a4,17,inverse|compose|right_multiply_simple|bruhat_leq,right_to_left_minima,positional,block_04,0.0001,0.6606366432576565,6144,2048,8192,0.6425066807818531,0.8016630933475554,0.6144557853866203,0.5367431640625,0.2933349609375,0.243408203125
trained,category-algebra-a4-transformer-seed17,transformer,algebra_a4,17,inverse|compose|right_multiply_simple|bruhat_leq,cycle_count,cycle,block_04,0.001,0.1801717242425741,6144,2048,8192,0.17980582105909027,0.4261697965751248,0.9027226888937544,0.3529052734375,0.3079833984375,0.044921875
trained,category-algebra-a4-transformer-seed17,transformer,algebra_a4,17,inverse|compose|right_multiply_simple|bruhat_leq,two_cycle_count,cycle,block_04,0.01,0.024640710848106595,6144,2048,8192,0.03605398653150449,0.19019785996606212,0.9917927465459168,0.5001220703125,0.6026611328125,-0.1025390625
trained,category-algebra-a4-transformer-seed17,transformer,algebra_a4,17,inverse|compose|right_multiply_simple|bruhat_leq,three_cycle_count,cycle,block_04,0.1,0.004577749407841503,6144,2048,8192,0.004063880987298485,0.06566800358832472,0.9982889948356047,0.7235107421875,0.7235107421875,0.0
trained,category-algebra-a4-transformer-seed17,transformer,algebra_a4,17,inverse|compose|right_multiply_simple|bruhat_leq,even_cycle_count,cycle,block_04,0.01,0.02628881333718147,6144,2048,8192,0.030332916899853846,0.1759216072400205,0.9956968924049364,0.410888671875,0.40771484375,0.003173828125
trained,category-algebra-a4-transformer-seed17,transformer,algebra_a4,17,inverse|compose|right_multiply_simple|bruhat_leq,odd_cycle_count,cycle,block_04,0.001,0.18767189080102953,6144,2048,8192,0.19589761101971992,0.4436401504494371,0.8903322644064378,0.3563232421875,0.5802001953125,-0.223876953125
trained,category-algebra-a4-transformer-seed17,transformer,algebra_a4,17,inverse|compose|right_multiply_simple|bruhat_leq,longest_cycle,cycle,block_04,0.01,0.07162566873536058,6144,2048,8192,0.0754895599765818,0.2752454553494675,0.96381158931057,0.1795654296875,0.1644287109375,0.01513671875
trained,category-algebra-a4-transformer-seed17,transformer,algebra_a4,17,inverse|compose|right_multiply_simple|bruhat_leq,shortest_cycle,cycle,block_04,0.01,0.08314894686295993,6144,2048,8192,0.08312873520013597,0.2882951828500795,0.9614255776734083,0.1929931640625,0.6358642578125,-0.44287109375
trained,category-algebra-a4-transformer-seed17,transformer,algebra_a4,17,inverse|compose|right_multiply_simple|bruhat_leq,nontrivial_cycle_count,cycle,block_04,0.01,0.055736969684894944,6144,2048,8192,0.05427290385975159,0.23377368110659094,0.9868271517497538,0.4503173828125,0.4312744140625,0.01904296875
trained,category-algebra-a4-transformer-seed17,transformer,algebra_a4,17,inverse|compose|right_multiply_simple|bruhat_leq,lis_length,global_run,block_04,0.001,0.4065744037012139,6144,2048,8192,0.4235773783353627,0.6510100512678426,0.776443735345228,0.4674072265625,0.39697265625,0.0704345703125
trained,category-algebra-a4-transformer-seed17,transformer,algebra_a4,17,inverse|compose|right_multiply_simple|bruhat_leq,lds_length,global_run,block_04,0.0001,0.4461098053885547,6144,2048,8192,0.4412553545355228,0.6641849098070488,0.7752343664686773,0.4935302734375,0.396484375,0.0970458984375
trained,category-algebra-a4-transformer-seed17,transformer,algebra_a4,17,inverse|compose|right_multiply_simple|bruhat_leq,longest_increasing_run,global_run,block_04,0.001,0.16924830970705318,6144,2048,8192,0.20076259030471177,0.4481229951359891,0.9549582674451299,0.482666015625,0.5040283203125,-0.0213623046875
trained,category-algebra-a4-transformer-seed17,transformer,algebra_a4,17,inverse|compose|right_multiply_simple|bruhat_leq,longest_decreasing_run,global_run,block_04,0.001,0.17200323965350428,6144,2048,8192,0.20815792012712309,0.4584600578270857,0.9809210846451256,0.4930419921875,0.5018310546875,-0.0087890625
trained,category-algebra-a4-transformer-seed17,transformer,algebra_a4,17,inverse|compose|right_multiply_simple|bruhat_leq,global_descents,global_run,block_04,1e-06,0.29901256651550734,6144,2048,8192,0.38614992258543446,0.6236658201170846,0.9742441480808478,0.861572265625,0.8125,0.049072265625
trained,category-algebra-a4-transformer-seed17,transformer,algebra_a4,17,inverse|compose|right_multiply_simple|bruhat_leq,components,global_run,block_04,1e-06,0.23731177587902452,6144,2048,8192,0.3205106718676315,0.5669027147291105,1.0236507264568018,0.81201171875,0.804931640625,0.007080078125
trained,category-algebra-a4-transformer-seed17,transformer,algebra_a4,17,inverse|compose|right_multiply_simple|bruhat_leq,max_displacement,global_run,block_04,0.001,0.5254719404710098,6144,2048,8192,0.5162170847970494,0.7184075469950228,0.7101819713782438,0.43017578125,0.2574462890625,0.1727294921875
trained,category-algebra-a4-transformer-seed17,transformer,algebra_a4,17,inverse|compose|right_multiply_simple|bruhat_leq,displacement_one_count,global_run,block_04,0.001,0.22848909550722452,6144,2048,8192,0.24716688599003644,0.4972219727819181,0.8589367983198168,0.3580322265625,0.3072509765625,0.05078125
trained,category-algebra-a4-transformer-seed17,transformer,algebra_a4,17,inverse|compose|right_multiply_simple|bruhat_leq,descents,local,final_norm,0.001,0.17456205109139877,6144,2048,8192,0.2019437612398618,0.44896482469290044,0.912132097165379,0.386474609375,0.3338623046875,0.0526123046875
trained,category-algebra-a4-transformer-seed17,transformer,algebra_a4,17,inverse|compose|right_multiply_simple|bruhat_leq,recoils,local,final_norm,0.001,0.15144604227383052,6144,2048,8192,0.17670846868256063,0.4204302099709602,0.9179941776177949,0.385498046875,0.33642578125,0.049072265625
trained,category-algebra-a4-transformer-seed17,transformer,algebra_a4,17,inverse|compose|right_multiply_simple|bruhat_leq,peaks,local,final_norm,0.001,0.1278918031312818,6144,2048,8192,0.13539482275534342,0.3698943169699506,0.9179409014295363,0.4871826171875,0.4635009765625,0.023681640625
trained,category-algebra-a4-transformer-seed17,transformer,algebra_a4,17,inverse|compose|right_multiply_simple|bruhat_leq,valleys,local,final_norm,0.001,0.14862475337483916,6144,2048,8192,0.14329710662720918,0.3798784267553147,0.9187772119379634,0.4791259765625,0.45556640625,0.0235595703125
trained,category-algebra-a4-transformer-seed17,transformer,algebra_a4,17,inverse|compose|right_multiply_simple|bruhat_leq,double_ascents,local,final_norm,0.01,0.105100193833771,6144,2048,8192,0.13505111554303917,0.368719521442976,0.9421028762214808,0.3519287109375,0.344482421875,0.0074462890625
trained,category-algebra-a4-transformer-seed17,transformer,algebra_a4,17,inverse|compose|right_multiply_simple|bruhat_leq,double_descents,local,final_norm,0.001,0.11605513253437905,6144,2048,8192,0.11692980160216959,0.3433103680062846,0.9362189903855711,0.3505859375,0.3399658203125,0.0106201171875
trained,category-algebra-a4-transformer-seed17,transformer,algebra_a4,17,inverse|compose|right_multiply_simple|bruhat_leq,successions,local,final_norm,0.001,0.1098779362208041,6144,2048,8192,0.1598142383759371,0.3999501469753839,0.9786726049842155,0.379638671875,0.398681640625,-0.01904296875
trained,category-algebra-a4-transformer-seed17,transformer,algebra_a4,17,inverse|compose|right_multiply_simple|bruhat_leq,adjacencies,local,final_norm,0.001,0.13955788885344445,6144,2048,8192,0.17800047578338007,0.42214392685581176,0.9472577685109672,0.3431396484375,0.329345703125,0.0137939453125
trained,category-algebra-a4-transformer-seed17,transformer,algebra_a4,17,inverse|compose|right_multiply_simple|bruhat_leq,fixed_points,positional,final_norm,0.0001,0.2647899830924335,6144,2048,8192,0.27472560498793896,0.5255601556122097,0.8623131683791476,0.4505615234375,0.369873046875,0.0806884765625
trained,category-algebra-a4-transformer-seed17,transformer,algebra_a4,17,inverse|compose|right_multiply_simple|bruhat_leq,anti_fixed_points,positional,final_norm,0.001,0.27182438469899173,6144,2048,8192,0.27806410147979277,0.5272299127948001,0.8476228546117184,0.44873046875,0.37939453125,0.0693359375
trained,category-algebra-a4-transformer-seed17,transformer,algebra_a4,17,inverse|compose|right_multiply_simple|bruhat_leq,exceedances,positional,final_norm,0.001,0.49043999655792425,6144,2048,8192,0.49886982747745634,0.7062482419577331,0.7056001899667455,0.4837646484375,0.3426513671875,0.14111328125
trained,category-algebra-a4-transformer-seed17,transformer,algebra_a4,17,inverse|compose|right_multiply_simple|bruhat_leq,deficiencies,positional,final_norm,0.001,0.3991608097123871,6144,2048,8192,0.42929028763450106,0.6552734987949672,0.7568406809276499,0.46337890625,0.34033203125,0.123046875
trained,category-algebra-a4-transformer-seed17,transformer,algebra_a4,17,inverse|compose|right_multiply_simple|bruhat_leq,left_to_right_maxima,positional,final_norm,0.001,0.27165327793525695,6144,2048,8192,0.2798235142109975,0.5283415653815678,0.86841467993297,0.372314453125,0.3026123046875,0.0697021484375
trained,category-algebra-a4-transformer-seed17,transformer,algebra_a4,17,inverse|compose|right_multiply_simple|bruhat_leq,left_to_right_minima,positional,final_norm,0.0001,0.43818809465274333,6144,2048,8192,0.42067962581902285,0.6493810592036617,0.7503169086205379,0.427978515625,0.307373046875,0.12060546875
trained,category-algebra-a4-transformer-seed17,transformer,algebra_a4,17,inverse|compose|right_multiply_simple|bruhat_leq,right_to_left_maxima,positional,final_norm,0.001,0.503244806921062,6144,2048,8192,0.5007738667858169,0.7078177855262759,0.7277985902261812,0.452880859375,0.3045654296875,0.1483154296875
trained,category-algebra-a4-transformer-seed17,transformer,algebra_a4,17,inverse|compose|right_multiply_simple|bruhat_leq,right_to_left_minima,positional,final_norm,0.0001,0.6556438993683453,6144,2048,8192,0.647506901365664,0.8048178841629966,0.6101434899123076,0.54345703125,0.2933349609375,0.2501220703125
trained,category-algebra-a4-transformer-seed17,transformer,algebra_a4,17,inverse|compose|right_multiply_simple|bruhat_leq,cycle_count,cycle,final_norm,0.001,0.17282055797550921,6144,2048,8192,0.17756850273314917,0.4234581259187108,0.9039530698372852,0.352294921875,0.3079833984375,0.0443115234375
trained,category-algebra-a4-transformer-seed17,transformer,algebra_a4,17,inverse|compose|right_multiply_simple|bruhat_leq,two_cycle_count,cycle,final_norm,0.01,0.020667787647459246,6144,2048,8192,0.03352970140355216,0.1833212595291371,0.9930905011736292,0.5006103515625,0.6026611328125,-0.10205078125
trained,category-algebra-a4-transformer-seed17,transformer,algebra_a4,17,inverse|compose|right_multiply_simple|bruhat_leq,three_cycle_count,cycle,final_norm,0.1,0.0032044211313054793,6144,2048,8192,0.005187757228542367,0.07323661826974733,0.9977255701535671,0.72314453125,0.7235107421875,-0.0003662109375
trained,category-algebra-a4-transformer-seed17,transformer,algebra_a4,17,inverse|compose|right_multiply_simple|bruhat_leq,even_cycle_count,cycle,final_norm,0.01,0.021527978842123097,6144,2048,8192,0.028056564428917463,0.1689779798040963,0.9968649368089116,0.4080810546875,0.40771484375,0.0003662109375
trained,category-algebra-a4-transformer-seed17,transformer,algebra_a4,17,inverse|compose|right_multiply_simple|bruhat_leq,odd_cycle_count,cycle,final_norm,0.001,0.1812982281041774,6144,2048,8192,0.19471658741292186,0.4422741291483938,0.8909858612751398,0.3592529296875,0.5802001953125,-0.220947265625
trained,category-algebra-a4-transformer-seed17,transformer,algebra_a4,17,inverse|compose|right_multiply_simple|bruhat_leq,longest_cycle,cycle,final_norm,0.01,0.06848255899115785,6144,2048,8192,0.07489958619635972,0.2741167726104093,0.9641190671143347,0.1800537109375,0.1644287109375,0.015625
trained,category-algebra-a4-transformer-seed17,transformer,algebra_a4,17,inverse|compose|right_multiply_simple|bruhat_leq,shortest_cycle,cycle,final_norm,0.01,0.08035581084867338,6144,2048,8192,0.07932407923391394,0.2816387692025642,0.96341828201896,0.18701171875,0.6358642578125,-0.4488525390625
trained,category-algebra-a4-transformer-seed17,transformer,algebra_a4,17,inverse|compose|right_multiply_simple|bruhat_leq,nontrivial_cycle_count,cycle,final_norm,0.01,0.05730956546803512,6144,2048,8192,0.05353540915461552,0.23237432936239233,0.9872118493933324,0.4503173828125,0.4312744140625,0.01904296875
trained,category-algebra-a4-transformer-seed17,transformer,algebra_a4,17,inverse|compose|right_multiply_simple|bruhat_leq,lis_length,global_run,final_norm,0.001,0.3916820446789556,6144,2048,8192,0.4223535161645171,0.6501499566198281,0.7772675720717809,0.4647216796875,0.39697265625,0.0677490234375
trained,category-algebra-a4-transformer-seed17,transformer,algebra_a4,17,inverse|compose|right_multiply_simple|bruhat_leq,lds_length,global_run,final_norm,0.0001,0.42792010139639935,6144,2048,8192,0.41834112881705676,0.6467098123981243,0.7909709034074434,0.48974609375,0.396484375,0.09326171875
trained,category-algebra-a4-transformer-seed17,transformer,algebra_a4,17,inverse|compose|right_multiply_simple|bruhat_leq,longest_increasing_run,global_run,final_norm,0.001,0.15425231993326627,6144,2048,8192,0.21071258366497414,0.45957123398712924,0.9489953415674834,0.488037109375,0.5040283203125,-0.0159912109375
trained,category-algebra-a4-transformer-seed17,transformer,algebra_a4,17,inverse|compose|right_multiply_simple|bruhat_leq,longest_decreasing_run,global_run,final_norm,0.001,0.16711541870262792,6144,2048,8192,0.18196942477463118,0.4278037071800108,0.9970100803487224,0.4962158203125,0.5018310546875,-0.005615234375
trained,category-algebra-a4-transformer-seed17,transformer,algebra_a4,17,inverse|compose|right_multiply_simple|bruhat_leq,global_descents,global_run,final_norm,1e-06,0.2748245306084437,6144,2048,8192,0.3476088978374534,0.5908432456729246,1.0043629021407194,0.85400390625,0.8125,0.04150390625
trained,category-algebra-a4-transformer-seed17,transformer,algebra_a4,17,inverse|compose|right_multiply_simple|bruhat_leq,components,global_run,final_norm,1e-06,0.2285139015323625,6144,2048,8192,0.33433902302327256,0.5798396638406654,1.0131809788917496,0.8116455078125,0.804931640625,0.0067138671875
trained,category-algebra-a4-transformer-seed17,transformer,algebra_a4,17,inverse|compose|right_multiply_simple|bruhat_leq,max_displacement,global_run,final_norm,0.0001,0.5165100564151457,6144,2048,8192,0.5169603189716525,0.7187816363770134,0.7096362365278913,0.4259033203125,0.2574462890625,0.16845703125
trained,category-algebra-a4-transformer-seed17,transformer,algebra_a4,17,inverse|compose|right_multiply_simple|bruhat_leq,displacement_one_count,global_run,final_norm,0.001,0.22976712451487058,6144,2048,8192,0.24446152229456197,0.4947198921458001,0.8604787420115255,0.36669921875,0.3072509765625,0.0594482421875
trained,category-algebra-a4-transformer-seed42,transformer,algebra_a4,42,inverse|compose|right_multiply_simple|bruhat_leq,descents,local,embedding,10.0,0.0,6144,2048,8192,0.0,0.0,1.0210358474220083,0.3427734375,0.3338623046875,0.0089111328125
trained,category-algebra-a4-transformer-seed42,transformer,algebra_a4,42,inverse|compose|right_multiply_simple|bruhat_leq,recoils,local,embedding,1.0,2.220446049250313e-16,6144,2048,8192,0.0,0.02723500156750465,1.0117264466110467,0.3408203125,0.33642578125,0.00439453125
trained,category-algebra-a4-transformer-seed42,transformer,algebra_a4,42,inverse|compose|right_multiply_simple|bruhat_leq,peaks,local,embedding,1e-06,0.0,6144,2048,8192,0.0,-0.01242475690009702,0.987201497821541,0.4708251953125,0.4635009765625,0.00732421875
trained,category-algebra-a4-transformer-seed42,transformer,algebra_a4,42,inverse|compose|right_multiply_simple|bruhat_leq,valleys,local,embedding,1e-06,0.0,6144,2048,8192,1.1102230246251565e-16,0.0014535489117795195,0.992647602968415,0.458984375,0.45556640625,0.00341796875
trained,category-algebra-a4-transformer-seed42,transformer,algebra_a4,42,inverse|compose|right_multiply_simple|bruhat_leq,double_ascents,local,embedding,10.0,0.0,6144,2048,8192,0.0,0.0,1.012985218660725,0.3338623046875,0.344482421875,-0.0106201171875
trained,category-algebra-a4-transformer-seed42,transformer,algebra_a4,42,inverse|compose|right_multiply_simple|bruhat_leq,double_descents,local,embedding,1.0,1.1102230246251565e-16,6144,2048,8192,0.0,0.0,0.9962763749938195,0.3388671875,0.3399658203125,-0.0010986328125
trained,category-algebra-a4-transformer-seed42,transformer,algebra_a4,42,inverse|compose|right_multiply_simple|bruhat_leq,successions,local,embedding,1e-06,0.0,6144,2048,8192,0.0,0.0,1.0677013036927756,0.3643798828125,0.398681640625,-0.0343017578125
trained,category-algebra-a4-transformer-seed42,transformer,algebra_a4,42,inverse|compose|right_multiply_simple|bruhat_leq,adjacencies,local,embedding,1.0,1.1102230246251565e-16,6144,2048,8192,0.0,0.0,1.0447981442612964,0.329345703125,0.329345703125,0.0
trained,category-algebra-a4-transformer-seed42,transformer,algebra_a4,42,inverse|compose|right_multiply_simple|bruhat_leq,fixed_points,positional,embedding,1.0,2.220446049250313e-16,6144,2048,8192,0.0,0.0,1.0125438624646812,0.3580322265625,0.369873046875,-0.0118408203125
trained,category-algebra-a4-transformer-seed42,transformer,algebra_a4,42,inverse|compose|right_multiply_simple|bruhat_leq,anti_fixed_points,positional,embedding,1e-06,0.0,6144,2048,8192,0.0,0.0,0.9975928763619372,0.3592529296875,0.37939453125,-0.0201416015625
trained,category-algebra-a4-transformer-seed42,transformer,algebra_a4,42,inverse|compose|right_multiply_simple|bruhat_leq,exceedances,positional,embedding,1e-06,0.0,6144,2048,8192,0.0,-0.015086193653380337,0.996743501992833,0.3426513671875,0.3426513671875,0.0
trained,category-algebra-a4-transformer-seed42,transformer,algebra_a4,42,inverse|compose|right_multiply_simple|bruhat_leq,deficiencies,positional,embedding,1e-06,0.0,6144,2048,8192,0.0,0.014581727890048041,1.0018364670463262,0.3414306640625,0.34033203125,0.0010986328125
trained,category-algebra-a4-transformer-seed42,transformer,algebra_a4,42,inverse|compose|right_multiply_simple|bruhat_leq,left_to_right_maxima,positional,embedding,1.0,0.0,6144,2048,8192,0.0,0.0,1.0233111062138236,0.3040771484375,0.3026123046875,0.00146484375
trained,category-algebra-a4-transformer-seed42,transformer,algebra_a4,42,inverse|compose|right_multiply_simple|bruhat_leq,left_to_right_minima,positional,embedding,1e-06,0.0,6144,2048,8192,0.0,0.0,0.9857920972831147,0.3160400390625,0.307373046875,0.0086669921875
trained,category-algebra-a4-transformer-seed42,transformer,algebra_a4,42,inverse|compose|right_multiply_simple|bruhat_leq,right_to_left_maxima,positional,embedding,1e-06,0.0,6144,2048,8192,0.0,0.0,1.0300600749281232,0.305908203125,0.3045654296875,0.0013427734375
trained,category-algebra-a4-transformer-seed42,transformer,algebra_a4,42,inverse|compose|right_multiply_simple|bruhat_leq,right_to_left_minima,positional,embedding,10.0,0.0,6144,2048,8192,0.0,0.0,1.0276770844678722,0.3035888671875,0.2933349609375,0.01025390625
trained,category-algebra-a4-transformer-seed42,transformer,algebra_a4,42,inverse|compose|right_multiply_simple|bruhat_leq,cycle_count,cycle,embedding,1e-06,0.0,6144,2048,8192,1.1102230246251565e-16,0.0,0.9967724289122707,0.3077392578125,0.3079833984375,-0.000244140625
trained,category-algebra-a4-transformer-seed42,transformer,algebra_a4,42,inverse|compose|right_multiply_simple|bruhat_leq,two_cycle_count,cycle,embedding,1e-06,0.0,6144,2048,8192,0.0,0.0,1.0101702448488212,0.4593505859375,0.6026611328125,-0.143310546875
trained,category-algebra-a4-transformer-seed42,transformer,algebra_a4,42,inverse|compose|right_multiply_simple|bruhat_leq,three_cycle_count,cycle,embedding,1e-06,0.0,6144,2048,8192,0.0,0.0,1.0003236622577176,0.7235107421875,0.7235107421875,0.0
trained,category-algebra-a4-transformer-seed42,transformer,algebra_a4,42,inverse|compose|right_multiply_simple|bruhat_leq,even_cycle_count,cycle,embedding,1e-06,0.0,6144,2048,8192,0.0,0.0,1.0111505563890062,0.3974609375,0.40771484375,-0.01025390625
trained,category-algebra-a4-transformer-seed42,transformer,algebra_a4,42,inverse|compose|right_multiply_simple|bruhat_leq,odd_cycle_count,cycle,embedding,1e-06,0.0,6144,2048,8192,0.0,0.0,0.9928792526047006,0.3057861328125,0.5802001953125,-0.2744140625
trained,category-algebra-a4-transformer-seed42,transformer,algebra_a4,42,inverse|compose|right_multiply_simple|bruhat_leq,longest_cycle,cycle,embedding,1e-06,0.0,6144,2048,8192,0.0,-0.020867914521482,1.002388866359531,0.1435546875,0.1644287109375,-0.0208740234375
trained,category-algebra-a4-transformer-seed42,transformer,algebra_a4,42,inverse|compose|right_multiply_simple|bruhat_leq,shortest_cycle,cycle,embedding,1e-06,0.0,6144,2048,8192,0.0,0.0,1.004064219330732,0.1092529296875,0.6358642578125,-0.526611328125
trained,category-algebra-a4-transformer-seed42,transformer,algebra_a4,42,inverse|compose|right_multiply_simple|bruhat_leq,nontrivial_cycle_count,cycle,embedding,1e-06,0.0,6144,2048,8192,0.0,0.0,1.0147479301353286,0.4290771484375,0.4312744140625,-0.002197265625
trained,category-algebra-a4-transformer-seed42,transformer,algebra_a4,42,inverse|compose|right_multiply_simple|bruhat_leq,lis_length,global_run,embedding,1e-06,2.220446049250313e-16,6144,2048,8192,0.0,-0.010020555941901908,1.022679339029915,0.390869140625,0.39697265625,-0.006103515625
trained,category-algebra-a4-transformer-seed42,transformer,algebra_a4,42,inverse|compose|right_multiply_simple|bruhat_leq,lds_length,global_run,embedding,1e-06,0.0,6144,2048,8192,0.0,-0.018052830495437915,1.0371136011049422,0.38720703125,0.396484375,-0.00927734375
trained,category-algebra-a4-transformer-seed42,transformer,algebra_a4,42,inverse|compose|right_multiply_simple|bruhat_leq,longest_increasing_run,global_run,embedding,1e-06,0.0,6144,2048,8192,0.0,0.01779969858869508,1.0681850394483854,0.4554443359375,0.5040283203125,-0.048583984375
trained,category-algebra-a4-transformer-seed42,transformer,algebra_a4,42,inverse|compose|right_multiply_simple|bruhat_leq,longest_decreasing_run,global_run,embedding,1.0,0.0,6144,2048,8192,0.0,0.0,1.1023380059178607,0.459716796875,0.5018310546875,-0.0421142578125
trained,category-algebra-a4-transformer-seed42,transformer,algebra_a4,42,inverse|compose|right_multiply_simple|bruhat_leq,global_descents,global_run,embedding,1e-06,0.0,6144,2048,8192,0.0,0.0,1.2434738264527403,0.7889404296875,0.8125,-0.0235595703125
trained,category-algebra-a4-transformer-seed42,transformer,algebra_a4,42,inverse|compose|right_multiply_simple|bruhat_leq,components,global_run,embedding,1e-06,0.0,6144,2048,8192,0.0,0.005976096121919401,1.241825229327309,0.7493896484375,0.804931640625,-0.0555419921875
trained,category-algebra-a4-transformer-seed42,transformer,algebra_a4,42,inverse|compose|right_multiply_simple|bruhat_leq,max_displacement,global_run,embedding,10.0,0.0,6144,2048,8192,0.0,-0.006998832087320931,1.0210438164840894,0.238037109375,0.2574462890625,-0.0194091796875
trained,category-algebra-a4-transformer-seed42,transformer,algebra_a4,42,inverse|compose|right_multiply_simple|bruhat_leq,displacement_one_count,global_run,embedding,1e-06,0.0,6144,2048,8192,0.0,0.0,0.9899467911205587,0.2646484375,0.3072509765625,-0.0426025390625
trained,category-algebra-a4-transformer-seed42,transformer,algebra_a4,42,inverse|compose|right_multiply_simple|bruhat_leq,descents,local,block_01,0.001,0.16860773032764298,6144,2048,8192,0.17545148494847052,0.4185998185522861,0.9271480663567166,0.365966796875,0.3338623046875,0.0321044921875
trained,category-algebra-a4-transformer-seed42,transformer,algebra_a4,42,inverse|compose|right_multiply_simple|bruhat_leq,recoils,local,block_01,0.001,0.1482314486477515,6144,2048,8192,0.17339155940873952,0.41633045534636925,0.9198415443106063,0.38037109375,0.33642578125,0.0439453125
trained,category-algebra-a4-transformer-seed42,transformer,algebra_a4,42,inverse|compose|right_multiply_simple|bruhat_leq,peaks,local,block_01,0.001,0.05761240388832911,6144,2048,8192,0.09672861309598668,0.3110423607064877,0.9382421343282136,0.4853515625,0.4635009765625,0.0218505859375
trained,category-algebra-a4-transformer-seed42,transformer,algebra_a4,42,inverse|compose|right_multiply_simple|bruhat_leq,valleys,local,block_01,0.001,0.07923489474062373,6144,2048,8192,0.09518313718449223,0.30931101353749263,0.944224882927552,0.4697265625,0.45556640625,0.01416015625
trained,category-algebra-a4-transformer-seed42,transformer,algebra_a4,42,inverse|compose|right_multiply_simple|bruhat_leq,double_ascents,local,block_01,0.001,0.100537534122639,6144,2048,8192,0.1097100378231155,0.33112927477268883,0.9558040065222647,0.3544921875,0.344482421875,0.010009765625
trained,category-algebra-a4-transformer-seed42,transformer,algebra_a4,42,inverse|compose|right_multiply_simple|bruhat_leq,double_descents,local,block_01,0.01,0.11972464187917986,6144,2048,8192,0.1306836412808008,0.3621951381398117,0.9288995617721036,0.35791015625,0.3399658203125,0.0179443359375
trained,category-algebra-a4-transformer-seed42,transformer,algebra_a4,42,inverse|compose|right_multiply_simple|bruhat_leq,successions,local,block_01,0.001,0.11919411054696838,6144,2048,8192,0.12559468428971066,0.354309346226816,0.9984036672910435,0.3746337890625,0.398681640625,-0.0240478515625
trained,category-algebra-a4-transformer-seed42,transformer,algebra_a4,42,inverse|compose|right_multiply_simple|bruhat_leq,adjacencies,local,block_01,0.001,0.16967101121051809,6144,2048,8192,0.22549674632216454,0.4761365166481416,0.9194836599358744,0.337158203125,0.329345703125,0.0078125
trained,category-algebra-a4-transformer-seed42,transformer,algebra_a4,42,inverse|compose|right_multiply_simple|bruhat_leq,fixed_points,positional,block_01,0.0001,0.20678921736398703,6144,2048,8192,0.21807744986884225,0.46838250213233,0.895355930518127,0.4281005859375,0.369873046875,0.0582275390625
trained,category-algebra-a4-transformer-seed42,transformer,algebra_a4,42,inverse|compose|right_multiply_simple|bruhat_leq,anti_fixed_points,positional,block_01,0.0001,0.24675137300985805,6144,2048,8192,0.24750329119065706,0.49866676591128317,0.8653775844845771,0.4193115234375,0.37939453125,0.0399169921875
trained,category-algebra-a4-transformer-seed42,transformer,algebra_a4,42,inverse|compose|right_multiply_simple|bruhat_leq,exceedances,positional,block_01,0.0001,0.2866463727355475,6144,2048,8192,0.27089398870293635,0.5219165101720099,0.8510963980418279,0.4212646484375,0.3426513671875,0.07861328125
trained,category-algebra-a4-transformer-seed42,transformer,algebra_a4,42,inverse|compose|right_multiply_simple|bruhat_leq,deficiencies,positional,block_01,0.0001,0.24190407348510246,6144,2048,8192,0.24300161242291207,0.4931125211121431,0.8716543729163253,0.427490234375,0.34033203125,0.087158203125
trained,category-algebra-a4-transformer-seed42,transformer,algebra_a4,42,inverse|compose|right_multiply_simple|bruhat_leq,left_to_right_maxima,positional,block_01,0.0001,0.15636988939057472,6144,2048,8192,0.1837131804599842,0.4283317758155457,0.9245471829839373,0.3568115234375,0.3026123046875,0.05419921875
trained,category-algebra-a4-transformer-seed42,transformer,algebra_a4,42,inverse|compose|right_multiply_simple|bruhat_leq,left_to_right_minima,positional,block_01,0.001,0.2630453670707599,6144,2048,8192,0.2782506276985789,0.5275892380921052,0.8374878973107869,0.3623046875,0.307373046875,0.054931640625
trained,category-algebra-a4-transformer-seed42,transformer,algebra_a4,42,inverse|compose|right_multiply_simple|bruhat_leq,right_to_left_maxima,positional,block_01,0.0001,0.5967751393826625,6144,2048,8192,0.6261116916655668,0.7913180548304161,0.6298447252828713,0.5184326171875,0.3045654296875,0.2138671875
trained,category-algebra-a4-transformer-seed42,transformer,algebra_a4,42,inverse|compose|right_multiply_simple|bruhat_leq,right_to_left_minima,positional,block_01,0.0001,0.6492725269253785,6144,2048,8192,0.6205534048350163,0.7877242398476596,0.6330412389077629,0.5374755859375,0.2933349609375,0.244140625
trained,category-algebra-a4-transformer-seed42,transformer,algebra_a4,42,inverse|compose|right_multiply_simple|bruhat_leq,cycle_count,cycle,block_01,0.001,0.11144252073568017,6144,2048,8192,0.142965278085183,0.378359954747805,0.9227737365414239,0.3553466796875,0.3079833984375,0.04736328125
trained,category-algebra-a4-transformer-seed42,transformer,algebra_a4,42,inverse|compose|right_multiply_simple|bruhat_leq,two_cycle_count,cycle,block_01,0.01,0.03152283881083595,6144,2048,8192,0.028298719189223553,0.16841327748364873,0.9957744059455665,0.4822998046875,0.6026611328125,-0.120361328125
trained,category-algebra-a4-transformer-seed42,transformer,algebra_a4,42,inverse|compose|right_multiply_simple|bruhat_leq,three_cycle_count,cycle,block_01,10.0,0.0017966407621136105,6144,2048,8192,0.0009835428196979246,0.031930020934626206,0.9998316106618064,0.7235107421875,0.7235107421875,0.0
trained,category-algebra-a4-transformer-seed42,transformer,algebra_a4,42,inverse|compose|right_multiply_simple|bruhat_leq,even_cycle_count,cycle,block_01,0.01,0.028175253635964292,6144,2048,8192,0.02839342564156422,0.16875316178039682,0.9966921725201251,0.417236328125,0.40771484375,0.009521484375
trained,category-algebra-a4-transformer-seed42,transformer,algebra_a4,42,inverse|compose|right_multiply_simple|bruhat_leq,odd_cycle_count,cycle,block_01,0.0001,0.14169889447811812,6144,2048,8192,0.15600403354171255,0.3979240752643173,0.9121507535220541,0.3446044921875,0.5802001953125,-0.235595703125
trained,category-algebra-a4-transformer-seed42,transformer,algebra_a4,42,inverse|compose|right_multiply_simple|bruhat_leq,longest_cycle,cycle,block_01,0.01,0.05558324691689853,6144,2048,8192,0.0581418801579594,0.24187223908081174,0.9728121304153022,0.163818359375,0.1644287109375,-0.0006103515625
trained,category-algebra-a4-transformer-seed42,transformer,algebra_a4,42,inverse|compose|right_multiply_simple|bruhat_leq,shortest_cycle,cycle,block_01,0.001,0.052132370454427646,6144,2048,8192,0.06487924949972479,0.2559757904583807,0.9709465836867492,0.1864013671875,0.6358642578125,-0.449462890625
trained,category-algebra-a4-transformer-seed42,transformer,algebra_a4,42,inverse|compose|right_multiply_simple|bruhat_leq,nontrivial_cycle_count,cycle,block_01,0.01,0.06338417055873968,6144,2048,8192,0.049766573746277465,0.22360370044925915,0.9891754423562434,0.4464111328125,0.4312744140625,0.01513671875
trained,category-algebra-a4-transformer-seed42,transformer,algebra_a4,42,inverse|compose|right_multiply_simple|bruhat_leq,lis_length,global_run,block_01,0.001,0.33581518170339997,6144,2048,8192,0.3461673748462183,0.5885910542397645,0.8269376694137267,0.4521484375,0.39697265625,0.05517578125
trained,category-algebra-a4-transformer-seed42,transformer,algebra_a4,42,inverse|compose|right_multiply_simple|bruhat_leq,lds_length,global_run,block_01,0.001,0.3654060404570516,6144,2048,8192,0.38550796951128263,0.621465116683489,0.8129886025819204,0.45703125,0.396484375,0.060546875
trained,category-algebra-a4-transformer-seed42,transformer,algebra_a4,42,inverse|compose|right_multiply_simple|bruhat_leq,longest_increasing_run,global_run,block_01,0.001,0.1734605975944301,6144,2048,8192,0.15949241878019604,0.3991113323559615,0.9793035044858842,0.4671630859375,0.5040283203125,-0.036865234375
trained,category-algebra-a4-transformer-seed42,transformer,algebra_a4,42,inverse|compose|right_multiply_simple|bruhat_leq,longest_decreasing_run,global_run,block_01,0.001,0.16413313548956898,6144,2048,8192,0.23660378150654093,0.491311284983791,0.9631408059243112,0.4796142578125,0.5018310546875,-0.022216796875
trained,category-algebra-a4-transformer-seed42,transformer,algebra_a4,42,inverse|compose|right_multiply_simple|bruhat_leq,global_descents,global_run,block_01,1e-06,0.30894747118169685,6144,2048,8192,0.4165660488002244,0.6498904294792331,0.9498007263123713,0.8720703125,0.8125,0.0595703125
trained,category-algebra-a4-transformer-seed42,transformer,algebra_a4,42,inverse|compose|right_multiply_simple|bruhat_leq,components,global_run,block_01,1e-06,0.2147363839759654,6144,2048,8192,0.2880647624013688,0.5372608408741456,1.0478056198085806,0.7982177734375,0.804931640625,-0.0067138671875
trained,category-algebra-a4-transformer-seed42,transformer,algebra_a4,42,inverse|compose|right_multiply_simple|bruhat_leq,max_displacement,global_run,block_01,0.0001,0.4786598946125691,6144,2048,8192,0.4876653869734463,0.6982222165574379,0.7308381815216941,0.4481201171875,0.2574462890625,0.190673828125
trained,category-algebra-a4-transformer-seed42,transformer,algebra_a4,42,inverse|compose|right_multiply_simple|bruhat_leq,displacement_one_count,global_run,block_01,0.0001,0.18307970011734387,6144,2048,8192,0.18101560439979192,0.4284100077509026,0.8958796378461562,0.337890625,0.3072509765625,0.0306396484375
trained,category-algebra-a4-transformer-seed42,transformer,algebra_a4,42,inverse|compose|right_multiply_simple|bruhat_leq,descents,local,block_02,0.001,0.19002280676227,6144,2048,8192,0.2144619439354909,0.46303772544859945,0.9049500425102945,0.377685546875,0.3338623046875,0.0438232421875
trained,category-algebra-a4-transformer-seed42,transformer,algebra_a4,42,inverse|compose|right_multiply_simple|bruhat_leq,recoils,local,block_02,0.0001,0.20328490659359288,6144,2048,8192,0.21520293725793227,0.4647793058923597,0.8962760409308086,0.3902587890625,0.33642578125,0.0538330078125
trained,category-algebra-a4-transformer-seed42,transformer,algebra_a4,42,inverse|compose|right_multiply_simple|bruhat_leq,peaks,local,block_02,0.0001,0.11371150946239117,6144,2048,8192,0.118549334306011,0.3491261014201369,0.9268400898991735,0.4857177734375,0.4635009765625,0.022216796875
trained,category-algebra-a4-transformer-seed42,transformer,algebra_a4,42,inverse|compose|right_multiply_simple|bruhat_leq,valleys,local,block_02,0.001,0.13186806921414473,6144,2048,8192,0.13718140569057868,0.3707832785995004,0.9220507939323552,0.474853515625,0.45556640625,0.019287109375
trained,category-algebra-a4-transformer-seed42,transformer,algebra_a4,42,inverse|compose|right_multiply_simple|bruhat_leq,double_ascents,local,block_02,0.001,0.11041359614504898,6144,2048,8192,0.12237452083223488,0.34993857892326047,0.9489814425369182,0.3487548828125,0.344482421875,0.0042724609375
trained,category-algebra-a4-transformer-seed42,transformer,algebra_a4,42,inverse|compose|right_multiply_simple|bruhat_leq,double_descents,local,block_02,0.001,0.1556789955702078,6144,2048,8192,0.1626625453499808,0.4033629765163808,0.9116541028730095,0.357666015625,0.3399658203125,0.0177001953125
trained,category-algebra-a4-transformer-seed42,transformer,algebra_a4,42,inverse|compose|right_multiply_simple|bruhat_leq,successions,local,block_02,0.001,0.1502838798776862,6144,2048,8192,0.1691848482399163,0.4125194436966464,0.9731997241047883,0.3880615234375,0.398681640625,-0.0106201171875
trained,category-algebra-a4-transformer-seed42,transformer,algebra_a4,42,inverse|compose|right_multiply_simple|bruhat_leq,adjacencies,local,block_02,0.0001,0.25175866620832843,6144,2048,8192,0.2846761565734619,0.5334887301334286,0.8836570429293003,0.3575439453125,0.329345703125,0.0281982421875
trained,category-algebra-a4-transformer-seed42,transformer,algebra_a4,42,inverse|compose|right_multiply_simple|bruhat_leq,fixed_points,positional,block_02,0.0001,0.23763437105256857,6144,2048,8192,0.24775029305228702,0.49950717873221084,0.8782028843188465,0.45263671875,0.369873046875,0.082763671875
trained,category-algebra-a4-transformer-seed42,transformer,algebra_a4,42,inverse|compose|right_multiply_simple|bruhat_leq,anti_fixed_points,positional,block_02,0.0001,0.27186714937889556,6144,2048,8192,0.267559773465044,0.5183142877473899,0.85376713576184,0.431396484375,0.37939453125,0.052001953125
trained,category-algebra-a4-transformer-seed42,transformer,algebra_a4,42,inverse|compose|right_multiply_simple|bruhat_leq,exceedances,positional,block_02,0.0001,0.36449374434869897,6144,2048,8192,0.3926566941905546,0.6267845721457982,0.7767844759140566,0.4517822265625,0.3426513671875,0.109130859375
trained,category-algebra-a4-transformer-seed42,transformer,algebra_a4,42,inverse|compose|right_multiply_simple|bruhat_leq,deficiencies,positional,block_02,0.0001,0.37469739039932615,6144,2048,8192,0.41266324370653973,0.642377200898847,0.7677864197470856,0.4617919921875,0.34033203125,0.1214599609375
trained,category-algebra-a4-transformer-seed42,transformer,algebra_a4,42,inverse|compose|right_multiply_simple|bruhat_leq,left_to_right_maxima,positional,block_02,0.0001,0.2501694324552385,6144,2048,8192,0.2723646088639946,0.5216712740041087,0.8729002036693818,0.3878173828125,0.3026123046875,0.085205078125
trained,category-algebra-a4-transformer-seed42,transformer,algebra_a4,42,inverse|compose|right_multiply_simple|bruhat_leq,left_to_right_minima,positional,block_02,0.0001,0.3896960768693627,6144,2048,8192,0.39167167455947116,0.6262738313297825,0.7688725421017286,0.4071044921875,0.307373046875,0.0997314453125
trained,category-algebra-a4-transformer-seed42,transformer,algebra_a4,42,inverse|compose|right_multiply_simple|bruhat_leq,right_to_left_maxima,positional,block_02,1e-05,0.6119530010236082,6144,2048,8192,0.6417666358282548,0.8011179443188902,0.6165177290885412,0.510498046875,0.3045654296875,0.2059326171875
trained,category-algebra-a4-transformer-seed42,transformer,algebra_a4,42,inverse|compose|right_multiply_simple|bruhat_leq,right_to_left_minima,positional,block_02,0.0001,0.6847639310135737,6144,2048,8192,0.6578011820705296,0.8110873273857037,0.6011680967824622,0.5557861328125,0.2933349609375,0.262451171875
trained,category-algebra-a4-transformer-seed42,transformer,algebra_a4,42,inverse|compose|right_multiply_simple|bruhat_leq,cycle_count,cycle,block_02,0.001,0.1480365455021182,6144,2048,8192,0.167777898499749,0.40987584632425045,0.9093176886821087,0.3564453125,0.3079833984375,0.0484619140625
trained,category-algebra-a4-transformer-seed42,transformer,algebra_a4,42,inverse|compose|right_multiply_simple|bruhat_leq,two_cycle_count,cycle,block_02,0.01,0.0421784564511104,6144,2048,8192,0.04014830172084849,0.200541774490879,0.9896842087478784,0.491455078125,0.6026611328125,-0.1112060546875
trained,category-algebra-a4-transformer-seed42,transformer,algebra_a4,42,inverse|compose|right_multiply_simple|bruhat_leq,three_cycle_count,cycle,block_02,0.1,0.0028806178861464637,6144,2048,8192,0.007955875061780415,0.08963673220808172,0.9963364910232422,0.7235107421875,0.7235107421875,0.0
trained,category-algebra-a4-transformer-seed42,transformer,algebra_a4,42,inverse|compose|right_multiply_simple|bruhat_leq,even_cycle_count,cycle,block_02,0.01,0.037882149420427,6144,2048,8192,0.03670963736246957,0.19208812496162184,0.9924175433108235,0.4100341796875,0.40771484375,0.0023193359375
trained,category-algebra-a4-transformer-seed42,transformer,algebra_a4,42,inverse|compose|right_multiply_simple|bruhat_leq,odd_cycle_count,cycle,block_02,0.001,0.1551243465505493,6144,2048,8192,0.1659531989256472,0.4077124207044057,0.9067585225852798,0.3441162109375,0.5802001953125,-0.236083984375
trained,category-algebra-a4-transformer-seed42,transformer,algebra_a4,42,inverse|compose|right_multiply_simple|bruhat_leq,longest_cycle,cycle,block_02,0.001,0.07163909765817478,6144,2048,8192,0.07570667616815574,0.2774172202911092,0.9636984097401259,0.17919921875,0.1644287109375,0.0147705078125
trained,category-algebra-a4-transformer-seed42,transformer,algebra_a4,42,inverse|compose|right_multiply_simple|bruhat_leq,shortest_cycle,cycle,block_02,0.001,0.06810773631698153,6144,2048,8192,0.08711396647283076,0.2956256699063889,0.959333857734852,0.202880859375,0.6358642578125,-0.4329833984375
trained,category-algebra-a4-transformer-seed42,transformer,algebra_a4,42,inverse|compose|right_multiply_simple|bruhat_leq,nontrivial_cycle_count,cycle,block_02,0.01,0.06753917463919878,6144,2048,8192,0.0543815909668367,0.23362151117898083,0.9867704448675589,0.445068359375,0.4312744140625,0.0137939453125
trained,category-algebra-a4-transformer-seed42,transformer,algebra_a4,42,inverse|compose|right_multiply_simple|bruhat_leq,lis_length,global_run,block_02,0.001,0.40928762828794973,6144,2048,8192,0.415940308967661,0.6451176287465293,0.7815703928888457,0.4727783203125,0.39697265625,0.0758056640625
trained,category-algebra-a4-transformer-seed42,transformer,algebra_a4,42,inverse|compose|right_multiply_simple|bruhat_leq,lds_length,global_run,block_02,0.0001,0.4426544029313263,6144,2048,8192,0.45528517288544856,0.6746980865017942,0.7654396027752594,0.4832763671875,0.396484375,0.0867919921875
trained,category-algebra-a4-transformer-seed42,transformer,algebra_a4,42,inverse|compose|right_multiply_simple|bruhat_leq,longest_increasing_run,global_run,block_02,0.001,0.19551678252026927,6144,2048,8192,0.18653214912685312,0.43178054527694604,0.9634222855463332,0.4884033203125,0.5040283203125,-0.015625
trained,category-algebra-a4-transformer-seed42,transformer,algebra_a4,42,inverse|compose|right_multiply_simple|bruhat_leq,longest_decreasing_run,global_run,block_02,0.001,0.2176781877057068,6144,2048,8192,0.27161319966119557,0.5253327895822241,0.940796763280673,0.4971923828125,0.5018310546875,-0.004638671875
trained,category-algebra-a4-transformer-seed42,transformer,algebra_a4,42,inverse|compose|right_multiply_simple|bruhat_leq,global_descents,global_run,block_02,1e-06,0.36596041853989003,6144,2048,8192,0.456354853945379,0.6784634906902243,0.9168418013161176,0.8779296875,0.8125,0.0654296875
trained,category-algebra-a4-transformer-seed42,transformer,algebra_a4,42,inverse|compose|right_multiply_simple|bruhat_leq,components,global_run,block_02,1e-06,0.28312757918426223,6144,2048,8192,0.3549598013633052,0.59698218223207,0.9973644154192642,0.81640625,0.804931640625,0.011474609375
trained,category-algebra-a4-transformer-seed42,transformer,algebra_a4,42,inverse|compose|right_multiply_simple|bruhat_leq,max_displacement,global_run,block_02,0.0001,0.5235960488134291,6144,2048,8192,0.5366347660633346,0.7325095868888759,0.6950340837096167,0.4443359375,0.2574462890625,0.1868896484375
trained,category-algebra-a4-transformer-seed42,transformer,algebra_a4,42,inverse|compose|right_multiply_simple|bruhat_leq,displacement_one_count,global_run,block_02,0.0001,0.22658137237999187,6144,2048,8192,0.21464719623412787,0.46672050159847056,0.8772921665351597,0.3531494140625,0.3072509765625,0.0458984375
trained,category-algebra-a4-transformer-seed42,transformer,algebra_a4,42,inverse|compose|right_multiply_simple|bruhat_leq,descents,local,block_03,0.0001,0.20013833902056122,6144,2048,8192,0.21506526821393301,0.4651579764879956,0.9046024570555096,0.382080078125,0.3338623046875,0.0482177734375
trained,category-algebra-a4-transformer-seed42,transformer,algebra_a4,42,inverse|compose|right_multiply_simple|bruhat_leq,recoils,local,block_03,0.0001,0.21148129555089867,6144,2048,8192,0.20723364874862027,0.4567759477566059,0.900815202348217,0.384765625,0.33642578125,0.04833984375
trained,category-algebra-a4-transformer-seed42,transformer,algebra_a4,42,inverse|compose|right_multiply_simple|bruhat_leq,peaks,local,block_03,0.0001,0.11748315466015935,6144,2048,8192,0.12893857389179142,0.36273075132222593,0.9213617879502061,0.4827880859375,0.4635009765625,0.019287109375
trained,category-algebra-a4-transformer-seed42,transformer,algebra_a4,42,inverse|compose|right_multiply_simple|bruhat_leq,valleys,local,block_03,0.0001,0.15666896942772002,6144,2048,8192,0.15264973831834638,0.39298427590780377,0.9137483003684191,0.480712890625,0.45556640625,0.025146484375
trained,category-algebra-a4-transformer-seed42,transformer,algebra_a4,42,inverse|compose|right_multiply_simple|bruhat_leq,double_ascents,local,block_03,0.001,0.11607809886402032,6144,2048,8192,0.1196085790882131,0.34666382097259896,0.9504756804473938,0.34765625,0.344482421875,0.003173828125
trained,category-algebra-a4-transformer-seed42,transformer,algebra_a4,42,inverse|compose|right_multiply_simple|bruhat_leq,double_descents,local,block_03,0.001,0.1545513364794665,6144,2048,8192,0.161153530334899,0.4014627311077189,0.9124752058063031,0.354248046875,0.3399658203125,0.0142822265625
trained,category-algebra-a4-transformer-seed42,transformer,algebra_a4,42,inverse|compose|right_multiply_simple|bruhat_leq,successions,local,block_03,0.001,0.15239116205616066,6144,2048,8192,0.1636977308764086,0.4055263465728861,0.9764081832809113,0.38134765625,0.398681640625,-0.017333984375
trained,category-algebra-a4-transformer-seed42,transformer,algebra_a4,42,inverse|compose|right_multiply_simple|bruhat_leq,adjacencies,local,block_03,0.001,0.22311698589027307,6144,2048,8192,0.26377506202981293,0.5161247622574068,0.8964739095015132,0.35546875,0.329345703125,0.026123046875
trained,category-algebra-a4-transformer-seed42,transformer,algebra_a4,42,inverse|compose|right_multiply_simple|bruhat_leq,fixed_points,positional,block_03,1e-05,0.25721299433717815,6144,2048,8192,0.26623998714031016,0.5176758882222257,0.8673429761364573,0.45458984375,0.369873046875,0.084716796875
trained,category-algebra-a4-transformer-seed42,transformer,algebra_a4,42,inverse|compose|right_multiply_simple|bruhat_leq,anti_fixed_points,positional,block_03,0.001,0.2603440165324371,6144,2048,8192,0.26972720587713706,0.5193706530216754,0.8525029687290459,0.42578125,0.37939453125,0.04638671875
trained,category-algebra-a4-transformer-seed42,transformer,algebra_a4,42,inverse|compose|right_multiply_simple|bruhat_leq,exceedances,positional,block_03,1e-05,0.3728379926777018,6144,2048,8192,0.3960636047161721,0.6298662232219544,0.7746027140157712,0.4605712890625,0.3426513671875,0.117919921875
trained,category-algebra-a4-transformer-seed42,transformer,algebra_a4,42,inverse|compose|right_multiply_simple|bruhat_leq,deficiencies,positional,block_03,0.0001,0.36464763502562525,6144,2048,8192,0.3667936800466982,0.60569255300214,0.7972039767790146,0.4581298828125,0.34033203125,0.1177978515625
trained,category-algebra-a4-transformer-seed42,transformer,algebra_a4,42,inverse|compose|right_multiply_simple|bruhat_leq,left_to_right_maxima,positional,block_03,0.0001,0.27037633047534326,6144,2048,8192,0.3050016874368233,0.5518627939312157,0.8530992550366349,0.392333984375,0.3026123046875,0.0897216796875
trained,category-algebra-a4-transformer-seed42,transformer,algebra_a4,42,inverse|compose|right_multiply_simple|bruhat_leq,left_to_right_minima,positional,block_03,1e-05,0.4066893425037963,6144,2048,8192,0.4054315826106647,0.6374459847157204,0.7601271598751072,0.44677734375,0.307373046875,0.139404296875
trained,category-algebra-a4-transformer-seed42,transformer,algebra_a4,42,inverse|compose|right_multiply_simple|bruhat_leq,right_to_left_maxima,positional,block_03,0.0001,0.5989656151253473,6144,2048,8192,0.6179965067250779,0.7861079605963306,0.6366433711182118,0.49560546875,0.3045654296875,0.1910400390625
trained,category-algebra-a4-transformer-seed42,transformer,algebra_a4,42,inverse|compose|right_multiply_simple|bruhat_leq,right_to_left_minima,positional,block_03,0.0001,0.68833573917623,6144,2048,8192,0.6561242904308033,0.8100340058596894,0.6026392616699521,0.5526123046875,0.2933349609375,0.25927734375
trained,category-algebra-a4-transformer-seed42,transformer,algebra_a4,42,inverse|compose|right_multiply_simple|bruhat_leq,cycle_count,cycle,block_03,0.0001,0.15752289024208033,6144,2048,8192,0.1845943096610304,0.4323832082132759,0.9000836766288149,0.36181640625,0.3079833984375,0.0538330078125
trained,category-algebra-a4-transformer-seed42,transformer,algebra_a4,42,inverse|compose|right_multiply_simple|bruhat_leq,two_cycle_count,cycle,block_03,0.001,0.06379549768570536,6144,2048,8192,0.049548321828405184,0.22848656579581103,0.9848261976839607,0.511962890625,0.6026611328125,-0.0906982421875
trained,category-algebra-a4-transformer-seed42,transformer,algebra_a4,42,inverse|compose|right_multiply_simple|bruhat_leq,three_cycle_count,cycle,block_03,0.1,0.009810012296619597,6144,2048,8192,0.012354137273235866,0.11292042071319522,0.9941253912708129,0.7288818359375,0.7235107421875,0.00537109375
trained,category-algebra-a4-transformer-seed42,transformer,algebra_a4,42,inverse|compose|right_multiply_simple|bruhat_leq,even_cycle_count,cycle,block_03,0.01,0.04364021350021352,6144,2048,8192,0.04039343504331949,0.2012768565293746,0.9905181329880153,0.4189453125,0.40771484375,0.01123046875
trained,category-algebra-a4-transformer-seed42,transformer,algebra_a4,42,inverse|compose|right_multiply_simple|bruhat_leq,odd_cycle_count,cycle,block_03,0.0001,0.16056256656847367,6144,2048,8192,0.1838239229072962,0.43113709378866116,0.8969915796628433,0.353271484375,0.5802001953125,-0.2269287109375
trained,category-algebra-a4-transformer-seed42,transformer,algebra_a4,42,inverse|compose|right_multiply_simple|bruhat_leq,longest_cycle,cycle,block_03,0.01,0.08343098564510532,6144,2048,8192,0.06972782856755622,0.26455992964734787,0.9668102564575096,0.174072265625,0.1644287109375,0.0096435546875
trained,category-algebra-a4-transformer-seed42,transformer,algebra_a4,42,inverse|compose|right_multiply_simple|bruhat_leq,shortest_cycle,cycle,block_03,0.001,0.08030058172579047,6144,2048,8192,0.09502482872334983,0.30923121128478975,0.955168129031056,0.2061767578125,0.6358642578125,-0.4296875
trained,category-algebra-a4-transformer-seed42,transformer,algebra_a4,42,inverse|compose|right_multiply_simple|bruhat_leq,nontrivial_cycle_count,cycle,block_03,0.001,0.08011456133212291,6144,2048,8192,0.06037456488397819,0.24970797404492762,0.9836385848192599,0.455078125,0.4312744140625,0.0238037109375
trained,category-algebra-a4-transformer-seed42,transformer,algebra_a4,42,inverse|compose|right_multiply_simple|bruhat_leq,lis_length,global_run,block_03,0.0001,0.4273893611176851,6144,2048,8192,0.4244598392044706,0.6519677993745036,0.7758491684170306,0.475341796875,0.39697265625,0.078369140625
trained,category-algebra-a4-transformer-seed42,transformer,algebra_a4,42,inverse|compose|right_multiply_simple|bruhat_leq,lds_length,global_run,block_03,0.0001,0.4299368044172168,6144,2048,8192,0.44798603343349486,0.6692767312004937,0.7705509545934961,0.497314453125,0.396484375,0.100830078125
trained,category-algebra-a4-transformer-seed42,transformer,algebra_a4,42,inverse|compose|right_multiply_simple|bruhat_leq,longest_increasing_run,global_run,block_03,0.001,0.20535068689932012,6144,2048,8192,0.1887229855228575,0.43419660794135867,0.9621240635819464,0.4822998046875,0.5040283203125,-0.021728515625
trained,category-algebra-a4-transformer-seed42,transformer,algebra_a4,42,inverse|compose|right_multiply_simple|bruhat_leq,longest_decreasing_run,global_run,block_03,0.001,0.21662165059209526,6144,2048,8192,0.26679995289040304,0.5202462596659648,0.9439000806130484,0.495849609375,0.5018310546875,-0.0059814453125
trained,category-algebra-a4-transformer-seed42,transformer,algebra_a4,42,inverse|compose|right_multiply_simple|bruhat_leq,global_descents,global_run,block_03,1e-06,0.3697542714616098,6144,2048,8192,0.4491186517075372,0.6732052933243845,0.9229234535186582,0.8773193359375,0.8125,0.0648193359375
trained,category-algebra-a4-transformer-seed42,transformer,algebra_a4,42,inverse|compose|right_multiply_simple|bruhat_leq,components,global_run,block_03,1e-06,0.30590895839466337,6144,2048,8192,0.3602587045302361,0.6006457371115483,0.9932593720336368,0.83056640625,0.804931640625,0.025634765625
trained,category-algebra-a4-transformer-seed42,transformer,algebra_a4,42,inverse|compose|right_multiply_simple|bruhat_leq,max_displacement,global_run,block_03,0.0001,0.5343413098274886,6144,2048,8192,0.5441321148220799,0.7375535257892747,0.6893882526951114,0.4495849609375,0.2574462890625,0.192138671875
trained,category-algebra-a4-transformer-seed42,transformer,algebra_a4,42,inverse|compose|right_multiply_simple|bruhat_leq,displacement_one_count,global_run,block_03,0.001,0.24133685203007715,6144,2048,8192,0.24327834941821747,0.4934219114803219,0.8611522330817547,0.358154296875,0.3072509765625,0.0509033203125
trained,category-algebra-a4-transformer-seed42,transformer,algebra_a4,42,inverse|compose|right_multiply_simple|bruhat_leq,descents,local,block_04,0.001,0.1894059996841122,6144,2048,8192,0.20065527478596412,0.44818931017278874,0.9128681329229461,0.3778076171875,0.3338623046875,0.0439453125
trained,category-algebra-a4-transformer-seed42,transformer,algebra_a4,42,inverse|compose|right_multiply_simple|bruhat_leq,recoils,local,block_04,0.001,0.1974666488911111,6144,2048,8192,0.20444390173729687,0.4520971347331281,0.902398796014607,0.390869140625,0.33642578125,0.054443359375
trained,category-algebra-a4-transformer-seed42,transformer,algebra_a4,42,inverse|compose|right_multiply_simple|bruhat_leq,peaks,local,block_04,0.001,0.09737914998046349,6144,2048,8192,0.12088412984479291,0.3478039973805635,0.9256117642044772,0.4852294921875,0.4635009765625,0.021728515625
trained,category-algebra-a4-transformer-seed42,transformer,algebra_a4,42,inverse|compose|right_multiply_simple|bruhat_leq,valleys,local,block_04,0.0001,0.1376445522440949,6144,2048,8192,0.15000568153917282,0.3895703585029617,0.9151728120014595,0.47802734375,0.45556640625,0.0224609375
trained,category-algebra-a4-transformer-seed42,transformer,algebra_a4,42,inverse|compose|right_multiply_simple|bruhat_leq,double_ascents,local,block_04,0.001,0.10996710593872472,6144,2048,8192,0.11773211469277634,0.34396746551798973,0.9514880622057643,0.34716796875,0.344482421875,0.002685546875
trained,category-algebra-a4-transformer-seed42,transformer,algebra_a4,42,inverse|compose|right_multiply_simple|bruhat_leq,double_descents,local,block_04,0.001,0.14257241486323335,6144,2048,8192,0.15894456639089738,0.3986742883097042,0.9136758424499518,0.3568115234375,0.3399658203125,0.016845703125
trained,category-algebra-a4-transformer-seed42,transformer,algebra_a4,42,inverse|compose|right_multiply_simple|bruhat_leq,successions,local,block_04,0.001,0.1375773747881316,6144,2048,8192,0.14311190005631969,0.3784606535880559,0.9883524173252382,0.3905029296875,0.398681640625,-0.0081787109375
trained,category-algebra-a4-transformer-seed42,transformer,algebra_a4,42,inverse|compose|right_multiply_simple|bruhat_leq,adjacencies,local,block_04,0.001,0.18517313075632802,6144,2048,8192,0.2256608306992196,0.4764225008857487,0.9193862549898173,0.3489990234375,0.329345703125,0.0196533203125
trained,category-algebra-a4-transformer-seed42,transformer,algebra_a4,42,inverse|compose|right_multiply_simple|bruhat_leq,fixed_points,positional,block_04,1e-05,0.24410503897619074,6144,2048,8192,0.24791071772869466,0.5000835361857743,0.8781092366082937,0.441162109375,0.369873046875,0.0712890625
trained,category-algebra-a4-transformer-seed42,transformer,algebra_a4,42,inverse|compose|right_multiply_simple|bruhat_leq,anti_fixed_points,positional,block_04,0.0001,0.3177900645333407,6144,2048,8192,0.30808307554747283,0.5557622856340819,0.8298131563305736,0.4522705078125,0.37939453125,0.0728759765625
trained,category-algebra-a4-transformer-seed42,transformer,algebra_a4,42,inverse|compose|right_multiply_simple|bruhat_leq,exceedances,positional,block_04,1e-05,0.38185137340389075,6144,2048,8192,0.39092516132428,0.6261723065423251,0.7778909922239859,0.457275390625,0.3426513671875,0.1146240234375
trained,category-algebra-a4-transformer-seed42,transformer,algebra_a4,42,inverse|compose|right_multiply_simple|bruhat_leq,deficiencies,positional,block_04,0.0001,0.3175513297075556,6144,2048,8192,0.35752468881529165,0.5978699453370286,0.8030175885236165,0.446044921875,0.34033203125,0.105712890625
trained,category-algebra-a4-transformer-seed42,transformer,algebra_a4,42,inverse|compose|right_multiply_simple|bruhat_leq,left_to_right_maxima,positional,block_04,0.0001,0.25876244828024664,6144,2048,8192,0.2780468687399734,0.5269324919235423,0.869485191581459,0.394775390625,0.3026123046875,0.0921630859375
trained,category-algebra-a4-transformer-seed42,transformer,algebra_a4,42,inverse|compose|right_multiply_simple|bruhat_leq,left_to_right_minima,positional,block_04,0.0001,0.395041819219055,6144,2048,8192,0.3981924145644843,0.6314257153906647,0.764740623849884,0.4285888671875,0.307373046875,0.1212158203125
trained,category-algebra-a4-transformer-seed42,transformer,algebra_a4,42,inverse|compose|right_multiply_simple|bruhat_leq,right_to_left_maxima,positional,block_04,1e-05,0.5793566364346953,6144,2048,8192,0.5986465302505244,0.7737544262148872,0.6525684383604891,0.4715576171875,0.3045654296875,0.1669921875
trained,category-algebra-a4-transformer-seed42,transformer,algebra_a4,42,inverse|compose|right_multiply_simple|bruhat_leq,right_to_left_minima,positional,block_04,0.001,0.6506591127415517,6144,2048,8192,0.6162232596010799,0.7852681982821064,0.6366430428150532,0.5302734375,0.2933349609375,0.2369384765625
trained,category-algebra-a4-transformer-seed42,transformer,algebra_a4,42,inverse|compose|right_multiply_simple|bruhat_leq,cycle_count,cycle,block_04,0.001,0.15021644869070327,6144,2048,8192,0.1693535473757094,0.41272204847663285,0.9084564737497617,0.3563232421875,0.3079833984375,0.04833984375
trained,category-algebra-a4-transformer-seed42,transformer,algebra_a4,42,inverse|compose|right_multiply_simple|bruhat_leq,two_cycle_count,cycle,block_04,0.01,0.0545833507360548,6144,2048,8192,0.04572555994051564,0.21438048397096093,0.9868047191741787,0.505615234375,0.6026611328125,-0.0970458984375
trained,category-algebra-a4-transformer-seed42,transformer,algebra_a4,42,inverse|compose|right_multiply_simple|bruhat_leq,three_cycle_count,cycle,block_04,0.1,0.0076863567843195035,6144,2048,8192,0.008650624398167994,0.0931507157068958,0.9959875522349975,0.7286376953125,0.7235107421875,0.005126953125
trained,category-algebra-a4-transformer-seed42,transformer,algebra_a4,42,inverse|compose|right_multiply_simple|bruhat_leq,even_cycle_count,cycle,block_04,0.01,0.039963234644480594,6144,2048,8192,0.04163860243056372,0.204727227233455,0.9898752855560727,0.423828125,0.40771484375,0.01611328125
trained,category-algebra-a4-transformer-seed42,transformer,algebra_a4,42,inverse|compose|right_multiply_simple|bruhat_leq,odd_cycle_count,cycle,block_04,0.0001,0.15820286168501052,6144,2048,8192,0.16818230462571115,0.41420066537672945,0.9055459929519257,0.342041015625,0.5802001953125,-0.2381591796875
trained,category-algebra-a4-transformer-seed42,transformer,algebra_a4,42,inverse|compose|right_multiply_simple|bruhat_leq,longest_cycle,cycle,block_04,0.01,0.07886179770297186,6144,2048,8192,0.07212463210079711,0.2688554590957496,0.965563982081838,0.1812744140625,0.1644287109375,0.016845703125
trained,category-algebra-a4-transformer-seed42,transformer,algebra_a4,42,inverse|compose|right_multiply_simple|bruhat_leq,shortest_cycle,cycle,block_04,0.01,0.07484406843315983,6144,2048,8192,0.0811105400456773,0.2851979627670977,0.9624831295513332,0.182373046875,0.6358642578125,-0.4534912109375
trained,category-algebra-a4-transformer-seed42,transformer,algebra_a4,42,inverse|compose|right_multiply_simple|bruhat_leq,nontrivial_cycle_count,cycle,block_04,0.01,0.06983402545630346,6144,2048,8192,0.05612435567066065,0.23728004748156084,0.9858607217869414,0.4569091796875,0.4312744140625,0.025634765625
trained,category-algebra-a4-transformer-seed42,transformer,algebra_a4,42,inverse|compose|right_multiply_simple|bruhat_leq,lis_length,global_run,block_04,0.0001,0.4157486244909334,6144,2048,8192,0.4095399655151043,0.6403590271298797,0.7858410943971142,0.4708251953125,0.39697265625,0.0738525390625
trained,category-algebra-a4-transformer-seed42,transformer,algebra_a4,42,inverse|compose|right_multiply_simple|bruhat_leq,lds_length,global_run,block_04,0.001,0.4236271489625467,6144,2048,8192,0.4347068111642204,0.6593698202800302,0.7797640453810317,0.485107421875,0.396484375,0.088623046875
trained,category-algebra-a4-transformer-seed42,transformer,algebra_a4,42,inverse|compose|right_multiply_simple|bruhat_leq,longest_increasing_run,global_run,block_04,0.001,0.193417421763038,6144,2048,8192,0.1789677524797726,0.4227742026115161,0.9678913279350478,0.4815673828125,0.5040283203125,-0.0224609375
trained,category-algebra-a4-transformer-seed42,transformer,algebra_a4,42,inverse|compose|right_multiply_simple|bruhat_leq,longest_decreasing_run,global_run,block_04,0.01,0.19382906920311282,6144,2048,8192,0.22493957199967085,0.48413880522440483,0.9704710018745855,0.500732421875,0.5018310546875,-0.0010986328125
trained,category-algebra-a4-transformer-seed42,transformer,algebra_a4,42,inverse|compose|right_multiply_simple|bruhat_leq,global_descents,global_run,block_04,1e-06,0.37140053385624416,6144,2048,8192,0.4365792271412162,0.663393388730038,0.9333683623593211,0.8724365234375,0.8125,0.0599365234375
trained,category-algebra-a4-transformer-seed42,transformer,algebra_a4,42,inverse|compose|right_multiply_simple|bruhat_leq,components,global_run,block_04,1e-06,0.2705848296071651,6144,2048,8192,0.3421872143017092,0.5857865346596226,1.0071905309101783,0.830810546875,0.804931640625,0.02587890625
trained,category-algebra-a4-transformer-seed42,transformer,algebra_a4,42,inverse|compose|right_multiply_simple|bruhat_leq,max_displacement,global_run,block_04,1e-06,0.5210532742654761,6144,2048,8192,0.5251323045395057,0.7246133508155439,0.7036078767298218,0.4364013671875,0.2574462890625,0.178955078125
trained,category-algebra-a4-transformer-seed42,transformer,algebra_a4,42,inverse|compose|right_multiply_simple|bruhat_leq,displacement_one_count,global_run,block_04,0.001,0.2386916519559127,6144,2048,8192,0.2382867432685074,0.4883198779421867,0.8639877984436883,0.3516845703125,0.3072509765625,0.04443359375
trained,category-algebra-a4-transformer-seed42,transformer,algebra_a4,42,inverse|compose|right_multiply_simple|bruhat_leq,descents,local,final_norm,0.001,0.1954624876053217,6144,2048,8192,0.20123440439408824,0.4489897381230449,0.9125373840370153,0.3709716796875,0.3338623046875,0.037109375
trained,category-algebra-a4-transformer-seed42,transformer,algebra_a4,42,inverse|compose|right_multiply_simple|bruhat_leq,recoils,local,final_norm,0.001,0.20664098391542995,6144,2048,8192,0.2092402771824926,0.4573784437696009,0.8996744206516142,0.39501953125,0.33642578125,0.05859375
trained,category-algebra-a4-transformer-seed42,transformer,algebra_a4,42,inverse|compose|right_multiply_simple|bruhat_leq,peaks,local,final_norm,0.001,0.11220834023791182,6144,2048,8192,0.12816936821747582,0.358080481303016,0.9217685103133454,0.4844970703125,0.4635009765625,0.02099609375
trained,category-algebra-a4-transformer-seed42,transformer,algebra_a4,42,inverse|compose|right_multiply_simple|bruhat_leq,valleys,local,final_norm,0.001,0.14082222790929955,6144,2048,8192,0.15197976668378632,0.3900507696706068,0.914109464168802,0.4827880859375,0.45556640625,0.0272216796875
trained,category-algebra-a4-transformer-seed42,transformer,algebra_a4,42,inverse|compose|right_multiply_simple|bruhat_leq,double_ascents,local,final_norm,0.001,0.11607086588534454,6144,2048,8192,0.12284788080133491,0.35133171242011535,0.9487254845996934,0.3505859375,0.344482421875,0.006103515625
trained,category-algebra-a4-transformer-seed42,transformer,algebra_a4,42,inverse|compose|right_multiply_simple|bruhat_leq,double_descents,local,final_norm,0.001,0.14603224345917365,6144,2048,8192,0.15562750552008464,0.39449616841516677,0.9154758046819974,0.357666015625,0.3399658203125,0.0177001953125
trained,category-algebra-a4-transformer-seed42,transformer,algebra_a4,42,inverse|compose|right_multiply_simple|bruhat_leq,successions,local,final_norm,0.001,0.15630156487609115,6144,2048,8192,0.15344092694521116,0.3918133077057657,0.9823775007716188,0.3924560546875,0.398681640625,-0.0062255859375
trained,category-algebra-a4-transformer-seed42,transformer,algebra_a4,42,inverse|compose|right_multiply_simple|bruhat_leq,adjacencies,local,final_norm,0.001,0.19812568460852775,6144,2048,8192,0.22961015270052176,0.4803502570049393,0.9170387088224952,0.3492431640625,0.329345703125,0.0198974609375
trained,category-algebra-a4-transformer-seed42,transformer,algebra_a4,42,inverse|compose|right_multiply_simple|bruhat_leq,fixed_points,positional,final_norm,1e-05,0.2722814031382159,6144,2048,8192,0.2626725612471543,0.5148686719020964,0.8694488622541167,0.44384765625,0.369873046875,0.073974609375
trained,category-algebra-a4-transformer-seed42,transformer,algebra_a4,42,inverse|compose|right_multiply_simple|bruhat_leq,anti_fixed_points,positional,final_norm,0.0001,0.32101926012406534,6144,2048,8192,0.3113981633802311,0.5585427417943574,0.8278228838529962,0.4559326171875,0.37939453125,0.0765380859375
trained,category-algebra-a4-transformer-seed42,transformer,algebra_a4,42,inverse|compose|right_multiply_simple|bruhat_leq,exceedances,positional,final_norm,1e-05,0.39146650306187314,6144,2048,8192,0.3987077910551402,0.632336283316577,0.7729051505558135,0.4613037109375,0.3426513671875,0.11865234375
trained,category-algebra-a4-transformer-seed42,transformer,algebra_a4,42,inverse|compose|right_multiply_simple|bruhat_leq,deficiencies,positional,final_norm,0.001,0.32774039156619694,6144,2048,8192,0.3508276914281512,0.5928502638380715,0.8071919629690416,0.4483642578125,0.34033203125,0.1080322265625
trained,category-algebra-a4-transformer-seed42,transformer,algebra_a4,42,inverse|compose|right_multiply_simple|bruhat_leq,left_to_right_maxima,positional,final_norm,0.0001,0.2705037325112256,6144,2048,8192,0.28615324744181736,0.534564965036114,0.8645899474891897,0.396240234375,0.3026123046875,0.0936279296875
trained,category-algebra-a4-transformer-seed42,transformer,algebra_a4,42,inverse|compose|right_multiply_simple|bruhat_leq,left_to_right_minima,positional,final_norm,0.0001,0.3943550448350801,6144,2048,8192,0.39851308340446834,0.6316172188724639,0.7645368534335257,0.4371337890625,0.307373046875,0.1297607421875
trained,category-algebra-a4-transformer-seed42,transformer,algebra_a4,42,inverse|compose|right_multiply_simple|bruhat_leq,right_to_left_maxima,positional,final_norm,0.0001,0.585061085792903,6144,2048,8192,0.59105778206308,0.7688060387346597,0.6587088953887816,0.481201171875,0.3045654296875,0.1766357421875
trained,category-algebra-a4-transformer-seed42,transformer,algebra_a4,42,inverse|compose|right_multiply_simple|bruhat_leq,right_to_left_minima,positional,final_norm,0.0001,0.6671651577330215,6144,2048,8192,0.6347199973674261,0.7966877012481458,0.6211115727159965,0.529541015625,0.2933349609375,0.2362060546875
trained,category-algebra-a4-transformer-seed42,transformer,algebra_a4,42,inverse|compose|right_multiply_simple|bruhat_leq,cycle_count,cycle,final_norm,0.001,0.18054411773345802,6144,2048,8192,0.1831350636474014,0.4294522756947868,0.9008887092799348,0.3603515625,0.3079833984375,0.0523681640625
trained,category-algebra-a4-transformer-seed42,transformer,algebra_a4,42,inverse|compose|right_multiply_simple|bruhat_leq,two_cycle_count,cycle,final_norm,0.01,0.06389842103341337,6144,2048,8192,0.04993927596672354,0.22412773871379374,0.9846236300586143,0.509521484375,0.6026611328125,-0.0931396484375
trained,category-algebra-a4-transformer-seed42,transformer,algebra_a4,42,inverse|compose|right_multiply_simple|bruhat_leq,three_cycle_count,cycle,final_norm,0.1,0.006001806409443811,6144,2048,8192,0.007100256309064745,0.08513220089558643,0.9967660588372026,0.728759765625,0.7235107421875,0.0052490234375
trained,category-algebra-a4-transformer-seed42,transformer,algebra_a4,42,inverse|compose|right_multiply_simple|bruhat_leq,even_cycle_count,cycle,final_norm,0.01,0.04385595234788864,6144,2048,8192,0.04465871117427733,0.21197952111973814,0.9883143451960845,0.426513671875,0.40771484375,0.018798828125
trained,category-algebra-a4-transformer-seed42,transformer,algebra_a4,42,inverse|compose|right_multiply_simple|bruhat_leq,odd_cycle_count,cycle,final_norm,0.0001,0.1800630892059476,6144,2048,8192,0.1763987905926473,0.4247289630290939,0.9010625160382436,0.345458984375,0.5802001953125,-0.2347412109375
trained,category-algebra-a4-transformer-seed42,transformer,algebra_a4,42,inverse|compose|right_multiply_simple|bruhat_leq,longest_cycle,cycle,final_norm,0.01,0.08800319991746486,6144,2048,8192,0.07905628733880399,0.2813212385252526,0.961950617808911,0.1832275390625,0.1644287109375,0.018798828125
trained,category-algebra-a4-transformer-seed42,transformer,algebra_a4,42,inverse|compose|right_multiply_simple|bruhat_leq,shortest_cycle,cycle,final_norm,0.001,0.08379547464100945,6144,2048,8192,0.10080234366004936,0.3187327076745851,0.9521142694928579,0.2098388671875,0.6358642578125,-0.426025390625
trained,category-algebra-a4-transformer-seed42,transformer,algebra_a4,42,inverse|compose|right_multiply_simple|bruhat_leq,nontrivial_cycle_count,cycle,final_norm,0.01,0.07581500077362213,6144,2048,8192,0.058752797393387235,0.24275522473308342,0.9844870853393107,0.4486083984375,0.4312744140625,0.017333984375
trained,category-algebra-a4-transformer-seed42,transformer,algebra_a4,42,inverse|compose|right_multiply_simple|bruhat_leq,lis_length,global_run,final_norm,0.0001,0.42927902225584436,6144,2048,8192,0.42282042795783814,0.6506365583540299,0.7769533757839746,0.4794921875,0.39697265625,0.08251953125
trained,category-algebra-a4-transformer-seed42,transformer,algebra_a4,42,inverse|compose|right_multiply_simple|bruhat_leq,lds_length,global_run,final_norm,0.001,0.42696430912334693,6144,2048,8192,0.4266884339342004,0.6532111890452003,0.7852748372864803,0.4893798828125,0.396484375,0.0928955078125
trained,category-algebra-a4-transformer-seed42,transformer,algebra_a4,42,inverse|compose|right_multiply_simple|bruhat_leq,longest_increasing_run,global_run,final_norm,0.001,0.2117813749895039,6144,2048,8192,0.19057612181423422,0.4363269386941737,0.96102458318676,0.4794921875,0.5040283203125,-0.0245361328125
trained,category-algebra-a4-transformer-seed42,transformer,algebra_a4,42,inverse|compose|right_multiply_simple|bruhat_leq,longest_decreasing_run,global_run,final_norm,0.01,0.1957281966648139,6144,2048,8192,0.21200240684366267,0.468631992582465,0.9785369435066926,0.4959716796875,0.5018310546875,-0.005859375
trained,category-algebra-a4-transformer-seed42,transformer,algebra_a4,42,inverse|compose|right_multiply_simple|bruhat_leq,global_descents,global_run,final_norm,1e-06,0.36597544354110034,6144,2048,8192,0.41982005279967893,0.6499675122784299,0.9471483465383485,0.8782958984375,0.8125,0.0657958984375
trained,category-algebra-a4-transformer-seed42,transformer,algebra_a4,42,inverse|compose|right_multiply_simple|bruhat_leq,components,global_run,final_norm,1e-06,0.2963315974589136,6144,2048,8192,0.360394502554807,0.6009805912695191,0.993153946746715,0.832763671875,0.804931640625,0.02783203125
trained,category-algebra-a4-transformer-seed42,transformer,algebra_a4,42,inverse|compose|right_multiply_simple|bruhat_leq,max_displacement,global_run,final_norm,1e-06,0.5264758176679138,6144,2048,8192,0.5278433094298298,0.7264576348837841,0.7015965642587784,0.4451904296875,0.2574462890625,0.187744140625
trained,category-algebra-a4-transformer-seed42,transformer,algebra_a4,42,inverse|compose|right_multiply_simple|bruhat_leq,displacement_one_count,global_run,final_norm,0.001,0.243211230221005,6144,2048,8192,0.24495426643283147,0.49504886125043884,0.8601981044124569,0.359375,0.3072509765625,0.0521240234375
trained,category-algebra-a4-transformer-seed314159,transformer,algebra_a4,314159,inverse|compose|right_multiply_simple|bruhat_leq,descents,local,embedding,1e-06,0.0,6144,2048,8192,-2.220446049250313e-16,0.005086557211493772,1.0210358474220083,0.3427734375,0.3338623046875,0.0089111328125
trained,category-algebra-a4-transformer-seed314159,transformer,algebra_a4,314159,inverse|compose|right_multiply_simple|bruhat_leq,recoils,local,embedding,1.0,2.220446049250313e-16,6144,2048,8192,0.0,0.024498323919074284,1.0117264466110467,0.3408203125,0.33642578125,0.00439453125
trained,category-algebra-a4-transformer-seed314159,transformer,algebra_a4,314159,inverse|compose|right_multiply_simple|bruhat_leq,peaks,local,embedding,1.0,1.1102230246251565e-16,6144,2048,8192,0.0,-0.010328278643473644,0.987201497821541,0.4708251953125,0.4635009765625,0.00732421875
trained,category-algebra-a4-transformer-seed314159,transformer,algebra_a4,314159,inverse|compose|right_multiply_simple|bruhat_leq,valleys,local,embedding,1e-06,0.0,6144,2048,8192,1.1102230246251565e-16,0.00292141734121456,0.992647602968415,0.458984375,0.45556640625,0.00341796875
trained,category-algebra-a4-transformer-seed314159,transformer,algebra_a4,314159,inverse|compose|right_multiply_simple|bruhat_leq,double_ascents,local,embedding,10.0,0.0,6144,2048,8192,0.0,0.0,1.012985218660725,0.3338623046875,0.344482421875,-0.0106201171875
trained,category-algebra-a4-transformer-seed314159,transformer,algebra_a4,314159,inverse|compose|right_multiply_simple|bruhat_leq,double_descents,local,embedding,1.0,0.0,6144,2048,8192,0.0,0.0,0.9962763749938195,0.3388671875,0.3399658203125,-0.0010986328125
trained,category-algebra-a4-transformer-seed314159,transformer,algebra_a4,314159,inverse|compose|right_multiply_simple|bruhat_leq,successions,local,embedding,1e-06,0.0,6144,2048,8192,0.0,0.0,1.0677013036927756,0.3643798828125,0.398681640625,-0.0343017578125
trained,category-algebra-a4-transformer-seed314159,transformer,algebra_a4,314159,inverse|compose|right_multiply_simple|bruhat_leq,adjacencies,local,embedding,1e-06,0.0,6144,2048,8192,0.0,0.0,1.0447981442612964,0.329345703125,0.329345703125,0.0
trained,category-algebra-a4-transformer-seed314159,transformer,algebra_a4,314159,inverse|compose|right_multiply_simple|bruhat_leq,fixed_points,positional,embedding,1e-06,2.220446049250313e-16,6144,2048,8192,-2.220446049250313e-16,0.0,1.0125438624646814,0.3580322265625,0.369873046875,-0.0118408203125
trained,category-algebra-a4-transformer-seed314159,transformer,algebra_a4,314159,inverse|compose|right_multiply_simple|bruhat_leq,anti_fixed_points,positional,embedding,1e-06,0.0,6144,2048,8192,0.0,0.0,0.9975928763619372,0.3592529296875,0.37939453125,-0.0201416015625
trained,category-algebra-a4-transformer-seed314159,transformer,algebra_a4,314159,inverse|compose|right_multiply_simple|bruhat_leq,exceedances,positional,embedding,0.1,2.220446049250313e-16,6144,2048,8192,0.0,-0.012893706381215796,0.996743501992833,0.3426513671875,0.3426513671875,0.0
trained,category-algebra-a4-transformer-seed314159,transformer,algebra_a4,314159,inverse|compose|right_multiply_simple|bruhat_leq,deficiencies,positional,embedding,1e-06,0.0,6144,2048,8192,0.0,0.02367495365840826,1.0018364670463262,0.3414306640625,0.34033203125,0.0010986328125
trained,category-algebra-a4-transformer-seed314159,transformer,algebra_a4,314159,inverse|compose|right_multiply_simple|bruhat_leq,left_to_right_maxima,positional,embedding,10.0,0.0,6144,2048,8192,0.0,0.0,1.0233111062138236,0.3040771484375,0.3026123046875,0.00146484375
trained,category-algebra-a4-transformer-seed314159,transformer,algebra_a4,314159,inverse|compose|right_multiply_simple|bruhat_leq,left_to_right_minima,positional,embedding,1e-06,0.0,6144,2048,8192,0.0,0.0,0.9857920972831147,0.3160400390625,0.307373046875,0.0086669921875
trained,category-algebra-a4-transformer-seed314159,transformer,algebra_a4,314159,inverse|compose|right_multiply_simple|bruhat_leq,right_to_left_maxima,positional,embedding,1e-06,0.0,6144,2048,8192,0.0,0.0,1.0300600749281232,0.305908203125,0.3045654296875,0.0013427734375
trained,category-algebra-a4-transformer-seed314159,transformer,algebra_a4,314159,inverse|compose|right_multiply_simple|bruhat_leq,right_to_left_minima,positional,embedding,1e-06,0.0,6144,2048,8192,0.0,0.0,1.0276770844678722,0.3035888671875,0.2933349609375,0.01025390625
trained,category-algebra-a4-transformer-seed314159,transformer,algebra_a4,314159,inverse|compose|right_multiply_simple|bruhat_leq,cycle_count,cycle,embedding,1e-06,0.0,6144,2048,8192,0.0,0.0,0.9967724289122708,0.3077392578125,0.3079833984375,-0.000244140625
trained,category-algebra-a4-transformer-seed314159,transformer,algebra_a4,314159,inverse|compose|right_multiply_simple|bruhat_leq,two_cycle_count,cycle,embedding,1e-06,0.0,6144,2048,8192,0.0,0.0,1.0101702448488212,0.4593505859375,0.6026611328125,-0.143310546875
trained,category-algebra-a4-transformer-seed314159,transformer,algebra_a4,314159,inverse|compose|right_multiply_simple|bruhat_leq,three_cycle_count,cycle,embedding,1e-06,1.1102230246251565e-16,6144,2048,8192,0.0,0.0,1.0003236622577176,0.7235107421875,0.7235107421875,0.0
trained,category-algebra-a4-transformer-seed314159,transformer,algebra_a4,314159,inverse|compose|right_multiply_simple|bruhat_leq,even_cycle_count,cycle,embedding,1e-06,0.0,6144,2048,8192,0.0,0.0,1.0111505563890062,0.3974609375,0.40771484375,-0.01025390625
trained,category-algebra-a4-transformer-seed314159,transformer,algebra_a4,314159,inverse|compose|right_multiply_simple|bruhat_leq,odd_cycle_count,cycle,embedding,1e-06,0.0,6144,2048,8192,0.0,0.0,0.9928792526047006,0.3057861328125,0.5802001953125,-0.2744140625
trained,category-algebra-a4-transformer-seed314159,transformer,algebra_a4,314159,inverse|compose|right_multiply_simple|bruhat_leq,longest_cycle,cycle,embedding,1e-06,0.0,6144,2048,8192,0.0,-0.02110963538102576,1.002388866359531,0.1435546875,0.1644287109375,-0.0208740234375
trained,category-algebra-a4-transformer-seed314159,transformer,algebra_a4,314159,inverse|compose|right_multiply_simple|bruhat_leq,shortest_cycle,cycle,embedding,1e-06,0.0,6144,2048,8192,0.0,0.0,1.004064219330732,0.1092529296875,0.6358642578125,-0.526611328125
trained,category-algebra-a4-transformer-seed314159,transformer,algebra_a4,314159,inverse|compose|right_multiply_simple|bruhat_leq,nontrivial_cycle_count,cycle,embedding,1e-06,0.0,6144,2048,8192,0.0,0.00410246852895421,1.0147479301353286,0.4290771484375,0.4312744140625,-0.002197265625
trained,category-algebra-a4-transformer-seed314159,transformer,algebra_a4,314159,inverse|compose|right_multiply_simple|bruhat_leq,lis_length,global_run,embedding,1e-06,2.220446049250313e-16,6144,2048,8192,0.0,-0.015225377064684834,1.022679339029915,0.390869140625,0.39697265625,-0.006103515625
trained,category-algebra-a4-transformer-seed314159,transformer,algebra_a4,314159,inverse|compose|right_multiply_simple|bruhat_leq,lds_length,global_run,embedding,1e-06,0.0,6144,2048,8192,0.0,-0.016569026619301486,1.0371136011049422,0.38720703125,0.396484375,-0.00927734375
trained,category-algebra-a4-transformer-seed314159,transformer,algebra_a4,314159,inverse|compose|right_multiply_simple|bruhat_leq,longest_increasing_run,global_run,embedding,1e-06,0.0,6144,2048,8192,0.0,0.025225194463708557,1.0681850394483854,0.4554443359375,0.5040283203125,-0.048583984375
trained,category-algebra-a4-transformer-seed314159,transformer,algebra_a4,314159,inverse|compose|right_multiply_simple|bruhat_leq,longest_decreasing_run,global_run,embedding,1e-06,0.0,6144,2048,8192,0.0,0.01437792835465184,1.1023380059178607,0.459716796875,0.5018310546875,-0.0421142578125
trained,category-algebra-a4-transformer-seed314159,transformer,algebra_a4,314159,inverse|compose|right_multiply_simple|bruhat_leq,global_descents,global_run,embedding,1e-06,0.0,6144,2048,8192,0.0,0.0,1.2434738264527403,0.7889404296875,0.8125,-0.0235595703125
trained,category-algebra-a4-transformer-seed314159,transformer,algebra_a4,314159,inverse|compose|right_multiply_simple|bruhat_leq,components,global_run,embedding,1e-06,0.0,6144,2048,8192,0.0,0.007381574477977804,1.241825229327309,0.7493896484375,0.804931640625,-0.0555419921875
trained,category-algebra-a4-transformer-seed314159,transformer,algebra_a4,314159,inverse|compose|right_multiply_simple|bruhat_leq,max_displacement,global_run,embedding,1e-06,0.0,6144,2048,8192,0.0,-0.01373186007002338,1.0210438164840894,0.238037109375,0.2574462890625,-0.0194091796875
trained,category-algebra-a4-transformer-seed314159,transformer,algebra_a4,314159,inverse|compose|right_multiply_simple|bruhat_leq,displacement_one_count,global_run,embedding,1e-06,0.0,6144,2048,8192,0.0,0.0,0.9899467911205587,0.2646484375,0.3072509765625,-0.0426025390625
trained,category-algebra-a4-transformer-seed314159,transformer,algebra_a4,314159,inverse|compose|right_multiply_simple|bruhat_leq,descents,local,block_01,0.001,0.16718349166552415,6144,2048,8192,0.1775184896696096,0.4211872405992662,0.9259852348564674,0.3839111328125,0.3338623046875,0.050048828125
trained,category-algebra-a4-transformer-seed314159,transformer,algebra_a4,314159,inverse|compose|right_multiply_simple|bruhat_leq,recoils,local,block_01,0.001,0.1673505752165082,6144,2048,8192,0.18677249739196944,0.43210616547990416,0.9123660816470528,0.3853759765625,0.33642578125,0.0489501953125
trained,category-algebra-a4-transformer-seed314159,transformer,algebra_a4,314159,inverse|compose|right_multiply_simple|bruhat_leq,peaks,local,block_01,0.001,0.05671575289874786,6144,2048,8192,0.08886006589950624,0.2980928637517219,0.9423198647324846,0.48046875,0.4635009765625,0.0169677734375
trained,category-algebra-a4-transformer-seed314159,transformer,algebra_a4,314159,inverse|compose|right_multiply_simple|bruhat_leq,valleys,local,block_01,0.0001,0.08107450849876596,6144,2048,8192,0.08102953852260619,0.2914570669472489,0.9515812459057009,0.468994140625,0.45556640625,0.013427734375
trained,category-algebra-a4-transformer-seed314159,transformer,algebra_a4,314159,inverse|compose|right_multiply_simple|bruhat_leq,double_ascents,local,block_01,0.001,0.09911811168534568,6144,2048,8192,0.11280270497102518,0.3357753270096616,0.9541424381846334,0.3558349609375,0.344482421875,0.0113525390625
trained,category-algebra-a4-transformer-seed314159,transformer,algebra_a4,314159,inverse|compose|right_multiply_simple|bruhat_leq,double_descents,local,block_01,0.001,0.12406357884226216,6144,2048,8192,0.12927895251998345,0.3594372408143021,0.9296497421230105,0.34716796875,0.3399658203125,0.0072021484375
trained,category-algebra-a4-transformer-seed314159,transformer,algebra_a4,314159,inverse|compose|right_multiply_simple|bruhat_leq,successions,local,block_01,0.0001,0.12478275783169335,6144,2048,8192,0.12942010565673379,0.36053931150345686,0.996217323566987,0.373046875,0.398681640625,-0.025634765625
trained,category-algebra-a4-transformer-seed314159,transformer,algebra_a4,314159,inverse|compose|right_multiply_simple|bruhat_leq,adjacencies,local,block_01,0.0001,0.18015498455073264,6144,2048,8192,0.2127807544051975,0.46117479572170356,0.9270010883903002,0.34033203125,0.329345703125,0.010986328125
trained,category-algebra-a4-transformer-seed314159,transformer,algebra_a4,314159,inverse|compose|right_multiply_simple|bruhat_leq,fixed_points,positional,block_01,0.0001,0.23065174587877602,6144,2048,8192,0.25231319012685627,0.5028818355632811,0.8755353895073231,0.4305419921875,0.369873046875,0.0606689453125
trained,category-algebra-a4-transformer-seed314159,transformer,algebra_a4,314159,inverse|compose|right_multiply_simple|bruhat_leq,anti_fixed_points,positional,block_01,0.0001,0.23558264447580668,6144,2048,8192,0.23213958982246874,0.4836943058656313,0.8741671404600635,0.41943359375,0.37939453125,0.0400390625
trained,category-algebra-a4-transformer-seed314159,transformer,algebra_a4,314159,inverse|compose|right_multiply_simple|bruhat_leq,exceedances,positional,block_01,0.0001,0.32183082297270305,6144,2048,8192,0.3302828209881442,0.575238681753404,0.8156975026914559,0.4371337890625,0.3426513671875,0.094482421875
trained,category-algebra-a4-transformer-seed314159,transformer,algebra_a4,314159,inverse|compose|right_multiply_simple|bruhat_leq,deficiencies,positional,block_01,0.0001,0.25714473734853505,6144,2048,8192,0.2920651606065007,0.5402628524036747,0.8429338200531884,0.438720703125,0.34033203125,0.098388671875
trained,category-algebra-a4-transformer-seed314159,transformer,algebra_a4,314159,inverse|compose|right_multiply_simple|bruhat_leq,left_to_right_maxima,positional,block_01,0.0001,0.18721011011176603,6144,2048,8192,0.21442997710329992,0.4627975809544378,0.9069850716296458,0.365478515625,0.3026123046875,0.0628662109375
trained,category-algebra-a4-transformer-seed314159,transformer,algebra_a4,314159,inverse|compose|right_multiply_simple|bruhat_leq,left_to_right_minima,positional,block_01,0.0001,0.3568824438426986,6144,2048,8192,0.3605540423318023,0.600647912415151,0.7882922473219948,0.406494140625,0.307373046875,0.09912109375
trained,category-algebra-a4-transformer-seed314159,transformer,algebra_a4,314159,inverse|compose|right_multiply_simple|bruhat_leq,right_to_left_maxima,positional,block_01,0.0001,0.5914990310019463,6144,2048,8192,0.6101458986196809,0.7811059667932463,0.6431519755882181,0.4991455078125,0.3045654296875,0.194580078125
trained,category-algebra-a4-transformer-seed314159,transformer,algebra_a4,314159,inverse|compose|right_multiply_simple|bruhat_leq,right_to_left_minima,positional,block_01,0.0001,0.6633770161687735,6144,2048,8192,0.6402482124948622,0.8001640191614823,0.6163936454501454,0.528564453125,0.2933349609375,0.2352294921875
trained,category-algebra-a4-transformer-seed314159,transformer,algebra_a4,314159,inverse|compose|right_multiply_simple|bruhat_leq,cycle_count,cycle,block_01,0.0001,0.13738421713954063,6144,2048,8192,0.15877002723873024,0.40114271108477517,0.9142256160042966,0.353515625,0.3079833984375,0.0455322265625
trained,category-algebra-a4-transformer-seed314159,transformer,algebra_a4,314159,inverse|compose|right_multiply_simple|bruhat_leq,two_cycle_count,cycle,block_01,0.01,0.03029482279976292,6144,2048,8192,0.028055181006826357,0.1676242640260442,0.995899183951183,0.4747314453125,0.6026611328125,-0.1279296875
trained,category-algebra-a4-transformer-seed314159,transformer,algebra_a4,314159,inverse|compose|right_multiply_simple|bruhat_leq,three_cycle_count,cycle,block_01,10.0,-0.00018587434224692778,6144,2048,8192,0.0005476471946024297,0.023913662383613938,1.0000497125219652,0.7235107421875,0.7235107421875,0.0
trained,category-algebra-a4-transformer-seed314159,transformer,algebra_a4,314159,inverse|compose|right_multiply_simple|bruhat_leq,even_cycle_count,cycle,block_01,0.01,0.023843677302274546,6144,2048,8192,0.029892921252110516,0.17292517532943744,0.9959227702447471,0.4122314453125,0.40771484375,0.0045166015625
trained,category-algebra-a4-transformer-seed314159,transformer,algebra_a4,314159,inverse|compose|right_multiply_simple|bruhat_leq,odd_cycle_count,cycle,block_01,0.0001,0.15511308782940214,6144,2048,8192,0.1732115476764584,0.4188432772231923,0.9028043371801346,0.34619140625,0.5802001953125,-0.2340087890625
trained,category-algebra-a4-transformer-seed314159,transformer,algebra_a4,314159,inverse|compose|right_multiply_simple|bruhat_leq,longest_cycle,cycle,block_01,0.001,0.05638175842711379,6144,2048,8192,0.06753858004650948,0.260814791995617,0.9679472055076752,0.171142578125,0.1644287109375,0.0067138671875
trained,category-algebra-a4-transformer-seed314159,transformer,algebra_a4,314159,inverse|compose|right_multiply_simple|bruhat_leq,shortest_cycle,cycle,block_01,0.001,0.06416927946147377,6144,2048,8192,0.07244484811285334,0.2693422229237555,0.9670108832313813,0.17822265625,0.6358642578125,-0.4576416015625
trained,category-algebra-a4-transformer-seed314159,transformer,algebra_a4,314159,inverse|compose|right_multiply_simple|bruhat_leq,nontrivial_cycle_count,cycle,block_01,0.001,0.05386690750071177,6144,2048,8192,0.05064190638642485,0.22626627173734815,0.9887197348314464,0.4522705078125,0.4312744140625,0.02099609375
trained,category-algebra-a4-transformer-seed314159,transformer,algebra_a4,314159,inverse|compose|right_multiply_simple|bruhat_leq,lis_length,global_run,block_01,0.0001,0.39057419114557357,6144,2048,8192,0.4049875642017331,0.6365232420413695,0.7888646648195271,0.469482421875,0.39697265625,0.072509765625
trained,category-algebra-a4-transformer-seed314159,transformer,algebra_a4,314159,inverse|compose|right_multiply_simple|bruhat_leq,lds_length,global_run,block_01,0.0001,0.3720043265878563,6144,2048,8192,0.4093670906348664,0.6398510025585953,0.797049237488085,0.4752197265625,0.396484375,0.0787353515625
trained,category-algebra-a4-transformer-seed314159,transformer,algebra_a4,314159,inverse|compose|right_multiply_simple|bruhat_leq,longest_increasing_run,global_run,block_01,0.0001,0.20701839716987502,6144,2048,8192,0.18493247395366297,0.4305268875913026,0.9643690997223369,0.481689453125,0.5040283203125,-0.0223388671875
trained,category-algebra-a4-transformer-seed314159,transformer,algebra_a4,314159,inverse|compose|right_multiply_simple|bruhat_leq,longest_decreasing_run,global_run,block_01,0.001,0.18103330638724024,6144,2048,8192,0.23060087994102396,0.48478676685671807,0.966920178891176,0.4967041015625,0.5018310546875,-0.005126953125
trained,category-algebra-a4-transformer-seed314159,transformer,algebra_a4,314159,inverse|compose|right_multiply_simple|bruhat_leq,global_descents,global_run,block_01,1e-06,0.30722628639266614,6144,2048,8192,0.41236280501957967,0.6471130372887048,0.9532159196031816,0.860595703125,0.8125,0.048095703125
trained,category-algebra-a4-transformer-seed314159,transformer,algebra_a4,314159,inverse|compose|right_multiply_simple|bruhat_leq,components,global_run,block_01,1e-06,0.25630091687766254,6144,2048,8192,0.31340372418981977,0.5607118032403622,1.0289901099080616,0.8038330078125,0.804931640625,-0.0010986328125
trained,category-algebra-a4-transformer-seed314159,transformer,algebra_a4,314159,inverse|compose|right_multiply_simple|bruhat_leq,max_displacement,global_run,block_01,0.0001,0.48704717605485126,6144,2048,8192,0.503715559544939,0.709762610153904,0.7192994185540894,0.43896484375,0.2574462890625,0.1815185546875
trained,category-algebra-a4-transformer-seed314159,transformer,algebra_a4,314159,inverse|compose|right_multiply_simple|bruhat_leq,displacement_one_count,global_run,block_01,0.0001,0.18747714790622882,6144,2048,8192,0.199306023406561,0.44665013566195433,0.8858192889908121,0.3358154296875,0.3072509765625,0.028564453125
trained,category-algebra-a4-transformer-seed314159,transformer,algebra_a4,314159,inverse|compose|right_multiply_simple|bruhat_leq,descents,local,block_02,0.001,0.17778158694935142,6144,2048,8192,0.20149721803155574,0.4486270907828212,0.9123872480014468,0.3770751953125,0.3338623046875,0.043212890625
trained,category-algebra-a4-transformer-seed314159,transformer,algebra_a4,314159,inverse|compose|right_multiply_simple|bruhat_leq,recoils,local,block_02,0.001,0.1677684311470019,6144,2048,8192,0.19285737653129364,0.4391083780198973,0.9089463367278375,0.3873291015625,0.33642578125,0.0509033203125
trained,category-algebra-a4-transformer-seed314159,transformer,algebra_a4,314159,inverse|compose|right_multiply_simple|bruhat_leq,peaks,local,block_02,0.001,0.07527683366568916,6144,2048,8192,0.11416618840863535,0.33785502257849814,0.9291416580390834,0.4864501953125,0.4635009765625,0.02294921875
trained,category-algebra-a4-transformer-seed314159,transformer,algebra_a4,314159,inverse|compose|right_multiply_simple|bruhat_leq,valleys,local,block_02,0.0001,0.10039302674153239,6144,2048,8192,0.11839744338592284,0.3476161345360988,0.9320334918966979,0.4736328125,0.45556640625,0.01806640625
trained,category-algebra-a4-transformer-seed314159,transformer,algebra_a4,314159,inverse|compose|right_multiply_simple|bruhat_leq,double_ascents,local,block_02,0.001,0.1029991021387725,6144,2048,8192,0.1269684191182442,0.35610225167285164,0.9464944795621536,0.3544921875,0.344482421875,0.010009765625
trained,category-algebra-a4-transformer-seed314159,transformer,algebra_a4,314159,inverse|compose|right_multiply_simple|bruhat_leq,double_descents,local,block_02,0.001,0.11960969385158282,6144,2048,8192,0.1564962830414195,0.39530173992466033,0.9150047155038542,0.354736328125,0.3399658203125,0.0147705078125
trained,category-algebra-a4-transformer-seed314159,transformer,algebra_a4,314159,inverse|compose|right_multiply_simple|bruhat_leq,successions,local,block_02,0.001,0.14289667278445295,6144,2048,8192,0.14164276962493338,0.37648859025900777,0.9891993171576573,0.3724365234375,0.398681640625,-0.0262451171875
trained,category-algebra-a4-transformer-seed314159,transformer,algebra_a4,314159,inverse|compose|right_multiply_simple|bruhat_leq,adjacencies,local,block_02,0.0001,0.20056988853941382,6144,2048,8192,0.24479604702330893,0.49477408030149134,0.9079554081641081,0.348876953125,0.329345703125,0.01953125
trained,category-algebra-a4-transformer-seed314159,transformer,algebra_a4,314159,inverse|compose|right_multiply_simple|bruhat_leq,fixed_points,positional,block_02,0.0001,0.27671733202586013,6144,2048,8192,0.27451916446389946,0.525727872588094,0.8624358831184548,0.44580078125,0.369873046875,0.075927734375
trained,category-algebra-a4-transformer-seed314159,transformer,algebra_a4,314159,inverse|compose|right_multiply_simple|bruhat_leq,anti_fixed_points,positional,block_02,0.0001,0.26751154636495544,6144,2048,8192,0.26929022927557045,0.5194888517613729,0.8527579885946179,0.4285888671875,0.37939453125,0.0491943359375
trained,category-algebra-a4-transformer-seed314159,transformer,algebra_a4,314159,inverse|compose|right_multiply_simple|bruhat_leq,exceedances,positional,block_02,0.0001,0.45305724078410226,6144,2048,8192,0.46588692465424264,0.6824908572994092,0.7284504534737393,0.4769287109375,0.3426513671875,0.13427734375
trained,category-algebra-a4-transformer-seed314159,transformer,algebra_a4,314159,inverse|compose|right_multiply_simple|bruhat_leq,deficiencies,positional,block_02,0.0001,0.43166821163192726,6144,2048,8192,0.44906609610935866,0.6700575479783046,0.7436123357603078,0.4794921875,0.34033203125,0.13916015625
trained,category-algebra-a4-transformer-seed314159,transformer,algebra_a4,314159,inverse|compose|right_multiply_simple|bruhat_leq,left_to_right_maxima,positional,block_02,1e-06,0.2988451861729864,6144,2048,8192,0.3162629693108143,0.5620867319162263,0.8461595072605143,0.39013671875,0.3026123046875,0.0875244140625
trained,category-algebra-a4-transformer-seed314159,transformer,algebra_a4,314159,inverse|compose|right_multiply_simple|bruhat_leq,left_to_right_minima,positional,block_02,0.0001,0.40293739979048226,6144,2048,8192,0.40589636746546975,0.6375003924629556,0.7598299992349816,0.41748046875,0.307373046875,0.110107421875
trained,category-algebra-a4-transformer-seed314159,transformer,algebra_a4,314159,inverse|compose|right_multiply_simple|bruhat_leq,right_to_left_maxima,positional,block_02,0.0001,0.611357975913061,6144,2048,8192,0.6318893296473566,0.7948936953987921,0.6249593321193622,0.4935302734375,0.3045654296875,0.18896484375
trained,category-algebra-a4-transformer-seed314159,transformer,algebra_a4,314159,inverse|compose|right_multiply_simple|bruhat_leq,right_to_left_minima,positional,block_02,0.0001,0.6704047643529478,6144,2048,8192,0.6456670281341279,0.8035400309138317,0.6117337701558794,0.5384521484375,0.2933349609375,0.2451171875
trained,category-algebra-a4-transformer-seed314159,transformer,algebra_a4,314159,inverse|compose|right_multiply_simple|bruhat_leq,cycle_count,cycle,block_02,0.0001,0.17168447009863463,6144,2048,8192,0.17247223193159145,0.41954984966881154,0.9067494577920464,0.3636474609375,0.3079833984375,0.0556640625
trained,category-algebra-a4-transformer-seed314159,transformer,algebra_a4,314159,inverse|compose|right_multiply_simple|bruhat_leq,two_cycle_count,cycle,block_02,0.01,0.03485229532961942,6144,2048,8192,0.03089415085327163,0.176008386692519,0.9944436510258419,0.4921875,0.6026611328125,-0.1104736328125
trained,category-algebra-a4-transformer-seed314159,transformer,algebra_a4,314159,inverse|compose|right_multiply_simple|bruhat_leq,three_cycle_count,cycle,block_02,10.0,-0.0002821478035515135,6144,2048,8192,0.0005416584872955932,0.028614697151608325,1.0000527086608166,0.7235107421875,0.7235107421875,0.0
trained,category-algebra-a4-transformer-seed314159,transformer,algebra_a4,314159,inverse|compose|right_multiply_simple|bruhat_leq,even_cycle_count,cycle,block_02,0.01,0.026159277689861482,6144,2048,8192,0.028365867273846712,0.16914786006613408,0.9967063073640791,0.41748046875,0.40771484375,0.009765625
trained,category-algebra-a4-transformer-seed314159,transformer,algebra_a4,314159,inverse|compose|right_multiply_simple|bruhat_leq,odd_cycle_count,cycle,block_02,0.0001,0.17663321364484097,6144,2048,8192,0.18873816266701193,0.4378131912442668,0.8942870854314762,0.351806640625,0.5802001953125,-0.2283935546875
trained,category-algebra-a4-transformer-seed314159,transformer,algebra_a4,314159,inverse|compose|right_multiply_simple|bruhat_leq,longest_cycle,cycle,block_02,0.001,0.057121480260684754,6144,2048,8192,0.06829217752462591,0.2631807023079876,0.9675559882426089,0.1668701171875,0.1644287109375,0.00244140625
trained,category-algebra-a4-transformer-seed314159,transformer,algebra_a4,314159,inverse|compose|right_multiply_simple|bruhat_leq,shortest_cycle,cycle,block_02,0.0001,0.08585001590456609,6144,2048,8192,0.0757985069449183,0.2823103691277463,0.96526114292995,0.2139892578125,0.6358642578125,-0.421875
trained,category-algebra-a4-transformer-seed314159,transformer,algebra_a4,314159,inverse|compose|right_multiply_simple|bruhat_leq,nontrivial_cycle_count,cycle,block_02,0.01,0.056853691867142175,6144,2048,8192,0.04607553272049336,0.2147301318747562,0.991094733122699,0.4466552734375,0.4312744140625,0.015380859375
trained,category-algebra-a4-transformer-seed314159,transformer,algebra_a4,314159,inverse|compose|right_multiply_simple|bruhat_leq,lis_length,global_run,block_02,0.0001,0.40333276054588807,6144,2048,8192,0.4336026759345233,0.65857089696506,0.7696620594620512,0.469482421875,0.39697265625,0.072509765625
trained,category-algebra-a4-transformer-seed314159,transformer,algebra_a4,314159,inverse|compose|right_multiply_simple|bruhat_leq,lds_length,global_run,block_02,0.0001,0.40246347690303597,6144,2048,8192,0.4469289341963225,0.6685703024086634,0.7712883990116389,0.4879150390625,0.396484375,0.0914306640625
trained,category-algebra-a4-transformer-seed314159,transformer,algebra_a4,314159,inverse|compose|right_multiply_simple|bruhat_leq,longest_increasing_run,global_run,block_02,0.0001,0.19874316531181857,6144,2048,8192,0.20065588264395318,0.4481425334152084,0.9550220144373079,0.4752197265625,0.5040283203125,-0.02880859375
trained,category-algebra-a4-transformer-seed314159,transformer,algebra_a4,314159,inverse|compose|right_multiply_simple|bruhat_leq,longest_decreasing_run,global_run,block_02,0.001,0.19297701794994981,6144,2048,8192,0.26711778940598385,0.5221764090358614,0.9436954717662083,0.5010986328125,0.5018310546875,-0.000732421875
trained,category-algebra-a4-transformer-seed314159,transformer,algebra_a4,314159,inverse|compose|right_multiply_simple|bruhat_leq,global_descents,global_run,block_02,1e-06,0.33576603725841314,6144,2048,8192,0.4766352923791318,0.6958558257944383,0.8995780810896669,0.86376953125,0.8125,0.05126953125
trained,category-algebra-a4-transformer-seed314159,transformer,algebra_a4,314159,inverse|compose|right_multiply_simple|bruhat_leq,components,global_run,block_02,1e-06,0.2534230771916268,6144,2048,8192,0.31128902188654317,0.5581125853413901,1.0305735257323934,0.8037109375,0.804931640625,-0.001220703125
trained,category-algebra-a4-transformer-seed314159,transformer,algebra_a4,314159,inverse|compose|right_multiply_simple|bruhat_leq,max_displacement,global_run,block_02,1e-05,0.5304210086893373,6144,2048,8192,0.5441193579360284,0.7375174270981125,0.6893978984566864,0.4410400390625,0.2574462890625,0.18359375
trained,category-algebra-a4-transformer-seed314159,transformer,algebra_a4,314159,inverse|compose|right_multiply_simple|bruhat_leq,displacement_one_count,global_run,block_02,0.0001,0.24706702747701725,6144,2048,8192,0.26896914050711185,0.518827309072145,0.8464078985569424,0.35009765625,0.3072509765625,0.0428466796875
trained,category-algebra-a4-transformer-seed314159,transformer,algebra_a4,314159,inverse|compose|right_multiply_simple|bruhat_leq,descents,local,block_03,0.001,0.1847118666341786,6144,2048,8192,0.2060450395725466,0.45365358731741234,0.909785316309446,0.3778076171875,0.3338623046875,0.0439453125
trained,category-algebra-a4-transformer-seed314159,transformer,algebra_a4,314159,inverse|compose|right_multiply_simple|bruhat_leq,recoils,local,block_03,0.001,0.17433873383324316,6144,2048,8192,0.19337384287229076,0.43986549649406087,0.9086554864528998,0.3892822265625,0.33642578125,0.0528564453125
trained,category-algebra-a4-transformer-seed314159,transformer,algebra_a4,314159,inverse|compose|right_multiply_simple|bruhat_leq,peaks,local,block_03,0.001,0.0795027545572311,6144,2048,8192,0.11748461276185818,0.34270595536932047,0.9273996951205078,0.486572265625,0.4635009765625,0.0230712890625
trained,category-algebra-a4-transformer-seed314159,transformer,algebra_a4,314159,inverse|compose|right_multiply_simple|bruhat_leq,valleys,local,block_03,0.001,0.0883496070333194,6144,2048,8192,0.11430868053109033,0.33828267558751407,0.9341923193248376,0.4755859375,0.45556640625,0.02001953125
trained,category-algebra-a4-transformer-seed314159,transformer,algebra_a4,314159,inverse|compose|right_multiply_simple|bruhat_leq,double_ascents,local,block_03,0.01,0.10415184358993135,6144,2048,8192,0.1223194316777314,0.35067912303861615,0.9490112261782234,0.3424072265625,0.344482421875,-0.0020751953125
trained,category-algebra-a4-transformer-seed314159,transformer,algebra_a4,314159,inverse|compose|right_multiply_simple|bruhat_leq,double_descents,local,block_03,0.001,0.1264134775448864,6144,2048,8192,0.1537375572489914,0.3917937222686425,0.9164997809693223,0.352783203125,0.3399658203125,0.0128173828125
trained,category-algebra-a4-transformer-seed314159,transformer,algebra_a4,314159,inverse|compose|right_multiply_simple|bruhat_leq,successions,local,block_03,0.001,0.13305831234809662,6144,2048,8192,0.13977439720915796,0.37365855913572443,0.9902753190906213,0.376953125,0.398681640625,-0.021728515625
trained,category-algebra-a4-transformer-seed314159,transformer,algebra_a4,314159,inverse|compose|right_multiply_simple|bruhat_leq,adjacencies,local,block_03,0.001,0.19164075752384602,6144,2048,8192,0.218498697070723,0.4680335258182824,0.9236283308677461,0.3460693359375,0.329345703125,0.0167236328125
trained,category-algebra-a4-transformer-seed314159,transformer,algebra_a4,314159,inverse|compose|right_multiply_simple|bruhat_leq,fixed_points,positional,block_03,0.0001,0.27381918680886863,6144,2048,8192,0.27808826357291216,0.5282070923420454,0.8603118337046539,0.4615478515625,0.369873046875,0.0916748046875
trained,category-algebra-a4-transformer-seed314159,transformer,algebra_a4,314159,inverse|compose|right_multiply_simple|bruhat_leq,anti_fixed_points,positional,block_03,0.001,0.2681793291796899,6144,2048,8192,0.27530530147335364,0.5246277883876567,0.8492408598897618,0.429931640625,0.37939453125,0.050537109375
trained,category-algebra-a4-transformer-seed314159,transformer,algebra_a4,314159,inverse|compose|right_multiply_simple|bruhat_leq,exceedances,positional,block_03,0.0001,0.4460725590136554,6144,2048,8192,0.44226989917845705,0.6661237369567177,0.7443813011504453,0.4769287109375,0.3426513671875,0.13427734375
trained,category-algebra-a4-transformer-seed314159,transformer,algebra_a4,314159,inverse|compose|right_multiply_simple|bruhat_leq,deficiencies,positional,block_03,0.0001,0.43357880114890035,6144,2048,8192,0.44622315751459996,0.6683321882839803,0.745528467601254,0.487548828125,0.34033203125,0.147216796875
trained,category-algebra-a4-transformer-seed314159,transformer,algebra_a4,314159,inverse|compose|right_multiply_simple|bruhat_leq,left_to_right_maxima,positional,block_03,1e-05,0.3054059335082271,6144,2048,8192,0.3292824353806859,0.5740158155482177,0.8380646600751764,0.393798828125,0.3026123046875,0.0911865234375
trained,category-algebra-a4-transformer-seed314159,transformer,algebra_a4,314159,inverse|compose|right_multiply_simple|bruhat_leq,left_to_right_minima,positional,block_03,0.0001,0.46765610800136936,6144,2048,8192,0.4780049720989058,0.6917691031760782,0.7122271344283145,0.447265625,0.307373046875,0.139892578125
trained,category-algebra-a4-transformer-seed314159,transformer,algebra_a4,314159,inverse|compose|right_multiply_simple|bruhat_leq,right_to_left_maxima,positional,block_03,0.0001,0.6025743173331559,6144,2048,8192,0.6163563983068904,0.785068164531374,0.6380086018119895,0.4920654296875,0.3045654296875,0.1875
trained,category-algebra-a4-transformer-seed314159,transformer,algebra_a4,314159,inverse|compose|right_multiply_simple|bruhat_leq,right_to_left_minima,positional,block_03,0.001,0.6525935111899519,6144,2048,8192,0.6287402190152017,0.7930545323657827,0.6261748560992298,0.5341796875,0.2933349609375,0.2408447265625
trained,category-algebra-a4-transformer-seed314159,transformer,algebra_a4,314159,inverse|compose|right_multiply_simple|bruhat_leq,cycle_count,cycle,block_03,0.0001,0.1652620905728115,6144,2048,8192,0.17127206035924347,0.41694757795621135,0.90740675333768,0.359130859375,0.3079833984375,0.0511474609375
trained,category-algebra-a4-transformer-seed314159,transformer,algebra_a4,314159,inverse|compose|right_multiply_simple|bruhat_leq,two_cycle_count,cycle,block_03,0.001,0.043840506277787905,6144,2048,8192,0.026326231058018568,0.1776438032764043,0.9967845710403345,0.4986572265625,0.6026611328125,-0.10400390625
trained,category-algebra-a4-transformer-seed314159,transformer,algebra_a4,314159,inverse|compose|right_multiply_simple|bruhat_leq,three_cycle_count,cycle,block_03,0.001,0.0018132654174990437,6144,2048,8192,-0.002719200251406484,0.08308976967733275,1.0016827791341627,0.7137451171875,0.7235107421875,-0.009765625
trained,category-algebra-a4-transformer-seed314159,transformer,algebra_a4,314159,inverse|compose|right_multiply_simple|bruhat_leq,even_cycle_count,cycle,block_03,0.001,0.03218954041701394,6144,2048,8192,0.01918708559583182,0.16096930525324574,1.0014030572679975,0.4193115234375,0.40771484375,0.0115966796875
trained,category-algebra-a4-transformer-seed314159,transformer,algebra_a4,314159,inverse|compose|right_multiply_simple|bruhat_leq,odd_cycle_count,cycle,block_03,0.0001,0.18397228992685166,6144,2048,8192,0.19133940799859173,0.4398842673465057,0.8928522047704904,0.3511962890625,0.5802001953125,-0.22900390625
trained,category-algebra-a4-transformer-seed314159,transformer,algebra_a4,314159,inverse|compose|right_multiply_simple|bruhat_leq,longest_cycle,cycle,block_03,0.001,0.05635404664657173,6144,2048,8192,0.06558878893385567,0.25940659309250463,0.9689586732520662,0.177001953125,0.1644287109375,0.0125732421875
trained,category-algebra-a4-transformer-seed314159,transformer,algebra_a4,314159,inverse|compose|right_multiply_simple|bruhat_leq,shortest_cycle,cycle,block_03,0.001,0.06831498992880314,6144,2048,8192,0.08048000485863083,0.28433706977371404,0.9628132973425692,0.2021484375,0.6358642578125,-0.4337158203125
trained,category-algebra-a4-transformer-seed314159,transformer,algebra_a4,314159,inverse|compose|right_multiply_simple|bruhat_leq,nontrivial_cycle_count,cycle,block_03,0.001,0.06757484275725045,6144,2048,8192,0.047054733226136736,0.22422741906885366,0.9905859246825063,0.453369140625,0.4312744140625,0.0220947265625
trained,category-algebra-a4-transformer-seed314159,transformer,algebra_a4,314159,inverse|compose|right_multiply_simple|bruhat_leq,lis_length,global_run,block_03,0.001,0.41537236756594187,6144,2048,8192,0.4316652612533417,0.6570417278294686,0.7709772860073553,0.4788818359375,0.39697265625,0.0819091796875
trained,category-algebra-a4-transformer-seed314159,transformer,algebra_a4,314159,inverse|compose|right_multiply_simple|bruhat_leq,lds_length,global_run,block_03,0.001,0.41094484119013,6144,2048,8192,0.4335069154404362,0.6587101940814064,0.7805911733134883,0.483642578125,0.396484375,0.087158203125
trained,category-algebra-a4-transformer-seed314159,transformer,algebra_a4,314159,inverse|compose|right_multiply_simple|bruhat_leq,longest_increasing_run,global_run,block_03,0.001,0.19319365377528464,6144,2048,8192,0.19227290688973897,0.43857737273419223,0.9600167628779518,0.4735107421875,0.5040283203125,-0.030517578125
trained,category-algebra-a4-transformer-seed314159,transformer,algebra_a4,314159,inverse|compose|right_multiply_simple|bruhat_leq,longest_decreasing_run,global_run,block_03,0.001,0.18685196043785846,6144,2048,8192,0.25463423657138384,0.509184990160545,0.9516987554711263,0.4940185546875,0.5018310546875,-0.0078125
trained,category-algebra-a4-transformer-seed314159,transformer,algebra_a4,314159,inverse|compose|right_multiply_simple|bruhat_leq,global_descents,global_run,block_03,1e-06,0.3418227211648074,6144,2048,8192,0.46185072903887114,0.6843969581256953,0.9121957121797627,0.87109375,0.8125,0.05859375
trained,category-algebra-a4-transformer-seed314159,transformer,algebra_a4,314159,inverse|compose|right_multiply_simple|bruhat_leq,components,global_run,block_03,1e-06,0.25053149838431577,6144,2048,8192,0.3189325818556137,0.565200533852827,1.0248387334445688,0.8033447265625,0.804931640625,-0.0015869140625
trained,category-algebra-a4-transformer-seed314159,transformer,algebra_a4,314159,inverse|compose|right_multiply_simple|bruhat_leq,max_displacement,global_run,block_03,0.0001,0.537659024056079,6144,2048,8192,0.5442060916414619,0.7375818774543628,0.6893323145373036,0.43798828125,0.2574462890625,0.1805419921875
trained,category-algebra-a4-transformer-seed314159,transformer,algebra_a4,314159,inverse|compose|right_multiply_simple|bruhat_leq,displacement_one_count,global_run,block_03,0.0001,0.2848376973588609,6144,2048,8192,0.28784065858212315,0.5380558641956684,0.8354114818476256,0.386474609375,0.3072509765625,0.0792236328125
trained,category-algebra-a4-transformer-seed314159,transformer,algebra_a4,314159,inverse|compose|right_multiply_simple|bruhat_leq,descents,local,block_04,0.001,0.1947989495583532,6144,2048,8192,0.20161626591267479,0.448946466259683,0.9123192320722512,0.3865966796875,0.3338623046875,0.052734375
trained,category-algebra-a4-transformer-seed314159,transformer,algebra_a4,314159,inverse|compose|right_multiply_simple|bruhat_leq,recoils,local,block_04,0.001,0.16768502819534503,6144,2048,8192,0.19521335421522445,0.4419186779046584,0.9076188004358098,0.394287109375,0.33642578125,0.057861328125
trained,category-algebra-a4-transformer-seed314159,transformer,algebra_a4,314159,inverse|compose|right_multiply_simple|bruhat_leq,peaks,local,block_04,0.0001,0.08592865761069823,6144,2048,8192,0.11109208899158374,0.3373436859870894,0.9307524568471889,0.4810791015625,0.4635009765625,0.017578125
trained,category-algebra-a4-transformer-seed314159,transformer,algebra_a4,314159,inverse|compose|right_multiply_simple|bruhat_leq,valleys,local,block_04,0.001,0.11033086345352949,6144,2048,8192,0.1308731541423982,0.3622077815553546,0.9254153108790603,0.4749755859375,0.45556640625,0.0194091796875
trained,category-algebra-a4-transformer-seed314159,transformer,algebra_a4,314159,inverse|compose|right_multiply_simple|bruhat_leq,double_ascents,local,block_04,0.001,0.10750856487870197,6144,2048,8192,0.13445705003474506,0.3666326260882805,0.9424263489541352,0.3531494140625,0.344482421875,0.0086669921875
trained,category-algebra-a4-transformer-seed314159,transformer,algebra_a4,314159,inverse|compose|right_multiply_simple|bruhat_leq,double_descents,local,block_04,0.001,0.13922647590677406,6144,2048,8192,0.1518557059738428,0.3898178427573821,0.9175182348420228,0.354736328125,0.3399658203125,0.0147705078125
trained,category-algebra-a4-transformer-seed314159,transformer,algebra_a4,314159,inverse|compose|right_multiply_simple|bruhat_leq,successions,local,block_04,0.001,0.12441836018754093,6144,2048,8192,0.1300447635673747,0.3605402337485313,0.9958598568352297,0.36767578125,0.398681640625,-0.031005859375
trained,category-algebra-a4-transformer-seed314159,transformer,algebra_a4,314159,inverse|compose|right_multiply_simple|bruhat_leq,adjacencies,local,block_04,0.001,0.20046210323979696,6144,2048,8192,0.214742903817713,0.4636660384023258,0.925845089295876,0.3433837890625,0.329345703125,0.0140380859375
trained,category-algebra-a4-transformer-seed314159,transformer,algebra_a4,314159,inverse|compose|right_multiply_simple|bruhat_leq,fixed_points,positional,block_04,0.0001,0.26044814697357976,6144,2048,8192,0.2826389806069747,0.5334139137742824,0.8575959718845386,0.463134765625,0.369873046875,0.09326171875
trained,category-algebra-a4-transformer-seed314159,transformer,algebra_a4,314159,inverse|compose|right_multiply_simple|bruhat_leq,anti_fixed_points,positional,block_04,0.0001,0.2620771339879676,6144,2048,8192,0.27331740302546603,0.5235925864512946,0.8504048317347866,0.43017578125,0.37939453125,0.05078125
trained,category-algebra-a4-transformer-seed314159,transformer,algebra_a4,314159,inverse|compose|right_multiply_simple|bruhat_leq,exceedances,positional,block_04,1e-05,0.4348305829685589,6144,2048,8192,0.42577645336747205,0.6540675940147727,0.7553076992034026,0.46240234375,0.3426513671875,0.1197509765625
trained,category-algebra-a4-transformer-seed314159,transformer,algebra_a4,314159,inverse|compose|right_multiply_simple|bruhat_leq,deficiencies,positional,block_04,0.0001,0.4012576104594151,6144,2048,8192,0.4303537037926447,0.6558068933026749,0.7561352330799922,0.4659423828125,0.34033203125,0.1256103515625
trained,category-algebra-a4-transformer-seed314159,transformer,algebra_a4,314159,inverse|compose|right_multiply_simple|bruhat_leq,left_to_right_maxima,positional,block_04,0.0001,0.28435533803535373,6144,2048,8192,0.29398998772589424,0.5427772335101462,0.8598310370649676,0.378173828125,0.3026123046875,0.0755615234375
trained,category-algebra-a4-transformer-seed314159,transformer,algebra_a4,314159,inverse|compose|right_multiply_simple|bruhat_leq,left_to_right_minima,positional,block_04,0.0001,0.46558718874322835,6144,2048,8192,0.48195940972317564,0.6948215480735735,0.7095242234492475,0.469482421875,0.307373046875,0.162109375
trained,category-algebra-a4-transformer-seed314159,transformer,algebra_a4,314159,inverse|compose|right_multiply_simple|bruhat_leq,right_to_left_maxima,positional,block_04,0.0001,0.5731372131170523,6144,2048,8192,0.5878613799726014,0.7667531235754262,0.661278207279132,0.4722900390625,0.3045654296875,0.167724609375
trained,category-algebra-a4-transformer-seed314159,transformer,algebra_a4,314159,inverse|compose|right_multiply_simple|bruhat_leq,right_to_left_minima,positional,block_04,0.0001,0.6505571857753362,6144,2048,8192,0.6328653807853593,0.7955485992488909,0.6226863446219594,0.540771484375,0.2933349609375,0.2474365234375
trained,category-algebra-a4-transformer-seed314159,transformer,algebra_a4,314159,inverse|compose|right_multiply_simple|bruhat_leq,cycle_count,cycle,block_04,0.001,0.15904963522557158,6144,2048,8192,0.18314931090132103,0.42937889227258424,0.900880852873331,0.3587646484375,0.3079833984375,0.05078125
trained,category-algebra-a4-transformer-seed314159,transformer,algebra_a4,314159,inverse|compose|right_multiply_simple|bruhat_leq,two_cycle_count,cycle,block_04,0.001,0.03376193200436839,6144,2048,8192,0.030366224326617175,0.18957273558803878,0.9947144788741272,0.5086669921875,0.6026611328125,-0.093994140625
trained,category-algebra-a4-transformer-seed314159,transformer,algebra_a4,314159,inverse|compose|right_multiply_simple|bruhat_leq,three_cycle_count,cycle,block_04,0.1,0.00043495926008707553,6144,2048,8192,0.004945662487890856,0.07144722140966492,0.9978469646284114,0.72265625,0.7235107421875,-0.0008544921875
trained,category-algebra-a4-transformer-seed314159,transformer,algebra_a4,314159,inverse|compose|right_multiply_simple|bruhat_leq,even_cycle_count,cycle,block_04,0.01,0.02288187672884212,6144,2048,8192,0.026182172188367048,0.1638964835952492,0.9978257004931868,0.41455078125,0.40771484375,0.0068359375
trained,category-algebra-a4-transformer-seed314159,transformer,algebra_a4,314159,inverse|compose|right_multiply_simple|bruhat_leq,odd_cycle_count,cycle,block_04,0.001,0.1745839768205626,6144,2048,8192,0.1984466952929309,0.44618759171301264,0.888919923440156,0.3685302734375,0.5802001953125,-0.211669921875
trained,category-algebra-a4-transformer-seed314159,transformer,algebra_a4,314159,inverse|compose|right_multiply_simple|bruhat_leq,longest_cycle,cycle,block_04,0.01,0.07582799210856184,6144,2048,8192,0.07350217830370354,0.27163542565474097,0.9648469660428254,0.185302734375,0.1644287109375,0.0208740234375
trained,category-algebra-a4-transformer-seed314159,transformer,algebra_a4,314159,inverse|compose|right_multiply_simple|bruhat_leq,shortest_cycle,cycle,block_04,0.01,0.08149095018657104,6144,2048,8192,0.08543824614399598,0.2922719050723259,0.9602139446990551,0.1990966796875,0.6358642578125,-0.436767578125
trained,category-algebra-a4-transformer-seed314159,transformer,algebra_a4,314159,inverse|compose|right_multiply_simple|bruhat_leq,nontrivial_cycle_count,cycle,block_04,0.001,0.058975088975664725,6144,2048,8192,0.05520839059460281,0.23956200843630104,0.9863389601145993,0.4552001953125,0.4312744140625,0.02392578125
trained,category-algebra-a4-transformer-seed314159,transformer,algebra_a4,314159,inverse|compose|right_multiply_simple|bruhat_leq,lis_length,global_run,block_04,0.001,0.40187956266102565,6144,2048,8192,0.4214126522679127,0.649188032676135,0.7779003167303448,0.4808349609375,0.39697265625,0.0838623046875
trained,category-algebra-a4-transformer-seed314159,transformer,algebra_a4,314159,inverse|compose|right_multiply_simple|bruhat_leq,lds_length,global_run,block_04,0.001,0.414429347702856,6144,2048,8192,0.4212231968869943,0.649054556916273,0.7890088746658085,0.4835205078125,0.396484375,0.0870361328125
trained,category-algebra-a4-transformer-seed314159,transformer,algebra_a4,314159,inverse|compose|right_multiply_simple|bruhat_leq,longest_increasing_run,global_run,block_04,0.0001,0.1820548932485111,6144,2048,8192,0.1764005218021245,0.4210915487717286,0.9694033641304465,0.4798583984375,0.5040283203125,-0.024169921875
trained,category-algebra-a4-transformer-seed314159,transformer,algebra_a4,314159,inverse|compose|right_multiply_simple|bruhat_leq,longest_decreasing_run,global_run,block_04,0.001,0.1999270346988239,6144,2048,8192,0.23762677328678916,0.4895172171258767,0.96249525947749,0.490478515625,0.5018310546875,-0.0113525390625
trained,category-algebra-a4-transformer-seed314159,transformer,algebra_a4,314159,inverse|compose|right_multiply_simple|bruhat_leq,global_descents,global_run,block_04,1e-06,0.3116754241684283,6144,2048,8192,0.42072158780283053,0.6525389521259047,0.9464121789397061,0.8626708984375,0.8125,0.0501708984375
trained,category-algebra-a4-transformer-seed314159,transformer,algebra_a4,314159,inverse|compose|right_multiply_simple|bruhat_leq,components,global_run,block_04,1e-06,0.25617189350520897,6144,2048,8192,0.32884368711449463,0.5734075139180336,1.0173545192333788,0.8232421875,0.804931640625,0.018310546875
trained,category-algebra-a4-transformer-seed314159,transformer,algebra_a4,314159,inverse|compose|right_multiply_simple|bruhat_leq,max_displacement,global_run,block_04,0.0001,0.530521532332678,6144,2048,8192,0.5351347868786385,0.7314929321202186,0.6961581368699561,0.4468994140625,0.2574462890625,0.189453125
trained,category-algebra-a4-transformer-seed314159,transformer,algebra_a4,314159,inverse|compose|right_multiply_simple|bruhat_leq,displacement_one_count,global_run,block_04,0.001,0.29353952426330965,6144,2048,8192,0.2907632757848847,0.5392900254876463,0.8336955048351489,0.3809814453125,0.3072509765625,0.07373046875
trained,category-algebra-a4-transformer-seed314159,transformer,algebra_a4,314159,inverse|compose|right_multiply_simple|bruhat_leq,descents,local,final_norm,0.001,0.1878063858463257,6144,2048,8192,0.19262290674075855,0.43897466197827467,0.9174432330486724,0.3858642578125,0.3338623046875,0.052001953125
trained,category-algebra-a4-transformer-seed314159,transformer,algebra_a4,314159,inverse|compose|right_multiply_simple|bruhat_leq,recoils,local,final_norm,0.001,0.16290755709035998,6144,2048,8192,0.1889311897545981,0.43482696033870133,0.9111543503463462,0.3988037109375,0.33642578125,0.0623779296875
trained,category-algebra-a4-transformer-seed314159,transformer,algebra_a4,314159,inverse|compose|right_multiply_simple|bruhat_leq,peaks,local,final_norm,0.0001,0.09358919518371023,6144,2048,8192,0.10532670671031841,0.3304940611188599,0.9337659696477204,0.4854736328125,0.4635009765625,0.02197265625
trained,category-algebra-a4-transformer-seed314159,transformer,algebra_a4,314159,inverse|compose|right_multiply_simple|bruhat_leq,valleys,local,final_norm,0.001,0.09943225265114275,6144,2048,8192,0.12066690473041464,0.3480589136199297,0.9308330773841298,0.471435546875,0.45556640625,0.015869140625
trained,category-algebra-a4-transformer-seed314159,transformer,algebra_a4,314159,inverse|compose|right_multiply_simple|bruhat_leq,double_ascents,local,final_norm,0.001,0.10279341485601612,6144,2048,8192,0.1257072360203868,0.3548204407953159,0.947177886709572,0.35205078125,0.344482421875,0.007568359375
trained,category-algebra-a4-transformer-seed314159,transformer,algebra_a4,314159,inverse|compose|right_multiply_simple|bruhat_leq,double_descents,local,final_norm,0.001,0.13724226715731214,6144,2048,8192,0.14249673905211646,0.3779673752273245,0.9225665880512294,0.35693359375,0.3399658203125,0.0169677734375
trained,category-algebra-a4-transformer-seed314159,transformer,algebra_a4,314159,inverse|compose|right_multiply_simple|bruhat_leq,successions,local,final_norm,0.001,0.10376856980835003,6144,2048,8192,0.11878338535807942,0.34466688309012494,1.0022847244109248,0.372314453125,0.398681640625,-0.0263671875
trained,category-algebra-a4-transformer-seed314159,transformer,algebra_a4,314159,inverse|compose|right_multiply_simple|bruhat_leq,adjacencies,local,final_norm,0.001,0.1809274362574287,6144,2048,8192,0.19465731002045017,0.44125047087913466,0.9376111278552994,0.33935546875,0.329345703125,0.010009765625
trained,category-algebra-a4-transformer-seed314159,transformer,algebra_a4,314159,inverse|compose|right_multiply_simple|bruhat_leq,fixed_points,positional,final_norm,0.0001,0.23565965827225466,6144,2048,8192,0.2803364248732312,0.5315026634339789,0.8589712072676651,0.4613037109375,0.369873046875,0.0914306640625
trained,category-algebra-a4-transformer-seed314159,transformer,algebra_a4,314159,inverse|compose|right_multiply_simple|bruhat_leq,anti_fixed_points,positional,final_norm,0.0001,0.2523538906677817,6144,2048,8192,0.2697794863647148,0.5202414798904089,0.8524724526883716,0.4327392578125,0.37939453125,0.0533447265625
trained,category-algebra-a4-transformer-seed314159,transformer,algebra_a4,314159,inverse|compose|right_multiply_simple|bruhat_leq,exceedances,positional,final_norm,0.0001,0.4227991624128725,6144,2048,8192,0.4251336294416479,0.6529592659944186,0.7557303517188527,0.46337890625,0.3426513671875,0.1207275390625
trained,category-algebra-a4-transformer-seed314159,transformer,algebra_a4,314159,inverse|compose|right_multiply_simple|bruhat_leq,deficiencies,positional,final_norm,0.0001,0.38312508564564296,6144,2048,8192,0.42369567989709256,0.6507913127719838,0.7605412490709283,0.46728515625,0.34033203125,0.126953125
trained,category-algebra-a4-transformer-seed314159,transformer,algebra_a4,314159,inverse|compose|right_multiply_simple|bruhat_leq,left_to_right_maxima,positional,final_norm,0.0001,0.27509080148566334,6144,2048,8192,0.29559222381621053,0.5439503211329094,0.85885482227857,0.3848876953125,0.3026123046875,0.082275390625
trained,category-algebra-a4-transformer-seed314159,transformer,algebra_a4,314159,inverse|compose|right_multiply_simple|bruhat_leq,left_to_right_minima,positional,final_norm,0.0001,0.45786025806820085,6144,2048,8192,0.47653170962839964,0.6908824437054524,0.7132315100625821,0.4710693359375,0.307373046875,0.1636962890625
trained,category-algebra-a4-transformer-seed314159,transformer,algebra_a4,314159,inverse|compose|right_multiply_simple|bruhat_leq,right_to_left_maxima,positional,final_norm,0.0001,0.5601322775663943,6144,2048,8192,0.5574635165290884,0.7467103313060827,0.6852311454736438,0.4718017578125,0.3045654296875,0.167236328125
trained,category-algebra-a4-transformer-seed314159,transformer,algebra_a4,314159,inverse|compose|right_multiply_simple|bruhat_leq,right_to_left_minima,positional,final_norm,0.0001,0.6346168671645036,6144,2048,8192,0.6211637321391847,0.7881448484815635,0.6325319210676021,0.541259765625,0.2933349609375,0.2479248046875
trained,category-algebra-a4-transformer-seed314159,transformer,algebra_a4,314159,inverse|compose|right_multiply_simple|bruhat_leq,cycle_count,cycle,final_norm,0.001,0.14756325237701073,6144,2048,8192,0.18401263162004955,0.4306061807202974,0.9004046613715616,0.3583984375,0.3079833984375,0.0504150390625
trained,category-algebra-a4-transformer-seed314159,transformer,algebra_a4,314159,inverse|compose|right_multiply_simple|bruhat_leq,two_cycle_count,cycle,final_norm,0.001,0.03554806266583066,6144,2048,8192,0.03004430494533017,0.1896658115800226,0.9948795882710344,0.503173828125,0.6026611328125,-0.0994873046875
trained,category-algebra-a4-transformer-seed314159,transformer,algebra_a4,314159,inverse|compose|right_multiply_simple|bruhat_leq,three_cycle_count,cycle,final_norm,0.1,0.0015190632481995037,6144,2048,8192,0.005369067628172131,0.07447299298313076,0.9976346453251164,0.722412109375,0.7235107421875,-0.0010986328125
trained,category-algebra-a4-transformer-seed314159,transformer,algebra_a4,314159,inverse|compose|right_multiply_simple|bruhat_leq,even_cycle_count,cycle,final_norm,0.01,0.02138268502055063,6144,2048,8192,0.025294249027365656,0.16074276824475286,0.998280503566065,0.412109375,0.40771484375,0.00439453125
trained,category-algebra-a4-transformer-seed314159,transformer,algebra_a4,314159,inverse|compose|right_multiply_simple|bruhat_leq,odd_cycle_count,cycle,final_norm,0.001,0.1597910679731842,6144,2048,8192,0.19974253455589597,0.4476230574145244,0.8882010921004402,0.377685546875,0.5802001953125,-0.2025146484375
trained,category-algebra-a4-transformer-seed314159,transformer,algebra_a4,314159,inverse|compose|right_multiply_simple|bruhat_leq,longest_cycle,cycle,final_norm,0.01,0.07350137494534315,6144,2048,8192,0.07489896434491994,0.2741853608268994,0.9641193911541472,0.179443359375,0.1644287109375,0.0150146484375
trained,category-algebra-a4-transformer-seed314159,transformer,algebra_a4,314159,inverse|compose|right_multiply_simple|bruhat_leq,shortest_cycle,cycle,final_norm,0.01,0.07787057640459127,6144,2048,8192,0.08640297632782579,0.2939118258159837,0.9597073677560624,0.2005615234375,0.6358642578125,-0.435302734375
trained,category-algebra-a4-transformer-seed314159,transformer,algebra_a4,314159,inverse|compose|right_multiply_simple|bruhat_leq,nontrivial_cycle_count,cycle,final_norm,0.001,0.06187950450526647,6144,2048,8192,0.05550153545207959,0.24063042830502485,0.9861859302703967,0.4510498046875,0.4312744140625,0.019775390625
trained,category-algebra-a4-transformer-seed314159,transformer,algebra_a4,314159,inverse|compose|right_multiply_simple|bruhat_leq,lis_length,global_run,final_norm,0.001,0.3846853082246686,6144,2048,8192,0.40777242322628027,0.6385849403014191,0.7870164232424669,0.47607421875,0.39697265625,0.0791015625
trained,category-algebra-a4-transformer-seed314159,transformer,algebra_a4,314159,inverse|compose|right_multiply_simple|bruhat_leq,lds_length,global_run,final_norm,0.001,0.39928535755179817,6144,2048,8192,0.4012447768311197,0.6334248079536743,0.80251098761681,0.4876708984375,0.396484375,0.0911865234375
trained,category-algebra-a4-transformer-seed314159,transformer,algebra_a4,314159,inverse|compose|right_multiply_simple|bruhat_leq,longest_increasing_run,global_run,final_norm,0.001,0.16416573269715928,6144,2048,8192,0.1646730140040633,0.4057994558306283,0.976280797144853,0.48291015625,0.5040283203125,-0.0211181640625
trained,category-algebra-a4-transformer-seed314159,transformer,algebra_a4,314159,inverse|compose|right_multiply_simple|bruhat_leq,longest_decreasing_run,global_run,final_norm,0.001,0.19503583000747826,6144,2048,8192,0.20860764709958823,0.45766171947419465,0.9806424878541855,0.49365234375,0.5018310546875,-0.0081787109375
trained,category-algebra-a4-transformer-seed314159,transformer,algebra_a4,314159,inverse|compose|right_multiply_simple|bruhat_leq,global_descents,global_run,final_norm,1e-06,0.2857814160589339,6144,2048,8192,0.38575936560802837,0.6232646698794096,0.9745540261445881,0.860595703125,0.8125,0.048095703125
trained,category-algebra-a4-transformer-seed314159,transformer,algebra_a4,314159,inverse|compose|right_multiply_simple|bruhat_leq,components,global_run,final_norm,1e-06,0.2223105352249347,6144,2048,8192,0.32332566631752946,0.568581477920097,1.021528131118018,0.8271484375,0.804931640625,0.022216796875
trained,category-algebra-a4-transformer-seed314159,transformer,algebra_a4,314159,inverse|compose|right_multiply_simple|bruhat_leq,max_displacement,global_run,final_norm,1e-05,0.5203286713886266,6144,2048,8192,0.527304925085559,0.7262030660597905,0.7019964537417439,0.4390869140625,0.2574462890625,0.181640625
trained,category-algebra-a4-transformer-seed314159,transformer,algebra_a4,314159,inverse|compose|right_multiply_simple|bruhat_leq,displacement_one_count,global_run,final_norm,0.001,0.2914270614457767,6144,2048,8192,0.289977373910142,0.5385273632481405,0.8341572839785175,0.3856201171875,0.3072509765625,0.078369140625
trained,category-algebra-a4-mlp-seed17,mlp,algebra_a4,17,inverse|compose|right_multiply_simple|bruhat_leq,descents,local,embedding,10.0,0.0,6144,2048,8192,0.0,0.0,1.0210358474220083,0.3427734375,0.3338623046875,0.0089111328125
trained,category-algebra-a4-mlp-seed17,mlp,algebra_a4,17,inverse|compose|right_multiply_simple|bruhat_leq,recoils,local,embedding,1e-06,2.220446049250313e-16,6144,2048,8192,0.0,0.028095810888515885,1.0117264466110467,0.3408203125,0.33642578125,0.00439453125
trained,category-algebra-a4-mlp-seed17,mlp,algebra_a4,17,inverse|compose|right_multiply_simple|bruhat_leq,peaks,local,embedding,1e-06,0.0,6144,2048,8192,0.0,-0.012808394076867265,0.987201497821541,0.4708251953125,0.4635009765625,0.00732421875
trained,category-algebra-a4-mlp-seed17,mlp,algebra_a4,17,inverse|compose|right_multiply_simple|bruhat_leq,valleys,local,embedding,1e-06,0.0,6144,2048,8192,0.0,-0.0019398170765704524,0.9926476029684151,0.458984375,0.45556640625,0.00341796875
trained,category-algebra-a4-mlp-seed17,mlp,algebra_a4,17,inverse|compose|right_multiply_simple|bruhat_leq,double_ascents,local,embedding,1e-06,0.0,6144,2048,8192,0.0,0.0,1.012985218660725,0.3338623046875,0.344482421875,-0.0106201171875
trained,category-algebra-a4-mlp-seed17,mlp,algebra_a4,17,inverse|compose|right_multiply_simple|bruhat_leq,double_descents,local,embedding,1e-06,0.0,6144,2048,8192,-2.220446049250313e-16,0.0,0.9962763749938196,0.3388671875,0.3399658203125,-0.0010986328125
trained,category-algebra-a4-mlp-seed17,mlp,algebra_a4,17,inverse|compose|right_multiply_simple|bruhat_leq,successions,local,embedding,1e-06,0.0,6144,2048,8192,0.0,0.0,1.0677013036927756,0.3643798828125,0.398681640625,-0.0343017578125
trained,category-algebra-a4-mlp-seed17,mlp,algebra_a4,17,inverse|compose|right_multiply_simple|bruhat_leq,adjacencies,local,embedding,1e-06,1.1102230246251565e-16,6144,2048,8192,0.0,0.0,1.0447981442612964,0.329345703125,0.329345703125,0.0
trained,category-algebra-a4-mlp-seed17,mlp,algebra_a4,17,inverse|compose|right_multiply_simple|bruhat_leq,fixed_points,positional,embedding,1e-06,0.0,6144,2048,8192,0.0,0.0,1.0125438624646812,0.3580322265625,0.369873046875,-0.0118408203125
trained,category-algebra-a4-mlp-seed17,mlp,algebra_a4,17,inverse|compose|right_multiply_simple|bruhat_leq,anti_fixed_points,positional,embedding,1e-06,0.0,6144,2048,8192,0.0,0.0,0.9975928763619372,0.3592529296875,0.37939453125,-0.0201416015625
trained,category-algebra-a4-mlp-seed17,mlp,algebra_a4,17,inverse|compose|right_multiply_simple|bruhat_leq,exceedances,positional,embedding,1.0,2.220446049250313e-16,6144,2048,8192,0.0,-0.015990289290084402,0.996743501992833,0.3426513671875,0.3426513671875,0.0
trained,category-algebra-a4-mlp-seed17,mlp,algebra_a4,17,inverse|compose|right_multiply_simple|bruhat_leq,deficiencies,positional,embedding,1e-06,0.0,6144,2048,8192,0.0,0.01838954158965496,1.0018364670463262,0.3414306640625,0.34033203125,0.0010986328125
trained,category-algebra-a4-mlp-seed17,mlp,algebra_a4,17,inverse|compose|right_multiply_simple|bruhat_leq,left_to_right_maxima,positional,embedding,1e-06,0.0,6144,2048,8192,0.0,0.0,1.0233111062138236,0.3040771484375,0.3026123046875,0.00146484375
trained,category-algebra-a4-mlp-seed17,mlp,algebra_a4,17,inverse|compose|right_multiply_simple|bruhat_leq,left_to_right_minima,positional,embedding,1e-06,0.0,6144,2048,8192,0.0,0.0,0.9857920972831147,0.3160400390625,0.307373046875,0.0086669921875
trained,category-algebra-a4-mlp-seed17,mlp,algebra_a4,17,inverse|compose|right_multiply_simple|bruhat_leq,right_to_left_maxima,positional,embedding,1e-06,0.0,6144,2048,8192,0.0,0.0,1.0300600749281232,0.305908203125,0.3045654296875,0.0013427734375
trained,category-algebra-a4-mlp-seed17,mlp,algebra_a4,17,inverse|compose|right_multiply_simple|bruhat_leq,right_to_left_minima,positional,embedding,10.0,0.0,6144,2048,8192,0.0,0.0,1.0276770844678722,0.3035888671875,0.2933349609375,0.01025390625
trained,category-algebra-a4-mlp-seed17,mlp,algebra_a4,17,inverse|compose|right_multiply_simple|bruhat_leq,cycle_count,cycle,embedding,1e-06,0.0,6144,2048,8192,0.0,0.0,0.9967724289122708,0.3077392578125,0.3079833984375,-0.000244140625
trained,category-algebra-a4-mlp-seed17,mlp,algebra_a4,17,inverse|compose|right_multiply_simple|bruhat_leq,two_cycle_count,cycle,embedding,1e-06,0.0,6144,2048,8192,0.0,0.0,1.0101702448488212,0.4593505859375,0.6026611328125,-0.143310546875
trained,category-algebra-a4-mlp-seed17,mlp,algebra_a4,17,inverse|compose|right_multiply_simple|bruhat_leq,three_cycle_count,cycle,embedding,1e-06,1.1102230246251565e-16,6144,2048,8192,0.0,0.0,1.0003236622577176,0.7235107421875,0.7235107421875,0.0
trained,category-algebra-a4-mlp-seed17,mlp,algebra_a4,17,inverse|compose|right_multiply_simple|bruhat_leq,even_cycle_count,cycle,embedding,1e-06,0.0,6144,2048,8192,0.0,0.0,1.0111505563890062,0.3974609375,0.40771484375,-0.01025390625
trained,category-algebra-a4-mlp-seed17,mlp,algebra_a4,17,inverse|compose|right_multiply_simple|bruhat_leq,odd_cycle_count,cycle,embedding,1e-06,2.220446049250313e-16,6144,2048,8192,0.0,0.0,0.9928792526047006,0.3057861328125,0.5802001953125,-0.2744140625
trained,category-algebra-a4-mlp-seed17,mlp,algebra_a4,17,inverse|compose|right_multiply_simple|bruhat_leq,longest_cycle,cycle,embedding,1.0,0.0,6144,2048,8192,0.0,-0.021674415637399795,1.002388866359531,0.1435546875,0.1644287109375,-0.0208740234375
trained,category-algebra-a4-mlp-seed17,mlp,algebra_a4,17,inverse|compose|right_multiply_simple|bruhat_leq,shortest_cycle,cycle,embedding,1e-06,0.0,6144,2048,8192,2.220446049250313e-16,0.0,1.004064219330732,0.1092529296875,0.6358642578125,-0.526611328125
trained,category-algebra-a4-mlp-seed17,mlp,algebra_a4,17,inverse|compose|right_multiply_simple|bruhat_leq,nontrivial_cycle_count,cycle,embedding,10.0,1.1102230246251565e-16,6144,2048,8192,0.0,0.0,1.0147479301353286,0.4290771484375,0.4312744140625,-0.002197265625
trained,category-algebra-a4-mlp-seed17,mlp,algebra_a4,17,inverse|compose|right_multiply_simple|bruhat_leq,lis_length,global_run,embedding,1e-06,0.0,6144,2048,8192,0.0,-0.008346768312488501,1.022679339029915,0.390869140625,0.39697265625,-0.006103515625
trained,category-algebra-a4-mlp-seed17,mlp,algebra_a4,17,inverse|compose|right_multiply_simple|bruhat_leq,lds_length,global_run,embedding,1e-06,0.0,6144,2048,8192,0.0,-0.016218194465382786,1.0371136011049422,0.38720703125,0.396484375,-0.00927734375
trained,category-algebra-a4-mlp-seed17,mlp,algebra_a4,17,inverse|compose|right_multiply_simple|bruhat_leq,longest_increasing_run,global_run,embedding,1e-06,0.0,6144,2048,8192,0.0,0.01308405136019267,1.0681850394483854,0.4554443359375,0.5040283203125,-0.048583984375
trained,category-algebra-a4-mlp-seed17,mlp,algebra_a4,17,inverse|compose|right_multiply_simple|bruhat_leq,longest_decreasing_run,global_run,embedding,1e-06,0.0,6144,2048,8192,0.0,-0.000451457847131274,1.1023380059178607,0.459716796875,0.5018310546875,-0.0421142578125
trained,category-algebra-a4-mlp-seed17,mlp,algebra_a4,17,inverse|compose|right_multiply_simple|bruhat_leq,global_descents,global_run,embedding,1e-06,0.0,6144,2048,8192,0.0,0.0,1.2434738264527403,0.7889404296875,0.8125,-0.0235595703125
trained,category-algebra-a4-mlp-seed17,mlp,algebra_a4,17,inverse|compose|right_multiply_simple|bruhat_leq,components,global_run,embedding,1e-06,0.0,6144,2048,8192,0.0,0.0035542068406726212,1.241825229327309,0.7493896484375,0.804931640625,-0.0555419921875
trained,category-algebra-a4-mlp-seed17,mlp,algebra_a4,17,inverse|compose|right_multiply_simple|bruhat_leq,max_displacement,global_run,embedding,1.0,0.0,6144,2048,8192,0.0,-0.015261634883943926,1.0210438164840894,0.238037109375,0.2574462890625,-0.0194091796875
trained,category-algebra-a4-mlp-seed17,mlp,algebra_a4,17,inverse|compose|right_multiply_simple|bruhat_leq,displacement_one_count,global_run,embedding,1e-06,0.0,6144,2048,8192,0.0,0.0,0.9899467911205587,0.2646484375,0.3072509765625,-0.0426025390625
trained,category-algebra-a4-mlp-seed17,mlp,algebra_a4,17,inverse|compose|right_multiply_simple|bruhat_leq,descents,local,block_01,0.001,0.07141364001329786,6144,2048,8192,0.09752882106744065,0.31330738071704967,0.9699685668519815,0.3408203125,0.3338623046875,0.0069580078125
trained,category-algebra-a4-mlp-seed17,mlp,algebra_a4,17,inverse|compose|right_multiply_simple|bruhat_leq,recoils,local,block_01,0.001,0.08550614636551213,6144,2048,8192,0.09316098790711325,0.3062605345672761,0.9634478240349685,0.3489990234375,0.33642578125,0.0125732421875
trained,category-algebra-a4-mlp-seed17,mlp,algebra_a4,17,inverse|compose|right_multiply_simple|bruhat_leq,peaks,local,block_01,0.01,0.031274245933719635,6144,2048,8192,0.05506219447694938,0.23603030462798968,0.9596379581786683,0.4674072265625,0.4635009765625,0.00390625
trained,category-algebra-a4-mlp-seed17,mlp,algebra_a4,17,inverse|compose|right_multiply_simple|bruhat_leq,valleys,local,block_01,0.01,0.037671620592375055,6144,2048,8192,0.06198149266971631,0.2507337119451882,0.9613926593827902,0.455810546875,0.45556640625,0.000244140625
trained,category-algebra-a4-mlp-seed17,mlp,algebra_a4,17,inverse|compose|right_multiply_simple|bruhat_leq,double_ascents,local,block_01,0.001,0.06416466779584751,6144,2048,8192,0.06959280548042368,0.2644566911117218,0.9771014060465553,0.335205078125,0.344482421875,-0.00927734375
trained,category-algebra-a4-mlp-seed17,mlp,algebra_a4,17,inverse|compose|right_multiply_simple|bruhat_leq,double_descents,local,block_01,0.01,0.05147669125627097,6144,2048,8192,0.09295876049460283,0.3063200534143552,0.9488407943894648,0.342529296875,0.3399658203125,0.0025634765625
trained,category-algebra-a4-mlp-seed17,mlp,algebra_a4,17,inverse|compose|right_multiply_simple|bruhat_leq,successions,local,block_01,0.001,0.08451827682876167,6144,2048,8192,0.09068831626984752,0.3024730695169446,1.0181368553851344,0.3575439453125,0.398681640625,-0.0411376953125
trained,category-algebra-a4-mlp-seed17,mlp,algebra_a4,17,inverse|compose|right_multiply_simple|bruhat_leq,adjacencies,local,block_01,0.001,0.10744323251368981,6144,2048,8192,0.17171944710125298,0.4149597692067918,0.9508699547130416,0.3251953125,0.329345703125,-0.004150390625
trained,category-algebra-a4-mlp-seed17,mlp,algebra_a4,17,inverse|compose|right_multiply_simple|bruhat_leq,fixed_points,positional,block_01,0.001,0.11002822931084744,6144,2048,8192,0.09346886269130805,0.30673963908996216,0.9640625407217824,0.3560791015625,0.369873046875,-0.0137939453125
trained,category-algebra-a4-mlp-seed17,mlp,algebra_a4,17,inverse|compose|right_multiply_simple|bruhat_leq,anti_fixed_points,positional,block_01,0.001,0.08078512387226988,6144,2048,8192,0.10743225292474357,0.32856163624763013,0.9424838868572987,0.35595703125,0.37939453125,-0.0234375
trained,category-algebra-a4-mlp-seed17,mlp,algebra_a4,17,inverse|compose|right_multiply_simple|bruhat_leq,exceedances,positional,block_01,0.0001,0.20353148426610135,6144,2048,8192,0.18420970067345466,0.4324432327790331,0.9002697993571454,0.385009765625,0.3426513671875,0.0423583984375
trained,category-algebra-a4-mlp-seed17,mlp,algebra_a4,17,inverse|compose|right_multiply_simple|bruhat_leq,deficiencies,positional,block_01,0.001,0.16326390776977873,6144,2048,8192,0.16198785058065512,0.40202127560823736,0.9171111923328464,0.3773193359375,0.34033203125,0.0369873046875
trained,category-algebra-a4-mlp-seed17,mlp,algebra_a4,17,inverse|compose|right_multiply_simple|bruhat_leq,left_to_right_maxima,positional,block_01,0.0001,0.21434203229844062,6144,2048,8192,0.19217658869728127,0.4415353269942368,0.9197417590979333,0.33642578125,0.3026123046875,0.0338134765625
trained,category-algebra-a4-mlp-seed17,mlp,algebra_a4,17,inverse|compose|right_multiply_simple|bruhat_leq,left_to_right_minima,positional,block_01,0.001,0.2977976304535185,6144,2048,8192,0.2979262493689091,0.5458686405708779,0.8259936339339199,0.356689453125,0.307373046875,0.04931640625
trained,category-algebra-a4-mlp-seed17,mlp,algebra_a4,17,inverse|compose|right_multiply_simple|bruhat_leq,right_to_left_maxima,positional,block_01,0.001,0.17901107458893017,6144,2048,8192,0.26422672391850954,0.5140807000552022,0.8835569740515937,0.3258056640625,0.3045654296875,0.021240234375
trained,category-algebra-a4-mlp-seed17,mlp,algebra_a4,17,inverse|compose|right_multiply_simple|bruhat_leq,right_to_left_minima,positional,block_01,0.001,0.317091455395079,6144,2048,8192,0.31786814670526786,0.5641294523628666,0.8487715961706188,0.3499755859375,0.2933349609375,0.056640625
trained,category-algebra-a4-mlp-seed17,mlp,algebra_a4,17,inverse|compose|right_multiply_simple|bruhat_leq,cycle_count,cycle,block_01,0.001,0.052643382140318606,6144,2048,8192,0.048249708791638035,0.2247846459137532,0.9724281579379569,0.3096923828125,0.3079833984375,0.001708984375
trained,category-algebra-a4-mlp-seed17,mlp,algebra_a4,17,inverse|compose|right_multiply_simple|bruhat_leq,two_cycle_count,cycle,block_01,0.1,0.0020915753341930188,6144,2048,8192,0.0018862933143217742,0.052208502105208776,1.0092170564488305,0.46240234375,0.6026611328125,-0.1402587890625
trained,category-algebra-a4-mlp-seed17,mlp,algebra_a4,17,inverse|compose|right_multiply_simple|bruhat_leq,three_cycle_count,cycle,block_01,10.0,-0.0011054518030497729,6144,2048,8192,-0.0002686726935248185,0.006957974978435717,1.00045803305925,0.7235107421875,0.7235107421875,0.0
trained,category-algebra-a4-mlp-seed17,mlp,algebra_a4,17,inverse|compose|right_multiply_simple|bruhat_leq,even_cycle_count,cycle,block_01,1.0,0.0012336200653262352,6144,2048,8192,-0.00039218534220908374,0.017857047672531875,1.0113488161657582,0.395263671875,0.40771484375,-0.012451171875
trained,category-algebra-a4-mlp-seed17,mlp,algebra_a4,17,inverse|compose|right_multiply_simple|bruhat_leq,odd_cycle_count,cycle,block_01,0.001,0.05154276857259954,6144,2048,8192,0.056970052200250976,0.2414484263411306,0.9641823520917995,0.282470703125,0.5802001953125,-0.2977294921875
trained,category-algebra-a4-mlp-seed17,mlp,algebra_a4,17,inverse|compose|right_multiply_simple|bruhat_leq,longest_cycle,cycle,block_01,0.01,0.005330450555495969,6144,2048,8192,0.0006865489659638735,0.06397218803203249,1.0020447127599683,0.1419677734375,0.1644287109375,-0.0224609375
trained,category-algebra-a4-mlp-seed17,mlp,algebra_a4,17,inverse|compose|right_multiply_simple|bruhat_leq,shortest_cycle,cycle,block_01,10.0,-0.003407187604679729,6144,2048,8192,0.0020614556842989407,0.04578059766326962,1.0030287684752492,0.107666015625,0.6358642578125,-0.5281982421875
trained,category-algebra-a4-mlp-seed17,mlp,algebra_a4,17,inverse|compose|right_multiply_simple|bruhat_leq,nontrivial_cycle_count,cycle,block_01,0.01,0.006406473401108781,6144,2048,8192,-0.005612915097135351,0.026260706205704882,1.0175917921188338,0.429931640625,0.4312744140625,-0.0013427734375
trained,category-algebra-a4-mlp-seed17,mlp,algebra_a4,17,inverse|compose|right_multiply_simple|bruhat_leq,lis_length,global_run,block_01,0.0001,0.28185291654006184,6144,2048,8192,0.26804006465880137,0.5179051379503755,0.87494980185395,0.427734375,0.39697265625,0.03076171875
trained,category-algebra-a4-mlp-seed17,mlp,algebra_a4,17,inverse|compose|right_multiply_simple|bruhat_leq,lds_length,global_run,block_01,0.001,0.24159385943213652,6144,2048,8192,0.31936835076297054,0.5652774711534676,0.8556229003038912,0.4317626953125,0.396484375,0.0352783203125
trained,category-algebra-a4-mlp-seed17,mlp,algebra_a4,17,inverse|compose|right_multiply_simple|bruhat_leq,longest_increasing_run,global_run,block_01,0.001,0.10416669182385063,6144,2048,8192,0.10848358527612068,0.33034256623078506,1.0085818837855207,0.4443359375,0.5040283203125,-0.0596923828125
trained,category-algebra-a4-mlp-seed17,mlp,algebra_a4,17,inverse|compose|right_multiply_simple|bruhat_leq,longest_decreasing_run,global_run,block_01,0.01,0.0688064389133427,6144,2048,8192,0.1861959962056824,0.4476288037892658,0.9944310865685799,0.4635009765625,0.5018310546875,-0.038330078125
trained,category-algebra-a4-mlp-seed17,mlp,algebra_a4,17,inverse|compose|right_multiply_simple|bruhat_leq,global_descents,global_run,block_01,0.0001,0.1364203317774496,6144,2048,8192,0.28019975249513074,0.5413580164958809,1.054976156299236,0.742919921875,0.8125,-0.069580078125
trained,category-algebra-a4-mlp-seed17,mlp,algebra_a4,17,inverse|compose|right_multiply_simple|bruhat_leq,components,global_run,block_01,1e-06,0.15496150025157174,6144,2048,8192,0.17574429568467032,0.419441216522411,1.1274348615463288,0.7132568359375,0.804931640625,-0.0916748046875
trained,category-algebra-a4-mlp-seed17,mlp,algebra_a4,17,inverse|compose|right_multiply_simple|bruhat_leq,max_displacement,global_run,block_01,0.001,0.26367500736733984,6144,2048,8192,0.27329469658640726,0.5226428022089274,0.8704093435182586,0.291015625,0.2574462890625,0.0335693359375
trained,category-algebra-a4-mlp-seed17,mlp,algebra_a4,17,inverse|compose|right_multiply_simple|bruhat_leq,displacement_one_count,global_run,block_01,0.001,0.07325847909380323,6144,2048,8192,0.07886721591566981,0.2816292234158444,0.9501079936782444,0.2813720703125,0.3072509765625,-0.02587890625
trained,category-algebra-a4-mlp-seed17,mlp,algebra_a4,17,inverse|compose|right_multiply_simple|bruhat_leq,descents,local,final_norm,0.001,0.07643205840866185,6144,2048,8192,0.10371825407498558,0.3230016248146575,0.9666366684902461,0.34130859375,0.3338623046875,0.0074462890625
trained,category-algebra-a4-mlp-seed17,mlp,algebra_a4,17,inverse|compose|right_multiply_simple|bruhat_leq,recoils,local,final_norm,0.001,0.08800176564996143,6144,2048,8192,0.09995685789960251,0.31702404924376265,0.9598309863381761,0.350830078125,0.33642578125,0.014404296875
trained,category-algebra-a4-mlp-seed17,mlp,algebra_a4,17,inverse|compose|right_multiply_simple|bruhat_leq,peaks,local,final_norm,0.01,0.03727542911566384,6144,2048,8192,0.06102844714894606,0.24810574582513661,0.9566036269107946,0.4666748046875,0.4635009765625,0.003173828125
trained,category-algebra-a4-mlp-seed17,mlp,algebra_a4,17,inverse|compose|right_multiply_simple|bruhat_leq,valleys,local,final_norm,0.01,0.0403739967214678,6144,2048,8192,0.06718541432534653,0.26044493248349193,0.9587221522127751,0.4539794921875,0.45556640625,-0.0015869140625
trained,category-algebra-a4-mlp-seed17,mlp,algebra_a4,17,inverse|compose|right_multiply_simple|bruhat_leq,double_ascents,local,final_norm,0.001,0.07402741200504892,6144,2048,8192,0.07834685227444682,0.28061038176548425,0.972493850062327,0.3319091796875,0.344482421875,-0.0125732421875
trained,category-algebra-a4-mlp-seed17,mlp,algebra_a4,17,inverse|compose|right_multiply_simple|bruhat_leq,double_descents,local,final_norm,0.01,0.053214118709490554,6144,2048,8192,0.09796707355198908,0.31450369993675936,0.9462176117350296,0.341796875,0.3399658203125,0.0018310546875
trained,category-algebra-a4-mlp-seed17,mlp,algebra_a4,17,inverse|compose|right_multiply_simple|bruhat_leq,successions,local,final_norm,0.001,0.10766198381067338,6144,2048,8192,0.1078823852756502,0.3290502293463633,1.0084650004204978,0.357177734375,0.398681640625,-0.04150390625
trained,category-algebra-a4-mlp-seed17,mlp,algebra_a4,17,inverse|compose|right_multiply_simple|bruhat_leq,adjacencies,local,final_norm,0.001,0.12304236659384749,6144,2048,8192,0.1833379828320727,0.4286395022166609,0.9441773352667828,0.32373046875,0.329345703125,-0.005615234375
trained,category-algebra-a4-mlp-seed17,mlp,algebra_a4,17,inverse|compose|right_multiply_simple|bruhat_leq,fixed_points,positional,final_norm,0.001,0.12458596273528966,6144,2048,8192,0.10311242113734775,0.32235088065095946,0.9589210455694188,0.357177734375,0.369873046875,-0.0126953125
trained,category-algebra-a4-mlp-seed17,mlp,algebra_a4,17,inverse|compose|right_multiply_simple|bruhat_leq,anti_fixed_points,positional,final_norm,0.001,0.08529826512440153,6144,2048,8192,0.11118432292342684,0.3342276894355427,0.9405008498876114,0.355224609375,0.37939453125,-0.024169921875
trained,category-algebra-a4-mlp-seed17,mlp,algebra_a4,17,inverse|compose|right_multiply_simple|bruhat_leq,exceedances,positional,final_norm,0.0001,0.20692033820894962,6144,2048,8192,0.1910078982918212,0.4399328269766323,0.8965108580250415,0.38427734375,0.3426513671875,0.0416259765625
trained,category-algebra-a4-mlp-seed17,mlp,algebra_a4,17,inverse|compose|right_multiply_simple|bruhat_leq,deficiencies,positional,final_norm,0.001,0.15717516532021658,6144,2048,8192,0.15901649323172662,0.3983955417672441,0.9187356638729364,0.3759765625,0.34033203125,0.03564453125
trained,category-algebra-a4-mlp-seed17,mlp,algebra_a4,17,inverse|compose|right_multiply_simple|bruhat_leq,left_to_right_maxima,positional,final_norm,0.0001,0.2120465474009835,6144,2048,8192,0.19197632545256182,0.440836693609132,0.9198557561995254,0.3182373046875,0.3026123046875,0.015625
trained,category-algebra-a4-mlp-seed17,mlp,algebra_a4,17,inverse|compose|right_multiply_simple|bruhat_leq,left_to_right_minima,positional,final_norm,0.001,0.2962061848347508,6144,2048,8192,0.2997721583418421,0.5476038789714557,0.8249070582151431,0.3609619140625,0.307373046875,0.0535888671875
trained,category-algebra-a4-mlp-seed17,mlp,algebra_a4,17,inverse|compose|right_multiply_simple|bruhat_leq,right_to_left_maxima,positional,final_norm,0.001,0.17398160289514497,6144,2048,8192,0.2669692463963165,0.5168661171736638,0.8819087508861183,0.33154296875,0.3045654296875,0.0269775390625
trained,category-algebra-a4-mlp-seed17,mlp,algebra_a4,17,inverse|compose|right_multiply_simple|bruhat_leq,right_to_left_minima,positional,final_norm,0.001,0.3351872256494307,6144,2048,8192,0.33120133349345593,0.5757956406124584,0.8404354673041639,0.3505859375,0.2933349609375,0.0572509765625
trained,category-algebra-a4-mlp-seed17,mlp,algebra_a4,17,inverse|compose|right_multiply_simple|bruhat_leq,cycle_count,cycle,final_norm,0.001,0.05800846548995531,6144,2048,8192,0.05203881163828383,0.23373148717896877,0.9704905147551187,0.310791015625,0.3079833984375,0.0028076171875
trained,category-algebra-a4-mlp-seed17,mlp,algebra_a4,17,inverse|compose|right_multiply_simple|bruhat_leq,two_cycle_count,cycle,final_norm,0.1,0.0021846389882284045,6144,2048,8192,0.0028777639705168667,0.058806254366577715,1.0087156818552598,0.4569091796875,0.6026611328125,-0.145751953125
trained,category-algebra-a4-mlp-seed17,mlp,algebra_a4,17,inverse|compose|right_multiply_simple|bruhat_leq,three_cycle_count,cycle,final_norm,10.0,-0.000944946868787655,6144,2048,8192,-0.000245326432009918,0.008472847735871385,1.0004463576505318,0.7235107421875,0.7235107421875,0.0
trained,category-algebra-a4-mlp-seed17,mlp,algebra_a4,17,inverse|compose|right_multiply_simple|bruhat_leq,even_cycle_count,cycle,final_norm,1.0,0.0010488772891490417,6144,2048,8192,-0.00015325795736154113,0.021080009574331277,1.011228036854924,0.395751953125,0.40771484375,-0.011962890625
trained,category-algebra-a4-mlp-seed17,mlp,algebra_a4,17,inverse|compose|right_multiply_simple|bruhat_leq,odd_cycle_count,cycle,final_norm,0.001,0.060504024355242825,6144,2048,8192,0.06375178425034622,0.2551813448963653,0.9607091725224777,0.2852783203125,0.5802001953125,-0.294921875
trained,category-algebra-a4-mlp-seed17,mlp,algebra_a4,17,inverse|compose|right_multiply_simple|bruhat_leq,longest_cycle,cycle,final_norm,0.01,0.005090849555224319,6144,2048,8192,0.0009939383986612427,0.06574093021255767,1.0018905861214515,0.14306640625,0.1644287109375,-0.0213623046875
trained,category-algebra-a4-mlp-seed17,mlp,algebra_a4,17,inverse|compose|right_multiply_simple|bruhat_leq,shortest_cycle,cycle,final_norm,10.0,-0.0030873132160671446,6144,2048,8192,0.002016268007917099,0.04495970434149587,1.0030514773016475,0.1083984375,0.6358642578125,-0.5274658203125
trained,category-algebra-a4-mlp-seed17,mlp,algebra_a4,17,inverse|compose|right_multiply_simple|bruhat_leq,nontrivial_cycle_count,cycle,final_norm,0.01,0.006543311448358069,6144,2048,8192,-0.005058781936843282,0.03139392971759056,1.0173113864831644,0.4295654296875,0.4312744140625,-0.001708984375
trained,category-algebra-a4-mlp-seed17,mlp,algebra_a4,17,inverse|compose|right_multiply_simple|bruhat_leq,lis_length,global_run,final_norm,0.0001,0.29683317645451124,6144,2048,8192,0.27909232617429613,0.5284413707876793,0.8683190044674901,0.4246826171875,0.39697265625,0.0277099609375
trained,category-algebra-a4-mlp-seed17,mlp,algebra_a4,17,inverse|compose|right_multiply_simple|bruhat_leq,lds_length,global_run,final_norm,0.001,0.24472575223462223,6144,2048,8192,0.32639971408836155,0.5715825056316698,0.8511918588870111,0.4337158203125,0.396484375,0.0372314453125
trained,category-algebra-a4-mlp-seed17,mlp,algebra_a4,17,inverse|compose|right_multiply_simple|bruhat_leq,longest_increasing_run,global_run,final_norm,0.001,0.12704806852399997,6144,2048,8192,0.12952926879141535,0.3605936848828239,0.9966061838460368,0.4471435546875,0.5040283203125,-0.056884765625
trained,category-algebra-a4-mlp-seed17,mlp,algebra_a4,17,inverse|compose|right_multiply_simple|bruhat_leq,longest_decreasing_run,global_run,final_norm,0.01,0.07505154419488946,6144,2048,8192,0.19538398559092796,0.4587821819944008,0.9888015013600809,0.46337890625,0.5018310546875,-0.0384521484375
trained,category-algebra-a4-mlp-seed17,mlp,algebra_a4,17,inverse|compose|right_multiply_simple|bruhat_leq,global_descents,global_run,final_norm,0.0001,0.14577866843747656,6144,2048,8192,0.29061928435660556,0.5526063683447929,1.0473126215374806,0.76220703125,0.8125,-0.05029296875
trained,category-algebra-a4-mlp-seed17,mlp,algebra_a4,17,inverse|compose|right_multiply_simple|bruhat_leq,components,global_run,final_norm,1e-06,0.18209603701738308,6144,2048,8192,0.19376423550568334,0.4407086463501368,1.1150427252048738,0.716552734375,0.804931640625,-0.08837890625
trained,category-algebra-a4-mlp-seed17,mlp,algebra_a4,17,inverse|compose|right_multiply_simple|bruhat_leq,max_displacement,global_run,final_norm,0.001,0.26654611795883565,6144,2048,8192,0.2742745989812546,0.5235933881162869,0.8698223078161166,0.2880859375,0.2574462890625,0.0306396484375
trained,category-algebra-a4-mlp-seed17,mlp,algebra_a4,17,inverse|compose|right_multiply_simple|bruhat_leq,displacement_one_count,global_run,final_norm,0.001,0.06999891991425311,6144,2048,8192,0.07747326114434383,0.2798015818090007,0.9508266234537687,0.2803955078125,0.3072509765625,-0.02685546875
trained,category-algebra-a4-mlp-seed42,mlp,algebra_a4,42,inverse|compose|right_multiply_simple|bruhat_leq,descents,local,embedding,1e-06,0.0,6144,2048,8192,-2.220446049250313e-16,0.0032705053970956484,1.0210358474220083,0.3427734375,0.3338623046875,0.0089111328125
trained,category-algebra-a4-mlp-seed42,mlp,algebra_a4,42,inverse|compose|right_multiply_simple|bruhat_leq,recoils,local,embedding,1e-06,2.220446049250313e-16,6144,2048,8192,0.0,0.02635600810526578,1.0117264466110467,0.3408203125,0.33642578125,0.00439453125
trained,category-algebra-a4-mlp-seed42,mlp,algebra_a4,42,inverse|compose|right_multiply_simple|bruhat_leq,peaks,local,embedding,1e-06,0.0,6144,2048,8192,0.0,-0.01244931365968588,0.987201497821541,0.4708251953125,0.4635009765625,0.00732421875
trained,category-algebra-a4-mlp-seed42,mlp,algebra_a4,42,inverse|compose|right_multiply_simple|bruhat_leq,valleys,local,embedding,1e-06,0.0,6144,2048,8192,0.0,0.0054293939637596045,0.9926476029684151,0.458984375,0.45556640625,0.00341796875
trained,category-algebra-a4-mlp-seed42,mlp,algebra_a4,42,inverse|compose|right_multiply_simple|bruhat_leq,double_ascents,local,embedding,1.0,0.0,6144,2048,8192,0.0,0.0,1.012985218660725,0.3338623046875,0.344482421875,-0.0106201171875
trained,category-algebra-a4-mlp-seed42,mlp,algebra_a4,42,inverse|compose|right_multiply_simple|bruhat_leq,double_descents,local,embedding,1.0,1.1102230246251565e-16,6144,2048,8192,0.0,0.0,0.9962763749938195,0.3388671875,0.3399658203125,-0.0010986328125
trained,category-algebra-a4-mlp-seed42,mlp,algebra_a4,42,inverse|compose|right_multiply_simple|bruhat_leq,successions,local,embedding,1e-06,0.0,6144,2048,8192,0.0,0.0,1.0677013036927756,0.3643798828125,0.398681640625,-0.0343017578125
trained,category-algebra-a4-mlp-seed42,mlp,algebra_a4,42,inverse|compose|right_multiply_simple|bruhat_leq,adjacencies,local,embedding,1e-06,0.0,6144,2048,8192,0.0,0.0,1.0447981442612964,0.329345703125,0.329345703125,0.0
trained,category-algebra-a4-mlp-seed42,mlp,algebra_a4,42,inverse|compose|right_multiply_simple|bruhat_leq,fixed_points,positional,embedding,1e-06,2.220446049250313e-16,6144,2048,8192,-2.220446049250313e-16,0.0,1.0125438624646814,0.3580322265625,0.369873046875,-0.0118408203125
trained,category-algebra-a4-mlp-seed42,mlp,algebra_a4,42,inverse|compose|right_multiply_simple|bruhat_leq,anti_fixed_points,positional,embedding,1e-06,0.0,6144,2048,8192,0.0,0.0,0.9975928763619372,0.3592529296875,0.37939453125,-0.0201416015625
trained,category-algebra-a4-mlp-seed42,mlp,algebra_a4,42,inverse|compose|right_multiply_simple|bruhat_leq,exceedances,positional,embedding,1.0,2.220446049250313e-16,6144,2048,8192,0.0,-0.020165549178623683,0.996743501992833,0.3426513671875,0.3426513671875,0.0
trained,category-algebra-a4-mlp-seed42,mlp,algebra_a4,42,inverse|compose|right_multiply_simple|bruhat_leq,deficiencies,positional,embedding,1e-06,0.0,6144,2048,8192,0.0,0.019931583511309154,1.0018364670463262,0.3414306640625,0.34033203125,0.0010986328125
trained,category-algebra-a4-mlp-seed42,mlp,algebra_a4,42,inverse|compose|right_multiply_simple|bruhat_leq,left_to_right_maxima,positional,embedding,1e-06,0.0,6144,2048,8192,0.0,0.0,1.0233111062138236,0.3040771484375,0.3026123046875,0.00146484375
trained,category-algebra-a4-mlp-seed42,mlp,algebra_a4,42,inverse|compose|right_multiply_simple|bruhat_leq,left_to_right_minima,positional,embedding,1e-06,0.0,6144,2048,8192,0.0,0.0,0.9857920972831147,0.3160400390625,0.307373046875,0.0086669921875
trained,category-algebra-a4-mlp-seed42,mlp,algebra_a4,42,inverse|compose|right_multiply_simple|bruhat_leq,right_to_left_maxima,positional,embedding,1e-06,0.0,6144,2048,8192,0.0,0.0,1.0300600749281232,0.305908203125,0.3045654296875,0.0013427734375
trained,category-algebra-a4-mlp-seed42,mlp,algebra_a4,42,inverse|compose|right_multiply_simple|bruhat_leq,right_to_left_minima,positional,embedding,10.0,0.0,6144,2048,8192,0.0,0.0,1.0276770844678722,0.3035888671875,0.2933349609375,0.01025390625
trained,category-algebra-a4-mlp-seed42,mlp,algebra_a4,42,inverse|compose|right_multiply_simple|bruhat_leq,cycle_count,cycle,embedding,1e-06,0.0,6144,2048,8192,1.1102230246251565e-16,0.0,0.9967724289122707,0.3077392578125,0.3079833984375,-0.000244140625
trained,category-algebra-a4-mlp-seed42,mlp,algebra_a4,42,inverse|compose|right_multiply_simple|bruhat_leq,two_cycle_count,cycle,embedding,1e-06,0.0,6144,2048,8192,0.0,0.0,1.0101702448488212,0.4593505859375,0.6026611328125,-0.143310546875
trained,category-algebra-a4-mlp-seed42,mlp,algebra_a4,42,inverse|compose|right_multiply_simple|bruhat_leq,three_cycle_count,cycle,embedding,1e-06,0.0,6144,2048,8192,0.0,0.0,1.0003236622577176,0.7235107421875,0.7235107421875,0.0
trained,category-algebra-a4-mlp-seed42,mlp,algebra_a4,42,inverse|compose|right_multiply_simple|bruhat_leq,even_cycle_count,cycle,embedding,1e-06,0.0,6144,2048,8192,0.0,0.0,1.0111505563890062,0.3974609375,0.40771484375,-0.01025390625
trained,category-algebra-a4-mlp-seed42,mlp,algebra_a4,42,inverse|compose|right_multiply_simple|bruhat_leq,odd_cycle_count,cycle,embedding,1e-06,2.220446049250313e-16,6144,2048,8192,1.1102230246251565e-16,0.0,0.9928792526047006,0.3057861328125,0.5802001953125,-0.2744140625
trained,category-algebra-a4-mlp-seed42,mlp,algebra_a4,42,inverse|compose|right_multiply_simple|bruhat_leq,longest_cycle,cycle,embedding,1e-06,0.0,6144,2048,8192,0.0,-0.02212065271460504,1.002388866359531,0.1435546875,0.1644287109375,-0.0208740234375
trained,category-algebra-a4-mlp-seed42,mlp,algebra_a4,42,inverse|compose|right_multiply_simple|bruhat_leq,shortest_cycle,cycle,embedding,1e-06,0.0,6144,2048,8192,0.0,0.0,1.004064219330732,0.1092529296875,0.6358642578125,-0.526611328125
trained,category-algebra-a4-mlp-seed42,mlp,algebra_a4,42,inverse|compose|right_multiply_simple|bruhat_leq,nontrivial_cycle_count,cycle,embedding,1e-06,0.0,6144,2048,8192,0.0,0.0,1.0147479301353286,0.4290771484375,0.4312744140625,-0.002197265625
trained,category-algebra-a4-mlp-seed42,mlp,algebra_a4,42,inverse|compose|right_multiply_simple|bruhat_leq,lis_length,global_run,embedding,1e-06,2.220446049250313e-16,6144,2048,8192,0.0,-0.00930159383815819,1.022679339029915,0.390869140625,0.39697265625,-0.006103515625
trained,category-algebra-a4-mlp-seed42,mlp,algebra_a4,42,inverse|compose|right_multiply_simple|bruhat_leq,lds_length,global_run,embedding,1e-06,0.0,6144,2048,8192,0.0,-0.015222003568062623,1.0371136011049422,0.38720703125,0.396484375,-0.00927734375
trained,category-algebra-a4-mlp-seed42,mlp,algebra_a4,42,inverse|compose|right_multiply_simple|bruhat_leq,longest_increasing_run,global_run,embedding,1e-06,0.0,6144,2048,8192,0.0,0.0,1.0681850394483854,0.4554443359375,0.5040283203125,-0.048583984375
trained,category-algebra-a4-mlp-seed42,mlp,algebra_a4,42,inverse|compose|right_multiply_simple|bruhat_leq,longest_decreasing_run,global_run,embedding,1e-06,0.0,6144,2048,8192,0.0,0.0047013530499397695,1.1023380059178607,0.459716796875,0.5018310546875,-0.0421142578125
trained,category-algebra-a4-mlp-seed42,mlp,algebra_a4,42,inverse|compose|right_multiply_simple|bruhat_leq,global_descents,global_run,embedding,1e-06,0.0,6144,2048,8192,0.0,0.0,1.2434738264527403,0.7889404296875,0.8125,-0.0235595703125
trained,category-algebra-a4-mlp-seed42,mlp,algebra_a4,42,inverse|compose|right_multiply_simple|bruhat_leq,components,global_run,embedding,1e-06,0.0,6144,2048,8192,0.0,0.0016238487916366685,1.241825229327309,0.7493896484375,0.804931640625,-0.0555419921875
trained,category-algebra-a4-mlp-seed42,mlp,algebra_a4,42,inverse|compose|right_multiply_simple|bruhat_leq,max_displacement,global_run,embedding,1e-06,0.0,6144,2048,8192,0.0,-0.010698172826570436,1.0210438164840894,0.238037109375,0.2574462890625,-0.0194091796875
trained,category-algebra-a4-mlp-seed42,mlp,algebra_a4,42,inverse|compose|right_multiply_simple|bruhat_leq,displacement_one_count,global_run,embedding,1e-06,0.0,6144,2048,8192,0.0,0.0,0.9899467911205587,0.2646484375,0.3072509765625,-0.0426025390625
trained,category-algebra-a4-mlp-seed42,mlp,algebra_a4,42,inverse|compose|right_multiply_simple|bruhat_leq,descents,local,block_01,0.001,0.0742785552108608,6144,2048,8192,0.09534256900095894,0.3097298394801189,0.9711427389981019,0.3446044921875,0.3338623046875,0.0107421875
trained,category-algebra-a4-mlp-seed42,mlp,algebra_a4,42,inverse|compose|right_multiply_simple|bruhat_leq,recoils,local,block_01,0.001,0.1090016646380042,6144,2048,8192,0.11761798497800047,0.34320210396336975,0.9503671722841269,0.3489990234375,0.33642578125,0.0125732421875
trained,category-algebra-a4-mlp-seed42,mlp,algebra_a4,42,inverse|compose|right_multiply_simple|bruhat_leq,peaks,local,block_01,0.01,0.026409372564734745,6144,2048,8192,0.054416717973489015,0.23418540984929082,0.9599656612327516,0.4664306640625,0.4635009765625,0.0029296875
trained,category-algebra-a4-mlp-seed42,mlp,algebra_a4,42,inverse|compose|right_multiply_simple|bruhat_leq,valleys,local,block_01,0.01,0.03007793187045993,6144,2048,8192,0.058111965085909656,0.24214135635780223,0.963373594028092,0.453125,0.45556640625,-0.00244140625
trained,category-algebra-a4-mlp-seed42,mlp,algebra_a4,42,inverse|compose|right_multiply_simple|bruhat_leq,double_ascents,local,block_01,0.001,0.07711424699112335,6144,2048,8192,0.07057829481879085,0.26771935879500186,0.9765837949717985,0.34375,0.344482421875,-0.000732421875
trained,category-algebra-a4-mlp-seed42,mlp,algebra_a4,42,inverse|compose|right_multiply_simple|bruhat_leq,double_descents,local,block_01,0.01,0.05379643290247038,6144,2048,8192,0.08844565417722838,0.2989554770040176,0.9511984081987709,0.3388671875,0.3399658203125,-0.0010986328125
trained,category-algebra-a4-mlp-seed42,mlp,algebra_a4,42,inverse|compose|right_multiply_simple|bruhat_leq,successions,local,block_01,0.001,0.10639460267022915,6144,2048,8192,0.11115940688391424,0.33529657112417494,1.0066110957444292,0.363037109375,0.398681640625,-0.03564453125
trained,category-algebra-a4-mlp-seed42,mlp,algebra_a4,42,inverse|compose|right_multiply_simple|bruhat_leq,adjacencies,local,block_01,0.001,0.1316564200399809,6144,2048,8192,0.1876384349727822,0.43416810521501187,0.9416880870413364,0.33056640625,0.329345703125,0.001220703125
trained,category-algebra-a4-mlp-seed42,mlp,algebra_a4,42,inverse|compose|right_multiply_simple|bruhat_leq,fixed_points,positional,block_01,0.001,0.1636378145738343,6144,2048,8192,0.10565830283682343,0.32652499956851705,0.9575590942422629,0.3531494140625,0.369873046875,-0.0167236328125
trained,category-algebra-a4-mlp-seed42,mlp,algebra_a4,42,inverse|compose|right_multiply_simple|bruhat_leq,anti_fixed_points,positional,block_01,0.001,0.07157658099132047,6144,2048,8192,0.10507820506046794,0.3245618779795357,0.943725916525199,0.3568115234375,0.37939453125,-0.0225830078125
trained,category-algebra-a4-mlp-seed42,mlp,algebra_a4,42,inverse|compose|right_multiply_simple|bruhat_leq,exceedances,positional,block_01,1e-05,0.24562585522226565,6144,2048,8192,0.22116545269049104,0.4713806442349424,0.8796421206237904,0.3900146484375,0.3426513671875,0.04736328125
trained,category-algebra-a4-mlp-seed42,mlp,algebra_a4,42,inverse|compose|right_multiply_simple|bruhat_leq,deficiencies,positional,block_01,0.0001,0.17692816758825114,6144,2048,8192,0.17089405292426563,0.4141652225596916,0.9122247501724468,0.3770751953125,0.34033203125,0.0367431640625
trained,category-algebra-a4-mlp-seed42,mlp,algebra_a4,42,inverse|compose|right_multiply_simple|bruhat_leq,left_to_right_maxima,positional,block_01,1e-05,0.1815899349725365,6144,2048,8192,0.191278397789013,0.4389693600799418,0.9202529315726118,0.3544921875,0.3026123046875,0.0518798828125
trained,category-algebra-a4-mlp-seed42,mlp,algebra_a4,42,inverse|compose|right_multiply_simple|bruhat_leq,left_to_right_minima,positional,block_01,0.0001,0.3507063368009654,6144,2048,8192,0.34387057952864775,0.587694437983306,0.7985095013567528,0.4217529296875,0.307373046875,0.1143798828125
trained,category-algebra-a4-mlp-seed42,mlp,algebra_a4,42,inverse|compose|right_multiply_simple|bruhat_leq,right_to_left_maxima,positional,block_01,0.001,0.13912078432590447,6144,2048,8192,0.24803494343056032,0.4992303862834314,0.8932260577124981,0.3309326171875,0.3045654296875,0.0263671875
trained,category-algebra-a4-mlp-seed42,mlp,algebra_a4,42,inverse|compose|right_multiply_simple|bruhat_leq,right_to_left_minima,positional,block_01,0.001,0.3583671310648787,6144,2048,8192,0.33648185572918166,0.5806304638707578,0.8371110491184482,0.355712890625,0.2933349609375,0.0623779296875
trained,category-algebra-a4-mlp-seed42,mlp,algebra_a4,42,inverse|compose|right_multiply_simple|bruhat_leq,cycle_count,cycle,block_01,0.001,0.07308439029587721,6144,2048,8192,0.04674526934212553,0.22352862402130436,0.9731964170205565,0.3072509765625,0.3079833984375,-0.000732421875
trained,category-algebra-a4-mlp-seed42,mlp,algebra_a4,42,inverse|compose|right_multiply_simple|bruhat_leq,two_cycle_count,cycle,block_01,0.01,0.0021183383330829475,6144,2048,8192,0.00040436579236391434,0.05646589154913031,1.0099659850520744,0.46337890625,0.6026611328125,-0.1392822265625
trained,category-algebra-a4-mlp-seed42,mlp,algebra_a4,42,inverse|compose|right_multiply_simple|bruhat_leq,three_cycle_count,cycle,block_01,10.0,-5.534507235815944e-05,6144,2048,8192,-0.0005871117065419096,-0.002208047372414789,1.0006172700351215,0.7235107421875,0.7235107421875,0.0
trained,category-algebra-a4-mlp-seed42,mlp,algebra_a4,42,inverse|compose|right_multiply_simple|bruhat_leq,even_cycle_count,cycle,block_01,0.1,0.0012428101699287764,6144,2048,8192,-0.0004533591955369065,0.026618085844364765,1.0113797376180007,0.39697265625,0.40771484375,-0.0107421875
trained,category-algebra-a4-mlp-seed42,mlp,algebra_a4,42,inverse|compose|right_multiply_simple|bruhat_leq,odd_cycle_count,cycle,block_01,0.001,0.09670307257863564,6144,2048,8192,0.06206255421496021,0.2531526992292158,0.9615754638591518,0.2872314453125,0.5802001953125,-0.29296875
trained,category-algebra-a4-mlp-seed42,mlp,algebra_a4,42,inverse|compose|right_multiply_simple|bruhat_leq,longest_cycle,cycle,block_01,0.1,0.001909457322306518,6144,2048,8192,-0.000980973586033329,0.038060487529446026,1.0028804043430515,0.1419677734375,0.1644287109375,-0.0224609375
trained,category-algebra-a4-mlp-seed42,mlp,algebra_a4,42,inverse|compose|right_multiply_simple|bruhat_leq,shortest_cycle,cycle,block_01,0.01,0.0034827387914143637,6144,2048,8192,0.01031629703354342,0.10351353865295088,0.9988716803051805,0.1260986328125,0.6358642578125,-0.509765625
trained,category-algebra-a4-mlp-seed42,mlp,algebra_a4,42,inverse|compose|right_multiply_simple|bruhat_leq,nontrivial_cycle_count,cycle,block_01,0.1,0.0029139485965009593,6144,2048,8192,-0.0032834293831160988,0.015699151351125276,1.0164124914728137,0.431396484375,0.4312744140625,0.0001220703125
trained,category-algebra-a4-mlp-seed42,mlp,algebra_a4,42,inverse|compose|right_multiply_simple|bruhat_leq,lis_length,global_run,block_01,1e-05,0.31648571587285557,6144,2048,8192,0.3004610022751778,0.5484419814865991,0.8553531267777461,0.434326171875,0.39697265625,0.037353515625
trained,category-algebra-a4-mlp-seed42,mlp,algebra_a4,42,inverse|compose|right_multiply_simple|bruhat_leq,lds_length,global_run,block_01,0.001,0.2734666056621594,6144,2048,8192,0.3180900328661742,0.5642448424299645,0.8564260109093527,0.429443359375,0.396484375,0.032958984375
trained,category-algebra-a4-mlp-seed42,mlp,algebra_a4,42,inverse|compose|right_multiply_simple|bruhat_leq,longest_increasing_run,global_run,block_01,0.001,0.13920324500005288,6144,2048,8192,0.12110983712063894,0.3490095336756698,1.0014143096294066,0.4615478515625,0.5040283203125,-0.04248046875
trained,category-algebra-a4-mlp-seed42,mlp,algebra_a4,42,inverse|compose|right_multiply_simple|bruhat_leq,longest_decreasing_run,global_run,block_01,0.001,0.07796018113953795,6144,2048,8192,0.20240986967373942,0.45490904386530284,0.984474942554414,0.4683837890625,0.5018310546875,-0.033447265625
trained,category-algebra-a4-mlp-seed42,mlp,algebra_a4,42,inverse|compose|right_multiply_simple|bruhat_leq,global_descents,global_run,block_01,1e-05,0.1476889813928114,6144,2048,8192,0.2926551293001646,0.5524758606032996,1.0458087054965595,0.7655029296875,0.8125,-0.0469970703125
trained,category-algebra-a4-mlp-seed42,mlp,algebra_a4,42,inverse|compose|right_multiply_simple|bruhat_leq,components,global_run,block_01,1e-06,0.2363846950482491,6144,2048,8192,0.19423215854673115,0.4410950303065464,1.1147191040435804,0.7406005859375,0.804931640625,-0.0643310546875
trained,category-algebra-a4-mlp-seed42,mlp,algebra_a4,42,inverse|compose|right_multiply_simple|bruhat_leq,max_displacement,global_run,block_01,0.0001,0.26250703587410973,6144,2048,8192,0.27131351058303954,0.5211608297937798,0.8715950160879751,0.2891845703125,0.2574462890625,0.03173828125
trained,category-algebra-a4-mlp-seed42,mlp,algebra_a4,42,inverse|compose|right_multiply_simple|bruhat_leq,displacement_one_count,global_run,block_01,0.001,0.10427762038514021,6144,2048,8192,0.10122995929646428,0.3185158057165453,0.9385040387742463,0.28125,0.3072509765625,-0.0260009765625
trained,category-algebra-a4-mlp-seed42,mlp,algebra_a4,42,inverse|compose|right_multiply_simple|bruhat_leq,descents,local,final_norm,0.01,0.08327589845222894,6144,2048,8192,0.09059661430930344,0.3016715987555076,0.9736867795525981,0.3450927734375,0.3338623046875,0.01123046875
trained,category-algebra-a4-mlp-seed42,mlp,algebra_a4,42,inverse|compose|right_multiply_simple|bruhat_leq,recoils,local,final_norm,0.01,0.11293155444180325,6144,2048,8192,0.11652401793329847,0.3424962256483907,0.9509561169282383,0.353759765625,0.33642578125,0.017333984375
trained,category-algebra-a4-mlp-seed42,mlp,algebra_a4,42,inverse|compose|right_multiply_simple|bruhat_leq,peaks,local,final_norm,0.01,0.027944008438207768,6144,2048,8192,0.05993456612471448,0.24516760547550873,0.9571606757202786,0.46728515625,0.4635009765625,0.0037841796875
trained,category-algebra-a4-mlp-seed42,mlp,algebra_a4,42,inverse|compose|right_multiply_simple|bruhat_leq,valleys,local,final_norm,0.01,0.02917034198103008,6144,2048,8192,0.06159599096942214,0.24836108691482828,0.9615901930300899,0.453369140625,0.45556640625,-0.002197265625
trained,category-algebra-a4-mlp-seed42,mlp,algebra_a4,42,inverse|compose|right_multiply_simple|bruhat_leq,double_ascents,local,final_norm,0.01,0.08756927046091822,6144,2048,8192,0.07696696948595261,0.2777427080014573,0.9732215780731513,0.34228515625,0.344482421875,-0.002197265625
trained,category-algebra-a4-mlp-seed42,mlp,algebra_a4,42,inverse|compose|right_multiply_simple|bruhat_leq,double_descents,local,final_norm,0.01,0.05515084140643001,6144,2048,8192,0.0925539299586311,0.3054279171802705,0.9490525140225481,0.33837890625,0.3399658203125,-0.0015869140625
trained,category-algebra-a4-mlp-seed42,mlp,algebra_a4,42,inverse|compose|right_multiply_simple|bruhat_leq,successions,local,final_norm,0.001,0.1255696975219347,6144,2048,8192,0.12964404645853034,0.36156522384664874,0.9960891859565303,0.3602294921875,0.398681640625,-0.0384521484375
trained,category-algebra-a4-mlp-seed42,mlp,algebra_a4,42,inverse|compose|right_multiply_simple|bruhat_leq,adjacencies,local,final_norm,0.001,0.13182136175368908,6144,2048,8192,0.19356375851956598,0.44053250624951723,0.9382474893942094,0.3258056640625,0.329345703125,-0.0035400390625
trained,category-algebra-a4-mlp-seed42,mlp,algebra_a4,42,inverse|compose|right_multiply_simple|bruhat_leq,fixed_points,positional,final_norm,0.001,0.1841832326581323,6144,2048,8192,0.11010605992241962,0.33445858058158545,0.9551750509337591,0.3516845703125,0.369873046875,-0.0181884765625
trained,category-algebra-a4-mlp-seed42,mlp,algebra_a4,42,inverse|compose|right_multiply_simple|bruhat_leq,anti_fixed_points,positional,final_norm,0.001,0.06924262874160114,6144,2048,8192,0.10484589197382388,0.3246829496882636,0.9438483996603506,0.3568115234375,0.37939453125,-0.0225830078125
trained,category-algebra-a4-mlp-seed42,mlp,algebra_a4,42,inverse|compose|right_multiply_simple|bruhat_leq,exceedances,positional,final_norm,0.0001,0.23991452708993377,6144,2048,8192,0.22043469758551493,0.47010487589375827,0.8800546936554032,0.38330078125,0.3426513671875,0.0406494140625
trained,category-algebra-a4-mlp-seed42,mlp,algebra_a4,42,inverse|compose|right_multiply_simple|bruhat_leq,deficiencies,positional,final_norm,0.0001,0.1622091377014524,6144,2048,8192,0.16334041009401512,0.40585159310490304,0.9163707803968919,0.377685546875,0.34033203125,0.037353515625
trained,category-algebra-a4-mlp-seed42,mlp,algebra_a4,42,inverse|compose|right_multiply_simple|bruhat_leq,left_to_right_maxima,positional,final_norm,0.001,0.18480481108654556,6144,2048,8192,0.183920383090853,0.4290292458071742,0.9244298340556161,0.33349609375,0.3026123046875,0.0308837890625
trained,category-algebra-a4-mlp-seed42,mlp,algebra_a4,42,inverse|compose|right_multiply_simple|bruhat_leq,left_to_right_minima,positional,final_norm,0.001,0.3463346434251534,6144,2048,8192,0.3421972980771656,0.5851906546836501,0.7995270447861372,0.4219970703125,0.307373046875,0.1146240234375
trained,category-algebra-a4-mlp-seed42,mlp,algebra_a4,42,inverse|compose|right_multiply_simple|bruhat_leq,right_to_left_maxima,positional,final_norm,0.001,0.1324784386197898,6144,2048,8192,0.2468723822682708,0.4975328224481416,0.8939162685564476,0.3326416015625,0.3045654296875,0.028076171875
trained,category-algebra-a4-mlp-seed42,mlp,algebra_a4,42,inverse|compose|right_multiply_simple|bruhat_leq,right_to_left_minima,positional,final_norm,0.001,0.3645138042512105,6144,2048,8192,0.3438442444171045,0.5869002741279861,0.8324538072570064,0.3599853515625,0.2933349609375,0.066650390625
trained,category-algebra-a4-mlp-seed42,mlp,algebra_a4,42,inverse|compose|right_multiply_simple|bruhat_leq,cycle_count,cycle,final_norm,0.001,0.08037730269451537,6144,2048,8192,0.04850362301276545,0.22951347878740466,0.9722984338858103,0.308837890625,0.3079833984375,0.0008544921875
trained,category-algebra-a4-mlp-seed42,mlp,algebra_a4,42,inverse|compose|right_multiply_simple|bruhat_leq,two_cycle_count,cycle,final_norm,0.1,0.0017544118624789329,6144,2048,8192,0.00200727856510885,0.053736201429276556,1.0091558890296553,0.4674072265625,0.6026611328125,-0.13525390625
trained,category-algebra-a4-mlp-seed42,mlp,algebra_a4,42,inverse|compose|right_multiply_simple|bruhat_leq,three_cycle_count,cycle,final_norm,10.0,-0.0003577472833615758,6144,2048,8192,-0.0008714152021169763,-0.0029802903286711498,1.0007594159709514,0.7235107421875,0.7235107421875,0.0
trained,category-algebra-a4-mlp-seed42,mlp,algebra_a4,42,inverse|compose|right_multiply_simple|bruhat_leq,even_cycle_count,cycle,final_norm,0.1,0.0007488940907158792,6144,2048,8192,-0.0003102573529718544,0.02959869339584716,1.011307402671812,0.395263671875,0.40771484375,-0.012451171875
trained,category-algebra-a4-mlp-seed42,mlp,algebra_a4,42,inverse|compose|right_multiply_simple|bruhat_leq,odd_cycle_count,cycle,final_norm,0.001,0.1086297396176813,6144,2048,8192,0.06550031558939196,0.2611483769101023,0.9598116460381051,0.2772216796875,0.5802001953125,-0.302978515625
trained,category-algebra-a4-mlp-seed42,mlp,algebra_a4,42,inverse|compose|right_multiply_simple|bruhat_leq,longest_cycle,cycle,final_norm,10.0,0.0017686365066938992,6144,2048,8192,2.438986529862408e-05,0.019388561530757176,1.0023766422202807,0.14501953125,0.1644287109375,-0.0194091796875
trained,category-algebra-a4-mlp-seed42,mlp,algebra_a4,42,inverse|compose|right_multiply_simple|bruhat_leq,shortest_cycle,cycle,final_norm,0.01,0.002584906077689908,6144,2048,8192,0.00929583085802732,0.10075281506552596,0.9993865175915979,0.1290283203125,0.6358642578125,-0.5068359375
trained,category-algebra-a4-mlp-seed42,mlp,algebra_a4,42,inverse|compose|right_multiply_simple|bruhat_leq,nontrivial_cycle_count,cycle,final_norm,0.1,0.003423073308774116,6144,2048,8192,-0.0030323176547026875,0.020739998952019615,1.0162852846125157,0.43115234375,0.4312744140625,-0.0001220703125
trained,category-algebra-a4-mlp-seed42,mlp,algebra_a4,42,inverse|compose|right_multiply_simple|bruhat_leq,lis_length,global_run,final_norm,0.0001,0.3219518008667863,6144,2048,8192,0.30679534010373066,0.5540016438511194,0.8514717014602674,0.4322509765625,0.39697265625,0.0352783203125
trained,category-algebra-a4-mlp-seed42,mlp,algebra_a4,42,inverse|compose|right_multiply_simple|bruhat_leq,lds_length,global_run,final_norm,0.001,0.2732403646729441,6144,2048,8192,0.31890102869382664,0.5649147915806814,0.8559165854811951,0.430419921875,0.396484375,0.033935546875
trained,category-algebra-a4-mlp-seed42,mlp,algebra_a4,42,inverse|compose|right_multiply_simple|bruhat_leq,longest_increasing_run,global_run,final_norm,0.001,0.16228029261825982,6144,2048,8192,0.1417231846516689,0.3773633227612831,0.9896011280324957,0.4564208984375,0.5040283203125,-0.047607421875
trained,category-algebra-a4-mlp-seed42,mlp,algebra_a4,42,inverse|compose|right_multiply_simple|bruhat_leq,longest_decreasing_run,global_run,final_norm,0.01,0.07663262161888418,6144,2048,8192,0.18192143989052922,0.43988249556187226,0.9970393217444848,0.466064453125,0.5018310546875,-0.0357666015625
trained,category-algebra-a4-mlp-seed42,mlp,algebra_a4,42,inverse|compose|right_multiply_simple|bruhat_leq,global_descents,global_run,final_norm,0.0001,0.1350722773222428,6144,2048,8192,0.28721328150860403,0.5493164529997279,1.049823881102139,0.7716064453125,0.8125,-0.0408935546875
trained,category-algebra-a4-mlp-seed42,mlp,algebra_a4,42,inverse|compose|right_multiply_simple|bruhat_leq,components,global_run,final_norm,1e-06,0.26289377641847567,6144,2048,8192,0.20718569734425285,0.45568329939831265,1.105722678354181,0.7396240234375,0.804931640625,-0.0653076171875
trained,category-algebra-a4-mlp-seed42,mlp,algebra_a4,42,inverse|compose|right_multiply_simple|bruhat_leq,max_displacement,global_run,final_norm,0.001,0.26379971724204043,6144,2048,8192,0.26418935246353936,0.5141887522692776,0.8758453196877747,0.2867431640625,0.2574462890625,0.029296875
trained,category-algebra-a4-mlp-seed42,mlp,algebra_a4,42,inverse|compose|right_multiply_simple|bruhat_leq,displacement_one_count,global_run,final_norm,0.001,0.10109641119266022,6144,2048,8192,0.09883803846548811,0.3157523526081435,0.9397520419830744,0.2767333984375,0.3072509765625,-0.030517578125
trained,category-algebra-a4-mlp-seed314159,mlp,algebra_a4,314159,inverse|compose|right_multiply_simple|bruhat_leq,descents,local,embedding,10.0,0.0,6144,2048,8192,0.0,0.0,1.0210358474220083,0.3427734375,0.3338623046875,0.0089111328125
trained,category-algebra-a4-mlp-seed314159,mlp,algebra_a4,314159,inverse|compose|right_multiply_simple|bruhat_leq,recoils,local,embedding,1e-06,2.220446049250313e-16,6144,2048,8192,0.0,0.035222673043260246,1.0117264466110467,0.3408203125,0.33642578125,0.00439453125
trained,category-algebra-a4-mlp-seed314159,mlp,algebra_a4,314159,inverse|compose|right_multiply_simple|bruhat_leq,peaks,local,embedding,1e-06,0.0,6144,2048,8192,0.0,-0.010747339962279131,0.987201497821541,0.4708251953125,0.4635009765625,0.00732421875
trained,category-algebra-a4-mlp-seed314159,mlp,algebra_a4,314159,inverse|compose|right_multiply_simple|bruhat_leq,valleys,local,embedding,1e-06,0.0,6144,2048,8192,1.1102230246251565e-16,0.008838483211613962,0.992647602968415,0.458984375,0.45556640625,0.00341796875
trained,category-algebra-a4-mlp-seed314159,mlp,algebra_a4,314159,inverse|compose|right_multiply_simple|bruhat_leq,double_ascents,local,embedding,10.0,0.0,6144,2048,8192,0.0,0.0,1.012985218660725,0.3338623046875,0.344482421875,-0.0106201171875
trained,category-algebra-a4-mlp-seed314159,mlp,algebra_a4,314159,inverse|compose|right_multiply_simple|bruhat_leq,double_descents,local,embedding,1.0,0.0,6144,2048,8192,0.0,0.0,0.9962763749938195,0.3388671875,0.3399658203125,-0.0010986328125
trained,category-algebra-a4-mlp-seed314159,mlp,algebra_a4,314159,inverse|compose|right_multiply_simple|bruhat_leq,successions,local,embedding,1e-06,0.0,6144,2048,8192,0.0,0.0,1.0677013036927756,0.3643798828125,0.398681640625,-0.0343017578125
trained,category-algebra-a4-mlp-seed314159,mlp,algebra_a4,314159,inverse|compose|right_multiply_simple|bruhat_leq,adjacencies,local,embedding,1e-06,0.0,6144,2048,8192,0.0,0.0,1.0447981442612964,0.329345703125,0.329345703125,0.0
trained,category-algebra-a4-mlp-seed314159,mlp,algebra_a4,314159,inverse|compose|right_multiply_simple|bruhat_leq,fixed_points,positional,embedding,1e-06,2.220446049250313e-16,6144,2048,8192,-2.220446049250313e-16,0.0,1.0125438624646814,0.3580322265625,0.369873046875,-0.0118408203125
trained,category-algebra-a4-mlp-seed314159,mlp,algebra_a4,314159,inverse|compose|right_multiply_simple|bruhat_leq,anti_fixed_points,positional,embedding,1e-06,0.0,6144,2048,8192,0.0,0.0,0.9975928763619372,0.3592529296875,0.37939453125,-0.0201416015625
trained,category-algebra-a4-mlp-seed314159,mlp,algebra_a4,314159,inverse|compose|right_multiply_simple|bruhat_leq,exceedances,positional,embedding,1e-06,0.0,6144,2048,8192,0.0,-0.016205729829997163,0.996743501992833,0.3426513671875,0.3426513671875,0.0
trained,category-algebra-a4-mlp-seed314159,mlp,algebra_a4,314159,inverse|compose|right_multiply_simple|bruhat_leq,deficiencies,positional,embedding,1e-06,0.0,6144,2048,8192,0.0,0.02063313735940564,1.0018364670463262,0.3414306640625,0.34033203125,0.0010986328125
trained,category-algebra-a4-mlp-seed314159,mlp,algebra_a4,314159,inverse|compose|right_multiply_simple|bruhat_leq,left_to_right_maxima,positional,embedding,0.1,0.0,6144,2048,8192,0.0,0.0,1.0233111062138236,0.3040771484375,0.3026123046875,0.00146484375
trained,category-algebra-a4-mlp-seed314159,mlp,algebra_a4,314159,inverse|compose|right_multiply_simple|bruhat_leq,left_to_right_minima,positional,embedding,1e-06,0.0,6144,2048,8192,-2.220446049250313e-16,0.0,0.9857920972831148,0.3160400390625,0.307373046875,0.0086669921875
trained,category-algebra-a4-mlp-seed314159,mlp,algebra_a4,314159,inverse|compose|right_multiply_simple|bruhat_leq,right_to_left_maxima,positional,embedding,1e-06,0.0,6144,2048,8192,0.0,0.0,1.0300600749281232,0.305908203125,0.3045654296875,0.0013427734375
trained,category-algebra-a4-mlp-seed314159,mlp,algebra_a4,314159,inverse|compose|right_multiply_simple|bruhat_leq,right_to_left_minima,positional,embedding,1.0,0.0,6144,2048,8192,0.0,0.0,1.0276770844678722,0.3035888671875,0.2933349609375,0.01025390625
trained,category-algebra-a4-mlp-seed314159,mlp,algebra_a4,314159,inverse|compose|right_multiply_simple|bruhat_leq,cycle_count,cycle,embedding,1e-06,0.0,6144,2048,8192,0.0,0.0,0.9967724289122708,0.3077392578125,0.3079833984375,-0.000244140625
trained,category-algebra-a4-mlp-seed314159,mlp,algebra_a4,314159,inverse|compose|right_multiply_simple|bruhat_leq,two_cycle_count,cycle,embedding,1e-06,0.0,6144,2048,8192,0.0,0.0,1.0101702448488212,0.4593505859375,0.6026611328125,-0.143310546875
trained,category-algebra-a4-mlp-seed314159,mlp,algebra_a4,314159,inverse|compose|right_multiply_simple|bruhat_leq,three_cycle_count,cycle,embedding,1e-06,0.0,6144,2048,8192,0.0,0.0,1.0003236622577176,0.7235107421875,0.7235107421875,0.0
trained,category-algebra-a4-mlp-seed314159,mlp,algebra_a4,314159,inverse|compose|right_multiply_simple|bruhat_leq,even_cycle_count,cycle,embedding,1e-06,0.0,6144,2048,8192,0.0,0.0,1.0111505563890062,0.3974609375,0.40771484375,-0.01025390625
trained,category-algebra-a4-mlp-seed314159,mlp,algebra_a4,314159,inverse|compose|right_multiply_simple|bruhat_leq,odd_cycle_count,cycle,embedding,1e-06,0.0,6144,2048,8192,0.0,0.0,0.9928792526047006,0.3057861328125,0.5802001953125,-0.2744140625
trained,category-algebra-a4-mlp-seed314159,mlp,algebra_a4,314159,inverse|compose|right_multiply_simple|bruhat_leq,longest_cycle,cycle,embedding,1e-06,0.0,6144,2048,8192,0.0,-0.02554112592122787,1.002388866359531,0.1435546875,0.1644287109375,-0.0208740234375
trained,category-algebra-a4-mlp-seed314159,mlp,algebra_a4,314159,inverse|compose|right_multiply_simple|bruhat_leq,shortest_cycle,cycle,embedding,1e-06,0.0,6144,2048,8192,0.0,0.0,1.004064219330732,0.1092529296875,0.6358642578125,-0.526611328125
trained,category-algebra-a4-mlp-seed314159,mlp,algebra_a4,314159,inverse|compose|right_multiply_simple|bruhat_leq,nontrivial_cycle_count,cycle,embedding,1e-06,0.0,6144,2048,8192,0.0,0.0,1.0147479301353286,0.4290771484375,0.4312744140625,-0.002197265625
trained,category-algebra-a4-mlp-seed314159,mlp,algebra_a4,314159,inverse|compose|right_multiply_simple|bruhat_leq,lis_length,global_run,embedding,1e-06,0.0,6144,2048,8192,0.0,-0.007867098719591679,1.022679339029915,0.390869140625,0.39697265625,-0.006103515625
trained,category-algebra-a4-mlp-seed314159,mlp,algebra_a4,314159,inverse|compose|right_multiply_simple|bruhat_leq,lds_length,global_run,embedding,1e-06,0.0,6144,2048,8192,0.0,-0.017281063428818133,1.0371136011049422,0.38720703125,0.396484375,-0.00927734375
trained,category-algebra-a4-mlp-seed314159,mlp,algebra_a4,314159,inverse|compose|right_multiply_simple|bruhat_leq,longest_increasing_run,global_run,embedding,1e-06,0.0,6144,2048,8192,0.0,0.02925435471409619,1.0681850394483854,0.4554443359375,0.5040283203125,-0.048583984375
trained,category-algebra-a4-mlp-seed314159,mlp,algebra_a4,314159,inverse|compose|right_multiply_simple|bruhat_leq,longest_decreasing_run,global_run,embedding,10.0,0.0,6144,2048,8192,0.0,0.0,1.1023380059178607,0.459716796875,0.5018310546875,-0.0421142578125
trained,category-algebra-a4-mlp-seed314159,mlp,algebra_a4,314159,inverse|compose|right_multiply_simple|bruhat_leq,global_descents,global_run,embedding,1e-06,0.0,6144,2048,8192,0.0,0.0,1.2434738264527403,0.7889404296875,0.8125,-0.0235595703125
trained,category-algebra-a4-mlp-seed314159,mlp,algebra_a4,314159,inverse|compose|right_multiply_simple|bruhat_leq,components,global_run,embedding,1e-06,0.0,6144,2048,8192,0.0,-0.00464014630022037,1.241825229327309,0.7493896484375,0.804931640625,-0.0555419921875
trained,category-algebra-a4-mlp-seed314159,mlp,algebra_a4,314159,inverse|compose|right_multiply_simple|bruhat_leq,max_displacement,global_run,embedding,1.0,0.0,6144,2048,8192,-2.220446049250313e-16,-0.015271291928713453,1.0210438164840894,0.238037109375,0.2574462890625,-0.0194091796875
trained,category-algebra-a4-mlp-seed314159,mlp,algebra_a4,314159,inverse|compose|right_multiply_simple|bruhat_leq,displacement_one_count,global_run,embedding,1e-06,0.0,6144,2048,8192,0.0,0.0,0.9899467911205587,0.2646484375,0.3072509765625,-0.0426025390625
trained,category-algebra-a4-mlp-seed314159,mlp,algebra_a4,314159,inverse|compose|right_multiply_simple|bruhat_leq,descents,local,block_01,0.001,0.06179613317610899,6144,2048,8192,0.0734830765490948,0.2722157753415832,0.9828057035000418,0.33349609375,0.3338623046875,-0.0003662109375
trained,category-algebra-a4-mlp-seed314159,mlp,algebra_a4,314159,inverse|compose|right_multiply_simple|bruhat_leq,recoils,local,block_01,0.001,0.08595780393789809,6144,2048,8192,0.09234073397993525,0.3044688053166229,0.9638834544100294,0.3489990234375,0.33642578125,0.0125732421875
trained,category-algebra-a4-mlp-seed314159,mlp,algebra_a4,314159,inverse|compose|right_multiply_simple|bruhat_leq,peaks,local,block_01,0.01,0.017058432037524773,6144,2048,8192,0.05526644649341983,0.24033740428103514,0.9595342378173848,0.466796875,0.4635009765625,0.0032958984375
trained,category-algebra-a4-mlp-seed314159,mlp,algebra_a4,314159,inverse|compose|right_multiply_simple|bruhat_leq,valleys,local,block_01,0.01,0.02148663845141796,6144,2048,8192,0.05229607698672423,0.2339416550472283,0.9663432944491178,0.4586181640625,0.45556640625,0.0030517578125
trained,category-algebra-a4-mlp-seed314159,mlp,algebra_a4,314159,inverse|compose|right_multiply_simple|bruhat_leq,double_ascents,local,block_01,0.001,0.05798944190117883,6144,2048,8192,0.06475646060267637,0.25500050072440195,0.9796376473227624,0.3355712890625,0.344482421875,-0.0089111328125
trained,category-algebra-a4-mlp-seed314159,mlp,algebra_a4,314159,inverse|compose|right_multiply_simple|bruhat_leq,double_descents,local,block_01,0.001,0.04781529692258235,6144,2048,8192,0.09128181197647778,0.3024282085069214,0.9497175033726698,0.34326171875,0.3399658203125,0.0032958984375
trained,category-algebra-a4-mlp-seed314159,mlp,algebra_a4,314159,inverse|compose|right_multiply_simple|bruhat_leq,successions,local,block_01,0.0001,0.10094550526700219,6144,2048,8192,0.10270994595526295,0.32055098845511915,1.0113842819949728,0.3580322265625,0.398681640625,-0.0406494140625
trained,category-algebra-a4-mlp-seed314159,mlp,algebra_a4,314159,inverse|compose|right_multiply_simple|bruhat_leq,adjacencies,local,block_01,0.001,0.13588570498830765,6144,2048,8192,0.1901903085427753,0.43951877811876755,0.9402078600059139,0.3272705078125,0.329345703125,-0.0020751953125
trained,category-algebra-a4-mlp-seed314159,mlp,algebra_a4,314159,inverse|compose|right_multiply_simple|bruhat_leq,fixed_points,positional,block_01,0.0001,0.12623024999433086,6144,2048,8192,0.08534127483933673,0.29765824043190153,0.9683745927206675,0.3511962890625,0.369873046875,-0.0186767578125
trained,category-algebra-a4-mlp-seed314159,mlp,algebra_a4,314159,inverse|compose|right_multiply_simple|bruhat_leq,anti_fixed_points,positional,block_01,0.001,0.0662630781611151,6144,2048,8192,0.08555556373563933,0.29429506398676486,0.9539640313671611,0.353759765625,0.37939453125,-0.025634765625
trained,category-algebra-a4-mlp-seed314159,mlp,algebra_a4,314159,inverse|compose|right_multiply_simple|bruhat_leq,exceedances,positional,block_01,0.0001,0.18825704899811657,6144,2048,8192,0.17404991215258836,0.4201064358811741,0.9058583980046732,0.3743896484375,0.3426513671875,0.03173828125
trained,category-algebra-a4-mlp-seed314159,mlp,algebra_a4,314159,inverse|compose|right_multiply_simple|bruhat_leq,deficiencies,positional,block_01,0.0001,0.11838548328257203,6144,2048,8192,0.09653557234853949,0.3189329850169623,0.9522530335911452,0.374267578125,0.34033203125,0.033935546875
trained,category-algebra-a4-mlp-seed314159,mlp,algebra_a4,314159,inverse|compose|right_multiply_simple|bruhat_leq,left_to_right_maxima,positional,block_01,0.0001,0.10203841266467117,6144,2048,8192,0.08430148734888643,0.2980282524790764,0.9792282679873285,0.3214111328125,0.3026123046875,0.018798828125
trained,category-algebra-a4-mlp-seed314159,mlp,algebra_a4,314159,inverse|compose|right_multiply_simple|bruhat_leq,left_to_right_minima,positional,block_01,0.0001,0.23064728349668817,6144,2048,8192,0.19073235278015666,0.4412884676344022,0.886811714864693,0.3382568359375,0.307373046875,0.0308837890625
trained,category-algebra-a4-mlp-seed314159,mlp,algebra_a4,314159,inverse|compose|right_multiply_simple|bruhat_leq,right_to_left_maxima,positional,block_01,0.001,0.18499788414352003,6144,2048,8192,0.24778857687532319,0.49788418472207313,0.8933723697008346,0.3231201171875,0.3045654296875,0.0185546875
trained,category-algebra-a4-mlp-seed314159,mlp,algebra_a4,314159,inverse|compose|right_multiply_simple|bruhat_leq,right_to_left_minima,positional,block_01,0.0001,0.3708094324297636,6144,2048,8192,0.35411500285025066,0.5951236153538899,0.8259129408535981,0.3614501953125,0.2933349609375,0.068115234375
trained,category-algebra-a4-mlp-seed314159,mlp,algebra_a4,314159,inverse|compose|right_multiply_simple|bruhat_leq,cycle_count,cycle,block_01,0.001,0.039694672988247026,6144,2048,8192,0.04422229058341298,0.21241122248375607,0.9744834451934937,0.3094482421875,0.3079833984375,0.00146484375
trained,category-algebra-a4-mlp-seed314159,mlp,algebra_a4,314159,inverse|compose|right_multiply_simple|bruhat_leq,two_cycle_count,cycle,block_01,0.1,0.0008638871690019867,6144,2048,8192,0.0013227391010445233,0.046495068864473146,1.009501927932675,0.45361328125,0.6026611328125,-0.1490478515625
trained,category-algebra-a4-mlp-seed314159,mlp,algebra_a4,314159,inverse|compose|right_multiply_simple|bruhat_leq,three_cycle_count,cycle,block_01,10.0,0.0002353732412706533,6144,2048,8192,-0.00048721897408166015,0.004315804558233007,1.0005673209167887,0.7235107421875,0.7235107421875,0.0
trained,category-algebra-a4-mlp-seed314159,mlp,algebra_a4,314159,inverse|compose|right_multiply_simple|bruhat_leq,even_cycle_count,cycle,block_01,1.0,0.0016055343740529748,6144,2048,8192,-0.0006058651478628718,0.015111952670998166,1.0114568204480294,0.396484375,0.40771484375,-0.01123046875
trained,category-algebra-a4-mlp-seed314159,mlp,algebra_a4,314159,inverse|compose|right_multiply_simple|bruhat_leq,odd_cycle_count,cycle,block_01,0.0001,0.061001385397794095,6144,2048,8192,0.04568646013464839,0.2269833964661995,0.9699335426039672,0.279052734375,0.5802001953125,-0.3011474609375
trained,category-algebra-a4-mlp-seed314159,mlp,algebra_a4,314159,inverse|compose|right_multiply_simple|bruhat_leq,longest_cycle,cycle,block_01,10.0,0.00033176161011505556,6144,2048,8192,-0.00014317307395605994,0.012500250010932525,1.0024606213389258,0.1441650390625,0.1644287109375,-0.020263671875
trained,category-algebra-a4-mlp-seed314159,mlp,algebra_a4,314159,inverse|compose|right_multiply_simple|bruhat_leq,shortest_cycle,cycle,block_01,10.0,-0.001000453528235079,6144,2048,8192,0.0008924668292827898,0.03009333393206327,1.003616072314215,0.1107177734375,0.6358642578125,-0.525146484375
trained,category-algebra-a4-mlp-seed314159,mlp,algebra_a4,314159,inverse|compose|right_multiply_simple|bruhat_leq,nontrivial_cycle_count,cycle,block_01,0.01,0.004120162048345866,6144,2048,8192,-0.0023015124545751053,0.042290618725881905,1.015914986522278,0.430419921875,0.4312744140625,-0.0008544921875
trained,category-algebra-a4-mlp-seed314159,mlp,algebra_a4,314159,inverse|compose|right_multiply_simple|bruhat_leq,lis_length,global_run,block_01,0.0001,0.2523235237779413,6144,2048,8192,0.2541564026974359,0.5043599098023566,0.8832087541311743,0.4117431640625,0.39697265625,0.0147705078125
trained,category-algebra-a4-mlp-seed314159,mlp,algebra_a4,314159,inverse|compose|right_multiply_simple|bruhat_leq,lds_length,global_run,block_01,0.001,0.27056679986875054,6144,2048,8192,0.3022446019887831,0.549867086383221,0.8663191853151021,0.4224853515625,0.396484375,0.0260009765625
trained,category-algebra-a4-mlp-seed314159,mlp,algebra_a4,314159,inverse|compose|right_multiply_simple|bruhat_leq,longest_increasing_run,global_run,block_01,0.0001,0.13759364039527955,6144,2048,8192,0.11569392251436361,0.3405071170887334,1.004495038567647,0.451171875,0.5040283203125,-0.0528564453125
trained,category-algebra-a4-mlp-seed314159,mlp,algebra_a4,314159,inverse|compose|right_multiply_simple|bruhat_leq,longest_decreasing_run,global_run,block_01,0.001,0.08769244882853777,6144,2048,8192,0.20500497901440318,0.4603336566428735,0.9828720505699355,0.4730224609375,0.5018310546875,-0.02880859375
trained,category-algebra-a4-mlp-seed314159,mlp,algebra_a4,314159,inverse|compose|right_multiply_simple|bruhat_leq,global_descents,global_run,block_01,1e-06,0.1607218267562215,6144,2048,8192,0.2632479006259797,0.5242463537667952,1.0673266154662642,0.7576904296875,0.8125,-0.0548095703125
trained,category-algebra-a4-mlp-seed314159,mlp,algebra_a4,314159,inverse|compose|right_multiply_simple|bruhat_leq,components,global_run,block_01,1e-06,0.18369537952573867,6144,2048,8192,0.13093078690906035,0.3618786122954911,1.1576776834877038,0.71435546875,0.804931640625,-0.090576171875
trained,category-algebra-a4-mlp-seed314159,mlp,algebra_a4,314159,inverse|compose|right_multiply_simple|bruhat_leq,max_displacement,global_run,block_01,0.001,0.25084417326011843,6144,2048,8192,0.23748734592298038,0.487361426930621,0.8915955807348864,0.2867431640625,0.2574462890625,0.029296875
trained,category-algebra-a4-mlp-seed314159,mlp,algebra_a4,314159,inverse|compose|right_multiply_simple|bruhat_leq,displacement_one_count,global_run,block_01,0.01,0.06207161335026157,6144,2048,8192,0.06812554348839761,0.26100353029537804,0.9556317183695928,0.2779541015625,0.3072509765625,-0.029296875
trained,category-algebra-a4-mlp-seed314159,mlp,algebra_a4,314159,inverse|compose|right_multiply_simple|bruhat_leq,descents,local,final_norm,0.001,0.07309287423795197,6144,2048,8192,0.08299633153216868,0.28886651224924564,0.9777470774222577,0.330078125,0.3338623046875,-0.0037841796875
trained,category-algebra-a4-mlp-seed314159,mlp,algebra_a4,314159,inverse|compose|right_multiply_simple|bruhat_leq,recoils,local,final_norm,0.001,0.09187374087054345,6144,2048,8192,0.10049323863915505,0.31751336719444767,0.9595449380605778,0.3497314453125,0.33642578125,0.0133056640625
trained,category-algebra-a4-mlp-seed314159,mlp,algebra_a4,314159,inverse|compose|right_multiply_simple|bruhat_leq,peaks,local,final_norm,0.01,0.02543299876165528,6144,2048,8192,0.061351751269107746,0.2520541634183082,0.9564389251582908,0.4666748046875,0.4635009765625,0.003173828125
trained,category-algebra-a4-mlp-seed314159,mlp,algebra_a4,314159,inverse|compose|right_multiply_simple|bruhat_leq,valleys,local,final_norm,0.01,0.02623568153982525,6144,2048,8192,0.05668111173366264,0.2424063422474484,0.9641050627227679,0.456298828125,0.45556640625,0.000732421875
trained,category-algebra-a4-mlp-seed314159,mlp,algebra_a4,314159,inverse|compose|right_multiply_simple|bruhat_leq,double_ascents,local,final_norm,0.001,0.07483161107984582,6144,2048,8192,0.08094972055178729,0.28473793698510325,0.971119654635446,0.3353271484375,0.344482421875,-0.0091552734375
trained,category-algebra-a4-mlp-seed314159,mlp,algebra_a4,314159,inverse|compose|right_multiply_simple|bruhat_leq,double_descents,local,final_norm,0.01,0.051561771763177555,6144,2048,8192,0.07695070360821976,0.27861269471098615,0.9571770556903312,0.335205078125,0.3399658203125,-0.0047607421875
trained,category-algebra-a4-mlp-seed314159,mlp,algebra_a4,314159,inverse|compose|right_multiply_simple|bruhat_leq,successions,local,final_norm,0.001,0.12721639498620452,6144,2048,8192,0.12747633136506897,0.359370673044174,0.9973288481731027,0.359375,0.398681640625,-0.039306640625
trained,category-algebra-a4-mlp-seed314159,mlp,algebra_a4,314159,inverse|compose|right_multiply_simple|bruhat_leq,adjacencies,local,final_norm,0.001,0.14566448829225154,6144,2048,8192,0.20027249558371385,0.4503906644164193,0.9343367020301606,0.3260498046875,0.329345703125,-0.0032958984375
trained,category-algebra-a4-mlp-seed314159,mlp,algebra_a4,314159,inverse|compose|right_multiply_simple|bruhat_leq,fixed_points,positional,final_norm,0.001,0.14131202247245833,6144,2048,8192,0.09855610472677112,0.314461720159087,0.9613536875618727,0.3543701171875,0.369873046875,-0.0155029296875
trained,category-algebra-a4-mlp-seed314159,mlp,algebra_a4,314159,inverse|compose|right_multiply_simple|bruhat_leq,anti_fixed_points,positional,final_norm,0.001,0.06651890368735525,6144,2048,8192,0.08200297805158563,0.28905655816739473,0.9558152940735652,0.35205078125,0.37939453125,-0.02734375
trained,category-algebra-a4-mlp-seed314159,mlp,algebra_a4,314159,inverse|compose|right_multiply_simple|bruhat_leq,exceedances,positional,final_norm,0.001,0.19649316085340818,6144,2048,8192,0.17699296214704563,0.42112522569401456,0.9042430669369955,0.3712158203125,0.3426513671875,0.028564453125
trained,category-algebra-a4-mlp-seed314159,mlp,algebra_a4,314159,inverse|compose|right_multiply_simple|bruhat_leq,deficiencies,positional,final_norm,0.001,0.11815450865680155,6144,2048,8192,0.09923119672591407,0.3159190843182827,0.9508313760410909,0.3797607421875,0.34033203125,0.0394287109375
trained,category-algebra-a4-mlp-seed314159,mlp,algebra_a4,314159,inverse|compose|right_multiply_simple|bruhat_leq,left_to_right_maxima,positional,final_norm,0.001,0.1045950609866817,6144,2048,8192,0.09426501753594885,0.307351820073624,0.973886304739284,0.324462890625,0.3026123046875,0.0218505859375
trained,category-algebra-a4-mlp-seed314159,mlp,algebra_a4,314159,inverse|compose|right_multiply_simple|bruhat_leq,left_to_right_minima,positional,final_norm,0.0001,0.2266661999705587,6144,2048,8192,0.18919405630868635,0.43987764931940715,0.8876541627722717,0.3377685546875,0.307373046875,0.0303955078125
trained,category-algebra-a4-mlp-seed314159,mlp,algebra_a4,314159,inverse|compose|right_multiply_simple|bruhat_leq,right_to_left_maxima,positional,final_norm,0.001,0.17902708473327367,6144,2048,8192,0.23913418128911312,0.48902930452253823,0.8984969172304631,0.3214111328125,0.3045654296875,0.016845703125
trained,category-algebra-a4-mlp-seed314159,mlp,algebra_a4,314159,inverse|compose|right_multiply_simple|bruhat_leq,right_to_left_minima,positional,final_norm,0.0001,0.39404546994183554,6144,2048,8192,0.37568891187205056,0.6129867357480855,0.8120021828638018,0.36474609375,0.2933349609375,0.0714111328125
trained,category-algebra-a4-mlp-seed314159,mlp,algebra_a4,314159,inverse|compose|right_multiply_simple|bruhat_leq,cycle_count,cycle,final_norm,0.01,0.04492457135313144,6144,2048,8192,0.04289493059789695,0.2071399534298202,0.9751598794411442,0.3095703125,0.3079833984375,0.0015869140625
trained,category-algebra-a4-mlp-seed314159,mlp,algebra_a4,314159,inverse|compose|right_multiply_simple|bruhat_leq,two_cycle_count,cycle,final_norm,0.1,0.0010212039532974115,6144,2048,8192,0.0006301728679404262,0.04223801156336862,1.009851903748284,0.4659423828125,0.6026611328125,-0.13671875
trained,category-algebra-a4-mlp-seed314159,mlp,algebra_a4,314159,inverse|compose|right_multiply_simple|bruhat_leq,three_cycle_count,cycle,final_norm,10.0,0.0001342468391656304,6144,2048,8192,-0.0005224886346577584,0.005937366033856167,1.0005849570035454,0.7235107421875,0.7235107421875,0.0
trained,category-algebra-a4-mlp-seed314159,mlp,algebra_a4,314159,inverse|compose|right_multiply_simple|bruhat_leq,even_cycle_count,cycle,final_norm,10.0,0.0014395765926070725,6144,2048,8192,-6.271158653325948e-05,0.011468023106221442,1.0111822613197547,0.398193359375,0.40771484375,-0.009521484375
trained,category-algebra-a4-mlp-seed314159,mlp,algebra_a4,314159,inverse|compose|right_multiply_simple|bruhat_leq,odd_cycle_count,cycle,final_norm,0.001,0.07011857265786015,6144,2048,8192,0.058273059174817954,0.24372498111786636,0.9635160049572207,0.285400390625,0.5802001953125,-0.2947998046875
trained,category-algebra-a4-mlp-seed314159,mlp,algebra_a4,314159,inverse|compose|right_multiply_simple|bruhat_leq,longest_cycle,cycle,final_norm,10.0,0.0005756520144976074,6144,2048,8192,6.317110139864024e-05,0.016963762561305877,1.0023572048551415,0.144287109375,0.1644287109375,-0.0201416015625
trained,category-algebra-a4-mlp-seed314159,mlp,algebra_a4,314159,inverse|compose|right_multiply_simple|bruhat_leq,shortest_cycle,cycle,final_norm,10.0,-0.000605989802983764,6144,2048,8192,0.001123557494864147,0.03393749819126353,1.00349999886318,0.109619140625,0.6358642578125,-0.5262451171875
trained,category-algebra-a4-mlp-seed314159,mlp,algebra_a4,314159,inverse|compose|right_multiply_simple|bruhat_leq,nontrivial_cycle_count,cycle,final_norm,0.01,0.004492134328354935,6144,2048,8192,-0.0029396501399878705,0.04386813999190909,1.0162383375674444,0.4306640625,0.4312744140625,-0.0006103515625
trained,category-algebra-a4-mlp-seed314159,mlp,algebra_a4,314159,inverse|compose|right_multiply_simple|bruhat_leq,lis_length,global_run,final_norm,0.001,0.27258758851379317,6144,2048,8192,0.27464006709746647,0.5242388067389677,0.8709962061987256,0.414794921875,0.39697265625,0.017822265625
trained,category-algebra-a4-mlp-seed314159,mlp,algebra_a4,314159,inverse|compose|right_multiply_simple|bruhat_leq,lds_length,global_run,final_norm,0.001,0.2730202275412891,6144,2048,8192,0.30064576259834574,0.5483836196236377,0.8673111609350865,0.42333984375,0.396484375,0.02685546875
trained,category-algebra-a4-mlp-seed314159,mlp,algebra_a4,314159,inverse|compose|right_multiply_simple|bruhat_leq,longest_increasing_run,global_run,final_norm,0.0001,0.17440229545557195,6144,2048,8192,0.14759850662138874,0.3842981153427913,0.9862081610736828,0.4510498046875,0.5040283203125,-0.052978515625
trained,category-algebra-a4-mlp-seed314159,mlp,algebra_a4,314159,inverse|compose|right_multiply_simple|bruhat_leq,longest_decreasing_run,global_run,final_norm,0.001,0.0913780365695549,6144,2048,8192,0.19810099208815668,0.45188743269650433,0.987130609974392,0.4761962890625,0.5018310546875,-0.025634765625
trained,category-algebra-a4-mlp-seed314159,mlp,algebra_a4,314159,inverse|compose|right_multiply_simple|bruhat_leq,global_descents,global_run,final_norm,1e-06,0.15546175111888316,6144,2048,8192,0.2500675850232861,0.5115120462378275,1.0768314009195443,0.7607421875,0.8125,-0.0517578125
trained,category-algebra-a4-mlp-seed314159,mlp,algebra_a4,314159,inverse|compose|right_multiply_simple|bruhat_leq,components,global_run,final_norm,1e-06,0.22980197844309802,6144,2048,8192,0.16794804432754395,0.41066224055819517,1.1327542537361053,0.7152099609375,0.804931640625,-0.0897216796875
trained,category-algebra-a4-mlp-seed314159,mlp,algebra_a4,314159,inverse|compose|right_multiply_simple|bruhat_leq,max_displacement,global_run,final_norm,0.001,0.25249791949816613,6144,2048,8192,0.23745346987472937,0.4873800976852754,0.8916153859140497,0.2850341796875,0.2574462890625,0.027587890625
trained,category-algebra-a4-mlp-seed314159,mlp,algebra_a4,314159,inverse|compose|right_multiply_simple|bruhat_leq,displacement_one_count,global_run,final_norm,0.01,0.06350457416479527,6144,2048,8192,0.06901478275288675,0.2626545708543011,0.9551756547530504,0.2774658203125,0.3072509765625,-0.02978515625
random,random-transformer-seed17,transformer,random_init,17,,descents,local,embedding,10.0,0.0,6144,2048,8192,0.0,0.0,1.0210358474220083,0.3427734375,0.3338623046875,0.0089111328125
random,random-transformer-seed17,transformer,random_init,17,,recoils,local,embedding,1e-06,2.220446049250313e-16,6144,2048,8192,0.0,0.030549632897362244,1.0117264466110467,0.3408203125,0.33642578125,0.00439453125
random,random-transformer-seed17,transformer,random_init,17,,peaks,local,embedding,1e-06,0.0,6144,2048,8192,0.0,-0.013079718846524806,0.987201497821541,0.4708251953125,0.4635009765625,0.00732421875
random,random-transformer-seed17,transformer,random_init,17,,valleys,local,embedding,1e-06,0.0,6144,2048,8192,1.1102230246251565e-16,0.0030543341463071983,0.992647602968415,0.458984375,0.45556640625,0.00341796875
random,random-transformer-seed17,transformer,random_init,17,,double_ascents,local,embedding,1e-06,-2.220446049250313e-16,6144,2048,8192,0.0,0.0,1.012985218660725,0.3338623046875,0.344482421875,-0.0106201171875
random,random-transformer-seed17,transformer,random_init,17,,double_descents,local,embedding,1e-06,0.0,6144,2048,8192,0.0,0.0,0.9962763749938195,0.3388671875,0.3399658203125,-0.0010986328125
random,random-transformer-seed17,transformer,random_init,17,,successions,local,embedding,1e-06,0.0,6144,2048,8192,0.0,0.0,1.0677013036927756,0.3643798828125,0.398681640625,-0.0343017578125
random,random-transformer-seed17,transformer,random_init,17,,adjacencies,local,embedding,1e-06,0.0,6144,2048,8192,0.0,0.0,1.0447981442612964,0.329345703125,0.329345703125,0.0
random,random-transformer-seed17,transformer,random_init,17,,fixed_points,positional,embedding,1.0,2.220446049250313e-16,6144,2048,8192,0.0,0.0,1.0125438624646812,0.3580322265625,0.369873046875,-0.0118408203125
random,random-transformer-seed17,transformer,random_init,17,,anti_fixed_points,positional,embedding,1e-06,0.0,6144,2048,8192,0.0,0.0,0.9975928763619372,0.3592529296875,0.37939453125,-0.0201416015625
random,random-transformer-seed17,transformer,random_init,17,,exceedances,positional,embedding,1e-06,0.0,6144,2048,8192,0.0,-0.019310658227743645,0.996743501992833,0.3426513671875,0.3426513671875,0.0
random,random-transformer-seed17,transformer,random_init,17,,deficiencies,positional,embedding,1e-06,0.0,6144,2048,8192,0.0,0.01936493375760483,1.0018364670463262,0.3414306640625,0.34033203125,0.0010986328125
random,random-transformer-seed17,transformer,random_init,17,,left_to_right_maxima,positional,embedding,1e-06,0.0,6144,2048,8192,0.0,0.0,1.0233111062138236,0.3040771484375,0.3026123046875,0.00146484375
random,random-transformer-seed17,transformer,random_init,17,,left_to_right_minima,positional,embedding,1.0,0.0,6144,2048,8192,0.0,0.0,0.9857920972831147,0.3160400390625,0.307373046875,0.0086669921875
random,random-transformer-seed17,transformer,random_init,17,,right_to_left_maxima,positional,embedding,1e-06,0.0,6144,2048,8192,0.0,0.0,1.0300600749281232,0.305908203125,0.3045654296875,0.0013427734375
random,random-transformer-seed17,transformer,random_init,17,,right_to_left_minima,positional,embedding,1.0,0.0,6144,2048,8192,0.0,0.0,1.0276770844678722,0.3035888671875,0.2933349609375,0.01025390625
random,random-transformer-seed17,transformer,random_init,17,,cycle_count,cycle,embedding,1e-06,0.0,6144,2048,8192,1.1102230246251565e-16,0.0,0.9967724289122707,0.3077392578125,0.3079833984375,-0.000244140625
random,random-transformer-seed17,transformer,random_init,17,,two_cycle_count,cycle,embedding,1e-06,0.0,6144,2048,8192,0.0,0.0,1.0101702448488212,0.4593505859375,0.6026611328125,-0.143310546875
random,random-transformer-seed17,transformer,random_init,17,,three_cycle_count,cycle,embedding,1e-06,1.1102230246251565e-16,6144,2048,8192,0.0,0.0,1.0003236622577176,0.7235107421875,0.7235107421875,0.0
random,random-transformer-seed17,transformer,random_init,17,,even_cycle_count,cycle,embedding,1e-06,0.0,6144,2048,8192,0.0,0.0,1.0111505563890062,0.3974609375,0.40771484375,-0.01025390625
random,random-transformer-seed17,transformer,random_init,17,,odd_cycle_count,cycle,embedding,1e-06,0.0,6144,2048,8192,0.0,0.0,0.9928792526047006,0.3057861328125,0.5802001953125,-0.2744140625
random,random-transformer-seed17,transformer,random_init,17,,longest_cycle,cycle,embedding,1e-06,0.0,6144,2048,8192,0.0,-0.019869437121251693,1.002388866359531,0.1435546875,0.1644287109375,-0.0208740234375
random,random-transformer-seed17,transformer,random_init,17,,shortest_cycle,cycle,embedding,1e-06,0.0,6144,2048,8192,0.0,0.0,1.004064219330732,0.1092529296875,0.6358642578125,-0.526611328125
random,random-transformer-seed17,transformer,random_init,17,,nontrivial_cycle_count,cycle,embedding,10.0,1.1102230246251565e-16,6144,2048,8192,0.0,0.0,1.0147479301353286,0.4290771484375,0.4312744140625,-0.002197265625
random,random-transformer-seed17,transformer,random_init,17,,lis_length,global_run,embedding,1e-06,0.0,6144,2048,8192,0.0,-0.008620793115102651,1.022679339029915,0.390869140625,0.39697265625,-0.006103515625
random,random-transformer-seed17,transformer,random_init,17,,lds_length,global_run,embedding,1e-06,0.0,6144,2048,8192,0.0,-0.01419762777601591,1.0371136011049422,0.38720703125,0.396484375,-0.00927734375
random,random-transformer-seed17,transformer,random_init,17,,longest_increasing_run,global_run,embedding,1e-06,0.0,6144,2048,8192,0.0,0.013406668825938852,1.0681850394483854,0.4554443359375,0.5040283203125,-0.048583984375
random,random-transformer-seed17,transformer,random_init,17,,longest_decreasing_run,global_run,embedding,1.0,0.0,6144,2048,8192,0.0,0.0,1.1023380059178607,0.459716796875,0.5018310546875,-0.0421142578125
random,random-transformer-seed17,transformer,random_init,17,,global_descents,global_run,embedding,1e-06,0.0,6144,2048,8192,0.0,0.0,1.2434738264527403,0.7889404296875,0.8125,-0.0235595703125
random,random-transformer-seed17,transformer,random_init,17,,components,global_run,embedding,1e-06,0.0,6144,2048,8192,0.0,0.0003317302094651161,1.241825229327309,0.7493896484375,0.804931640625,-0.0555419921875
random,random-transformer-seed17,transformer,random_init,17,,max_displacement,global_run,embedding,1e-06,-2.220446049250313e-16,6144,2048,8192,0.0,-0.011718654687757341,1.0210438164840894,0.238037109375,0.2574462890625,-0.0194091796875
random,random-transformer-seed17,transformer,random_init,17,,displacement_one_count,global_run,embedding,1e-06,0.0,6144,2048,8192,0.0,0.0,0.9899467911205587,0.2646484375,0.3072509765625,-0.0426025390625
random,random-transformer-seed17,transformer,random_init,17,,descents,local,block_01,0.0001,0.0739987961703501,6144,2048,8192,0.08201146491204303,0.28609505247668665,0.9782719891962809,0.368408203125,0.3338623046875,0.0345458984375
random,random-transformer-seed17,transformer,random_init,17,,recoils,local,block_01,0.0001,0.07829503897409718,6144,2048,8192,0.08707181094815919,0.29515217515132663,0.9666770571052582,0.3731689453125,0.33642578125,0.0367431640625
random,random-transformer-seed17,transformer,random_init,17,,peaks,local,block_01,0.0001,0.06786959545914883,6144,2048,8192,0.056705702034947736,0.24090363345308352,0.9588030574003115,0.486328125,0.4635009765625,0.0228271484375
random,random-transformer-seed17,transformer,random_init,17,,valleys,local,block_01,0.001,0.07457300814865897,6144,2048,8192,0.06083576530324697,0.24761856970432883,0.9619796188755981,0.475830078125,0.45556640625,0.020263671875
random,random-transformer-seed17,transformer,random_init,17,,double_ascents,local,block_01,0.0001,0.032271688861611025,6144,2048,8192,0.04608276348016116,0.21565857900981805,0.9893693597123308,0.3436279296875,0.344482421875,-0.0008544921875
random,random-transformer-seed17,transformer,random_init,17,,double_descents,local,block_01,0.001,0.031162720113302123,6144,2048,8192,0.02786824097006968,0.1670259884073143,0.9822960499537933,0.340087890625,0.3399658203125,0.0001220703125
random,random-transformer-seed17,transformer,random_init,17,,successions,local,block_01,0.001,0.03556715973797131,6144,2048,8192,0.0386714865961737,0.19644429337098096,1.046852958982456,0.3671875,0.398681640625,-0.031494140625
random,random-transformer-seed17,transformer,random_init,17,,adjacencies,local,block_01,0.001,0.0305519727566248,6144,2048,8192,0.020058476936076763,0.14144668303892524,1.0342665349891542,0.335693359375,0.329345703125,0.00634765625
random,random-transformer-seed17,transformer,random_init,17,,fixed_points,positional,block_01,1e-06,0.3426729211720838,6144,2048,8192,0.3911455693123689,0.6257310556431465,0.7900791134369548,0.5198974609375,0.369873046875,0.1500244140625
random,random-transformer-seed17,transformer,random_init,17,,anti_fixed_points,positional,block_01,1e-05,0.09662134957612911,6144,2048,8192,0.106995945062753,0.33113103512098,0.9427142127292715,0.4129638671875,0.37939453125,0.0335693359375
random,random-transformer-seed17,transformer,random_init,17,,exceedances,positional,block_01,1e-05,0.33170350231045553,6144,2048,8192,0.33612013936454854,0.5803072747552771,0.812134874296456,0.46044921875,0.3426513671875,0.1177978515625
random,random-transformer-seed17,transformer,random_init,17,,deficiencies,positional,block_01,1e-06,0.3253519794277625,6144,2048,8192,0.3284469421980112,0.5737222063629052,0.8209883633830549,0.4566650390625,0.34033203125,0.1163330078125
random,random-transformer-seed17,transformer,random_init,17,,left_to_right_maxima,positional,block_01,1e-05,0.1386843896776233,6144,2048,8192,0.16161829469482913,0.40239743915771664,0.9369762528030546,0.3685302734375,0.3026123046875,0.06591796875
random,random-transformer-seed17,transformer,random_init,17,,left_to_right_minima,positional,block_01,1e-05,0.24147661241683704,6144,2048,8192,0.2586718466014909,0.5094795570117999,0.8487710908517649,0.405029296875,0.307373046875,0.09765625
random,random-transformer-seed17,transformer,random_init,17,,right_to_left_maxima,positional,block_01,1e-05,0.12113356682036858,6144,2048,8192,0.11463528927819466,0.3401629013165734,0.9692228807328284,0.36865234375,0.3045654296875,0.0640869140625
random,random-transformer-seed17,transformer,random_init,17,,right_to_left_minima,positional,block_01,1e-05,0.19781847272029618,6144,2048,8192,0.17022997297513387,0.4149708341022315,0.9361286655948213,0.3631591796875,0.2933349609375,0.06982421875
random,random-transformer-seed17,transformer,random_init,17,,cycle_count,cycle,block_01,1e-05,0.2527522361725767,6144,2048,8192,0.26097356547504735,0.5120030035112405,0.8568918323896105,0.3861083984375,0.3079833984375,0.078125
random,random-transformer-seed17,transformer,random_init,17,,two_cycle_count,cycle,block_01,0.001,0.02609576486682208,6144,2048,8192,0.02298306926141136,0.15233303771029125,0.9984943616290226,0.4608154296875,0.6026611328125,-0.141845703125
random,random-transformer-seed17,transformer,random_init,17,,three_cycle_count,cycle,block_01,0.01,0.0021508053445533637,6144,2048,8192,0.00379243207646196,0.06349390153214876,0.9984250306681466,0.7235107421875,0.7235107421875,0.0
random,random-transformer-seed17,transformer,random_init,17,,even_cycle_count,cycle,block_01,0.001,0.02335336433796298,6144,2048,8192,0.026372013322857768,0.16264088177669508,0.9977284350752954,0.399658203125,0.40771484375,-0.008056640625
random,random-transformer-seed17,transformer,random_init,17,,odd_cycle_count,cycle,block_01,1e-05,0.24553389623029365,6144,2048,8192,0.27498371039064184,0.5252694178077184,0.8454157177863838,0.3948974609375,0.5802001953125,-0.185302734375
random,random-transformer-seed17,transformer,random_init,17,,longest_cycle,cycle,block_01,0.001,0.10252154050234707,6144,2048,8192,0.09827436808937995,0.31360296149392575,0.9518607996065839,0.1798095703125,0.1644287109375,0.015380859375
random,random-transformer-seed17,transformer,random_init,17,,shortest_cycle,cycle,block_01,0.0001,0.1209054186953028,6144,2048,8192,0.12424453357188314,0.3525406121403927,0.9396214432642781,0.1968994140625,0.6358642578125,-0.43896484375
random,random-transformer-seed17,transformer,random_init,17,,nontrivial_cycle_count,cycle,block_01,0.001,0.0625645602122038,6144,2048,8192,0.06431435365144411,0.2536278202277045,0.9815742521119053,0.455078125,0.4312744140625,0.0238037109375
random,random-transformer-seed17,transformer,random_init,17,,lis_length,global_run,block_01,0.0001,0.1385490176731886,6144,2048,8192,0.15899683225913652,0.39909868080335203,0.9378606142104982,0.439453125,0.39697265625,0.04248046875
random,random-transformer-seed17,transformer,random_init,17,,lds_length,global_run,block_01,0.0001,0.09502546297139325,6144,2048,8192,0.09954187008855997,0.3152863071730384,0.9841427366430195,0.4288330078125,0.396484375,0.0323486328125
random,random-transformer-seed17,transformer,random_init,17,,longest_increasing_run,global_run,block_01,0.0001,0.08160971106451209,6144,2048,8192,0.07490395848615572,0.27365784493979345,1.0274008068093874,0.486572265625,0.5040283203125,-0.0174560546875
random,random-transformer-seed17,transformer,random_init,17,,longest_decreasing_run,global_run,block_01,0.001,0.06026989462600929,6144,2048,8192,0.04876450839276403,0.2214603383198048,1.0751246122266116,0.4813232421875,0.5018310546875,-0.0205078125
random,random-transformer-seed17,transformer,random_init,17,,global_descents,global_run,block_01,0.0001,0.05275763899870212,6144,2048,8192,0.08295928371730232,0.2883578995400615,1.1907784259290228,0.82421875,0.8125,0.01171875
random,random-transformer-seed17,transformer,random_init,17,,components,global_run,block_01,1e-05,0.10847551346682671,6144,2048,8192,0.19030154832764656,0.43616321675698283,1.117434647961383,0.8143310546875,0.804931640625,0.0093994140625
random,random-transformer-seed17,transformer,random_init,17,,max_displacement,global_run,block_01,1e-05,0.14979778586116566,6144,2048,8192,0.13308083360626644,0.3699514825619715,0.9506785211013504,0.314208984375,0.2574462890625,0.0567626953125
random,random-transformer-seed17,transformer,random_init,17,,displacement_one_count,global_run,block_01,1e-05,0.3671882619757111,6144,2048,8192,0.3793201449112801,0.616150922080981,0.7799121340793098,0.44189453125,0.3072509765625,0.1346435546875
random,random-transformer-seed17,transformer,random_init,17,,descents,local,block_02,0.001,0.142713740820421,6144,2048,8192,0.15062977409943168,0.38779116606871883,0.9409997465568885,0.373291015625,0.3338623046875,0.0394287109375
random,random-transformer-seed17,transformer,random_init,17,,recoils,local,block_02,0.001,0.17378158865261872,6144,2048,8192,0.18146566685724175,0.4260136619303592,0.9153381275487668,0.396240234375,0.33642578125,0.059814453125
random,random-transformer-seed17,transformer,random_init,17,,peaks,local,block_02,0.001,0.03908072757461001,6144,2048,8192,0.03828665088328742,0.19621613327685095,0.9681187419786809,0.48046875,0.4635009765625,0.0169677734375
random,random-transformer-seed17,transformer,random_init,17,,valleys,local,block_02,0.001,0.06593265045516927,6144,2048,8192,0.04838458483134922,0.22044225331914308,0.9683354525379927,0.469482421875,0.45556640625,0.013916015625
random,random-transformer-seed17,transformer,random_init,17,,double_ascents,local,block_02,0.001,0.083714107668589,6144,2048,8192,0.08195310731739958,0.286890260029836,0.9705893927267,0.3446044921875,0.344482421875,0.0001220703125
random,random-transformer-seed17,transformer,random_init,17,,double_descents,local,block_02,0.001,0.08163601834378775,6144,2048,8192,0.07937756733184398,0.2814573850881011,0.9559179316384265,0.3587646484375,0.3399658203125,0.018798828125
random,random-transformer-seed17,transformer,random_init,17,,successions,local,block_02,0.001,0.04680914131154612,6144,2048,8192,0.048865328667021535,0.2212072660682134,1.04128779870406,0.364501953125,0.398681640625,-0.0341796875
random,random-transformer-seed17,transformer,random_init,17,,adjacencies,local,block_02,0.001,0.025090741417508333,6144,2048,8192,0.01549334441291117,0.12797451666398485,1.0366728406285455,0.3358154296875,0.329345703125,0.0064697265625
random,random-transformer-seed17,transformer,random_init,17,,fixed_points,positional,block_02,1e-05,0.3568193959398478,6144,2048,8192,0.4194755413349527,0.647815778233805,0.7714789959831627,0.5206298828125,0.369873046875,0.1507568359375
random,random-transformer-seed17,transformer,random_init,17,,anti_fixed_points,positional,block_02,0.0001,0.14062023179951988,6144,2048,8192,0.16019490661272717,0.4004062223628161,0.9142028932571564,0.41064453125,0.37939453125,0.03125
random,random-transformer-seed17,transformer,random_init,17,,exceedances,positional,block_02,1e-05,0.3924363256762018,6144,2048,8192,0.41111228525446963,0.6415344867184469,0.7648911925435752,0.4866943359375,0.3426513671875,0.14404296875
random,random-transformer-seed17,transformer,random_init,17,,deficiencies,positional,block_02,0.0001,0.42519085130581313,6144,2048,8192,0.40950170677432896,0.639691961779172,0.7698500802491853,0.4830322265625,0.34033203125,0.1427001953125
random,random-transformer-seed17,transformer,random_init,17,,left_to_right_maxima,positional,block_02,0.0001,0.4586268531614379,6144,2048,8192,0.45390803473137886,0.673424882642913,0.7562068046787525,0.431884765625,0.3026123046875,0.1292724609375
random,random-transformer-seed17,transformer,random_init,17,,left_to_right_minima,positional,block_02,0.0001,0.5832385878979616,6144,2048,8192,0.5868353596057604,0.7661237971208213,0.6336463032592188,0.5068359375,0.307373046875,0.199462890625
random,random-transformer-seed17,transformer,random_init,17,,right_to_left_maxima,positional,block_02,0.0001,0.28568337628448925,6144,2048,8192,0.27009795439065953,0.5196955714295133,0.8800246652087618,0.380126953125,0.3045654296875,0.0755615234375
random,random-transformer-seed17,transformer,random_init,17,,right_to_left_minima,positional,block_02,1e-05,0.3952052660963439,6144,2048,8192,0.3800096889215807,0.6171731155531731,0.8091874227256249,0.421630859375,0.2933349609375,0.1282958984375
random,random-transformer-seed17,transformer,random_init,17,,cycle_count,cycle,block_02,0.0001,0.2631846195845555,6144,2048,8192,0.2685651372344262,0.5186236499972421,0.8524793054665031,0.38916015625,0.3079833984375,0.0811767578125
random,random-transformer-seed17,transformer,random_init,17,,two_cycle_count,cycle,block_02,0.001,0.017675154529084747,6144,2048,8192,0.019156868527814175,0.1441187019954219,1.0004476065711478,0.4716796875,0.6026611328125,-0.1309814453125
random,random-transformer-seed17,transformer,random_init,17,,three_cycle_count,cycle,block_02,10.0,-9.888427638315989e-05,6144,2048,8192,-7.025839588270522e-05,-0.014070274687874557,1.0003588022084462,0.7235107421875,0.7235107421875,0.0
random,random-transformer-seed17,transformer,random_init,17,,even_cycle_count,cycle,block_02,0.01,0.019127282122775813,6144,2048,8192,0.023988986824930114,0.15601158531400997,0.9989486959257661,0.4107666015625,0.40771484375,0.0030517578125
random,random-transformer-seed17,transformer,random_init,17,,odd_cycle_count,cycle,block_02,0.0001,0.2670602223180909,6144,2048,8192,0.292547859123087,0.5410021496904619,0.8351124692456525,0.387451171875,0.5802001953125,-0.1927490234375
random,random-transformer-seed17,transformer,random_init,17,,longest_cycle,cycle,block_02,0.001,0.10529133259876788,6144,2048,8192,0.09244075111932304,0.3042374082711164,0.9549348163885377,0.1839599609375,0.1644287109375,0.01953125
random,random-transformer-seed17,transformer,random_init,17,,shortest_cycle,cycle,block_02,0.0001,0.13405396501715472,6144,2048,8192,0.12468870279837718,0.35499460083122486,0.9393831325271412,0.2010498046875,0.6358642578125,-0.434814453125
random,random-transformer-seed17,transformer,random_init,17,,nontrivial_cycle_count,cycle,block_02,0.001,0.06392416486436081,6144,2048,8192,0.05729740962098673,0.24039804098071474,0.9852479147075659,0.4547119140625,0.4312744140625,0.0234375
random,random-transformer-seed17,transformer,random_init,17,,lis_length,global_run,block_02,0.0001,0.38121577521201466,6144,2048,8192,0.36524931864790655,0.6046784114563046,0.8147813318333397,0.4844970703125,0.39697265625,0.0875244140625
random,random-transformer-seed17,transformer,random_init,17,,lds_length,global_run,block_02,0.0001,0.3584004582851025,6144,2048,8192,0.35503557737056235,0.5957659290190267,0.8329025835869248,0.4857177734375,0.396484375,0.0892333984375
random,random-transformer-seed17,transformer,random_init,17,,longest_increasing_run,global_run,block_02,0.001,0.11719122736519483,6144,2048,8192,0.10287745184205288,0.3206577264034508,1.0117480529393037,0.48095703125,0.5040283203125,-0.0230712890625
random,random-transformer-seed17,transformer,random_init,17,,longest_decreasing_run,global_run,block_02,0.001,0.10022737096229484,6144,2048,8192,0.09416724057096104,0.3075149276064798,1.049152917172607,0.49755859375,0.5018310546875,-0.0042724609375
random,random-transformer-seed17,transformer,random_init,17,,global_descents,global_run,block_02,0.0001,0.13760356827481324,6144,2048,8192,0.20164517016257666,0.4497909366638479,1.1110526175096451,0.8397216796875,0.8125,0.0272216796875
random,random-transformer-seed17,transformer,random_init,17,,components,global_run,block_02,0.0001,0.1654713196132671,6144,2048,8192,0.25751425727187427,0.5076760133570741,1.070051150332853,0.8367919921875,0.804931640625,0.0318603515625
random,random-transformer-seed17,transformer,random_init,17,,max_displacement,global_run,block_02,0.0001,0.46506126297283334,6144,2048,8192,0.4570147679730654,0.6759921057302494,0.7523819854043404,0.37451171875,0.2574462890625,0.1170654296875
random,random-transformer-seed17,transformer,random_init,17,,displacement_one_count,global_run,block_02,1e-05,0.4123905243191487,6144,2048,8192,0.3970366782994471,0.6308774728832691,0.7687007408351333,0.4422607421875,0.3072509765625,0.135009765625
random,random-transformer-seed17,transformer,random_init,17,,descents,local,block_03,0.001,0.15268218482608942,6144,2048,8192,0.1577471359194358,0.3968584239554244,0.9370488633171637,0.3773193359375,0.3338623046875,0.04345703125
random,random-transformer-seed17,transformer,random_init,17,,recoils,local,block_03,0.001,0.19230698047344785,6144,2048,8192,0.19404253872487554,0.4405442343708292,0.908278769103339,0.39892578125,0.33642578125,0.0625
random,random-transformer-seed17,transformer,random_init,17,,peaks,local,block_03,0.001,0.047738104881639765,6144,2048,8192,0.04130669330413894,0.20379937081597133,0.9665974681844459,0.47900390625,0.4635009765625,0.0155029296875
random,random-transformer-seed17,transformer,random_init,17,,valleys,local,block_03,0.001,0.055459331738910156,6144,2048,8192,0.04713994505985497,0.2174327448979561,0.9689684997585559,0.4757080078125,0.45556640625,0.0201416015625
random,random-transformer-seed17,transformer,random_init,17,,double_ascents,local,block_03,0.001,0.09433902907175074,6144,2048,8192,0.08547443357555251,0.2932116295579007,0.9687261733229604,0.3468017578125,0.344482421875,0.0023193359375
random,random-transformer-seed17,transformer,random_init,17,,double_descents,local,block_03,0.001,0.08446807013450452,6144,2048,8192,0.08635856519384566,0.2935738948226818,0.9522867144973143,0.360595703125,0.3399658203125,0.0206298828125
random,random-transformer-seed17,transformer,random_init,17,,successions,local,block_03,0.001,0.053420648411642624,6144,2048,8192,0.058304681017604776,0.2412024974486213,1.0361078850696865,0.3697509765625,0.398681640625,-0.0289306640625
random,random-transformer-seed17,transformer,random_init,17,,adjacencies,local,block_03,0.001,0.021416939513254074,6144,2048,8192,0.0187260496962548,0.13849238847276701,1.0349694426343858,0.3350830078125,0.329345703125,0.0057373046875
random,random-transformer-seed17,transformer,random_init,17,,fixed_points,positional,block_03,0.0001,0.358488632412305,6144,2048,8192,0.41370893503263995,0.6433327490466076,0.7753012485124464,0.5194091796875,0.369873046875,0.1495361328125
random,random-transformer-seed17,transformer,random_init,17,,anti_fixed_points,positional,block_03,0.0001,0.16433376137799716,6144,2048,8192,0.18555239669378698,0.43075199696459304,0.9002951573005145,0.419921875,0.37939453125,0.04052734375
random,random-transformer-seed17,transformer,random_init,17,,exceedances,positional,block_03,0.0001,0.45620974386409885,6144,2048,8192,0.47339645956785636,0.6879174463594802,0.7233113839740698,0.5045166015625,0.3426513671875,0.161865234375
random,random-transformer-seed17,transformer,random_init,17,,deficiencies,positional,block_03,0.0001,0.4404570658914875,6144,2048,8192,0.448673753358269,0.6696766728165344,0.743877067140987,0.48193359375,0.34033203125,0.1416015625
random,random-transformer-seed17,transformer,random_init,17,,left_to_right_maxima,positional,block_03,0.0001,0.49169649427660345,6144,2048,8192,0.500277397242374,0.7071082814334766,0.7233894726874002,0.4510498046875,0.3026123046875,0.1484375
random,random-transformer-seed17,transformer,random_init,17,,left_to_right_minima,positional,block_03,0.001,0.6092577120004949,6144,2048,8192,0.6280145853384305,0.7927914599531054,0.6012405842455577,0.5242919921875,0.307373046875,0.2169189453125
random,random-transformer-seed17,transformer,random_init,17,,right_to_left_maxima,positional,block_03,0.0001,0.2919058254564999,6144,2048,8192,0.30928034694615536,0.5560901906094213,0.8560782452443589,0.3861083984375,0.3045654296875,0.08154296875
random,random-transformer-seed17,transformer,random_init,17,,right_to_left_minima,positional,block_03,0.0001,0.4388883148678291,6144,2048,8192,0.4306933354789738,0.656405489267564,0.7754071592836075,0.4234619140625,0.2933349609375,0.130126953125
random,random-transformer-seed17,transformer,random_init,17,,cycle_count,cycle,block_03,0.0001,0.2514099306440868,6144,2048,8192,0.25233648582522694,0.5036772727216066,0.8618845795482369,0.3839111328125,0.3079833984375,0.075927734375
random,random-transformer-seed17,transformer,random_init,17,,two_cycle_count,cycle,block_03,0.01,0.016036915736869828,6144,2048,8192,0.01788254754896812,0.1336125326544583,1.001097291272676,0.466796875,0.6026611328125,-0.1358642578125
random,random-transformer-seed17,transformer,random_init,17,,three_cycle_count,cycle,block_03,0.01,0.0012408310954881152,6144,2048,8192,0.0010575019427941923,0.044762097854522225,0.9997946002415619,0.722900390625,0.7235107421875,-0.0006103515625
random,random-transformer-seed17,transformer,random_init,17,,even_cycle_count,cycle,block_03,0.01,0.017386094194806745,6144,2048,8192,0.023455305712090202,0.1535732519623413,0.9992217703005202,0.4112548828125,0.40771484375,0.0035400390625
random,random-transformer-seed17,transformer,random_init,17,,odd_cycle_count,cycle,block_03,0.0001,0.2566785286377121,6144,2048,8192,0.2915621300789518,0.5400966354364289,0.8356940690588232,0.390380859375,0.5802001953125,-0.1898193359375
random,random-transformer-seed17,transformer,random_init,17,,longest_cycle,cycle,block_03,0.001,0.09236913758088239,6144,2048,8192,0.08841479301554711,0.29822222124778436,0.9570505313625863,0.1781005859375,0.1644287109375,0.013671875
random,random-transformer-seed17,transformer,random_init,17,,shortest_cycle,cycle,block_03,0.001,0.1211541357033461,6144,2048,8192,0.11940214378733971,0.34570419699891597,0.9422156268503162,0.203857421875,0.6358642578125,-0.4320068359375
random,random-transformer-seed17,transformer,random_init,17,,nontrivial_cycle_count,cycle,block_03,0.001,0.058898743656617514,6144,2048,8192,0.05612074002394574,0.2386233698296959,0.985862610023325,0.4544677734375,0.4312744140625,0.023193359375
random,random-transformer-seed17,transformer,random_init,17,,lis_length,global_run,block_03,0.0001,0.4056709259398821,6144,2048,8192,0.38572422918536164,0.6214896312818958,0.801532570749014,0.4869384765625,0.39697265625,0.0899658203125
random,random-transformer-seed17,transformer,random_init,17,,lds_length,global_run,block_03,0.0001,0.39333576537960946,6144,2048,8192,0.3947988197911315,0.6282693236127734,0.8068191782726373,0.488037109375,0.396484375,0.091552734375
random,random-transformer-seed17,transformer,random_init,17,,longest_increasing_run,global_run,block_03,0.001,0.13105301043028017,6144,2048,8192,0.11232806663884676,0.334999224899874,1.006404883210351,0.4866943359375,0.5040283203125,-0.017333984375
random,random-transformer-seed17,transformer,random_init,17,,longest_decreasing_run,global_run,block_03,0.001,0.10432186699164647,6144,2048,8192,0.10940763914008866,0.3319962770367546,1.040289617040605,0.510009765625,0.5018310546875,0.0081787109375
random,random-transformer-seed17,transformer,random_init,17,,global_descents,global_run,block_03,0.0001,0.15123084674568255,6144,2048,8192,0.22605731484286484,0.47624575947780307,1.0939338178372475,0.8515625,0.8125,0.0390625
random,random-transformer-seed17,transformer,random_init,17,,components,global_run,block_03,1e-05,0.1786199874204527,6144,2048,8192,0.271327949646729,0.5209915450681321,1.0600504498774193,0.837890625,0.804931640625,0.032958984375
random,random-transformer-seed17,transformer,random_init,17,,max_displacement,global_run,block_03,0.0001,0.5039178427966344,6144,2048,8192,0.5020773558996859,0.7084106058398711,0.7204856214783047,0.3819580078125,0.2574462890625,0.12451171875
random,random-transformer-seed17,transformer,random_init,17,,displacement_one_count,global_run,block_03,1e-05,0.3973204898835292,6144,2048,8192,0.3691107896522148,0.6093564562269003,0.7863002291811434,0.4337158203125,0.3072509765625,0.12646484375
random,random-transformer-seed17,transformer,random_init,17,,descents,local,block_04,0.001,0.15127479970511515,6144,2048,8192,0.1601159180086451,0.3997704152916062,0.9357302406544347,0.37841796875,0.3338623046875,0.0445556640625
random,random-transformer-seed17,transformer,random_init,17,,recoils,local,block_04,0.001,0.19315109086155535,6144,2048,8192,0.19738979205100038,0.44432774525194757,0.9063907027455698,0.396484375,0.33642578125,0.06005859375
random,random-transformer-seed17,transformer,random_init,17,,peaks,local,block_04,0.0001,0.046013905062402105,6144,2048,8192,0.0386444047304727,0.21022690585033046,0.9679386569144297,0.4755859375,0.4635009765625,0.0120849609375
random,random-transformer-seed17,transformer,random_init,17,,valleys,local,block_04,0.001,0.06332490604878893,6144,2048,8192,0.0477327093216825,0.21896237079237213,0.9686670602923482,0.4755859375,0.45556640625,0.02001953125
random,random-transformer-seed17,transformer,random_init,17,,double_ascents,local,block_04,0.001,0.09301260619964713,6144,2048,8192,0.08370635258194614,0.29055248386714894,0.9696621555148736,0.3470458984375,0.344482421875,0.0025634765625
random,random-transformer-seed17,transformer,random_init,17,,double_descents,local,block_04,0.001,0.08246412366001254,6144,2048,8192,0.08724256197840252,0.2949614735528194,0.9518259089306422,0.36181640625,0.3399658203125,0.0218505859375
random,random-transformer-seed17,transformer,random_init,17,,successions,local,block_04,0.001,0.055264938749052916,6144,2048,8192,0.056883481265303626,0.23850474938769364,1.0368894335605134,0.3656005859375,0.398681640625,-0.0330810546875
random,random-transformer-seed17,transformer,random_init,17,,adjacencies,local,block_04,0.001,0.01747054173894702,6144,2048,8192,0.01930636324170243,0.1406060013844058,1.0346633631696946,0.3341064453125,0.329345703125,0.0047607421875
random,random-transformer-seed17,transformer,random_init,17,,fixed_points,positional,block_04,0.0001,0.33835060186945587,6144,2048,8192,0.38762344632935675,0.6225756282480167,0.7923610570476184,0.5123291015625,0.369873046875,0.1424560546875
random,random-transformer-seed17,transformer,random_init,17,,anti_fixed_points,positional,block_04,0.0001,0.1500568253913659,6144,2048,8192,0.18073171242231334,0.4248500864109965,0.9029556326289407,0.4244384765625,0.37939453125,0.0450439453125
random,random-transformer-seed17,transformer,random_init,17,,exceedances,positional,block_04,0.0001,0.4722617161653011,6144,2048,8192,0.4814728582129534,0.6937754873624782,0.717743321421487,0.5025634765625,0.3426513671875,0.159912109375
random,random-transformer-seed17,transformer,random_init,17,,deficiencies,positional,block_04,0.0001,0.44854650114105354,6144,2048,8192,0.4285481589647825,0.6546129340798073,0.7573326041240738,0.47216796875,0.34033203125,0.1318359375
random,random-transformer-seed17,transformer,random_init,17,,left_to_right_maxima,positional,block_04,0.0001,0.49482076022996835,6144,2048,8192,0.5086408729230645,0.7128928940036655,0.7173105220178977,0.4581298828125,0.3026123046875,0.155517578125
random,random-transformer-seed17,transformer,random_init,17,,left_to_right_minima,positional,block_04,0.0001,0.6174818552448362,6144,2048,8192,0.6418896995711862,0.8011826878068637,0.5899208400833129,0.5301513671875,0.307373046875,0.2227783203125
random,random-transformer-seed17,transformer,random_init,17,,right_to_left_maxima,positional,block_04,0.001,0.28854836324809463,6144,2048,8192,0.299149710947458,0.5486281992829363,0.8623333505428935,0.380859375,0.3045654296875,0.0762939453125
random,random-transformer-seed17,transformer,random_init,17,,right_to_left_minima,positional,block_04,1e-05,0.4462696790643882,6144,2048,8192,0.43971152860955853,0.6634469539248745,0.7692411629822481,0.4215087890625,0.2933349609375,0.128173828125
random,random-transformer-seed17,transformer,random_init,17,,cycle_count,cycle,block_04,0.0001,0.2288615360398475,6144,2048,8192,0.2351551359351749,0.4871331311592251,0.8717314089090772,0.3748779296875,0.3079833984375,0.06689453125
random,random-transformer-seed17,transformer,random_init,17,,two_cycle_count,cycle,block_04,0.01,0.014775968460791544,6144,2048,8192,0.016530586808308323,0.1284737196612163,1.0017860982845648,0.4659423828125,0.6026611328125,-0.13671875
random,random-transformer-seed17,transformer,random_init,17,,three_cycle_count,cycle,block_04,10.0,-3.0478342013751103e-05,6144,2048,8192,-5.110630653870629e-05,-0.005605861773798343,1.000349223354999,0.7235107421875,0.7235107421875,0.0
random,random-transformer-seed17,transformer,random_init,17,,even_cycle_count,cycle,block_04,0.01,0.01678269688082601,6144,2048,8192,0.023487819572690527,0.15364768177925067,0.9992051357173988,0.4127197265625,0.40771484375,0.0050048828125
random,random-transformer-seed17,transformer,random_init,17,,odd_cycle_count,cycle,block_04,0.0001,0.23254301062503502,6144,2048,8192,0.2644612172896079,0.5147977117273519,0.8515285705682976,0.380859375,0.5802001953125,-0.1993408203125
random,random-transformer-seed17,transformer,random_init,17,,longest_cycle,cycle,block_04,0.001,0.07856502590606196,6144,2048,8192,0.08388796500898654,0.2912520784955799,0.9594238903609915,0.1778564453125,0.1644287109375,0.013427734375
random,random-transformer-seed17,transformer,random_init,17,,shortest_cycle,cycle,block_04,0.001,0.11467555166224785,6144,2048,8192,0.11142307261930195,0.33378963570649056,0.9464746947683637,0.20654296875,0.6358642578125,-0.4293212890625
random,random-transformer-seed17,transformer,random_init,17,,nontrivial_cycle_count,cycle,block_04,0.01,0.06014730057549744,6144,2048,8192,0.053478772565078714,0.23371637814538315,0.9872413864074031,0.447998046875,0.4312744140625,0.0167236328125
random,random-transformer-seed17,transformer,random_init,17,,lis_length,global_run,block_04,0.0001,0.4038618487494786,6144,2048,8192,0.38509697813942523,0.6209729689830755,0.8019416979580295,0.4805908203125,0.39697265625,0.0836181640625
random,random-transformer-seed17,transformer,random_init,17,,lds_length,global_run,block_04,0.0001,0.3987185586262506,6144,2048,8192,0.3986077639485517,0.6312988500466072,0.8042762389188234,0.4901123046875,0.396484375,0.0936279296875
random,random-transformer-seed17,transformer,random_init,17,,longest_increasing_run,global_run,block_04,0.001,0.13369016880331186,6144,2048,8192,0.11171472200133248,0.3340223764998184,1.006752515271459,0.4876708984375,0.5040283203125,-0.016357421875
random,random-transformer-seed17,transformer,random_init,17,,longest_decreasing_run,global_run,block_04,0.001,0.10123513253048988,6144,2048,8192,0.10971975482486385,0.3321576412047223,1.0401073118844526,0.5089111328125,0.5018310546875,0.007080078125
random,random-transformer-seed17,transformer,random_init,17,,global_descents,global_run,block_04,0.0001,0.15575370542016564,6144,2048,8192,0.2307950317704779,0.4813223040015822,1.0905804010855764,0.85009765625,0.8125,0.03759765625
random,random-transformer-seed17,transformer,random_init,17,,components,global_run,block_04,0.0001,0.17659990108985812,6144,2048,8192,0.269680634128037,0.5194092898763055,1.061248006265146,0.8411865234375,0.804931640625,0.0362548828125
random,random-transformer-seed17,transformer,random_init,17,,max_displacement,global_run,block_04,0.0001,0.5152340339145345,6144,2048,8192,0.5150143913910252,0.7174799418845013,0.7110641862720745,0.388427734375,0.2574462890625,0.1309814453125
random,random-transformer-seed17,transformer,random_init,17,,displacement_one_count,global_run,block_04,0.0001,0.3973175771054581,6144,2048,8192,0.3755873347254489,0.6133317483471755,0.7822538404462605,0.4300537109375,0.3072509765625,0.122802734375
random,random-transformer-seed17,transformer,random_init,17,,descents,local,final_norm,0.001,0.1505154426207138,6144,2048,8192,0.15961336307433793,0.3991338184983858,0.9360101516176875,0.37939453125,0.3338623046875,0.0455322265625
random,random-transformer-seed17,transformer,random_init,17,,recoils,local,final_norm,0.001,0.19283669491870858,6144,2048,8192,0.1956372151901833,0.4423357805147799,0.907379758909389,0.3966064453125,0.33642578125,0.0601806640625
random,random-transformer-seed17,transformer,random_init,17,,peaks,local,final_norm,0.0001,0.044802257135854506,6144,2048,8192,0.03774451390773548,0.20816462543853154,0.9683915774449641,0.475341796875,0.4635009765625,0.0118408203125
random,random-transformer-seed17,transformer,random_init,17,,valleys,local,final_norm,0.001,0.060923679276771336,6144,2048,8192,0.04701112395490925,0.2172381421766556,0.9690339969811437,0.475830078125,0.45556640625,0.020263671875
random,random-transformer-seed17,transformer,random_init,17,,double_ascents,local,final_norm,0.001,0.09099273223080295,6144,2048,8192,0.08314941018953914,0.2896243889797598,0.9699568011911646,0.3480224609375,0.344482421875,0.0035400390625
random,random-transformer-seed17,transformer,random_init,17,,double_descents,local,final_norm,0.001,0.08187989511466742,6144,2048,8192,0.08672032162658283,0.2940660576870389,0.9520981668137267,0.3604736328125,0.3399658203125,0.0205078125
random,random-transformer-seed17,transformer,random_init,17,,successions,local,final_norm,0.001,0.05393327510623147,6144,2048,8192,0.056126464441874746,0.23684532960899082,1.0373054931243086,0.367431640625,0.398681640625,-0.03125
random,random-transformer-seed17,transformer,random_init,17,,adjacencies,local,final_norm,0.001,0.01504308842676716,6144,2048,8192,0.01854147095922809,0.137706485855786,1.0350667775172548,0.3359375,0.329345703125,0.006591796875
random,random-transformer-seed17,transformer,random_init,17,,fixed_points,positional,final_norm,0.0001,0.33549757120989365,6144,2048,8192,0.3870864849006961,0.6221459197098519,0.7927083712090893,0.51171875,0.369873046875,0.141845703125
random,random-transformer-seed17,transformer,random_init,17,,anti_fixed_points,positional,final_norm,0.0001,0.15002398640525116,6144,2048,8192,0.1792553679424792,0.42310335752201883,0.9037688421510638,0.4227294921875,0.37939453125,0.0433349609375
random,random-transformer-seed17,transformer,random_init,17,,exceedances,positional,final_norm,0.0001,0.4699637162316779,6144,2048,8192,0.47880182824789475,0.6918429416232698,0.7195895617144354,0.504638671875,0.3426513671875,0.1619873046875
random,random-transformer-seed17,transformer,random_init,17,,deficiencies,positional,final_norm,0.0001,0.4436172792320018,6144,2048,8192,0.42451735048723815,0.6515479982954154,0.759998881732811,0.4736328125,0.34033203125,0.13330078125
random,random-transformer-seed17,transformer,random_init,17,,left_to_right_maxima,positional,final_norm,0.0001,0.49546570162437853,6144,2048,8192,0.5094293331366742,0.7134398052897264,0.7167347742150367,0.4599609375,0.3026123046875,0.1573486328125
random,random-transformer-seed17,transformer,random_init,17,,left_to_right_minima,positional,final_norm,0.0001,0.6193068598027026,6144,2048,8192,0.6415230891319632,0.8009532225007167,0.5902227244680999,0.528564453125,0.307373046875,0.22119140625
random,random-transformer-seed17,transformer,random_init,17,,right_to_left_maxima,positional,final_norm,0.0001,0.2919056079608089,6144,2048,8192,0.3094736301753077,0.5563048712299895,0.8559584592037832,0.38916015625,0.3045654296875,0.0845947265625
random,random-transformer-seed17,transformer,random_init,17,,right_to_left_minima,positional,final_norm,0.0001,0.445122693513044,6144,2048,8192,0.4393856138614368,0.6629488101706428,0.7694648607779125,0.4197998046875,0.2933349609375,0.12646484375
random,random-transformer-seed17,transformer,random_init,17,,cycle_count,cycle,final_norm,0.0001,0.2254199070134646,6144,2048,8192,0.23496886552009943,0.48686065450030136,0.8718375532357429,0.3768310546875,0.3079833984375,0.06884765625
random,random-transformer-seed17,transformer,random_init,17,,two_cycle_count,cycle,final_norm,0.01,0.015399343914562436,6144,2048,8192,0.016548099292793106,0.1285206530512639,1.0017771789214567,0.4638671875,0.6026611328125,-0.1387939453125
random,random-transformer-seed17,transformer,random_init,17,,three_cycle_count,cycle,final_norm,10.0,-3.878325182937736e-05,6144,2048,8192,-6.827969943246082e-05,-0.007933322568935912,1.0003578125742814,0.7235107421875,0.7235107421875,0.0
random,random-transformer-seed17,transformer,random_init,17,,even_cycle_count,cycle,final_norm,0.01,0.016068674054540155,6144,2048,8192,0.02340873309293623,0.15357715394725188,0.9992455970748603,0.4110107421875,0.40771484375,0.0032958984375
random,random-transformer-seed17,transformer,random_init,17,,odd_cycle_count,cycle,final_norm,0.0001,0.22910417460988441,6144,2048,8192,0.2640703121321901,0.5143993684857875,0.8517548147199439,0.378662109375,0.5802001953125,-0.2015380859375
random,random-transformer-seed17,transformer,random_init,17,,longest_cycle,cycle,final_norm,0.001,0.07595119889154545,6144,2048,8192,0.08357929651681306,0.2904774920469768,0.9595855075940971,0.177734375,0.1644287109375,0.0133056640625
random,random-transformer-seed17,transformer,random_init,17,,shortest_cycle,cycle,final_norm,0.001,0.11333399625687512,6144,2048,8192,0.11069274236453552,0.3327017282281873,0.9468635733831029,0.2064208984375,0.6358642578125,-0.429443359375
random,random-transformer-seed17,transformer,random_init,17,,nontrivial_cycle_count,cycle,final_norm,0.001,0.058704688855433784,6144,2048,8192,0.05248496854791429,0.2319034096756459,0.9877595295976702,0.451171875,0.4312744140625,0.0198974609375
random,random-transformer-seed17,transformer,random_init,17,,lis_length,global_run,final_norm,0.0001,0.40388400443721895,6144,2048,8192,0.3840592098428759,0.6201521946872106,0.8026181288739086,0.4798583984375,0.39697265625,0.0828857421875
random,random-transformer-seed17,transformer,random_init,17,,lds_length,global_run,final_norm,0.0001,0.39875844639747604,6144,2048,8192,0.3981364449502903,0.6309219588906566,0.8045913381227668,0.489990234375,0.396484375,0.093505859375
random,random-transformer-seed17,transformer,random_init,17,,longest_increasing_run,global_run,final_norm,0.001,0.1321299727290337,6144,2048,8192,0.11102716744000796,0.33298473682497204,1.0071420654579482,0.4786376953125,0.5040283203125,-0.025390625
random,random-transformer-seed17,transformer,random_init,17,,longest_decreasing_run,global_run,final_norm,0.001,0.1011958981713883,6144,2048,8192,0.10909992436845162,0.33123895119868796,1.0404693203761117,0.508544921875,0.5018310546875,0.0067138671875
random,random-transformer-seed17,transformer,random_init,17,,global_descents,global_run,final_norm,0.0001,0.15584529978347694,6144,2048,8192,0.23018666483975792,0.4807328871617754,1.0910115877944289,0.849365234375,0.8125,0.036865234375
random,random-transformer-seed17,transformer,random_init,17,,components,global_run,final_norm,0.0001,0.17388587543490286,6144,2048,8192,0.2703341994959124,0.5200547509129035,1.0607730426939663,0.8387451171875,0.804931640625,0.0338134765625
random,random-transformer-seed17,transformer,random_init,17,,max_displacement,global_run,final_norm,0.0001,0.5147841794237646,6144,2048,8192,0.513927726373336,0.7167227629784323,0.7118603503469069,0.38427734375,0.2574462890625,0.1268310546875
random,random-transformer-seed17,transformer,random_init,17,,displacement_one_count,global_run,final_norm,1e-05,0.3976654334333033,6144,2048,8192,0.37284120112577146,0.6126620769241806,0.7839721086408193,0.42919921875,0.3072509765625,0.1219482421875
random,random-transformer-seed42,transformer,random_init,42,,descents,local,embedding,1e-06,-2.220446049250313e-16,6144,2048,8192,0.0,0.0025378876828079434,1.0210358474220083,0.3427734375,0.3338623046875,0.0089111328125
random,random-transformer-seed42,transformer,random_init,42,,recoils,local,embedding,1e-06,2.220446049250313e-16,6144,2048,8192,0.0,0.030673081251083215,1.0117264466110467,0.3408203125,0.33642578125,0.00439453125
random,random-transformer-seed42,transformer,random_init,42,,peaks,local,embedding,1e-06,0.0,6144,2048,8192,0.0,-0.012854525072130188,0.987201497821541,0.4708251953125,0.4635009765625,0.00732421875
random,random-transformer-seed42,transformer,random_init,42,,valleys,local,embedding,1e-06,0.0,6144,2048,8192,0.0,0.007276873315914286,0.9926476029684151,0.458984375,0.45556640625,0.00341796875
random,random-transformer-seed42,transformer,random_init,42,,double_ascents,local,embedding,10.0,0.0,6144,2048,8192,0.0,0.0,1.012985218660725,0.3338623046875,0.344482421875,-0.0106201171875
random,random-transformer-seed42,transformer,random_init,42,,double_descents,local,embedding,1.0,0.0,6144,2048,8192,0.0,0.0,0.9962763749938195,0.3388671875,0.3399658203125,-0.0010986328125
random,random-transformer-seed42,transformer,random_init,42,,successions,local,embedding,1e-06,0.0,6144,2048,8192,0.0,0.0,1.0677013036927756,0.3643798828125,0.398681640625,-0.0343017578125
random,random-transformer-seed42,transformer,random_init,42,,adjacencies,local,embedding,1e-06,0.0,6144,2048,8192,0.0,0.0,1.0447981442612964,0.329345703125,0.329345703125,0.0
random,random-transformer-seed42,transformer,random_init,42,,fixed_points,positional,embedding,1e-06,0.0,6144,2048,8192,-2.220446049250313e-16,0.0,1.0125438624646814,0.3580322265625,0.369873046875,-0.0118408203125
random,random-transformer-seed42,transformer,random_init,42,,anti_fixed_points,positional,embedding,1e-06,0.0,6144,2048,8192,0.0,0.0,0.9975928763619372,0.3592529296875,0.37939453125,-0.0201416015625
random,random-transformer-seed42,transformer,random_init,42,,exceedances,positional,embedding,1e-06,0.0,6144,2048,8192,0.0,-0.020367555750727667,0.996743501992833,0.3426513671875,0.3426513671875,0.0
random,random-transformer-seed42,transformer,random_init,42,,deficiencies,positional,embedding,1e-06,0.0,6144,2048,8192,0.0,0.0184520029589639,1.0018364670463262,0.3414306640625,0.34033203125,0.0010986328125
random,random-transformer-seed42,transformer,random_init,42,,left_to_right_maxima,positional,embedding,1e-06,0.0,6144,2048,8192,0.0,0.0,1.0233111062138236,0.3040771484375,0.3026123046875,0.00146484375
random,random-transformer-seed42,transformer,random_init,42,,left_to_right_minima,positional,embedding,1e-06,0.0,6144,2048,8192,0.0,0.0,0.9857920972831147,0.3160400390625,0.307373046875,0.0086669921875
random,random-transformer-seed42,transformer,random_init,42,,right_to_left_maxima,positional,embedding,1e-06,0.0,6144,2048,8192,0.0,0.0,1.0300600749281232,0.305908203125,0.3045654296875,0.0013427734375
random,random-transformer-seed42,transformer,random_init,42,,right_to_left_minima,positional,embedding,10.0,0.0,6144,2048,8192,0.0,0.0,1.0276770844678722,0.3035888671875,0.2933349609375,0.01025390625
random,random-transformer-seed42,transformer,random_init,42,,cycle_count,cycle,embedding,1e-06,0.0,6144,2048,8192,0.0,0.0,0.9967724289122708,0.3077392578125,0.3079833984375,-0.000244140625
random,random-transformer-seed42,transformer,random_init,42,,two_cycle_count,cycle,embedding,1e-06,0.0,6144,2048,8192,0.0,0.0,1.0101702448488212,0.4593505859375,0.6026611328125,-0.143310546875
random,random-transformer-seed42,transformer,random_init,42,,three_cycle_count,cycle,embedding,1e-06,0.0,6144,2048,8192,0.0,0.0,1.0003236622577176,0.7235107421875,0.7235107421875,0.0
random,random-transformer-seed42,transformer,random_init,42,,even_cycle_count,cycle,embedding,1e-06,0.0,6144,2048,8192,0.0,0.0,1.0111505563890062,0.3974609375,0.40771484375,-0.01025390625
random,random-transformer-seed42,transformer,random_init,42,,odd_cycle_count,cycle,embedding,1e-06,0.0,6144,2048,8192,0.0,0.0,0.9928792526047006,0.3057861328125,0.5802001953125,-0.2744140625
random,random-transformer-seed42,transformer,random_init,42,,longest_cycle,cycle,embedding,1e-06,0.0,6144,2048,8192,0.0,-0.021295489616497597,1.002388866359531,0.1435546875,0.1644287109375,-0.0208740234375
random,random-transformer-seed42,transformer,random_init,42,,shortest_cycle,cycle,embedding,1e-06,0.0,6144,2048,8192,0.0,0.0,1.004064219330732,0.1092529296875,0.6358642578125,-0.526611328125
random,random-transformer-seed42,transformer,random_init,42,,nontrivial_cycle_count,cycle,embedding,1e-06,0.0,6144,2048,8192,0.0,0.0,1.0147479301353286,0.4290771484375,0.4312744140625,-0.002197265625
random,random-transformer-seed42,transformer,random_init,42,,lis_length,global_run,embedding,1e-06,0.0,6144,2048,8192,0.0,-0.009177901956188301,1.022679339029915,0.390869140625,0.39697265625,-0.006103515625
random,random-transformer-seed42,transformer,random_init,42,,lds_length,global_run,embedding,1e-06,0.0,6144,2048,8192,0.0,-0.018704328958458,1.0371136011049422,0.38720703125,0.396484375,-0.00927734375
random,random-transformer-seed42,transformer,random_init,42,,longest_increasing_run,global_run,embedding,1e-06,0.0,6144,2048,8192,0.0,0.02470788463906933,1.0681850394483854,0.4554443359375,0.5040283203125,-0.048583984375
random,random-transformer-seed42,transformer,random_init,42,,longest_decreasing_run,global_run,embedding,10.0,0.0,6144,2048,8192,0.0,0.0,1.1023380059178607,0.459716796875,0.5018310546875,-0.0421142578125
random,random-transformer-seed42,transformer,random_init,42,,global_descents,global_run,embedding,1e-06,0.0,6144,2048,8192,0.0,0.0,1.2434738264527403,0.7889404296875,0.8125,-0.0235595703125
random,random-transformer-seed42,transformer,random_init,42,,components,global_run,embedding,1e-06,0.0,6144,2048,8192,0.0,-0.003235334991104348,1.241825229327309,0.7493896484375,0.804931640625,-0.0555419921875
random,random-transformer-seed42,transformer,random_init,42,,max_displacement,global_run,embedding,10.0,0.0,6144,2048,8192,0.0,-0.008735599395627045,1.0210438164840894,0.238037109375,0.2574462890625,-0.0194091796875
random,random-transformer-seed42,transformer,random_init,42,,displacement_one_count,global_run,embedding,1e-06,0.0,6144,2048,8192,0.0,0.0,0.9899467911205587,0.2646484375,0.3072509765625,-0.0426025390625
random,random-transformer-seed42,transformer,random_init,42,,descents,local,block_01,0.0001,0.08001746034498713,6144,2048,8192,0.06548771166528411,0.25656882747181786,0.9870371483746314,0.3753662109375,0.3338623046875,0.04150390625
random,random-transformer-seed42,transformer,random_init,42,,recoils,local,block_01,0.0001,0.07042221990634412,6144,2048,8192,0.060095861262154826,0.2482997125640431,0.9808551656273942,0.3746337890625,0.33642578125,0.0382080078125
random,random-transformer-seed42,transformer,random_init,42,,peaks,local,block_01,0.0001,0.0291895791762955,6144,2048,8192,0.050027598943571894,0.22380152829152125,0.9621910207552311,0.4818115234375,0.4635009765625,0.018310546875
random,random-transformer-seed42,transformer,random_init,42,,valleys,local,block_01,0.0001,0.054541787615896564,6144,2048,8192,0.053807185157298876,0.23446133072747852,0.9655725728310428,0.469482421875,0.45556640625,0.013916015625
random,random-transformer-seed42,transformer,random_init,42,,double_ascents,local,block_01,0.0001,0.03695037508790666,6144,2048,8192,0.03764131920422531,0.19632228028180698,0.9937373020948488,0.3460693359375,0.344482421875,0.0015869140625
random,random-transformer-seed42,transformer,random_init,42,,double_descents,local,block_01,0.0001,0.03080369449040632,6144,2048,8192,0.01360745546672315,0.13967659288519305,0.9894747643848281,0.3419189453125,0.3399658203125,0.001953125
random,random-transformer-seed42,transformer,random_init,42,,successions,local,block_01,0.001,0.022930714026290433,6144,2048,8192,0.030047703548931604,0.17303864213978706,1.0515379737834374,0.368408203125,0.398681640625,-0.0302734375
random,random-transformer-seed42,transformer,random_init,42,,adjacencies,local,block_01,0.001,0.018779435508866515,6144,2048,8192,0.0183988119063333,0.13546386577439531,1.0351420004005334,0.33447265625,0.329345703125,0.005126953125
random,random-transformer-seed42,transformer,random_init,42,,fixed_points,positional,block_01,1e-05,0.3323070620756021,6144,2048,8192,0.3675951111548188,0.6063724883655067,0.8052142551470487,0.50927734375,0.369873046875,0.139404296875
random,random-transformer-seed42,transformer,random_init,42,,anti_fixed_points,positional,block_01,1e-05,0.10239877994036184,6144,2048,8192,0.1021694173608293,0.3226213027574968,0.9452583807890474,0.41943359375,0.37939453125,0.0400390625
random,random-transformer-seed42,transformer,random_init,42,,exceedances,positional,block_01,1e-05,0.2479311718547179,6144,2048,8192,0.2716036795822562,0.5215350775796566,0.8506820807847119,0.44580078125,0.3426513671875,0.1031494140625
random,random-transformer-seed42,transformer,random_init,42,,deficiencies,positional,block_01,1e-05,0.32166575379641593,6144,2048,8192,0.3116483460856395,0.5587956252853715,0.831193266162727,0.44970703125,0.34033203125,0.109375
random,random-transformer-seed42,transformer,random_init,42,,left_to_right_maxima,positional,block_01,1e-05,0.13292791551552507,6144,2048,8192,0.14808561344244586,0.3851158713182779,0.9445080501891601,0.3648681640625,0.3026123046875,0.062255859375
random,random-transformer-seed42,transformer,random_init,42,,left_to_right_minima,positional,block_01,1e-05,0.16588453991165097,6144,2048,8192,0.17474231148242658,0.4200421271513216,0.8955299642325089,0.3699951171875,0.307373046875,0.0626220703125
random,random-transformer-seed42,transformer,random_init,42,,right_to_left_maxima,positional,block_01,0.0001,0.11299699647223183,6144,2048,8192,0.08611248554468798,0.293720524832196,0.9847113104564961,0.3341064453125,0.3045654296875,0.029541015625
random,random-transformer-seed42,transformer,random_init,42,,right_to_left_minima,positional,block_01,1e-05,0.1487333389667107,6144,2048,8192,0.12048081639502484,0.3495380960978112,0.9637831536425088,0.3514404296875,0.2933349609375,0.05810546875
random,random-transformer-seed42,transformer,random_init,42,,cycle_count,cycle,block_01,1e-05,0.2617396040986756,6144,2048,8192,0.23862335513799238,0.4909604360729412,0.869752713013677,0.3822021484375,0.3079833984375,0.07421875
random,random-transformer-seed42,transformer,random_init,42,,two_cycle_count,cycle,block_01,0.0001,0.02521533918736918,6144,2048,8192,0.01434698362766551,0.13425413232302374,1.0028976175629314,0.4791259765625,0.6026611328125,-0.12353515625
random,random-transformer-seed42,transformer,random_init,42,,three_cycle_count,cycle,block_01,0.01,0.0036878114786348393,6144,2048,8192,0.007514292026502556,0.09813910125352443,0.9965582131885564,0.7235107421875,0.7235107421875,0.0
random,random-transformer-seed42,transformer,random_init,42,,even_cycle_count,cycle,block_01,0.001,0.024891826943089446,6144,2048,8192,0.028491170678993427,0.17002768732509888,0.9966420369165824,0.414794921875,0.40771484375,0.007080078125
random,random-transformer-seed42,transformer,random_init,42,,odd_cycle_count,cycle,block_01,0.0001,0.24240806349497312,6144,2048,8192,0.2557145883610292,0.5056458663320499,0.8565765662511117,0.3897705078125,0.5802001953125,-0.1904296875
random,random-transformer-seed42,transformer,random_init,42,,longest_cycle,cycle,block_01,0.0001,0.10558022874963668,6144,2048,8192,0.09365435062006622,0.30874077588331456,0.9542961274523739,0.1810302734375,0.1644287109375,0.0166015625
random,random-transformer-seed42,transformer,random_init,42,,shortest_cycle,cycle,block_01,0.0001,0.13294509147599454,6144,2048,8192,0.10806312477018432,0.3300597910660195,0.9482624437966491,0.2049560546875,0.6358642578125,-0.430908203125
random,random-transformer-seed42,transformer,random_init,42,,nontrivial_cycle_count,cycle,block_01,0.0001,0.05835305256466472,6144,2048,8192,0.06530493767972578,0.25576249203154033,0.9810545320211431,0.448486328125,0.4312744140625,0.0172119140625
random,random-transformer-seed42,transformer,random_init,42,,lis_length,global_run,block_01,1e-05,0.1255535471988135,6144,2048,8192,0.12223151964635026,0.350989823755097,0.958141106834543,0.4268798828125,0.39697265625,0.0299072265625
random,random-transformer-seed42,transformer,random_init,42,,lds_length,global_run,block_01,1e-05,0.09863379516749515,6144,2048,8192,0.07867713773208251,0.2856714112245506,0.9954793461635557,0.4296875,0.396484375,0.033203125
random,random-transformer-seed42,transformer,random_init,42,,longest_increasing_run,global_run,block_01,0.0001,0.07004561112466012,6144,2048,8192,0.055561901821975956,0.23676535840684648,1.0380857755370096,0.4832763671875,0.5040283203125,-0.020751953125
random,random-transformer-seed42,transformer,random_init,42,,longest_decreasing_run,global_run,block_01,0.001,0.05127996082552222,6144,2048,8192,0.03712869807032104,0.19265736507627337,1.0816802559053866,0.4827880859375,0.5018310546875,-0.01904296875
random,random-transformer-seed42,transformer,random_init,42,,global_descents,global_run,block_01,1e-06,0.04957805771371604,6144,2048,8192,0.06278588750208602,0.2563853194266264,1.2038047652075328,0.8126220703125,0.8125,0.0001220703125
random,random-transformer-seed42,transformer,random_init,42,,components,global_run,block_01,1e-05,0.09285414175747497,6144,2048,8192,0.1548681447578274,0.39351431940814074,1.1416230128966536,0.8050537109375,0.804931640625,0.0001220703125
random,random-transformer-seed42,transformer,random_init,42,,max_displacement,global_run,block_01,1e-05,0.12297566685845718,6144,2048,8192,0.10818784378727853,0.3327767169430183,0.9642309635082774,0.29931640625,0.2574462890625,0.0418701171875
random,random-transformer-seed42,transformer,random_init,42,,displacement_one_count,global_run,block_01,1e-06,0.32808655720842195,6144,2048,8192,0.2780795274923721,0.5314068231730972,0.8411172333518251,0.408203125,0.3072509765625,0.1009521484375
random,random-transformer-seed42,transformer,random_init,42,,descents,local,block_02,0.001,0.1455374115217265,6144,2048,8192,0.14137402137453547,0.37591846332517787,0.9461129830434885,0.37451171875,0.3338623046875,0.0406494140625
random,random-transformer-seed42,transformer,random_init,42,,recoils,local,block_02,0.001,0.17661298313546792,6144,2048,8192,0.17636210313793943,0.42002825460095344,0.9181872611768782,0.3907470703125,0.33642578125,0.0543212890625
random,random-transformer-seed42,transformer,random_init,42,,peaks,local,block_02,0.001,0.027282444614444956,6144,2048,8192,0.04011628957257496,0.2004337028157337,0.9671973911527814,0.47802734375,0.4635009765625,0.0145263671875
random,random-transformer-seed42,transformer,random_init,42,,valleys,local,block_02,0.001,0.050958978957521994,6144,2048,8192,0.049315415136315766,0.2223336290880389,0.9678617440969295,0.4732666015625,0.45556640625,0.0177001953125
random,random-transformer-seed42,transformer,random_init,42,,double_ascents,local,block_02,0.001,0.09776141232881208,6144,2048,8192,0.09058049262748469,0.3009531514257116,0.9660180496655769,0.35302734375,0.344482421875,0.008544921875
random,random-transformer-seed42,transformer,random_init,42,,double_descents,local,block_02,0.001,0.07403600501393093,6144,2048,8192,0.06810111647896522,0.2615300029849627,0.9617545012550369,0.3597412109375,0.3399658203125,0.019775390625
random,random-transformer-seed42,transformer,random_init,42,,successions,local,block_02,0.001,0.05080901586280717,6144,2048,8192,0.053606240657637305,0.23130457329344473,1.0386894175272152,0.3626708984375,0.398681640625,-0.0360107421875
random,random-transformer-seed42,transformer,random_init,42,,adjacencies,local,block_02,0.0001,0.039137764318374235,6144,2048,8192,0.012383097115860275,0.14121607329278443,1.0383090745446193,0.332275390625,0.329345703125,0.0029296875
random,random-transformer-seed42,transformer,random_init,42,,fixed_points,positional,block_02,0.0001,0.3666306828446868,6144,2048,8192,0.39859402791604603,0.6313910193465906,0.7852315008972639,0.5155029296875,0.369873046875,0.1456298828125
random,random-transformer-seed42,transformer,random_init,42,,anti_fixed_points,positional,block_02,0.0001,0.16942383032955566,6144,2048,8192,0.1597413804107095,0.400829702718878,0.9144497118389464,0.4267578125,0.37939453125,0.04736328125
random,random-transformer-seed42,transformer,random_init,42,,exceedances,positional,block_02,0.0001,0.4151709754345011,6144,2048,8192,0.43824386109194413,0.6618477971907785,0.7470631704977679,0.48779296875,0.3426513671875,0.1451416015625
random,random-transformer-seed42,transformer,random_init,42,,deficiencies,positional,block_02,1e-05,0.45276585928039037,6144,2048,8192,0.46681638700492667,0.682951577161778,0.7315352072770782,0.4996337890625,0.34033203125,0.1593017578125
random,random-transformer-seed42,transformer,random_init,42,,left_to_right_maxima,positional,block_02,0.0001,0.46049984958958623,6144,2048,8192,0.4840603177267446,0.6958358915262062,0.7350335348282818,0.44970703125,0.3026123046875,0.1470947265625
random,random-transformer-seed42,transformer,random_init,42,,left_to_right_minima,positional,block_02,0.0001,0.5994946407759149,6144,2048,8192,0.6060570204847545,0.7785609710595084,0.6187311981464778,0.51123046875,0.307373046875,0.203857421875
random,random-transformer-seed42,transformer,random_init,42,,right_to_left_maxima,positional,block_02,0.0001,0.25943516756327134,6144,2048,8192,0.2671189110650106,0.5168403478923733,0.8818187155647705,0.3826904296875,0.3045654296875,0.078125
random,random-transformer-seed42,transformer,random_init,42,,right_to_left_minima,positional,block_02,0.0001,0.39221497026036567,6144,2048,8192,0.39364968510387444,0.6275464468360671,0.8002367210635294,0.4122314453125,0.2933349609375,0.118896484375
random,random-transformer-seed42,transformer,random_init,42,,cycle_count,cycle,block_02,0.0001,0.27750347454252977,6144,2048,8192,0.2520160055041183,0.5028773794308721,0.862069279917006,0.3819580078125,0.3079833984375,0.073974609375
random,random-transformer-seed42,transformer,random_init,42,,two_cycle_count,cycle,block_02,0.001,0.022161418466591365,6144,2048,8192,0.01424750721028245,0.12875397071486858,1.0029482246951045,0.4801025390625,0.6026611328125,-0.12255859375
random,random-transformer-seed42,transformer,random_init,42,,three_cycle_count,cycle,block_02,0.1,0.0005600968135506257,6144,2048,8192,0.0017689365231042808,0.042847592825189545,0.9994385161120726,0.7235107421875,0.7235107421875,0.0
random,random-transformer-seed42,transformer,random_init,42,,even_cycle_count,cycle,block_02,0.001,0.02027902343241439,6144,2048,8192,0.02424279348291003,0.15783065186168888,0.9988188017382723,0.410888671875,0.40771484375,0.003173828125
random,random-transformer-seed42,transformer,random_init,42,,odd_cycle_count,cycle,block_02,0.0001,0.2648660566090426,6144,2048,8192,0.2812352955071403,0.5306592136974043,0.8417629510104033,0.3917236328125,0.5802001953125,-0.1884765625
random,random-transformer-seed42,transformer,random_init,42,,longest_cycle,cycle,block_02,0.001,0.10283437890358471,6144,2048,8192,0.09359905078984398,0.3061761619493789,0.9543252397501633,0.1829833984375,0.1644287109375,0.0185546875
random,random-transformer-seed42,transformer,random_init,42,,shortest_cycle,cycle,block_02,0.001,0.12725195780918186,6144,2048,8192,0.11385634137518874,0.33766985666957405,0.945177898711514,0.200439453125,0.6358642578125,-0.4354248046875
random,random-transformer-seed42,transformer,random_init,42,,nontrivial_cycle_count,cycle,block_02,0.001,0.06485916865960084,6144,2048,8192,0.055979679217913914,0.23751134744644256,0.9859362748366589,0.449462890625,0.4312744140625,0.0181884765625
random,random-transformer-seed42,transformer,random_init,42,,lis_length,global_run,block_02,0.0001,0.39301426923786187,6144,2048,8192,0.3780653532054117,0.6149672767708658,0.8065139018037653,0.4859619140625,0.39697265625,0.0889892578125
random,random-transformer-seed42,transformer,random_init,42,,lds_length,global_run,block_02,0.0001,0.3567409791978692,6144,2048,8192,0.34556546158673607,0.5877831106904985,0.8389951215888655,0.4779052734375,0.396484375,0.0814208984375
random,random-transformer-seed42,transformer,random_init,42,,longest_increasing_run,global_run,block_02,0.001,0.11658851994614738,6144,2048,8192,0.10497035148131506,0.32406982235076587,1.010567208942634,0.482666015625,0.5040283203125,-0.0213623046875
random,random-transformer-seed42,transformer,random_init,42,,longest_decreasing_run,global_run,block_02,0.001,0.10065233519749894,6144,2048,8192,0.08832733850882224,0.29721955569848524,1.0525294272493044,0.50048828125,0.5018310546875,-0.0013427734375
random,random-transformer-seed42,transformer,random_init,42,,global_descents,global_run,block_02,1e-06,0.16342338074046248,6144,2048,8192,0.20295065868471285,0.4506495487695114,1.1101438362072096,0.838134765625,0.8125,0.025634765625
random,random-transformer-seed42,transformer,random_init,42,,components,global_run,block_02,0.0001,0.15974993198003506,6144,2048,8192,0.26540699567886694,0.5162331173391222,1.0643485502582462,0.843994140625,0.804931640625,0.0390625
random,random-transformer-seed42,transformer,random_init,42,,max_displacement,global_run,block_02,0.0001,0.4795584677761435,6144,2048,8192,0.4711883709515853,0.6864151567192109,0.7424972989262402,0.377685546875,0.2574462890625,0.1202392578125
random,random-transformer-seed42,transformer,random_init,42,,displacement_one_count,global_run,block_02,1e-05,0.36723245923725745,6144,2048,8192,0.34947978658590295,0.5927024287642502,0.7984399341056987,0.4193115234375,0.3072509765625,0.112060546875
random,random-transformer-seed42,transformer,random_init,42,,descents,local,block_03,0.001,0.15350644023594506,6144,2048,8192,0.15124475240484436,0.38874107639461475,0.9406590239842413,0.377197265625,0.3338623046875,0.0433349609375
random,random-transformer-seed42,transformer,random_init,42,,recoils,local,block_03,0.001,0.1950919107902297,6144,2048,8192,0.1925422326412488,0.4388084874832399,0.909123765673463,0.39599609375,0.33642578125,0.0595703125
random,random-transformer-seed42,transformer,random_init,42,,peaks,local,block_03,0.001,0.01711359551568259,6144,2048,8192,0.03428328591512764,0.18540840100727848,0.9701316638198293,0.482666015625,0.4635009765625,0.0191650390625
random,random-transformer-seed42,transformer,random_init,42,,valleys,local,block_03,0.001,0.06310349623631506,6144,2048,8192,0.05674242306735333,0.23830973949049858,0.9640737310445529,0.4793701171875,0.45556640625,0.0238037109375
random,random-transformer-seed42,transformer,random_init,42,,double_ascents,local,block_03,0.001,0.08772237599703714,6144,2048,8192,0.0874712681433395,0.29616873610518557,0.9676680055412136,0.353759765625,0.344482421875,0.00927734375
random,random-transformer-seed42,transformer,random_init,42,,double_descents,local,block_03,0.001,0.08644092359879574,6144,2048,8192,0.0790210786018457,0.28143159637564547,0.9561029917535243,0.35888671875,0.3399658203125,0.0189208984375
random,random-transformer-seed42,transformer,random_init,42,,successions,local,block_03,0.001,0.04853572907504544,6144,2048,8192,0.05498394387661887,0.23450169683236832,1.03793311133204,0.370361328125,0.398681640625,-0.0283203125
random,random-transformer-seed42,transformer,random_init,42,,adjacencies,local,block_03,0.0001,0.02965971191419081,6144,2048,8192,0.014601088398581541,0.14453021520435044,1.0371425012907523,0.330322265625,0.329345703125,0.0009765625
random,random-transformer-seed42,transformer,random_init,42,,fixed_points,positional,block_03,0.0001,0.37565488319086504,6144,2048,8192,0.39439554096695595,0.6280857692900084,0.7879676313540558,0.520263671875,0.369873046875,0.150390625
random,random-transformer-seed42,transformer,random_init,42,,anti_fixed_points,positional,block_03,0.0001,0.1778873054651079,6144,2048,8192,0.17930395760183904,0.42401047220297666,0.903742089329035,0.4346923828125,0.37939453125,0.0552978515625
random,random-transformer-seed42,transformer,random_init,42,,exceedances,positional,block_03,1e-05,0.45600505951895565,6144,2048,8192,0.4725202141366166,0.687719401639704,0.7239129132203074,0.494873046875,0.3426513671875,0.1522216796875
random,random-transformer-seed42,transformer,random_init,42,,deficiencies,positional,block_03,1e-05,0.4796063090366429,6144,2048,8192,0.46402129227205335,0.6813224372402821,0.7334501549828015,0.5023193359375,0.34033203125,0.1619873046875
random,random-transformer-seed42,transformer,random_init,42,,left_to_right_maxima,positional,block_03,0.0001,0.5004019371223138,6144,2048,8192,0.5031933261784461,0.7092301897452356,0.721275861694015,0.465087890625,0.3026123046875,0.1624755859375
random,random-transformer-seed42,transformer,random_init,42,,left_to_right_minima,positional,block_03,0.0001,0.6250011494379605,6144,2048,8192,0.6433890440806043,0.8021369666017906,0.5886845976179539,0.538330078125,0.307373046875,0.23095703125
random,random-transformer-seed42,transformer,random_init,42,,right_to_left_maxima,positional,block_03,0.0001,0.295931098950987,6144,2048,8192,0.2978150470437416,0.5456629280796145,0.8631540520493829,0.381591796875,0.3045654296875,0.0770263671875
random,random-transformer-seed42,transformer,random_init,42,,right_to_left_minima,positional,block_03,0.0001,0.4376507879670004,6144,2048,8192,0.44083448895767074,0.6640670898704847,0.7684698990397333,0.4375,0.2933349609375,0.1441650390625
random,random-transformer-seed42,transformer,random_init,42,,cycle_count,cycle,block_03,1e-05,0.2904858793896673,6144,2048,8192,0.24246810871495805,0.496529209644088,0.8675539214348752,0.383056640625,0.3079833984375,0.0750732421875
random,random-transformer-seed42,transformer,random_init,42,,two_cycle_count,cycle,block_03,0.001,0.017919128490442526,6144,2048,8192,0.012172976849297412,0.12506303683711464,1.004003029537365,0.4794921875,0.6026611328125,-0.1231689453125
random,random-transformer-seed42,transformer,random_init,42,,three_cycle_count,cycle,block_03,10.0,-1.7175069943142773e-05,6144,2048,8192,4.019865872395556e-06,0.002147955383173824,1.0003216516722215,0.7235107421875,0.7235107421875,0.0
random,random-transformer-seed42,transformer,random_init,42,,even_cycle_count,cycle,block_03,0.001,0.01978920329199274,6144,2048,8192,0.022321983108038013,0.1536082696743762,0.9998014223401195,0.4073486328125,0.40771484375,-0.0003662109375
random,random-transformer-seed42,transformer,random_init,42,,odd_cycle_count,cycle,block_03,0.0001,0.2791152572672466,6144,2048,8192,0.27698934802490616,0.5272123249903136,0.8442455565935654,0.3907470703125,0.5802001953125,-0.189453125
random,random-transformer-seed42,transformer,random_init,42,,longest_cycle,cycle,block_03,0.001,0.10249823078016074,6144,2048,8192,0.08798201427412544,0.29726369935216895,0.9572776861985838,0.18017578125,0.1644287109375,0.0157470703125
random,random-transformer-seed42,transformer,random_init,42,,shortest_cycle,cycle,block_03,0.001,0.11799456134610598,6144,2048,8192,0.11299594640651511,0.33635578217597195,0.9456366443095434,0.20166015625,0.6358642578125,-0.4342041015625
random,random-transformer-seed42,transformer,random_init,42,,nontrivial_cycle_count,cycle,block_03,0.001,0.05868791651680283,6144,2048,8192,0.05365332361477704,0.23349527553994476,0.9871503520170753,0.45263671875,0.4312744140625,0.0213623046875
random,random-transformer-seed42,transformer,random_init,42,,lis_length,global_run,block_03,0.0001,0.3969681904982514,6144,2048,8192,0.3828636016755105,0.6188807498873083,0.8033967358250353,0.4832763671875,0.39697265625,0.0863037109375
random,random-transformer-seed42,transformer,random_init,42,,lds_length,global_run,block_03,0.0001,0.40701630687403445,6144,2048,8192,0.38631312351872327,0.6214466950118758,0.8124558083715098,0.4918212890625,0.396484375,0.0953369140625
random,random-transformer-seed42,transformer,random_init,42,,longest_increasing_run,global_run,block_03,0.001,0.11405774632277832,6144,2048,8192,0.10946502171062134,0.33087646472500765,1.0080265762409049,0.486083984375,0.5040283203125,-0.0179443359375
random,random-transformer-seed42,transformer,random_init,42,,longest_decreasing_run,global_run,block_03,0.001,0.11338580342047,6144,2048,8192,0.10519014448631325,0.3248140433235237,1.0427499086875713,0.515380859375,0.5018310546875,0.0135498046875
random,random-transformer-seed42,transformer,random_init,42,,global_descents,global_run,block_03,0.0001,0.16308445383311232,6144,2048,8192,0.2303609314538385,0.48063449066519703,1.0908880918455652,0.84912109375,0.8125,0.03662109375
random,random-transformer-seed42,transformer,random_init,42,,components,global_run,block_03,1e-05,0.17229538295020197,6144,2048,8192,0.26661424164265357,0.5165314759616797,1.0634736039691755,0.8387451171875,0.804931640625,0.0338134765625
random,random-transformer-seed42,transformer,random_init,42,,max_displacement,global_run,block_03,1e-05,0.506034870130126,6144,2048,8192,0.5113760377800601,0.7151057932957318,0.7137263982211118,0.39111328125,0.2574462890625,0.1336669921875
random,random-transformer-seed42,transformer,random_init,42,,displacement_one_count,global_run,block_03,0.0001,0.3322794336865167,6144,2048,8192,0.3476866203059208,0.5897611940877504,0.7995396311217539,0.4173583984375,0.3072509765625,0.110107421875
random,random-transformer-seed42,transformer,random_init,42,,descents,local,block_04,0.001,0.14535799068845057,6144,2048,8192,0.15207861874868212,0.3898805889419468,0.9401968314651977,0.3785400390625,0.3338623046875,0.044677734375
random,random-transformer-seed42,transformer,random_init,42,,recoils,local,block_04,0.001,0.19377311209685777,6144,2048,8192,0.19277310976398976,0.43905811170796283,0.9089937830949343,0.399169921875,0.33642578125,0.062744140625
random,random-transformer-seed42,transformer,random_init,42,,peaks,local,block_04,0.001,0.017471863128874943,6144,2048,8192,0.034652784611806764,0.18650591632103644,0.9699460521000128,0.4842529296875,0.4635009765625,0.020751953125
random,random-transformer-seed42,transformer,random_init,42,,valleys,local,block_04,0.001,0.05716069968208792,6144,2048,8192,0.05407006851720486,0.23280193105715916,0.9654384296672899,0.4796142578125,0.45556640625,0.0240478515625
random,random-transformer-seed42,transformer,random_init,42,,double_ascents,local,block_04,0.001,0.08538619981876061,6144,2048,8192,0.0904772532793976,0.30107213084504486,0.9660728803804539,0.3466796875,0.344482421875,0.002197265625
random,random-transformer-seed42,transformer,random_init,42,,double_descents,local,block_04,0.001,0.07494122214177568,6144,2048,8192,0.08112080079997952,0.28500527570138745,0.9550124693869808,0.355224609375,0.3399658203125,0.0152587890625
random,random-transformer-seed42,transformer,random_init,42,,successions,local,block_04,0.001,0.05549720834942551,6144,2048,8192,0.05907633875808316,0.24317857638964077,1.0356832867366406,0.370849609375,0.398681640625,-0.02783203125
random,random-transformer-seed42,transformer,random_init,42,,adjacencies,local,block_04,0.001,0.02368136326112147,6144,2048,8192,0.017429511936374986,0.13686931796783144,1.035652959202838,0.3341064453125,0.329345703125,0.0047607421875
random,random-transformer-seed42,transformer,random_init,42,,fixed_points,positional,block_04,1e-05,0.3619054751176065,6144,2048,8192,0.3851152600194929,0.6211886731843108,0.7939820844219432,0.5130615234375,0.369873046875,0.1431884765625
random,random-transformer-seed42,transformer,random_init,42,,anti_fixed_points,positional,block_04,0.001,0.16703989056289914,6144,2048,8192,0.17411283468983718,0.41740851915022004,0.90659578957003,0.409423828125,0.37939453125,0.030029296875
random,random-transformer-seed42,transformer,random_init,42,,exceedances,positional,block_04,1e-05,0.4470304715218544,6144,2048,8192,0.46292827421184846,0.6805214152631383,0.7304652457891384,0.4896240234375,0.3426513671875,0.14697265625
random,random-transformer-seed42,transformer,random_init,42,,deficiencies,positional,block_04,0.0001,0.46359305401442685,6144,2048,8192,0.44742801850658953,0.6685903560611685,0.7447169969682057,0.4903564453125,0.34033203125,0.1500244140625
random,random-transformer-seed42,transformer,random_init,42,,left_to_right_maxima,positional,block_04,0.0001,0.48824059729195723,6144,2048,8192,0.489964718476983,0.6998562799515052,0.730815579916858,0.4654541015625,0.3026123046875,0.162841796875
random,random-transformer-seed42,transformer,random_init,42,,left_to_right_minima,positional,block_04,0.0001,0.6319997814284064,6144,2048,8192,0.6479952085575064,0.805009928839091,0.5848703694394122,0.5404052734375,0.307373046875,0.2330322265625
random,random-transformer-seed42,transformer,random_init,42,,right_to_left_maxima,positional,block_04,0.0001,0.30958290963470314,6144,2048,8192,0.30573605533956694,0.5528938937310987,0.8582718331510084,0.3892822265625,0.3045654296875,0.084716796875
random,random-transformer-seed42,transformer,random_init,42,,right_to_left_minima,positional,block_04,0.0001,0.4459992526093002,6144,2048,8192,0.44463032080401366,0.6669463178732903,0.7658571218442748,0.440185546875,0.2933349609375,0.1468505859375
random,random-transformer-seed42,transformer,random_init,42,,cycle_count,cycle,block_04,0.0001,0.271634510776837,6144,2048,8192,0.23507785794978575,0.4869293869428043,0.871775446562148,0.3795166015625,0.3079833984375,0.071533203125
random,random-transformer-seed42,transformer,random_init,42,,two_cycle_count,cycle,block_04,0.001,0.012477378760862856,6144,2048,8192,0.010707784612510984,0.1217048084918856,1.0047473462692544,0.4761962890625,0.6026611328125,-0.12646484375
random,random-transformer-seed42,transformer,random_init,42,,three_cycle_count,cycle,block_04,10.0,1.7374216996990377e-05,6144,2048,8192,9.391549477977268e-05,0.014433770086774966,1.0002766882089535,0.7235107421875,0.7235107421875,0.0
random,random-transformer-seed42,transformer,random_init,42,,even_cycle_count,cycle,block_04,0.01,0.014251825760272951,6144,2048,8192,0.0198657843554213,0.14111528062908443,1.0010565239898173,0.4093017578125,0.40771484375,0.0015869140625
random,random-transformer-seed42,transformer,random_init,42,,odd_cycle_count,cycle,block_04,0.0001,0.27092455939776894,6144,2048,8192,0.26863120917978156,0.5194232108175713,0.8491113531699332,0.3780517578125,0.5802001953125,-0.2021484375
random,random-transformer-seed42,transformer,random_init,42,,longest_cycle,cycle,block_04,0.001,0.09824050189331535,6144,2048,8192,0.07792846624757233,0.2809876128066978,0.9625394574031877,0.17529296875,0.1644287109375,0.0108642578125
random,random-transformer-seed42,transformer,random_init,42,,shortest_cycle,cycle,block_04,0.001,0.11452086222602753,6144,2048,8192,0.10587859359512386,0.32536200529598397,0.9494229754970834,0.2099609375,0.6358642578125,-0.4259033203125
random,random-transformer-seed42,transformer,random_init,42,,nontrivial_cycle_count,cycle,block_04,0.001,0.05478726967480696,6144,2048,8192,0.052655433646455196,0.23171836879856547,0.9876706729073903,0.4510498046875,0.4312744140625,0.019775390625
random,random-transformer-seed42,transformer,random_init,42,,lis_length,global_run,block_04,0.0001,0.39846438404674356,6144,2048,8192,0.3899997550381461,0.6246496170806642,0.7987382579988149,0.4825439453125,0.39697265625,0.0855712890625
random,random-transformer-seed42,transformer,random_init,42,,lds_length,global_run,block_04,0.0001,0.395743329004012,6144,2048,8192,0.39570844191766685,0.6289874835461201,0.8062126224919364,0.4910888671875,0.396484375,0.0946044921875
random,random-transformer-seed42,transformer,random_init,42,,longest_increasing_run,global_run,block_04,0.001,0.11703850610364641,6144,2048,8192,0.11419179655362754,0.33798135703477744,1.0053478190093992,0.4840087890625,0.5040283203125,-0.02001953125
random,random-transformer-seed42,transformer,random_init,42,,longest_decreasing_run,global_run,block_04,0.001,0.10892058457958709,6144,2048,8192,0.10748009939270198,0.3283468517700811,1.041414775904309,0.5126953125,0.5018310546875,0.0108642578125
random,random-transformer-seed42,transformer,random_init,42,,global_descents,global_run,block_04,0.0001,0.1645674959843213,6144,2048,8192,0.23496708216027273,0.4854452292946929,1.0876188089669094,0.84912109375,0.8125,0.03662109375
random,random-transformer-seed42,transformer,random_init,42,,components,global_run,block_04,0.0001,0.17969030208462922,6144,2048,8192,0.27436544289632836,0.5242849157605082,1.0578387150806472,0.8411865234375,0.804931640625,0.0362548828125
random,random-transformer-seed42,transformer,random_init,42,,max_displacement,global_run,block_04,1e-05,0.5201116497518536,6144,2048,8192,0.513051759457591,0.7162624321789506,0.712501495156982,0.3956298828125,0.2574462890625,0.13818359375
random,random-transformer-seed42,transformer,random_init,42,,displacement_one_count,global_run,block_04,0.0001,0.3361735218607712,6144,2048,8192,0.3252127126614147,0.5710916959930342,0.8131961208550262,0.4091796875,0.3072509765625,0.1019287109375
random,random-transformer-seed42,transformer,random_init,42,,descents,local,final_norm,0.001,0.1456589579048102,6144,2048,8192,0.15020900612128574,0.38742167194052674,0.9412327977779859,0.3726806640625,0.3338623046875,0.038818359375
random,random-transformer-seed42,transformer,random_init,42,,recoils,local,final_norm,0.001,0.19132707137870275,6144,2048,8192,0.19072729257357257,0.43671310968271226,0.9101449206292248,0.392822265625,0.33642578125,0.056396484375
random,random-transformer-seed42,transformer,random_init,42,,peaks,local,final_norm,0.001,0.016280891866582436,6144,2048,8192,0.032845800459032404,0.1818019758112855,0.9708534239229648,0.483642578125,0.4635009765625,0.0201416015625
random,random-transformer-seed42,transformer,random_init,42,,valleys,local,final_norm,0.001,0.05502901081742684,6144,2048,8192,0.05283454210809424,0.23017336459146093,0.9660687276358322,0.4794921875,0.45556640625,0.02392578125
random,random-transformer-seed42,transformer,random_init,42,,double_ascents,local,final_norm,0.001,0.0859445940499558,6144,2048,8192,0.08925711547986448,0.2990359070163518,0.9667206635078222,0.341796875,0.344482421875,-0.002685546875
random,random-transformer-seed42,transformer,random_init,42,,double_descents,local,final_norm,0.001,0.07394815451368353,6144,2048,8192,0.0798693479433088,0.28280229192676676,0.9556625801039093,0.3551025390625,0.3399658203125,0.01513671875
random,random-transformer-seed42,transformer,random_init,42,,successions,local,final_norm,0.001,0.055762887804001404,6144,2048,8192,0.058705754895031936,0.24234282481179048,1.0358872191839725,0.3699951171875,0.398681640625,-0.0286865234375
random,random-transformer-seed42,transformer,random_init,42,,adjacencies,local,final_norm,0.001,0.02255692817177868,6144,2048,8192,0.016387792342393848,0.1334444429123661,1.0362018125387376,0.333740234375,0.329345703125,0.00439453125
random,random-transformer-seed42,transformer,random_init,42,,fixed_points,positional,final_norm,1e-05,0.36132170937811436,6144,2048,8192,0.3844378082805393,0.6206638638427822,0.7944193504949714,0.5147705078125,0.369873046875,0.1448974609375
random,random-transformer-seed42,transformer,random_init,42,,anti_fixed_points,positional,final_norm,0.001,0.16509371519142857,6144,2048,8192,0.17084415533635344,0.41342543665522563,0.90838807110642,0.4156494140625,0.37939453125,0.0362548828125
random,random-transformer-seed42,transformer,random_init,42,,exceedances,positional,final_norm,1e-05,0.4472064508505267,6144,2048,8192,0.46297699925989133,0.6805627908495012,0.7304321098412013,0.4852294921875,0.3426513671875,0.142578125
random,random-transformer-seed42,transformer,random_init,42,,deficiencies,positional,final_norm,0.0001,0.46493407089045036,6144,2048,8192,0.4487137811229124,0.6695331804219965,0.743850062915433,0.4874267578125,0.34033203125,0.1470947265625
random,random-transformer-seed42,transformer,random_init,42,,left_to_right_maxima,positional,final_norm,0.0001,0.4880200825276002,6144,2048,8192,0.49098414625609244,0.7005616225040261,0.7300848595380914,0.462646484375,0.3026123046875,0.1600341796875
random,random-transformer-seed42,transformer,random_init,42,,left_to_right_minima,positional,final_norm,0.0001,0.6309779358129849,6144,2048,8192,0.646518504142547,0.8040913494928796,0.5860958878989111,0.538818359375,0.307373046875,0.2314453125
random,random-transformer-seed42,transformer,random_init,42,,right_to_left_maxima,positional,final_norm,0.0001,0.3050585985597164,6144,2048,8192,0.3021258065915515,0.5496079287054337,0.8605004934770145,0.388427734375,0.3045654296875,0.0838623046875
random,random-transformer-seed42,transformer,random_init,42,,right_to_left_minima,positional,final_norm,0.0001,0.4461594456324991,6144,2048,8192,0.4444394935046936,0.6667918105255524,0.7659886863676252,0.43505859375,0.2933349609375,0.1417236328125
random,random-transformer-seed42,transformer,random_init,42,,cycle_count,cycle,final_norm,0.0001,0.2692624726605909,6144,2048,8192,0.2338468767100239,0.485790826487246,0.8724766341472262,0.378173828125,0.3079833984375,0.0701904296875
random,random-transformer-seed42,transformer,random_init,42,,two_cycle_count,cycle,final_norm,0.001,0.011532085787196444,6144,2048,8192,0.01010789669362211,0.11907184886625216,1.0050519299104734,0.47998046875,0.6026611328125,-0.1226806640625
random,random-transformer-seed42,transformer,random_init,42,,three_cycle_count,cycle,final_norm,10.0,2.262837183852895e-05,6144,2048,8192,7.896717256372643e-05,0.01245474761546367,1.000284165112329,0.7235107421875,0.7235107421875,0.0
random,random-transformer-seed42,transformer,random_init,42,,even_cycle_count,cycle,final_norm,0.01,0.012911667832258389,6144,2048,8192,0.01857506910333606,0.1364266156221249,1.0017154408024385,0.4093017578125,0.40771484375,0.0015869140625
random,random-transformer-seed42,transformer,random_init,42,,odd_cycle_count,cycle,final_norm,0.0001,0.2688575383460863,6144,2048,8192,0.2677182856787208,0.5186068217674683,0.8496411351139239,0.3773193359375,0.5802001953125,-0.202880859375
random,random-transformer-seed42,transformer,random_init,42,,longest_cycle,cycle,final_norm,0.001,0.09545862424499363,6144,2048,8192,0.07463611377138846,0.2751651318100149,0.9642563498897817,0.173583984375,0.1644287109375,0.0091552734375
random,random-transformer-seed42,transformer,random_init,42,,shortest_cycle,cycle,final_norm,0.001,0.11311861775016285,6144,2048,8192,0.10451229626328096,0.3232575843454362,0.9501481001222742,0.215087890625,0.6358642578125,-0.4207763671875
random,random-transformer-seed42,transformer,random_init,42,,nontrivial_cycle_count,cycle,final_norm,0.001,0.052558246364204586,6144,2048,8192,0.05085797594952324,0.22780829899065957,0.9886072143824278,0.4525146484375,0.4312744140625,0.021240234375
random,random-transformer-seed42,transformer,random_init,42,,lis_length,global_run,final_norm,0.0001,0.4003692891234819,6144,2048,8192,0.3889206086535828,0.6238118025888811,0.7994444664206106,0.4820556640625,0.39697265625,0.0850830078125
random,random-transformer-seed42,transformer,random_init,42,,lds_length,global_run,final_norm,0.0001,0.39555966735103865,6144,2048,8192,0.3910628332884063,0.6252608704831959,0.8093056473157026,0.4881591796875,0.396484375,0.0916748046875
random,random-transformer-seed42,transformer,random_init,42,,longest_increasing_run,global_run,final_norm,0.001,0.11763922656120629,6144,2048,8192,0.11295736006957902,0.33611157315147433,1.0060480868295214,0.481201171875,0.5040283203125,-0.0228271484375
random,random-transformer-seed42,transformer,random_init,42,,longest_decreasing_run,global_run,final_norm,0.001,0.10827493759166174,6144,2048,8192,0.1047035400108226,0.3240278507602781,1.0430333978585296,0.5032958984375,0.5018310546875,0.00146484375
random,random-transformer-seed42,transformer,random_init,42,,global_descents,global_run,final_norm,0.0001,0.1632139046761204,6144,2048,8192,0.2284150424646778,0.47851667152686916,1.0922662749211605,0.845947265625,0.8125,0.033447265625
random,random-transformer-seed42,transformer,random_init,42,,components,global_run,final_norm,0.0001,0.18057598426611043,6144,2048,8192,0.2755448458226393,0.5254139061364232,1.056978691652029,0.8421630859375,0.804931640625,0.0372314453125
random,random-transformer-seed42,transformer,random_init,42,,max_displacement,global_run,final_norm,1e-05,0.5151380803610439,6144,2048,8192,0.5113321298884959,0.7150298648233973,0.713758465331752,0.39453125,0.2574462890625,0.1370849609375
random,random-transformer-seed42,transformer,random_init,42,,displacement_one_count,global_run,final_norm,0.0001,0.33505876603619156,6144,2048,8192,0.3237761620824686,0.5698005974147532,0.8140612648040726,0.4085693359375,0.3072509765625,0.101318359375
random,random-transformer-seed314159,transformer,random_init,314159,,descents,local,embedding,10.0,0.0,6144,2048,8192,0.0,0.0048677366483053505,1.0210358474220083,0.3427734375,0.3338623046875,0.0089111328125
random,random-transformer-seed314159,transformer,random_init,314159,,recoils,local,embedding,1.0,2.220446049250313e-16,6144,2048,8192,0.0,0.028911346850020822,1.0117264466110467,0.3408203125,0.33642578125,0.00439453125
random,random-transformer-seed314159,transformer,random_init,314159,,peaks,local,embedding,1e-06,0.0,6144,2048,8192,0.0,-0.013779171256385805,0.987201497821541,0.4708251953125,0.4635009765625,0.00732421875
random,random-transformer-seed314159,transformer,random_init,314159,,valleys,local,embedding,1e-06,0.0,6144,2048,8192,0.0,0.0067635662534018355,0.9926476029684151,0.458984375,0.45556640625,0.00341796875
random,random-transformer-seed314159,transformer,random_init,314159,,double_ascents,local,embedding,1e-06,-2.220446049250313e-16,6144,2048,8192,0.0,0.0,1.012985218660725,0.3338623046875,0.344482421875,-0.0106201171875
random,random-transformer-seed314159,transformer,random_init,314159,,double_descents,local,embedding,10.0,0.0,6144,2048,8192,0.0,0.0,0.9962763749938195,0.3388671875,0.3399658203125,-0.0010986328125
random,random-transformer-seed314159,transformer,random_init,314159,,successions,local,embedding,1e-06,0.0,6144,2048,8192,0.0,0.0,1.0677013036927756,0.3643798828125,0.398681640625,-0.0343017578125
random,random-transformer-seed314159,transformer,random_init,314159,,adjacencies,local,embedding,1e-06,0.0,6144,2048,8192,0.0,0.0,1.0447981442612964,0.329345703125,0.329345703125,0.0
random,random-transformer-seed314159,transformer,random_init,314159,,fixed_points,positional,embedding,1e-06,0.0,6144,2048,8192,-2.220446049250313e-16,0.0,1.0125438624646814,0.3580322265625,0.369873046875,-0.0118408203125
random,random-transformer-seed314159,transformer,random_init,314159,,anti_fixed_points,positional,embedding,1e-06,0.0,6144,2048,8192,0.0,0.0,0.9975928763619372,0.3592529296875,0.37939453125,-0.0201416015625
random,random-transformer-seed314159,transformer,random_init,314159,,exceedances,positional,embedding,1e-06,0.0,6144,2048,8192,0.0,-0.018594878726088317,0.996743501992833,0.3426513671875,0.3426513671875,0.0
random,random-transformer-seed314159,transformer,random_init,314159,,deficiencies,positional,embedding,1e-06,0.0,6144,2048,8192,0.0,0.020193926477010626,1.0018364670463262,0.3414306640625,0.34033203125,0.0010986328125
random,random-transformer-seed314159,transformer,random_init,314159,,left_to_right_maxima,positional,embedding,1e-06,0.0,6144,2048,8192,0.0,0.0,1.0233111062138236,0.3040771484375,0.3026123046875,0.00146484375
random,random-transformer-seed314159,transformer,random_init,314159,,left_to_right_minima,positional,embedding,1.0,0.0,6144,2048,8192,0.0,0.0,0.9857920972831147,0.3160400390625,0.307373046875,0.0086669921875
random,random-transformer-seed314159,transformer,random_init,314159,,right_to_left_maxima,positional,embedding,1e-06,0.0,6144,2048,8192,0.0,0.0,1.0300600749281232,0.305908203125,0.3045654296875,0.0013427734375
random,random-transformer-seed314159,transformer,random_init,314159,,right_to_left_minima,positional,embedding,1e-06,0.0,6144,2048,8192,0.0,0.0,1.0276770844678722,0.3035888671875,0.2933349609375,0.01025390625
random,random-transformer-seed314159,transformer,random_init,314159,,cycle_count,cycle,embedding,1e-06,0.0,6144,2048,8192,0.0,0.0,0.9967724289122708,0.3077392578125,0.3079833984375,-0.000244140625
random,random-transformer-seed314159,transformer,random_init,314159,,two_cycle_count,cycle,embedding,1e-06,0.0,6144,2048,8192,0.0,0.0,1.0101702448488212,0.4593505859375,0.6026611328125,-0.143310546875
random,random-transformer-seed314159,transformer,random_init,314159,,three_cycle_count,cycle,embedding,1e-06,0.0,6144,2048,8192,0.0,0.0,1.0003236622577176,0.7235107421875,0.7235107421875,0.0
random,random-transformer-seed314159,transformer,random_init,314159,,even_cycle_count,cycle,embedding,1e-06,0.0,6144,2048,8192,0.0,0.0,1.0111505563890062,0.3974609375,0.40771484375,-0.01025390625
random,random-transformer-seed314159,transformer,random_init,314159,,odd_cycle_count,cycle,embedding,1e-06,0.0,6144,2048,8192,0.0,0.0,0.9928792526047006,0.3057861328125,0.5802001953125,-0.2744140625
random,random-transformer-seed314159,transformer,random_init,314159,,longest_cycle,cycle,embedding,1e-06,0.0,6144,2048,8192,0.0,-0.024220071648546265,1.002388866359531,0.1435546875,0.1644287109375,-0.0208740234375
random,random-transformer-seed314159,transformer,random_init,314159,,shortest_cycle,cycle,embedding,1e-06,0.0,6144,2048,8192,0.0,0.0,1.004064219330732,0.1092529296875,0.6358642578125,-0.526611328125
random,random-transformer-seed314159,transformer,random_init,314159,,nontrivial_cycle_count,cycle,embedding,1e-06,0.0,6144,2048,8192,0.0,0.0,1.0147479301353286,0.4290771484375,0.4312744140625,-0.002197265625
random,random-transformer-seed314159,transformer,random_init,314159,,lis_length,global_run,embedding,1e-06,2.220446049250313e-16,6144,2048,8192,0.0,-0.010237441462192534,1.022679339029915,0.390869140625,0.39697265625,-0.006103515625
random,random-transformer-seed314159,transformer,random_init,314159,,lds_length,global_run,embedding,1e-06,0.0,6144,2048,8192,0.0,-0.018180216614044627,1.0371136011049422,0.38720703125,0.396484375,-0.00927734375
random,random-transformer-seed314159,transformer,random_init,314159,,longest_increasing_run,global_run,embedding,1e-06,0.0,6144,2048,8192,0.0,0.018594234788771948,1.0681850394483854,0.4554443359375,0.5040283203125,-0.048583984375
random,random-transformer-seed314159,transformer,random_init,314159,,longest_decreasing_run,global_run,embedding,10.0,0.0,6144,2048,8192,0.0,0.0,1.1023380059178607,0.459716796875,0.5018310546875,-0.0421142578125
random,random-transformer-seed314159,transformer,random_init,314159,,global_descents,global_run,embedding,1e-06,0.0,6144,2048,8192,0.0,0.0,1.2434738264527403,0.7889404296875,0.8125,-0.0235595703125
random,random-transformer-seed314159,transformer,random_init,314159,,components,global_run,embedding,1e-06,0.0,6144,2048,8192,0.0,-0.002224617161333969,1.241825229327309,0.7493896484375,0.804931640625,-0.0555419921875
random,random-transformer-seed314159,transformer,random_init,314159,,max_displacement,global_run,embedding,1e-06,-2.220446049250313e-16,6144,2048,8192,0.0,-0.012734495710990073,1.0210438164840894,0.238037109375,0.2574462890625,-0.0194091796875
random,random-transformer-seed314159,transformer,random_init,314159,,displacement_one_count,global_run,embedding,1e-06,0.0,6144,2048,8192,0.0,0.0,0.9899467911205587,0.2646484375,0.3072509765625,-0.0426025390625
random,random-transformer-seed314159,transformer,random_init,314159,,descents,local,block_01,0.0001,0.07758491124747002,6144,2048,8192,0.08796014379662187,0.29672021873958304,0.9750971759919103,0.3685302734375,0.3338623046875,0.03466796875
random,random-transformer-seed314159,transformer,random_init,314159,,recoils,local,block_01,0.0001,0.07579392351850067,6144,2048,8192,0.08218622598007075,0.28725018066397134,0.9692602182174538,0.356689453125,0.33642578125,0.020263671875
random,random-transformer-seed314159,transformer,random_init,314159,,peaks,local,block_01,0.0001,0.058186692935151774,6144,2048,8192,0.05073567904296894,0.22862517234345725,0.9618323601684919,0.486083984375,0.4635009765625,0.0225830078125
random,random-transformer-seed314159,transformer,random_init,314159,,valleys,local,block_01,0.0001,0.06098105321415881,6144,2048,8192,0.05665943054318534,0.24010697551394597,0.9641161421285014,0.476318359375,0.45556640625,0.020751953125
random,random-transformer-seed314159,transformer,random_init,314159,,double_ascents,local,block_01,0.0001,0.03221302715098606,6144,2048,8192,0.06183067768435524,0.2486116485405587,0.9811687827106126,0.3525390625,0.344482421875,0.008056640625
random,random-transformer-seed314159,transformer,random_init,314159,,double_descents,local,block_01,0.0001,0.0354706167708666,6144,2048,8192,0.03161742903962206,0.18436042632946378,0.9804000259293351,0.34912109375,0.3399658203125,0.0091552734375
random,random-transformer-seed314159,transformer,random_init,314159,,successions,local,block_01,0.001,0.02808350302865925,6144,2048,8192,0.038988884089693365,0.1983251126324651,1.0466801273587925,0.3724365234375,0.398681640625,-0.0262451171875
random,random-transformer-seed314159,transformer,random_init,314159,,adjacencies,local,block_01,0.0001,0.03332498305256448,6144,2048,8192,0.022581976112637125,0.15912508745201054,1.032933979360442,0.333984375,0.329345703125,0.004638671875
random,random-transformer-seed314159,transformer,random_init,314159,,fixed_points,positional,block_01,1e-05,0.32787395419776033,6144,2048,8192,0.38774683711093294,0.622953971407174,0.7922812246511357,0.5162353515625,0.369873046875,0.1463623046875
random,random-transformer-seed314159,transformer,random_init,314159,,anti_fixed_points,positional,block_01,1e-05,0.11878480002224423,6144,2048,8192,0.12252847670693545,0.3537286294660719,0.934479664137463,0.4239501953125,0.37939453125,0.0445556640625
random,random-transformer-seed314159,transformer,random_init,314159,,exceedances,positional,block_01,1e-05,0.30700474347926854,6144,2048,8192,0.34444448246313275,0.5874117760969354,0.807027161305949,0.4678955078125,0.3426513671875,0.125244140625
random,random-transformer-seed314159,transformer,random_init,314159,,deficiencies,positional,block_01,1e-05,0.31897198015893813,6144,2048,8192,0.3101017672967129,0.557317081071448,0.8321264989177778,0.4515380859375,0.34033203125,0.1112060546875
random,random-transformer-seed314159,transformer,random_init,314159,,left_to_right_maxima,positional,block_01,1e-05,0.15495486819166604,6144,2048,8192,0.15988502240021651,0.4004693305384467,0.9379443061685725,0.3575439453125,0.3026123046875,0.054931640625
random,random-transformer-seed314159,transformer,random_init,314159,,left_to_right_minima,positional,block_01,0.0001,0.2031484231475098,6144,2048,8192,0.20941967636706038,0.45764421053097615,0.8765129417631278,0.385009765625,0.307373046875,0.07763671875
random,random-transformer-seed314159,transformer,random_init,314159,,right_to_left_maxima,positional,block_01,0.0001,0.11537457269409102,6144,2048,8192,0.10298650711200097,0.3211627435306152,0.9755780989575799,0.3424072265625,0.3045654296875,0.037841796875
random,random-transformer-seed314159,transformer,random_init,314159,,right_to_left_minima,positional,block_01,1e-05,0.17384185618453252,6144,2048,8192,0.16755833146932397,0.41050007137450006,0.9376344986629435,0.3680419921875,0.2933349609375,0.07470703125
random,random-transformer-seed314159,transformer,random_init,314159,,cycle_count,cycle,block_01,1e-05,0.2563339528800693,6144,2048,8192,0.2557863547911752,0.507759955535491,0.8598938265586792,0.385498046875,0.3079833984375,0.0775146484375
random,random-transformer-seed314159,transformer,random_init,314159,,two_cycle_count,cycle,block_01,0.001,0.013323888024398878,6144,2048,8192,0.021354904657582607,0.14606583952345056,0.9993259932982386,0.46826171875,0.6026611328125,-0.1343994140625
random,random-transformer-seed314159,transformer,random_init,314159,,three_cycle_count,cycle,block_01,0.01,0.00142169671715342,6144,2048,8192,0.003409181109853443,0.058624788037960764,0.9986170642239158,0.7235107421875,0.7235107421875,0.0
random,random-transformer-seed314159,transformer,random_init,314159,,even_cycle_count,cycle,block_01,0.001,0.01921900604969151,6144,2048,8192,0.025439452021725262,0.1592333934508502,0.9982061433209088,0.4049072265625,0.40771484375,-0.0028076171875
random,random-transformer-seed314159,transformer,random_init,314159,,odd_cycle_count,cycle,block_01,1e-05,0.23945554736791153,6144,2048,8192,0.2776601044539395,0.5280816277722569,0.8438538510680635,0.390380859375,0.5802001953125,-0.1898193359375
random,random-transformer-seed314159,transformer,random_init,314159,,longest_cycle,cycle,block_01,0.0001,0.10687845347056357,6144,2048,8192,0.09561026365071223,0.31114041840969503,0.9532658757390273,0.18798828125,0.1644287109375,0.0235595703125
random,random-transformer-seed314159,transformer,random_init,314159,,shortest_cycle,cycle,block_01,0.001,0.11223290926554574,6144,2048,8192,0.1120180976470565,0.33633896387876555,0.9461577439074952,0.1883544921875,0.6358642578125,-0.447509765625
random,random-transformer-seed314159,transformer,random_init,314159,,nontrivial_cycle_count,cycle,block_01,0.001,0.04581007599967335,6144,2048,8192,0.05819086113424854,0.24126082184442374,0.984780916993398,0.449951171875,0.4312744140625,0.0186767578125
random,random-transformer-seed314159,transformer,random_init,314159,,lis_length,global_run,block_01,0.0001,0.15166904243037493,6144,2048,8192,0.1690061546435856,0.4112005516011316,0.9322628660158203,0.4415283203125,0.39697265625,0.0445556640625
random,random-transformer-seed314159,transformer,random_init,314159,,lds_length,global_run,block_01,1e-05,0.11465751361230692,6144,2048,8192,0.09487997738917053,0.3134384148189494,0.9866870220186661,0.4193115234375,0.396484375,0.0228271484375
random,random-transformer-seed314159,transformer,random_init,314159,,longest_increasing_run,global_run,block_01,0.0001,0.07364760114405122,6144,2048,8192,0.08367419037109824,0.28918103827580127,1.0225191510064413,0.493896484375,0.5040283203125,-0.0101318359375
random,random-transformer-seed314159,transformer,random_init,314159,,longest_decreasing_run,global_run,block_01,0.0001,0.05459506885249743,6144,2048,8192,0.045179670541438566,0.214761835905656,1.0771485711032938,0.4833984375,0.5018310546875,-0.0184326171875
random,random-transformer-seed314159,transformer,random_init,314159,,global_descents,global_run,block_01,1e-05,0.05144368028851232,6144,2048,8192,0.07641156970458418,0.27986547324580313,1.1950219717148358,0.825927734375,0.8125,0.013427734375
random,random-transformer-seed314159,transformer,random_init,314159,,components,global_run,block_01,1e-05,0.1157405352376718,6144,2048,8192,0.1816075271650568,0.42615374012586793,1.1234177773439087,0.81787109375,0.804931640625,0.012939453125
random,random-transformer-seed314159,transformer,random_init,314159,,max_displacement,global_run,block_01,0.0001,0.13730405827025105,6144,2048,8192,0.1309829603852175,0.3618361350934512,0.9518281080370862,0.304443359375,0.2574462890625,0.0469970703125
random,random-transformer-seed314159,transformer,random_init,314159,,displacement_one_count,global_run,block_01,1e-05,0.33135613302731337,6144,2048,8192,0.367414596442748,0.6062260791520223,0.7873565333949354,0.4300537109375,0.3072509765625,0.122802734375
random,random-transformer-seed314159,transformer,random_init,314159,,descents,local,block_02,0.001,0.14837838908010448,6144,2048,8192,0.14784180494700205,0.3843754343554848,0.9425428480740256,0.3800048828125,0.3338623046875,0.046142578125
random,random-transformer-seed314159,transformer,random_init,314159,,recoils,local,block_02,0.001,0.19106082659057233,6144,2048,8192,0.19331662795676696,0.4399340340513192,0.908687711867714,0.405517578125,0.33642578125,0.069091796875
random,random-transformer-seed314159,transformer,random_init,314159,,peaks,local,block_02,0.001,0.037598759657789804,6144,2048,8192,0.04108456280715034,0.20268486513952905,0.9667094426494519,0.47998046875,0.4635009765625,0.0164794921875
random,random-transformer-seed314159,transformer,random_init,314159,,valleys,local,block_02,0.001,0.04978705429589014,6144,2048,8192,0.045660097612742256,0.21400757251764893,0.9697206402447646,0.4674072265625,0.45556640625,0.0118408203125
random,random-transformer-seed314159,transformer,random_init,314159,,double_ascents,local,block_02,0.001,0.08328437462707228,6144,2048,8192,0.087782197549922,0.2964485789335124,0.9675031328844469,0.3502197265625,0.344482421875,0.0057373046875
random,random-transformer-seed314159,transformer,random_init,314159,,double_descents,local,block_02,0.001,0.08415348666015965,6144,2048,8192,0.08292273790079285,0.28787133841064283,0.9540756123470265,0.3590087890625,0.3399658203125,0.01904296875
random,random-transformer-seed314159,transformer,random_init,314159,,successions,local,block_02,0.001,0.060004893464681186,6144,2048,8192,0.06074036363631685,0.2464930183771461,1.034767077770543,0.3709716796875,0.398681640625,-0.0277099609375
random,random-transformer-seed314159,transformer,random_init,314159,,adjacencies,local,block_02,0.001,0.03388108225356623,6144,2048,8192,0.01677796305124557,0.13541045116926273,1.035996276406901,0.335205078125,0.329345703125,0.005859375
random,random-transformer-seed314159,transformer,random_init,314159,,fixed_points,positional,block_02,1e-05,0.35426206050846965,6144,2048,8192,0.39993139230417907,0.632552310361158,0.7843579436399404,0.5150146484375,0.369873046875,0.1451416015625
random,random-transformer-seed314159,transformer,random_init,314159,,anti_fixed_points,positional,block_02,0.0001,0.17487613529566726,6144,2048,8192,0.17902070855400687,0.4232460437272675,0.9038980313524855,0.415771484375,0.37939453125,0.036376953125
random,random-transformer-seed314159,transformer,random_init,314159,,exceedances,positional,block_02,1e-05,0.4437011566628728,6144,2048,8192,0.44583760694654995,0.6678758854945025,0.7419966390530738,0.492919921875,0.3426513671875,0.1502685546875
random,random-transformer-seed314159,transformer,random_init,314159,,deficiencies,positional,block_02,0.0001,0.45566873561440013,6144,2048,8192,0.4334514038526046,0.6582448119663701,0.7540765230064367,0.483642578125,0.34033203125,0.143310546875
random,random-transformer-seed314159,transformer,random_init,314159,,left_to_right_maxima,positional,block_02,1e-05,0.47246777520289196,6144,2048,8192,0.459508567001363,0.6777576009483525,0.7523191122090797,0.44384765625,0.3026123046875,0.1412353515625
random,random-transformer-seed314159,transformer,random_init,314159,,left_to_right_minima,positional,block_02,0.0001,0.593436317094703,6144,2048,8192,0.5935253712337395,0.7704103085921978,0.6284953282236991,0.5042724609375,0.307373046875,0.1968994140625
random,random-transformer-seed314159,transformer,random_init,314159,,right_to_left_maxima,positional,block_02,0.0001,0.2655498453160797,6144,2048,8192,0.26998462113509925,0.5195532090074351,0.880092984094584,0.382568359375,0.3045654296875,0.0780029296875
random,random-transformer-seed314159,transformer,random_init,314159,,right_to_left_minima,positional,block_02,0.0001,0.4147013409927186,6144,2048,8192,0.3933823332231613,0.6274219653240272,0.8004131217424841,0.4227294921875,0.2933349609375,0.12939453125
random,random-transformer-seed314159,transformer,random_init,314159,,cycle_count,cycle,block_02,0.0001,0.2479132725223251,6144,2048,8192,0.2536659870139095,0.5043999841225473,0.8611179335862506,0.386474609375,0.3079833984375,0.0784912109375
random,random-transformer-seed314159,transformer,random_init,314159,,two_cycle_count,cycle,block_02,0.01,0.005143697039255879,6144,2048,8192,0.015609935360791805,0.12586562038941454,1.002254887686542,0.4686279296875,0.6026611328125,-0.134033203125
random,random-transformer-seed314159,transformer,random_init,314159,,three_cycle_count,cycle,block_02,1.0,1.799417104419998e-05,6144,2048,8192,0.0005063367232471805,0.027688129260793445,1.00007037988945,0.7235107421875,0.7235107421875,0.0
random,random-transformer-seed314159,transformer,random_init,314159,,even_cycle_count,cycle,block_02,0.01,0.01211562374486419,6144,2048,8192,0.022216252963614624,0.1528628757478415,0.99985548220909,0.4072265625,0.40771484375,-0.00048828125
random,random-transformer-seed314159,transformer,random_init,314159,,odd_cycle_count,cycle,block_02,0.0001,0.2519434277249688,6144,2048,8192,0.27712104350979394,0.5268114654446021,0.844168663956456,0.385009765625,0.5802001953125,-0.1951904296875
random,random-transformer-seed314159,transformer,random_init,314159,,longest_cycle,cycle,block_02,0.001,0.09612569489707234,6144,2048,8192,0.0900373700847712,0.3004120704509926,0.9561984004447507,0.1817626953125,0.1644287109375,0.017333984375
random,random-transformer-seed314159,transformer,random_init,314159,,shortest_cycle,cycle,block_02,0.001,0.11891720538668105,6144,2048,8192,0.11706511935782837,0.34250204198565054,0.9434650745379277,0.1976318359375,0.6358642578125,-0.438232421875
random,random-transformer-seed314159,transformer,random_init,314159,,nontrivial_cycle_count,cycle,block_02,0.001,0.04761912556554182,6144,2048,8192,0.056205098177903645,0.23800200618103073,0.985818553854462,0.4510498046875,0.4312744140625,0.019775390625
random,random-transformer-seed314159,transformer,random_init,314159,,lis_length,global_run,block_02,0.001,0.3934942647687151,6144,2048,8192,0.38125378224302153,0.6177139022778986,0.804443896031726,0.4874267578125,0.39697265625,0.0904541015625
random,random-transformer-seed314159,transformer,random_init,314159,,lds_length,global_run,block_02,0.0001,0.3662027091470472,6144,2048,8192,0.35149578353605104,0.5927700175871734,0.8351850886801527,0.4820556640625,0.396484375,0.0855712890625
random,random-transformer-seed314159,transformer,random_init,314159,,longest_increasing_run,global_run,block_02,0.001,0.11935175204274551,6144,2048,8192,0.11145208222200964,0.3337932556834544,1.0069013377967664,0.49560546875,0.5040283203125,-0.0084228515625
random,random-transformer-seed314159,transformer,random_init,314159,,longest_decreasing_run,global_run,block_02,0.0001,0.10381656750759805,6144,2048,8192,0.08884044990475581,0.29951260546650915,1.0522331910681237,0.50830078125,0.5018310546875,0.0064697265625
random,random-transformer-seed314159,transformer,random_init,314159,,global_descents,global_run,block_02,0.0001,0.13558022787300428,6144,2048,8192,0.19649325730163447,0.4437036835892291,1.1146317537426862,0.839111328125,0.8125,0.026611328125
random,random-transformer-seed314159,transformer,random_init,314159,,components,global_run,block_02,1e-05,0.16748181166967824,6144,2048,8192,0.2605503894983259,0.5105279347855248,1.0678611117749859,0.833984375,0.804931640625,0.029052734375
random,random-transformer-seed314159,transformer,random_init,314159,,max_displacement,global_run,block_02,0.0001,0.46798805748184824,6144,2048,8192,0.44920041483119677,0.6702385396005212,0.7577765853173327,0.37451171875,0.2574462890625,0.1170654296875
random,random-transformer-seed314159,transformer,random_init,314159,,displacement_one_count,global_run,block_02,0.0001,0.3727075117040055,6144,2048,8192,0.39176713229495363,0.6259014895484382,0.7720524307641693,0.4261474609375,0.3072509765625,0.118896484375
random,random-transformer-seed314159,transformer,random_init,314159,,descents,local,block_03,0.001,0.15136874368167996,6144,2048,8192,0.1532480426622459,0.39139059845305185,0.9395482642522817,0.38134765625,0.3338623046875,0.0474853515625
random,random-transformer-seed314159,transformer,random_init,314159,,recoils,local,block_03,0.001,0.19218212619375385,6144,2048,8192,0.19523236556569878,0.44201506072113794,0.9076080801032179,0.4061279296875,0.33642578125,0.0697021484375
random,random-transformer-seed314159,transformer,random_init,314159,,peaks,local,block_03,0.001,0.03601031808603239,6144,2048,8192,0.03769274038611359,0.1951703647060275,0.9684176289295325,0.4835205078125,0.4635009765625,0.02001953125
random,random-transformer-seed314159,transformer,random_init,314159,,valleys,local,block_03,0.001,0.05561763610523096,6144,2048,8192,0.05597008844891471,0.23666353559256578,0.9644683396761954,0.4716796875,0.45556640625,0.01611328125
random,random-transformer-seed314159,transformer,random_init,314159,,double_ascents,local,block_03,0.001,0.08444437515009307,6144,2048,8192,0.08615189995909289,0.29412661646330046,0.9683672981712819,0.349609375,0.344482421875,0.005126953125
random,random-transformer-seed314159,transformer,random_init,314159,,double_descents,local,block_03,0.001,0.08337168533298156,6144,2048,8192,0.08841203571952727,0.2973721700042813,0.9512159483096622,0.36083984375,0.3399658203125,0.0208740234375
random,random-transformer-seed314159,transformer,random_init,314159,,successions,local,block_03,0.001,0.05781733553488699,6144,2048,8192,0.05782974450706946,0.24077081017764343,1.0363691285017993,0.3692626953125,0.398681640625,-0.0294189453125
random,random-transformer-seed314159,transformer,random_init,314159,,adjacencies,local,block_03,0.001,0.029496834835700314,6144,2048,8192,0.019392921375699368,0.1439830970612462,1.0346177013529363,0.3380126953125,0.329345703125,0.0086669921875
random,random-transformer-seed314159,transformer,random_init,314159,,fixed_points,positional,block_03,0.0001,0.3509774061557338,6144,2048,8192,0.3845292653714232,0.6201958067248541,0.7943603329151039,0.511962890625,0.369873046875,0.14208984375
random,random-transformer-seed314159,transformer,random_init,314159,,anti_fixed_points,positional,block_03,0.001,0.17254282577593383,6144,2048,8192,0.18077507254807512,0.42640546653233585,0.9029317376555643,0.415283203125,0.37939453125,0.035888671875
random,random-transformer-seed314159,transformer,random_init,314159,,exceedances,positional,block_03,0.0001,0.4507952496433918,6144,2048,8192,0.46377476331690193,0.6809627850969486,0.7298893686060033,0.4981689453125,0.3426513671875,0.155517578125
random,random-transformer-seed314159,transformer,random_init,314159,,deficiencies,positional,block_03,1e-05,0.4669548716265879,6144,2048,8192,0.4354251741058459,0.6599617131604477,0.7527618322626499,0.4857177734375,0.34033203125,0.1453857421875
random,random-transformer-seed314159,transformer,random_init,314159,,left_to_right_maxima,positional,block_03,1e-06,0.4983525737930382,6144,2048,8192,0.481602885697919,0.6940325425524719,0.7367819457997592,0.447998046875,0.3026123046875,0.1453857421875
random,random-transformer-seed314159,transformer,random_init,314159,,left_to_right_minima,positional,block_03,0.0001,0.6229057975961654,6144,2048,8192,0.6463707658688904,0.8039879068110936,0.5862183550578597,0.539794921875,0.307373046875,0.232421875
random,random-transformer-seed314159,transformer,random_init,314159,,right_to_left_maxima,positional,block_03,0.0001,0.26975097123415903,6144,2048,8192,0.307404926385182,0.5546509183558487,0.8572396559609348,0.386474609375,0.3045654296875,0.0819091796875
random,random-transformer-seed314159,transformer,random_init,314159,,right_to_left_minima,positional,block_03,0.0001,0.4424005184207962,6144,2048,8192,0.43024345709218503,0.6559960041148607,0.7757134705002738,0.4371337890625,0.2933349609375,0.143798828125
random,random-transformer-seed314159,transformer,random_init,314159,,cycle_count,cycle,block_03,0.0001,0.24940808976716966,6144,2048,8192,0.23902921058447546,0.4910870585837925,0.8695208692003285,0.3836669921875,0.3079833984375,0.07568359375
random,random-transformer-seed314159,transformer,random_init,314159,,two_cycle_count,cycle,block_03,0.01,0.005168508530129956,6144,2048,8192,0.014747200583124287,0.12174129725334908,1.0026939873925111,0.4649658203125,0.6026611328125,-0.1376953125
random,random-transformer-seed314159,transformer,random_init,314159,,three_cycle_count,cycle,block_03,10.0,-5.002962638411823e-05,6144,2048,8192,2.3950131009864428e-05,0.005089606803153909,1.0003116832446108,0.7235107421875,0.7235107421875,0.0
random,random-transformer-seed314159,transformer,random_init,314159,,even_cycle_count,cycle,block_03,0.01,0.008855900926112437,6144,2048,8192,0.0206075020128087,0.14570312117736456,1.000677676984285,0.406982421875,0.40771484375,-0.000732421875
random,random-transformer-seed314159,transformer,random_init,314159,,odd_cycle_count,cycle,block_03,0.0001,0.24802597569310403,6144,2048,8192,0.2647525333977002,0.5157365930001268,0.8513599264656727,0.3824462890625,0.5802001953125,-0.19775390625
random,random-transformer-seed314159,transformer,random_init,314159,,longest_cycle,cycle,block_03,0.001,0.09152192842563356,6144,2048,8192,0.08613899397710312,0.29473265619130157,0.958244438943761,0.180908203125,0.1644287109375,0.0164794921875
random,random-transformer-seed314159,transformer,random_init,314159,,shortest_cycle,cycle,block_03,0.001,0.12333939886555823,6144,2048,8192,0.1130031805521059,0.3361736307263982,0.9456327881337563,0.20263671875,0.6358642578125,-0.4332275390625
random,random-transformer-seed314159,transformer,random_init,314159,,nontrivial_cycle_count,cycle,block_03,0.001,0.04737413685122238,6144,2048,8192,0.05461937924924942,0.23500973219946988,0.9866463688132951,0.4539794921875,0.4312744140625,0.022705078125
random,random-transformer-seed314159,transformer,random_init,314159,,lis_length,global_run,block_03,0.0001,0.3995154655911265,6144,2048,8192,0.3880504374031708,0.6231125613772097,0.8000134645949646,0.47802734375,0.39697265625,0.0810546875
random,random-transformer-seed314159,transformer,random_init,314159,,lds_length,global_run,block_03,0.0001,0.38640751410284535,6144,2048,8192,0.3857163729148543,0.6210093988094973,0.8128507293864388,0.4937744140625,0.396484375,0.0972900390625
random,random-transformer-seed314159,transformer,random_init,314159,,longest_increasing_run,global_run,block_03,0.001,0.11885470021682143,6144,2048,8192,0.11139526151517753,0.3337569228170401,1.0069335318574069,0.480712890625,0.5040283203125,-0.0233154296875
random,random-transformer-seed314159,transformer,random_init,314159,,longest_decreasing_run,global_run,block_03,0.001,0.10977370482289506,6144,2048,8192,0.09971910173787601,0.3161486655612921,1.0459328394435579,0.50927734375,0.5018310546875,0.0074462890625
random,random-transformer-seed314159,transformer,random_init,314159,,global_descents,global_run,block_03,0.0001,0.1562036319058142,6144,2048,8192,0.22701403119373986,0.4771506013101734,1.0932574705917346,0.842041015625,0.8125,0.029541015625
random,random-transformer-seed314159,transformer,random_init,314159,,components,global_run,block_03,1e-06,0.17408121609429195,6144,2048,8192,0.2677327799993394,0.5175688313027429,1.0626623052008703,0.837158203125,0.804931640625,0.0322265625
random,random-transformer-seed314159,transformer,random_init,314159,,max_displacement,global_run,block_03,0.0001,0.5065077650091409,6144,2048,8192,0.4894877390959995,0.6996215622258875,0.7295372437001865,0.3907470703125,0.2574462890625,0.13330078125
random,random-transformer-seed314159,transformer,random_init,314159,,displacement_one_count,global_run,block_03,0.0001,0.3521103905418942,6144,2048,8192,0.36650995571339495,0.605619868770344,0.787919319317625,0.4197998046875,0.3072509765625,0.112548828125
random,random-transformer-seed314159,transformer,random_init,314159,,descents,local,block_04,0.001,0.15294379048521833,6144,2048,8192,0.15496911749907083,0.39361424755422453,0.938592934077314,0.383056640625,0.3338623046875,0.0491943359375
random,random-transformer-seed314159,transformer,random_init,314159,,recoils,local,block_04,0.001,0.1857838117731131,6144,2048,8192,0.19446802001760466,0.4411814764769245,0.9080389880594776,0.4010009765625,0.33642578125,0.0645751953125
random,random-transformer-seed314159,transformer,random_init,314159,,peaks,local,block_04,0.0001,0.04084168612643324,6144,2048,8192,0.034170788672523766,0.1995515087269805,0.9701881679464351,0.4853515625,0.4635009765625,0.0218505859375
random,random-transformer-seed314159,transformer,random_init,314159,,valleys,local,block_04,0.001,0.0436079120579389,6144,2048,8192,0.05446683756374593,0.2337959686278263,0.965235932500745,0.4688720703125,0.45556640625,0.0133056640625
random,random-transformer-seed314159,transformer,random_init,314159,,double_ascents,local,block_04,0.001,0.09156290195119254,6144,2048,8192,0.08692924590546414,0.2954206101840771,0.9679553497626379,0.351318359375,0.344482421875,0.0068359375
random,random-transformer-seed314159,transformer,random_init,314159,,double_descents,local,block_04,0.01,0.07635802085335386,6144,2048,8192,0.07582844750479689,0.27853987987281886,0.9577587534876228,0.3572998046875,0.3399658203125,0.017333984375
random,random-transformer-seed314159,transformer,random_init,314159,,successions,local,block_04,0.0001,0.0650483228441181,6144,2048,8192,0.05501973998019294,0.24324244415208474,1.0379134532993755,0.3760986328125,0.398681640625,-0.0225830078125
random,random-transformer-seed314159,transformer,random_init,314159,,adjacencies,local,block_04,0.001,0.027582261708608224,6144,2048,8192,0.017785121110540536,0.1406594374301407,1.0354655319258823,0.3392333984375,0.329345703125,0.0098876953125
random,random-transformer-seed314159,transformer,random_init,314159,,fixed_points,positional,block_04,0.0001,0.32558731134668173,6144,2048,8192,0.37511276922212355,0.6126156171066865,0.8004139896296757,0.5015869140625,0.369873046875,0.1317138671875
random,random-transformer-seed314159,transformer,random_init,314159,,anti_fixed_points,positional,block_04,0.001,0.15967905205922417,6144,2048,8192,0.17681455304556848,0.4216205835254328,0.9051117049271841,0.413818359375,0.37939453125,0.034423828125
random,random-transformer-seed314159,transformer,random_init,314159,,exceedances,positional,block_04,1e-05,0.47625893131917774,6144,2048,8192,0.46761395937598305,0.6845143724729277,0.7272717912168691,0.5013427734375,0.3426513671875,0.15869140625
random,random-transformer-seed314159,transformer,random_init,314159,,deficiencies,positional,block_04,0.0001,0.4882973457236801,6144,2048,8192,0.45091919797713964,0.6714291589827639,0.7423606882481725,0.49365234375,0.34033203125,0.1533203125
random,random-transformer-seed314159,transformer,random_init,314159,,left_to_right_maxima,positional,block_04,0.0001,0.486611436915537,6144,2048,8192,0.4909730117406247,0.700884863882796,0.7300928446496028,0.4459228515625,0.3026123046875,0.143310546875
random,random-transformer-seed314159,transformer,random_init,314159,,left_to_right_minima,positional,block_04,0.0001,0.6342856662295001,6144,2048,8192,0.6447182191717487,0.8029699409899222,0.587586488654207,0.5355224609375,0.307373046875,0.2281494140625
random,random-transformer-seed314159,transformer,random_init,314159,,right_to_left_maxima,positional,block_04,0.001,0.26697205661840917,6144,2048,8192,0.28580982319869674,0.538037163654421,0.870501433248964,0.3756103515625,0.3045654296875,0.071044921875
random,random-transformer-seed314159,transformer,random_init,314159,,right_to_left_minima,positional,block_04,0.0001,0.45153446688861454,6144,2048,8192,0.4272945375095498,0.653761161320889,0.7777183306476136,0.4310302734375,0.2933349609375,0.1376953125
random,random-transformer-seed314159,transformer,random_init,314159,,cycle_count,cycle,block_04,0.0001,0.23166821081409805,6144,2048,8192,0.2327381226077907,0.4848169490037078,0.8731077170772621,0.3797607421875,0.3079833984375,0.07177734375
random,random-transformer-seed314159,transformer,random_init,314159,,two_cycle_count,cycle,block_04,0.01,0.0019716793525380583,6144,2048,8192,0.013755698851537268,0.11750232541464317,1.0031983872945112,0.4674072265625,0.6026611328125,-0.13525390625
random,random-transformer-seed314159,transformer,random_init,314159,,three_cycle_count,cycle,block_04,10.0,-6.594605949428178e-05,6144,2048,8192,3.805232422848803e-05,0.006563060118233975,1.0003046297564933,0.7235107421875,0.7235107421875,0.0
random,random-transformer-seed314159,transformer,random_init,314159,,even_cycle_count,cycle,block_04,0.01,0.007539629021712679,6144,2048,8192,0.02101454034029715,0.14804377042284017,1.0004697131200209,0.409423828125,0.40771484375,0.001708984375
random,random-transformer-seed314159,transformer,random_init,314159,,odd_cycle_count,cycle,block_04,0.0001,0.22685591067930122,6144,2048,8192,0.2550921802700816,0.5066664998062499,0.8569346471459403,0.3748779296875,0.5802001953125,-0.205322265625
random,random-transformer-seed314159,transformer,random_init,314159,,longest_cycle,cycle,block_04,0.001,0.09081611211019902,6144,2048,8192,0.08283313532536485,0.2896150005186868,0.9599760813650058,0.1788330078125,0.1644287109375,0.014404296875
random,random-transformer-seed314159,transformer,random_init,314159,,shortest_cycle,cycle,block_04,0.001,0.112048837865385,6144,2048,8192,0.10998647813167861,0.3316499658614848,0.9472394857290094,0.19970703125,0.6358642578125,-0.4361572265625
random,random-transformer-seed314159,transformer,random_init,314159,,nontrivial_cycle_count,cycle,block_04,0.001,0.04602075285991525,6144,2048,8192,0.049602331782498954,0.22512198496798308,0.989260925087677,0.4530029296875,0.4312744140625,0.021728515625
random,random-transformer-seed314159,transformer,random_init,314159,,lis_length,global_run,block_04,0.0001,0.40685417094178955,6144,2048,8192,0.39839932618916807,0.6313724745253685,0.793219969401011,0.4818115234375,0.39697265625,0.0848388671875
random,random-transformer-seed314159,transformer,random_init,314159,,lds_length,global_run,block_04,0.0001,0.38363096580411205,6144,2048,8192,0.3891237198164381,0.6237295519526069,0.8105932088226118,0.4967041015625,0.396484375,0.1002197265625
random,random-transformer-seed314159,transformer,random_init,314159,,longest_increasing_run,global_run,block_04,0.0001,0.1336967950373581,6144,2048,8192,0.11551703930638069,0.3423502689528603,1.0045954955390604,0.482666015625,0.5040283203125,-0.0213623046875
random,random-transformer-seed314159,transformer,random_init,314159,,longest_decreasing_run,global_run,block_04,0.001,0.10131480487786992,6144,2048,8192,0.10199085601065583,0.31993488182614227,1.0446123608848976,0.5115966796875,0.5018310546875,0.009765625
random,random-transformer-seed314159,transformer,random_init,314159,,global_descents,global_run,block_04,0.0001,0.15545916383083958,6144,2048,8192,0.2273398985539813,0.47734534540415036,1.093027004260475,0.8446044921875,0.8125,0.0321044921875
random,random-transformer-seed314159,transformer,random_init,314159,,components,global_run,block_04,1e-06,0.17501787015989612,6144,2048,8192,0.27164565540294183,0.5212615628196032,1.0598193302347336,0.8377685546875,0.804931640625,0.0328369140625
random,random-transformer-seed314159,transformer,random_init,314159,,max_displacement,global_run,block_04,0.0001,0.5102928767981447,6144,2048,8192,0.489731126475357,0.6997964915552187,0.7293633190567036,0.383544921875,0.2574462890625,0.1260986328125
random,random-transformer-seed314159,transformer,random_init,314159,,displacement_one_count,global_run,block_04,0.0001,0.34595376271380984,6144,2048,8192,0.364294907121664,0.6040184736998546,0.7892956287232779,0.4168701171875,0.3072509765625,0.109619140625
random,random-transformer-seed314159,transformer,random_init,314159,,descents,local,final_norm,0.001,0.15422982179111888,6144,2048,8192,0.153433841840814,0.39163516743651045,0.9394451780583847,0.381591796875,0.3338623046875,0.0477294921875
random,random-transformer-seed314159,transformer,random_init,314159,,recoils,local,final_norm,0.001,0.18828071486331932,6144,2048,8192,0.19371251001407064,0.4402401158840393,0.9084647140230026,0.3973388671875,0.33642578125,0.0609130859375
random,random-transformer-seed314159,transformer,random_init,314159,,peaks,local,final_norm,0.001,0.0376392662950672,6144,2048,8192,0.036543229212211426,0.19266159271074598,0.9689958614177407,0.483154296875,0.4635009765625,0.0196533203125
random,random-transformer-seed314159,transformer,random_init,314159,,valleys,local,final_norm,0.001,0.041330402006766964,6144,2048,8192,0.05314012094318621,0.23101357932788977,0.9659128763174046,0.463623046875,0.45556640625,0.008056640625
random,random-transformer-seed314159,transformer,random_init,314159,,double_ascents,local,final_norm,0.001,0.09293816780916397,6144,2048,8192,0.08551073264489228,0.29324347742505885,0.9687069479405529,0.35546875,0.344482421875,0.010986328125
random,random-transformer-seed314159,transformer,random_init,314159,,double_descents,local,final_norm,0.01,0.07806504067315023,6144,2048,8192,0.07556522252637488,0.2775753892543274,0.9578951394636464,0.3531494140625,0.3399658203125,0.01318359375
random,random-transformer-seed314159,transformer,random_init,314159,,successions,local,final_norm,0.0001,0.06658000526093533,6144,2048,8192,0.0538296275336696,0.24122671362316073,1.0385668241164143,0.3692626953125,0.398681640625,-0.0294189453125
random,random-transformer-seed314159,transformer,random_init,314159,,adjacencies,local,final_norm,0.001,0.02752331451337542,6144,2048,8192,0.017389344092430203,0.1394329422819865,1.0356741279239654,0.3375244140625,0.329345703125,0.0081787109375
random,random-transformer-seed314159,transformer,random_init,314159,,fixed_points,positional,final_norm,0.0001,0.32821342130378794,6144,2048,8192,0.3736527788287223,0.6114123366770707,0.8013484902044568,0.5001220703125,0.369873046875,0.1302490234375
random,random-transformer-seed314159,transformer,random_init,314159,,anti_fixed_points,positional,final_norm,0.001,0.15907098978801837,6144,2048,8192,0.1753838919142372,0.4198946079915404,0.905897886221549,0.4141845703125,0.37939453125,0.0347900390625
random,random-transformer-seed314159,transformer,random_init,314159,,exceedances,positional,final_norm,1e-05,0.4745913674412421,6144,2048,8192,0.4661158842897086,0.6834135994638606,0.7282943033662678,0.5008544921875,0.3426513671875,0.158203125
random,random-transformer-seed314159,transformer,random_init,314159,,deficiencies,positional,final_norm,0.0001,0.49335082384323736,6144,2048,8192,0.45083890547862115,0.6713638462308226,0.7424149642448415,0.49658203125,0.34033203125,0.15625
random,random-transformer-seed314159,transformer,random_init,314159,,left_to_right_maxima,positional,final_norm,0.0001,0.4859435532252626,6144,2048,8192,0.487259119712952,0.6981748453138107,0.7327514052232812,0.4521484375,0.3026123046875,0.1495361328125
random,random-transformer-seed314159,transformer,random_init,314159,,left_to_right_minima,positional,final_norm,0.0001,0.6338617631976138,6144,2048,8192,0.6439966304989146,0.8025219976788439,0.5881828894668907,0.5343017578125,0.307373046875,0.2269287109375
random,random-transformer-seed314159,transformer,random_init,314159,,right_to_left_maxima,positional,final_norm,0.001,0.26829771818479553,6144,2048,8192,0.28215249543991217,0.5339483152741885,0.8727274814804566,0.37939453125,0.3045654296875,0.0748291015625
random,random-transformer-seed314159,transformer,random_init,314159,,right_to_left_minima,positional,final_norm,0.0001,0.45134588041667156,6144,2048,8192,0.42525688127329864,0.6522288765672264,0.7791006428675141,0.431640625,0.2933349609375,0.1383056640625
random,random-transformer-seed314159,transformer,random_init,314159,,cycle_count,cycle,final_norm,0.0001,0.23264567036942607,6144,2048,8192,0.23199440615019906,0.4838906064305618,0.8735307716557228,0.3802490234375,0.3079833984375,0.072265625
random,random-transformer-seed314159,transformer,random_init,314159,,two_cycle_count,cycle,final_norm,0.01,0.0018026102650601228,6144,2048,8192,0.013034455962786629,0.11428571329854423,1.0035651409816693,0.46826171875,0.6026611328125,-0.1343994140625
random,random-transformer-seed314159,transformer,random_init,314159,,three_cycle_count,cycle,final_norm,10.0,-6.562461995751612e-05,6144,2048,8192,5.547684335327485e-05,0.008663865126338703,1.0002959144733157,0.7235107421875,0.7235107421875,0.0
random,random-transformer-seed314159,transformer,random_init,314159,,even_cycle_count,cycle,final_norm,0.01,0.007165024000690301,6144,2048,8192,0.02016609178882811,0.14495218189816503,1.0009031532873354,0.407958984375,0.40771484375,0.000244140625
random,random-transformer-seed314159,transformer,random_init,314159,,odd_cycle_count,cycle,final_norm,0.0001,0.22790796734351026,6144,2048,8192,0.2546053575133207,0.5060331861041898,0.8572146194719925,0.3731689453125,0.5802001953125,-0.20703125
random,random-transformer-seed314159,transformer,random_init,314159,,longest_cycle,cycle,final_norm,0.001,0.09067028412899825,6144,2048,8192,0.08176125638416443,0.28772887535452607,0.9605368722761629,0.178955078125,0.1644287109375,0.0145263671875
random,random-transformer-seed314159,transformer,random_init,314159,,shortest_cycle,cycle,final_norm,0.001,0.11162389624809277,6144,2048,8192,0.10885982105289438,0.32994693557004595,0.9478388454668255,0.20068359375,0.6358642578125,-0.4351806640625
random,random-transformer-seed314159,transformer,random_init,314159,,nontrivial_cycle_count,cycle,final_norm,0.001,0.04667333794881423,6144,2048,8192,0.04861098258040686,0.22307340885737326,0.9897767341298973,0.453369140625,0.4312744140625,0.0220947265625
random,random-transformer-seed314159,transformer,random_init,314159,,lis_length,global_run,final_norm,0.0001,0.407367715625335,6144,2048,8192,0.39705904726771357,0.6303126517971157,0.7941030672613029,0.4818115234375,0.39697265625,0.0848388671875
random,random-transformer-seed314159,transformer,random_init,314159,,lds_length,global_run,final_norm,0.0001,0.38369468832045583,6144,2048,8192,0.385893655467037,0.6211267466945986,0.8127334263653792,0.4951171875,0.396484375,0.0986328125
random,random-transformer-seed314159,transformer,random_init,314159,,longest_increasing_run,global_run,final_norm,0.0001,0.13370337258048792,6144,2048,8192,0.11461988385689648,0.3411494453372247,1.0051048608583306,0.4814453125,0.5040283203125,-0.0225830078125
random,random-transformer-seed314159,transformer,random_init,314159,,longest_decreasing_run,global_run,final_norm,0.001,0.10163640629221704,6144,2048,8192,0.10072707038010664,0.31786303648049963,1.0453471540397012,0.5128173828125,0.5018310546875,0.010986328125
random,random-transformer-seed314159,transformer,random_init,314159,,global_descents,global_run,final_norm,0.0001,0.1538237131234671,6144,2048,8192,0.22623309239426526,0.4762209143841,1.0938095838784725,0.8438720703125,0.8125,0.0313720703125
random,random-transformer-seed314159,transformer,random_init,314159,,components,global_run,final_norm,1e-06,0.17686330959633634,6144,2048,8192,0.2717415597802463,0.5213618883163798,1.0597495533055905,0.834716796875,0.804931640625,0.02978515625
random,random-transformer-seed314159,transformer,random_init,314159,,max_displacement,global_run,final_norm,0.0001,0.5108270877010144,6144,2048,8192,0.4886320218498602,0.699001102989821,0.7301484104296215,0.3856201171875,0.2574462890625,0.128173828125
random,random-transformer-seed314159,transformer,random_init,314159,,displacement_one_count,global_run,final_norm,0.0001,0.34490266181138896,6144,2048,8192,0.3573852350644888,0.5983436116025962,0.7935735827040726,0.415771484375,0.3072509765625,0.1085205078125
random,random-mlp-seed17,mlp,random_init,17,,descents,local,embedding,1e-06,0.0,6144,2048,8192,0.0,0.0034507193544741025,1.0210358474220083,0.3427734375,0.3338623046875,0.0089111328125
random,random-mlp-seed17,mlp,random_init,17,,recoils,local,embedding,1e-06,2.220446049250313e-16,6144,2048,8192,0.0,0.029439729046219023,1.0117264466110467,0.3408203125,0.33642578125,0.00439453125
random,random-mlp-seed17,mlp,random_init,17,,peaks,local,embedding,1e-06,0.0,6144,2048,8192,0.0,-0.016422491782515754,0.987201497821541,0.4708251953125,0.4635009765625,0.00732421875
random,random-mlp-seed17,mlp,random_init,17,,valleys,local,embedding,1e-06,0.0,6144,2048,8192,0.0,0.004064424005967167,0.9926476029684151,0.458984375,0.45556640625,0.00341796875
random,random-mlp-seed17,mlp,random_init,17,,double_ascents,local,embedding,1e-06,-2.220446049250313e-16,6144,2048,8192,0.0,0.0,1.012985218660725,0.3338623046875,0.344482421875,-0.0106201171875
random,random-mlp-seed17,mlp,random_init,17,,double_descents,local,embedding,1e-06,0.0,6144,2048,8192,0.0,0.0,0.9962763749938195,0.3388671875,0.3399658203125,-0.0010986328125
random,random-mlp-seed17,mlp,random_init,17,,successions,local,embedding,1e-06,0.0,6144,2048,8192,0.0,0.0,1.0677013036927756,0.3643798828125,0.398681640625,-0.0343017578125
random,random-mlp-seed17,mlp,random_init,17,,adjacencies,local,embedding,1e-06,0.0,6144,2048,8192,0.0,0.0,1.0447981442612964,0.329345703125,0.329345703125,0.0
random,random-mlp-seed17,mlp,random_init,17,,fixed_points,positional,embedding,1e-06,2.220446049250313e-16,6144,2048,8192,-2.220446049250313e-16,0.0,1.0125438624646814,0.3580322265625,0.369873046875,-0.0118408203125
random,random-mlp-seed17,mlp,random_init,17,,anti_fixed_points,positional,embedding,1e-06,0.0,6144,2048,8192,0.0,0.0,0.9975928763619372,0.3592529296875,0.37939453125,-0.0201416015625
random,random-mlp-seed17,mlp,random_init,17,,exceedances,positional,embedding,1e-06,0.0,6144,2048,8192,0.0,-0.0164069834318896,0.996743501992833,0.3426513671875,0.3426513671875,0.0
random,random-mlp-seed17,mlp,random_init,17,,deficiencies,positional,embedding,1e-06,0.0,6144,2048,8192,0.0,0.018454182915007777,1.0018364670463262,0.3414306640625,0.34033203125,0.0010986328125
random,random-mlp-seed17,mlp,random_init,17,,left_to_right_maxima,positional,embedding,1e-06,0.0,6144,2048,8192,0.0,0.0,1.0233111062138236,0.3040771484375,0.3026123046875,0.00146484375
random,random-mlp-seed17,mlp,random_init,17,,left_to_right_minima,positional,embedding,1e-06,0.0,6144,2048,8192,0.0,0.0,0.9857920972831147,0.3160400390625,0.307373046875,0.0086669921875
random,random-mlp-seed17,mlp,random_init,17,,right_to_left_maxima,positional,embedding,1e-06,0.0,6144,2048,8192,0.0,0.0,1.0300600749281232,0.305908203125,0.3045654296875,0.0013427734375
random,random-mlp-seed17,mlp,random_init,17,,right_to_left_minima,positional,embedding,1e-06,0.0,6144,2048,8192,0.0,0.0,1.0276770844678722,0.3035888671875,0.2933349609375,0.01025390625
random,random-mlp-seed17,mlp,random_init,17,,cycle_count,cycle,embedding,1e-06,0.0,6144,2048,8192,0.0,0.0,0.9967724289122708,0.3077392578125,0.3079833984375,-0.000244140625
random,random-mlp-seed17,mlp,random_init,17,,two_cycle_count,cycle,embedding,1e-06,0.0,6144,2048,8192,0.0,0.0,1.0101702448488212,0.4593505859375,0.6026611328125,-0.143310546875
random,random-mlp-seed17,mlp,random_init,17,,three_cycle_count,cycle,embedding,1e-06,1.1102230246251565e-16,6144,2048,8192,0.0,0.0,1.0003236622577176,0.7235107421875,0.7235107421875,0.0
random,random-mlp-seed17,mlp,random_init,17,,even_cycle_count,cycle,embedding,1e-06,0.0,6144,2048,8192,0.0,0.0,1.0111505563890062,0.3974609375,0.40771484375,-0.01025390625
random,random-mlp-seed17,mlp,random_init,17,,odd_cycle_count,cycle,embedding,1e-06,2.220446049250313e-16,6144,2048,8192,0.0,0.0,0.9928792526047006,0.3057861328125,0.5802001953125,-0.2744140625
random,random-mlp-seed17,mlp,random_init,17,,longest_cycle,cycle,embedding,1e-06,0.0,6144,2048,8192,0.0,-0.023012956912466274,1.002388866359531,0.1435546875,0.1644287109375,-0.0208740234375
random,random-mlp-seed17,mlp,random_init,17,,shortest_cycle,cycle,embedding,1e-06,0.0,6144,2048,8192,0.0,0.0,1.004064219330732,0.1092529296875,0.6358642578125,-0.526611328125
random,random-mlp-seed17,mlp,random_init,17,,nontrivial_cycle_count,cycle,embedding,10.0,1.1102230246251565e-16,6144,2048,8192,0.0,0.0,1.0147479301353286,0.4290771484375,0.4312744140625,-0.002197265625
random,random-mlp-seed17,mlp,random_init,17,,lis_length,global_run,embedding,1e-06,0.0,6144,2048,8192,0.0,-0.008972187726250762,1.022679339029915,0.390869140625,0.39697265625,-0.006103515625
random,random-mlp-seed17,mlp,random_init,17,,lds_length,global_run,embedding,1e-06,0.0,6144,2048,8192,0.0,-0.019643244575952828,1.0371136011049422,0.38720703125,0.396484375,-0.00927734375
random,random-mlp-seed17,mlp,random_init,17,,longest_increasing_run,global_run,embedding,1e-06,0.0,6144,2048,8192,0.0,0.020319831111486802,1.0681850394483854,0.4554443359375,0.5040283203125,-0.048583984375
random,random-mlp-seed17,mlp,random_init,17,,longest_decreasing_run,global_run,embedding,1e-06,0.0,6144,2048,8192,0.0,0.014301248073048129,1.1023380059178607,0.459716796875,0.5018310546875,-0.0421142578125
random,random-mlp-seed17,mlp,random_init,17,,global_descents,global_run,embedding,1e-06,0.0,6144,2048,8192,0.0,0.0,1.2434738264527403,0.7889404296875,0.8125,-0.0235595703125
random,random-mlp-seed17,mlp,random_init,17,,components,global_run,embedding,1e-06,0.0,6144,2048,8192,0.0,0.0030489745777955404,1.241825229327309,0.7493896484375,0.804931640625,-0.0555419921875
random,random-mlp-seed17,mlp,random_init,17,,max_displacement,global_run,embedding,10.0,0.0,6144,2048,8192,0.0,-0.015348912437803806,1.0210438164840894,0.238037109375,0.2574462890625,-0.0194091796875
random,random-mlp-seed17,mlp,random_init,17,,displacement_one_count,global_run,embedding,1e-06,1.1102230246251565e-16,6144,2048,8192,0.0,0.0,0.9899467911205587,0.2646484375,0.3072509765625,-0.0426025390625
random,random-mlp-seed17,mlp,random_init,17,,descents,local,block_01,0.1,0.0007713372499953408,6144,2048,8192,-0.0001857645597296287,0.010135981417510636,1.021130679155451,0.3443603515625,0.3338623046875,0.010498046875
random,random-mlp-seed17,mlp,random_init,17,,recoils,local,block_01,1.0,-2.4597239489665412e-06,6144,2048,8192,7.15044335608539e-06,0.004834541822144588,1.0117228294582565,0.339599609375,0.33642578125,0.003173828125
random,random-mlp-seed17,mlp,random_init,17,,peaks,local,block_01,0.1,0.000336367182929731,6144,2048,8192,-0.0004003100912826074,0.007558958490974952,0.9873990714116976,0.470703125,0.4635009765625,0.0072021484375
random,random-mlp-seed17,mlp,random_init,17,,valleys,local,block_01,10.0,-1.6918910920926677e-05,6144,2048,8192,-8.93151072789422e-06,-0.000702683671211917,0.9926520358798745,0.458984375,0.45556640625,0.00341796875
random,random-mlp-seed17,mlp,random_init,17,,double_ascents,local,block_01,0.001,0.003217516873356252,6144,2048,8192,0.0026805691636530016,0.07111609489097595,1.0116266191245769,0.330078125,0.344482421875,-0.014404296875
random,random-mlp-seed17,mlp,random_init,17,,double_descents,local,block_01,1.0,0.0007161398688411147,6144,2048,8192,-0.00027421374934388787,-0.01182296668890984,0.9964129619710395,0.3387451171875,0.3399658203125,-0.001220703125
random,random-mlp-seed17,mlp,random_init,17,,successions,local,block_01,0.01,0.0031971651510854793,6144,2048,8192,-0.0016951742332764752,0.011617649554995448,1.0686058903665254,0.3643798828125,0.398681640625,-0.0343017578125
random,random-mlp-seed17,mlp,random_init,17,,adjacencies,local,block_01,0.1,0.0012758227065587935,6144,2048,8192,-0.0003398930020428459,0.010476485348596345,1.0449756889649184,0.3289794921875,0.329345703125,-0.0003662109375
random,random-mlp-seed17,mlp,random_init,17,,fixed_points,positional,block_01,0.1,0.0012872301845470169,6144,2048,8192,0.002833580784287082,0.05683306359799607,1.0111082823692434,0.3580322265625,0.369873046875,-0.0118408203125
random,random-mlp-seed17,mlp,random_init,17,,anti_fixed_points,positional,block_01,0.0001,0.018229703270495,6144,2048,8192,0.0077128729893346515,0.13476407460938855,0.9937382758887066,0.3538818359375,0.37939453125,-0.0255126953125
random,random-mlp-seed17,mlp,random_init,17,,exceedances,positional,block_01,0.01,0.007009057906116167,6144,2048,8192,0.006942743311981303,0.083787856899794,0.9932774083236839,0.3546142578125,0.3426513671875,0.011962890625
random,random-mlp-seed17,mlp,random_init,17,,deficiencies,positional,block_01,0.001,0.011352152276008498,6144,2048,8192,0.0123361773071049,0.11733426402487095,0.9956378748447778,0.3502197265625,0.34033203125,0.0098876953125
random,random-mlp-seed17,mlp,random_init,17,,left_to_right_maxima,positional,block_01,0.001,0.011728289171465511,6144,2048,8192,0.010631323077109012,0.11187938609809123,1.0178569958879435,0.2982177734375,0.3026123046875,-0.00439453125
random,random-mlp-seed17,mlp,random_init,17,,left_to_right_minima,positional,block_01,10.0,-0.00015921868944079876,6144,2048,8192,0.00011307399169679933,0.026740394301962844,0.9857363619838054,0.3160400390625,0.307373046875,0.0086669921875
random,random-mlp-seed17,mlp,random_init,17,,right_to_left_maxima,positional,block_01,1.0,0.00011648191457591661,6144,2048,8192,0.0004181577931194891,0.026741831475900042,1.0298446885855432,0.305908203125,0.3045654296875,0.0013427734375
random,random-mlp-seed17,mlp,random_init,17,,right_to_left_minima,positional,block_01,0.1,0.0012921591784618158,6144,2048,8192,0.0013837774124850766,0.03784813413743615,1.0269658001494875,0.307373046875,0.2933349609375,0.0140380859375
random,random-mlp-seed17,mlp,random_init,17,,cycle_count,cycle,block_01,0.01,0.0013597999765192492,6144,2048,8192,0.004755852149413986,0.06916379292944243,0.9943993529006889,0.3062744140625,0.3079833984375,-0.001708984375
random,random-mlp-seed17,mlp,random_init,17,,two_cycle_count,cycle,block_01,10.0,0.00016334069035062182,6144,2048,8192,7.805194530507986e-05,0.02238144934561474,1.0101308212031832,0.45751953125,0.6026611328125,-0.1451416015625
random,random-mlp-seed17,mlp,random_init,17,,three_cycle_count,cycle,block_01,10.0,-6.63826318842986e-05,6144,2048,8192,-2.708618024671594e-05,-0.00882716390630272,1.000337209639492,0.7235107421875,0.7235107421875,0.0
random,random-mlp-seed17,mlp,random_init,17,,even_cycle_count,cycle,block_01,1.0,0.0004269097443934111,6144,2048,8192,1.7023797826865028e-05,0.005551353473856415,1.0111419495410534,0.394287109375,0.40771484375,-0.013427734375
random,random-mlp-seed17,mlp,random_init,17,,odd_cycle_count,cycle,block_01,0.01,0.003065969791493539,6144,2048,8192,0.0024127827912527877,0.053214175426251634,0.9916807282361154,0.2938232421875,0.5802001953125,-0.286376953125
random,random-mlp-seed17,mlp,random_init,17,,longest_cycle,cycle,block_01,0.1,0.0006386757364041928,6144,2048,8192,-0.0008512520235131049,0.0053498367104588595,1.0028154183784417,0.1427001953125,0.1644287109375,-0.021728515625
random,random-mlp-seed17,mlp,random_init,17,,shortest_cycle,cycle,block_01,10.0,-8.4627730541742e-05,6144,2048,8192,3.456264856604996e-05,0.012933550888634635,1.0040468676214254,0.109619140625,0.6358642578125,-0.5262451171875
random,random-mlp-seed17,mlp,random_init,17,,nontrivial_cycle_count,cycle,block_01,10.0,5.228796329437291e-05,6144,2048,8192,8.661289483558043e-05,0.02347898215585632,1.014703984055855,0.4290771484375,0.4312744140625,-0.002197265625
random,random-mlp-seed17,mlp,random_init,17,,lis_length,global_run,block_01,1.0,0.00010245537495090495,6144,2048,8192,0.000606115139301866,0.038856463547943296,1.0223693613372338,0.3907470703125,0.39697265625,-0.0062255859375
random,random-mlp-seed17,mlp,random_init,17,,lds_length,global_run,block_01,0.01,0.0018112924555493404,6144,2048,8192,0.0007677720238317143,0.04207189309022803,1.0367153912524376,0.391845703125,0.396484375,-0.004638671875
random,random-mlp-seed17,mlp,random_init,17,,longest_increasing_run,global_run,block_01,0.1,0.0004800332197788526,6144,2048,8192,0.001182507729628135,0.03670040665079733,1.067553284096333,0.457763671875,0.5040283203125,-0.0462646484375
random,random-mlp-seed17,mlp,random_init,17,,longest_decreasing_run,global_run,block_01,1.0,0.0005893278230360011,6144,2048,8192,-4.510749552277815e-05,0.00023507235745220893,1.1023628674908363,0.46044921875,0.5018310546875,-0.0413818359375
random,random-mlp-seed17,mlp,random_init,17,,global_descents,global_run,block_01,0.001,0.0047186680546738025,6144,2048,8192,0.00619101911257347,0.08312768930860255,1.239618665231853,0.77783203125,0.8125,-0.03466796875
random,random-mlp-seed17,mlp,random_init,17,,components,global_run,block_01,0.001,0.0008716540084248159,6144,2048,8192,-0.0007254725421612651,0.04806602927669956,1.2422756027117576,0.7442626953125,0.804931640625,-0.0606689453125
random,random-mlp-seed17,mlp,random_init,17,,max_displacement,global_run,block_01,0.01,0.003918865341428046,6144,2048,8192,0.0018425398827980333,0.05632029207856362,1.0201027258079662,0.2437744140625,0.2574462890625,-0.013671875
random,random-mlp-seed17,mlp,random_init,17,,displacement_one_count,global_run,block_01,0.01,0.002934361701093402,6144,2048,8192,0.0040018789492790585,0.0644381726948551,0.987963981779018,0.2674560546875,0.3072509765625,-0.039794921875
random,random-mlp-seed17,mlp,random_init,17,,descents,local,final_norm,0.1,0.0007849852302715954,6144,2048,8192,-0.00014476900590842945,0.010647003983700167,1.0211097519196488,0.3448486328125,0.3338623046875,0.010986328125
random,random-mlp-seed17,mlp,random_init,17,,recoils,local,final_norm,10.0,-3.308030876603141e-05,6144,2048,8192,-8.823913397382199e-05,-0.018869913796912188,1.0117710825591428,0.3408203125,0.33642578125,0.00439453125
random,random-mlp-seed17,mlp,random_init,17,,peaks,local,final_norm,0.1,0.0002544555131672732,6144,2048,8192,-0.00032307587285984596,0.008925415202013042,0.9873609554361528,0.4708251953125,0.4635009765625,0.00732421875
random,random-mlp-seed17,mlp,random_init,17,,valleys,local,final_norm,10.0,-1.9510823312529624e-05,6144,2048,8192,-2.195775050228832e-06,0.0007621900068686234,0.992648692783237,0.458984375,0.45556640625,0.00341796875
random,random-mlp-seed17,mlp,random_init,17,,double_ascents,local,final_norm,0.01,0.003041272353811242,6144,2048,8192,0.0022698240317627905,0.04845624751531506,1.0118349164474292,0.3321533203125,0.344482421875,-0.0123291015625
random,random-mlp-seed17,mlp,random_init,17,,double_descents,local,final_norm,1.0,0.0007488762981799901,6144,2048,8192,-0.00026484785079272655,-0.011142482944928141,0.9964082970879333,0.3387451171875,0.3399658203125,-0.001220703125
random,random-mlp-seed17,mlp,random_init,17,,successions,local,final_norm,0.01,0.003454471933440062,6144,2048,8192,-0.001820131269596903,0.010886767408684352,1.0686725402139217,0.364501953125,0.398681640625,-0.0341796875
random,random-mlp-seed17,mlp,random_init,17,,adjacencies,local,final_norm,0.1,0.0015081413624136175,6144,2048,8192,-0.00040585555044425625,0.009773183306459586,1.0450101413164041,0.3291015625,0.329345703125,-0.000244140625
random,random-mlp-seed17,mlp,random_init,17,,fixed_points,positional,final_norm,0.1,0.0009798665816709295,6144,2048,8192,0.002711106014578135,0.05540581085095736,1.0111703740369096,0.3580322265625,0.369873046875,-0.0118408203125
random,random-mlp-seed17,mlp,random_init,17,,anti_fixed_points,positional,final_norm,0.0001,0.017191583996789883,6144,2048,8192,0.007133087129742255,0.13394365141739709,0.994028550371053,0.3546142578125,0.37939453125,-0.0247802734375
random,random-mlp-seed17,mlp,random_init,17,,exceedances,positional,final_norm,0.01,0.006445377136266139,6144,2048,8192,0.006959170488756827,0.08385798337002609,0.9932691928804442,0.3533935546875,0.3426513671875,0.0107421875
random,random-mlp-seed17,mlp,random_init,17,,deficiencies,positional,final_norm,0.0001,0.011793346888382183,6144,2048,8192,0.0074221419197741945,0.12851152260759302,0.9981116564362895,0.365478515625,0.34033203125,0.025146484375
random,random-mlp-seed17,mlp,random_init,17,,left_to_right_maxima,positional,final_norm,0.001,0.011755849182632283,6144,2048,8192,0.011384355896961962,0.11482434822588493,1.0174695641631113,0.2977294921875,0.3026123046875,-0.0048828125
random,random-mlp-seed17,mlp,random_init,17,,left_to_right_minima,positional,final_norm,10.0,-0.00017134984956901356,6144,2048,8192,0.00010080519921695785,0.02425894642992074,0.9857424095465109,0.3160400390625,0.307373046875,0.0086669921875
random,random-mlp-seed17,mlp,random_init,17,,right_to_left_maxima,positional,final_norm,1.0,0.00013639905174589462,6144,2048,8192,0.0004585308753484174,0.028631563043328246,1.029823890676667,0.305908203125,0.3045654296875,0.0013427734375
random,random-mlp-seed17,mlp,random_init,17,,right_to_left_minima,positional,final_norm,0.1,0.0012459766456119903,6144,2048,8192,0.0012336636028430492,0.03610470411591466,1.0270429849338483,0.3079833984375,0.2933349609375,0.0146484375
random,random-mlp-seed17,mlp,random_init,17,,cycle_count,cycle,final_norm,0.01,0.0009314233346204848,6144,2048,8192,0.004675401824821401,0.06856322846462654,0.9944395431064106,0.3055419921875,0.3079833984375,-0.00244140625
random,random-mlp-seed17,mlp,random_init,17,,two_cycle_count,cycle,final_norm,10.0,0.00017125462909084455,6144,2048,8192,8.190897020943222e-05,0.023153024225338426,1.0101288729993765,0.4532470703125,0.6026611328125,-0.1494140625
random,random-mlp-seed17,mlp,random_init,17,,three_cycle_count,cycle,final_norm,10.0,-8.862391610775511e-05,6144,2048,8192,-2.5586366597663002e-05,-0.008527722553632095,1.0003364594998287,0.7235107421875,0.7235107421875,0.0
random,random-mlp-seed17,mlp,random_init,17,,even_cycle_count,cycle,final_norm,1.0,0.00043962684328902046,6144,2048,8192,8.84598711770046e-06,0.00501785145764698,1.0111460840667177,0.394775390625,0.40771484375,-0.012939453125
random,random-mlp-seed17,mlp,random_init,17,,odd_cycle_count,cycle,final_norm,0.01,0.002355787804391607,6144,2048,8192,0.0024137399929079484,0.05310475430107432,0.9916802524688613,0.2952880859375,0.5802001953125,-0.284912109375
random,random-mlp-seed17,mlp,random_init,17,,longest_cycle,cycle,final_norm,0.1,0.000657984850626181,6144,2048,8192,-0.0007981627675404113,0.004986634712105005,1.002788821304026,0.1424560546875,0.1644287109375,-0.02197265625
random,random-mlp-seed17,mlp,random_init,17,,shortest_cycle,cycle,final_norm,10.0,-7.682295372224424e-05,6144,2048,8192,3.282815625882396e-05,0.012546920481698875,1.0040477384069284,0.109619140625,0.6358642578125,-0.5262451171875
random,random-mlp-seed17,mlp,random_init,17,,nontrivial_cycle_count,cycle,final_norm,10.0,4.6370319182309494e-05,6144,2048,8192,7.958449774914111e-05,0.022707281774868304,1.014707550229728,0.4290771484375,0.4312744140625,-0.002197265625
random,random-mlp-seed17,mlp,random_init,17,,lis_length,global_run,final_norm,1.0,5.840872001328101e-05,6144,2048,8192,0.0006031915891687722,0.03872577836013855,1.022370856716554,0.390625,0.39697265625,-0.00634765625
random,random-mlp-seed17,mlp,random_init,17,,lds_length,global_run,final_norm,0.01,0.0017232995472161727,6144,2048,8192,0.0011900068918683226,0.04498768549431651,1.0364963312449473,0.3919677734375,0.396484375,-0.0045166015625
random,random-mlp-seed17,mlp,random_init,17,,longest_increasing_run,global_run,final_norm,0.01,0.0009844484203261894,6144,2048,8192,0.0022227109934509492,0.04715221513244417,1.066997245735566,0.4588623046875,0.5040283203125,-0.045166015625
random,random-mlp-seed17,mlp,random_init,17,,longest_decreasing_run,global_run,final_norm,1.0,0.0006026851412562761,6144,2048,8192,-4.393424822435321e-05,0.0004948210843325293,1.102362220847687,0.4605712890625,0.5018310546875,-0.041259765625
random,random-mlp-seed17,mlp,random_init,17,,global_descents,global_run,final_norm,0.001,0.0048547292647213025,6144,2048,8192,0.006700056753839445,0.08570875375020881,1.239301152814078,0.7777099609375,0.8125,-0.0347900390625
random,random-mlp-seed17,mlp,random_init,17,,components,global_run,final_norm,0.001,0.0008708213181621849,6144,2048,8192,-0.00041266428666597577,0.04987972837414081,1.2420814313598902,0.743408203125,0.804931640625,-0.0615234375
random,random-mlp-seed17,mlp,random_init,17,,max_displacement,global_run,final_norm,0.01,0.004023562290290883,6144,2048,8192,0.0020650806150465106,0.057367396778739844,1.0199890027375318,0.243896484375,0.2574462890625,-0.0135498046875
random,random-mlp-seed17,mlp,random_init,17,,displacement_one_count,global_run,final_norm,0.001,0.003581613122175864,6144,2048,8192,0.004499170178021372,0.08994936317289559,0.9877173110507711,0.2623291015625,0.3072509765625,-0.044921875
random,random-mlp-seed42,mlp,random_init,42,,descents,local,embedding,1e-06,-2.220446049250313e-16,6144,2048,8192,-2.220446049250313e-16,0.0031491008945426493,1.0210358474220083,0.3427734375,0.3338623046875,0.0089111328125
random,random-mlp-seed42,mlp,random_init,42,,recoils,local,embedding,1e-06,2.220446049250313e-16,6144,2048,8192,0.0,0.02933611273825574,1.0117264466110467,0.3408203125,0.33642578125,0.00439453125
random,random-mlp-seed42,mlp,random_init,42,,peaks,local,embedding,1e-06,0.0,6144,2048,8192,0.0,-0.01362668575194165,0.987201497821541,0.4708251953125,0.4635009765625,0.00732421875
random,random-mlp-seed42,mlp,random_init,42,,valleys,local,embedding,1e-06,0.0,6144,2048,8192,0.0,0.008579843320892696,0.9926476029684151,0.458984375,0.45556640625,0.00341796875
random,random-mlp-seed42,mlp,random_init,42,,double_ascents,local,embedding,10.0,0.0,6144,2048,8192,0.0,0.0,1.012985218660725,0.3338623046875,0.344482421875,-0.0106201171875
random,random-mlp-seed42,mlp,random_init,42,,double_descents,local,embedding,1e-06,0.0,6144,2048,8192,0.0,0.0,0.9962763749938195,0.3388671875,0.3399658203125,-0.0010986328125
random,random-mlp-seed42,mlp,random_init,42,,successions,local,embedding,1e-06,0.0,6144,2048,8192,0.0,0.0,1.0677013036927756,0.3643798828125,0.398681640625,-0.0343017578125
random,random-mlp-seed42,mlp,random_init,42,,adjacencies,local,embedding,1e-06,0.0,6144,2048,8192,0.0,0.0,1.0447981442612964,0.329345703125,0.329345703125,0.0
random,random-mlp-seed42,mlp,random_init,42,,fixed_points,positional,embedding,1.0,2.220446049250313e-16,6144,2048,8192,0.0,0.0,1.0125438624646812,0.3580322265625,0.369873046875,-0.0118408203125
random,random-mlp-seed42,mlp,random_init,42,,anti_fixed_points,positional,embedding,1e-06,0.0,6144,2048,8192,0.0,0.0,0.9975928763619372,0.3592529296875,0.37939453125,-0.0201416015625
random,random-mlp-seed42,mlp,random_init,42,,exceedances,positional,embedding,1.0,2.220446049250313e-16,6144,2048,8192,0.0,-0.01716463207289274,0.996743501992833,0.3426513671875,0.3426513671875,0.0
random,random-mlp-seed42,mlp,random_init,42,,deficiencies,positional,embedding,1e-06,0.0,6144,2048,8192,0.0,0.020310909806453753,1.0018364670463262,0.3414306640625,0.34033203125,0.0010986328125
random,random-mlp-seed42,mlp,random_init,42,,left_to_right_maxima,positional,embedding,1e-06,0.0,6144,2048,8192,0.0,0.0,1.0233111062138236,0.3040771484375,0.3026123046875,0.00146484375
random,random-mlp-seed42,mlp,random_init,42,,left_to_right_minima,positional,embedding,1e-06,0.0,6144,2048,8192,0.0,0.0,0.9857920972831147,0.3160400390625,0.307373046875,0.0086669921875
random,random-mlp-seed42,mlp,random_init,42,,right_to_left_maxima,positional,embedding,1e-06,0.0,6144,2048,8192,0.0,0.0,1.0300600749281232,0.305908203125,0.3045654296875,0.0013427734375
random,random-mlp-seed42,mlp,random_init,42,,right_to_left_minima,positional,embedding,10.0,0.0,6144,2048,8192,0.0,0.0,1.0276770844678722,0.3035888671875,0.2933349609375,0.01025390625
random,random-mlp-seed42,mlp,random_init,42,,cycle_count,cycle,embedding,1e-06,0.0,6144,2048,8192,0.0,0.0,0.9967724289122708,0.3077392578125,0.3079833984375,-0.000244140625
random,random-mlp-seed42,mlp,random_init,42,,two_cycle_count,cycle,embedding,1e-06,0.0,6144,2048,8192,0.0,0.0,1.0101702448488212,0.4593505859375,0.6026611328125,-0.143310546875
random,random-mlp-seed42,mlp,random_init,42,,three_cycle_count,cycle,embedding,1e-06,1.1102230246251565e-16,6144,2048,8192,0.0,0.0,1.0003236622577176,0.7235107421875,0.7235107421875,0.0
random,random-mlp-seed42,mlp,random_init,42,,even_cycle_count,cycle,embedding,1e-06,0.0,6144,2048,8192,0.0,0.0,1.0111505563890062,0.3974609375,0.40771484375,-0.01025390625
random,random-mlp-seed42,mlp,random_init,42,,odd_cycle_count,cycle,embedding,1e-06,0.0,6144,2048,8192,1.1102230246251565e-16,0.0,0.9928792526047006,0.3057861328125,0.5802001953125,-0.2744140625
random,random-mlp-seed42,mlp,random_init,42,,longest_cycle,cycle,embedding,1e-06,0.0,6144,2048,8192,0.0,-0.022019627981518207,1.002388866359531,0.1435546875,0.1644287109375,-0.0208740234375
random,random-mlp-seed42,mlp,random_init,42,,shortest_cycle,cycle,embedding,1e-06,0.0,6144,2048,8192,0.0,0.0,1.004064219330732,0.1092529296875,0.6358642578125,-0.526611328125
random,random-mlp-seed42,mlp,random_init,42,,nontrivial_cycle_count,cycle,embedding,10.0,1.1102230246251565e-16,6144,2048,8192,0.0,0.0,1.0147479301353286,0.4290771484375,0.4312744140625,-0.002197265625
random,random-mlp-seed42,mlp,random_init,42,,lis_length,global_run,embedding,1e-06,0.0,6144,2048,8192,0.0,-0.011026999512670301,1.022679339029915,0.390869140625,0.39697265625,-0.006103515625
random,random-mlp-seed42,mlp,random_init,42,,lds_length,global_run,embedding,1e-06,0.0,6144,2048,8192,0.0,-0.01976725040117052,1.0371136011049422,0.38720703125,0.396484375,-0.00927734375
random,random-mlp-seed42,mlp,random_init,42,,longest_increasing_run,global_run,embedding,1e-06,0.0,6144,2048,8192,0.0,0.018253070690039282,1.0681850394483854,0.4554443359375,0.5040283203125,-0.048583984375
random,random-mlp-seed42,mlp,random_init,42,,longest_decreasing_run,global_run,embedding,1.0,0.0,6144,2048,8192,0.0,0.008361283115019037,1.1023380059178607,0.459716796875,0.5018310546875,-0.0421142578125
random,random-mlp-seed42,mlp,random_init,42,,global_descents,global_run,embedding,1e-06,0.0,6144,2048,8192,0.0,0.0,1.2434738264527403,0.7889404296875,0.8125,-0.0235595703125
random,random-mlp-seed42,mlp,random_init,42,,components,global_run,embedding,1e-06,0.0,6144,2048,8192,0.0,0.006190015351829801,1.241825229327309,0.7493896484375,0.804931640625,-0.0555419921875
random,random-mlp-seed42,mlp,random_init,42,,max_displacement,global_run,embedding,10.0,0.0,6144,2048,8192,0.0,-0.011635270742196585,1.0210438164840894,0.238037109375,0.2574462890625,-0.0194091796875
random,random-mlp-seed42,mlp,random_init,42,,displacement_one_count,global_run,embedding,1e-06,0.0,6144,2048,8192,0.0,0.0,0.9899467911205587,0.2646484375,0.3072509765625,-0.0426025390625
random,random-mlp-seed42,mlp,random_init,42,,descents,local,block_01,0.01,0.0005433294637678943,6144,2048,8192,-0.0017867187119193773,0.025510141097835448,1.021947592272928,0.34326171875,0.3338623046875,0.0093994140625
random,random-mlp-seed42,mlp,random_init,42,,recoils,local,block_01,0.01,0.003220940753669632,6144,2048,8192,0.0006664623567932404,0.04050851345789435,1.0113892516237222,0.3377685546875,0.33642578125,0.0013427734375
random,random-mlp-seed42,mlp,random_init,42,,peaks,local,block_01,10.0,-0.00010320053789403261,6144,2048,8192,2.6533677956797064e-05,0.01158172268198455,0.9871884006913508,0.4708251953125,0.4635009765625,0.00732421875
random,random-mlp-seed42,mlp,random_init,42,,valleys,local,block_01,10.0,-1.0876087786160227e-05,6144,2048,8192,5.63938907708339e-05,0.018478142653041346,0.9926196129435451,0.458984375,0.45556640625,0.00341796875
random,random-mlp-seed42,mlp,random_init,42,,double_ascents,local,block_01,10.0,9.472783447328492e-05,6144,2048,8192,8.908281489361514e-06,0.003566763439027811,1.0129807066719403,0.3338623046875,0.344482421875,-0.0106201171875
random,random-mlp-seed42,mlp,random_init,42,,double_descents,local,block_01,10.0,4.242130141951517e-05,6144,2048,8192,-5.282377779236569e-05,-0.014239856237809361,0.9963026881872598,0.3388671875,0.3399658203125,-0.0010986328125
random,random-mlp-seed42,mlp,random_init,42,,successions,local,block_01,0.01,0.0017942411682821957,6144,2048,8192,-0.0005592101787761372,0.028766361134937912,1.0679997966869865,0.3623046875,0.398681640625,-0.036376953125
random,random-mlp-seed42,mlp,random_init,42,,adjacencies,local,block_01,10.0,1.332564103473377e-05,6144,2048,8192,6.991745842976904e-05,0.021942054100681004,1.044761618807434,0.329345703125,0.329345703125,0.0
random,random-mlp-seed42,mlp,random_init,42,,fixed_points,positional,block_01,0.001,0.01397943930023604,6144,2048,8192,0.018263774240688813,0.1359089802423249,1.0032548175078289,0.3582763671875,0.369873046875,-0.0115966796875
random,random-mlp-seed42,mlp,random_init,42,,anti_fixed_points,positional,block_01,0.001,0.009538719471166024,6144,2048,8192,0.0226841728461612,0.15091883237246206,0.9862131868422875,0.3590087890625,0.37939453125,-0.0203857421875
random,random-mlp-seed42,mlp,random_init,42,,exceedances,positional,block_01,0.001,0.014238639320001356,6144,2048,8192,0.017033708716927776,0.13264968154972118,0.988217921253339,0.3719482421875,0.3426513671875,0.029296875
random,random-mlp-seed42,mlp,random_init,42,,deficiencies,positional,block_01,0.001,0.015169687708328161,6144,2048,8192,0.011798414280268177,0.11564749288610657,0.9959088903278667,0.3714599609375,0.34033203125,0.0311279296875
random,random-mlp-seed42,mlp,random_init,42,,left_to_right_maxima,positional,block_01,0.001,0.02120846928824771,6144,2048,8192,0.018309050940550575,0.13921820320130318,1.0138999020706851,0.31689453125,0.3026123046875,0.0142822265625
random,random-mlp-seed42,mlp,random_init,42,,left_to_right_minima,positional,block_01,0.001,0.027168483496297746,6144,2048,8192,0.012590367892638787,0.12009265175848204,0.9795666976113803,0.3348388671875,0.307373046875,0.0274658203125
random,random-mlp-seed42,mlp,random_init,42,,right_to_left_maxima,positional,block_01,1.0,-9.832622116490164e-05,6144,2048,8192,0.0005472600803194672,0.035269297606814985,1.029778180975849,0.305908203125,0.3045654296875,0.0013427734375
random,random-mlp-seed42,mlp,random_init,42,,right_to_left_minima,positional,block_01,0.1,0.0005086519267857303,6144,2048,8192,0.0007963291677531847,0.029232238192639322,1.0272678183553126,0.304443359375,0.2933349609375,0.0111083984375
random,random-mlp-seed42,mlp,random_init,42,,cycle_count,cycle,block_01,0.01,0.003483071041460395,6144,2048,8192,0.005383564801487051,0.07380766222601175,0.9940857135240565,0.306396484375,0.3079833984375,-0.0015869140625
random,random-mlp-seed42,mlp,random_init,42,,two_cycle_count,cycle,block_01,10.0,-0.00011444674379856856,6144,2048,8192,-1.1258958810822506e-05,-0.001965802400985316,1.010175931565404,0.4595947265625,0.6026611328125,-0.14306640625
random,random-mlp-seed42,mlp,random_init,42,,three_cycle_count,cycle,block_01,10.0,-0.00010466265427511168,6144,2048,8192,-4.999496390656333e-06,-0.0013789065390622905,1.0003261628118618,0.7235107421875,0.7235107421875,0.0
random,random-mlp-seed42,mlp,random_init,42,,even_cycle_count,cycle,block_01,10.0,-2.9780471116236384e-05,6144,2048,8192,3.6048827823043084e-05,0.011444590390228267,1.0111323308285969,0.3956298828125,0.40771484375,-0.0120849609375
random,random-mlp-seed42,mlp,random_init,42,,odd_cycle_count,cycle,block_01,0.1,0.0008858102160729242,6144,2048,8192,0.0030843489964971216,0.05766090148822195,0.991346877033709,0.295166015625,0.5802001953125,-0.2850341796875
random,random-mlp-seed42,mlp,random_init,42,,longest_cycle,cycle,block_01,1.0,0.00020750886580678252,6144,2048,8192,0.0003979469247795686,0.026705167492818933,1.002189397729674,0.145263671875,0.1644287109375,-0.0191650390625
random,random-mlp-seed42,mlp,random_init,42,,shortest_cycle,cycle,block_01,1.0,0.0007543002671712706,6144,2048,8192,0.0007077704816432773,0.036874347716151515,1.003708832928542,0.11328125,0.6358642578125,-0.5225830078125
random,random-mlp-seed42,mlp,random_init,42,,nontrivial_cycle_count,cycle,block_01,10.0,-3.736451314306777e-05,6144,2048,8192,0.00011264086805284901,0.028891419140043968,1.0146907774819995,0.4298095703125,0.4312744140625,-0.00146484375
random,random-mlp-seed42,mlp,random_init,42,,lis_length,global_run,block_01,0.001,0.011314319601996026,6144,2048,8192,0.00806741301605629,0.09840447706936663,1.0185457970947787,0.4031982421875,0.39697265625,0.0062255859375
random,random-mlp-seed42,mlp,random_init,42,,lds_length,global_run,block_01,0.001,0.004205413596842789,6144,2048,8192,0.007221171110502689,0.09422779939163943,1.0333622291225195,0.4056396484375,0.396484375,0.0091552734375
random,random-mlp-seed42,mlp,random_init,42,,longest_increasing_run,global_run,block_01,0.001,0.0055276094664817865,6144,2048,8192,-0.0032631744479703073,0.04676811268176439,1.0699264570313212,0.4736328125,0.5040283203125,-0.0303955078125
random,random-mlp-seed42,mlp,random_init,42,,longest_decreasing_run,global_run,block_01,10.0,-6.969705121240288e-05,6144,2048,8192,-6.627048931195922e-05,-0.01663585196904375,1.1023745315522475,0.459716796875,0.5018310546875,-0.0421142578125
random,random-mlp-seed42,mlp,random_init,42,,global_descents,global_run,block_01,10.0,-7.056409537575803e-06,6144,2048,8192,-1.8035149446982146e-05,-0.00553806554167207,1.24348503952033,0.7889404296875,0.8125,-0.0235595703125
random,random-mlp-seed42,mlp,random_init,42,,components,global_run,block_01,0.01,0.0008009528803168964,6144,2048,8192,0.005961756109567062,0.07958515190033304,1.2381179660434611,0.757568359375,0.804931640625,-0.04736328125
random,random-mlp-seed42,mlp,random_init,42,,max_displacement,global_run,block_01,0.1,-6.394877852700098e-05,6144,2048,8192,0.002775915696803022,0.05451712956170656,1.01962566585485,0.2427978515625,0.2574462890625,-0.0146484375
random,random-mlp-seed42,mlp,random_init,42,,displacement_one_count,global_run,block_01,0.0001,0.03586996927320152,6144,2048,8192,0.020723170882290587,0.1651872673426431,0.979635673436689,0.2708740234375,0.3072509765625,-0.036376953125
random,random-mlp-seed42,mlp,random_init,42,,descents,local,final_norm,0.01,0.0010653489104250902,6144,2048,8192,-0.0019868180899049737,0.02432150222885208,1.0220496503574277,0.3446044921875,0.3338623046875,0.0107421875
random,random-mlp-seed42,mlp,random_init,42,,recoils,local,final_norm,0.01,0.003366570516809886,6144,2048,8192,0.00035630487073923245,0.038270072615003044,1.0115461890225603,0.33740234375,0.33642578125,0.0009765625
random,random-mlp-seed42,mlp,random_init,42,,peaks,local,final_norm,10.0,-8.059169501795083e-05,6144,2048,8192,2.821235003536149e-05,0.012685786037788787,0.9871875720862149,0.4708251953125,0.4635009765625,0.00732421875
random,random-mlp-seed42,mlp,random_init,42,,valleys,local,final_norm,10.0,9.617606384071387e-06,6144,2048,8192,4.817838881243652e-05,0.015786318727009654,0.992623690599312,0.458984375,0.45556640625,0.00341796875
random,random-mlp-seed42,mlp,random_init,42,,double_ascents,local,final_norm,10.0,0.00010631254157922321,6144,2048,8192,9.304254384723265e-06,0.0036797637689081303,1.012980506113682,0.3338623046875,0.344482421875,-0.0106201171875
random,random-mlp-seed42,mlp,random_init,42,,double_descents,local,final_norm,10.0,5.941132782572023e-05,6144,2048,8192,-6.846153672435129e-05,-0.018643976406257003,0.9963104777159655,0.3388671875,0.3399658203125,-0.0010986328125
random,random-mlp-seed42,mlp,random_init,42,,successions,local,final_norm,0.01,0.0024304312320090338,6144,2048,8192,-0.0006843373382388052,0.02788089651234963,1.0680665751453418,0.363037109375,0.398681640625,-0.03564453125
random,random-mlp-seed42,mlp,random_init,42,,adjacencies,local,final_norm,10.0,8.824249661421035e-06,6144,2048,8192,7.413345881213118e-05,0.02270324421083422,1.0447594162934262,0.329345703125,0.329345703125,0.0
random,random-mlp-seed42,mlp,random_init,42,,fixed_points,positional,final_norm,0.001,0.012416370353067974,6144,2048,8192,0.016992095819980513,0.13141780878678852,1.003904383339602,0.357666015625,0.369873046875,-0.01220703125
random,random-mlp-seed42,mlp,random_init,42,,anti_fixed_points,positional,final_norm,0.001,0.009301963155169624,6144,2048,8192,0.0216537264612221,0.14769053340510768,0.9867329635891952,0.3592529296875,0.37939453125,-0.0201416015625
random,random-mlp-seed42,mlp,random_init,42,,exceedances,positional,final_norm,0.001,0.011988142288534842,6144,2048,8192,0.014832557717744721,0.12543132156910314,0.9893237579986086,0.3729248046875,0.3426513671875,0.0302734375
random,random-mlp-seed42,mlp,random_init,42,,deficiencies,positional,final_norm,0.001,0.014162923165307317,6144,2048,8192,0.010680664083369207,0.1117322606604974,0.9964719650966223,0.3682861328125,0.34033203125,0.0279541015625
random,random-mlp-seed42,mlp,random_init,42,,left_to_right_maxima,positional,final_norm,0.001,0.021663948683530387,6144,2048,8192,0.017013377968158494,0.13558334879427097,1.014568773228571,0.3173828125,0.3026123046875,0.0147705078125
random,random-mlp-seed42,mlp,random_init,42,,left_to_right_minima,positional,final_norm,0.001,0.02657880693412451,6144,2048,8192,0.011745958705603798,0.11752872055179174,0.9799854591499677,0.333740234375,0.307373046875,0.0263671875
random,random-mlp-seed42,mlp,random_init,42,,right_to_left_maxima,positional,final_norm,1.0,-8.053822975795377e-05,6144,2048,8192,0.0005433417941148599,0.03449011568794279,1.0297801995613831,0.305908203125,0.3045654296875,0.0013427734375
random,random-mlp-seed42,mlp,random_init,42,,right_to_left_minima,positional,final_norm,0.1,0.0005484240461562928,6144,2048,8192,0.0007397136033688856,0.028274055966072645,1.02729692079218,0.3048095703125,0.2933349609375,0.011474609375
random,random-mlp-seed42,mlp,random_init,42,,cycle_count,cycle,final_norm,0.01,0.003639243423841143,6144,2048,8192,0.00502315529375319,0.07157206236501099,0.9942658058085956,0.30517578125,0.3079833984375,-0.0028076171875
random,random-mlp-seed42,mlp,random_init,42,,two_cycle_count,cycle,final_norm,10.0,-7.226807258176038e-05,6144,2048,8192,-1.0816318568807048e-05,-0.0020107279470181296,1.0101757079956368,0.45947265625,0.6026611328125,-0.1431884765625
random,random-mlp-seed42,mlp,random_init,42,,three_cycle_count,cycle,final_norm,10.0,-0.00011103018825875388,6144,2048,8192,3.901138252548897e-06,0.0021579423584659613,1.0003217110553628,0.7235107421875,0.7235107421875,0.0
random,random-mlp-seed42,mlp,random_init,42,,even_cycle_count,cycle,final_norm,10.0,-1.0291711837639994e-05,6144,2048,8192,4.093415672179468e-05,0.012920083386785505,1.0111298608795434,0.3956298828125,0.40771484375,-0.0120849609375
random,random-mlp-seed42,mlp,random_init,42,,odd_cycle_count,cycle,final_norm,0.1,0.0010210313017910977,6144,2048,8192,0.002950840439095437,0.056134472319258444,0.9914132562004716,0.296142578125,0.5802001953125,-0.2840576171875
random,random-mlp-seed42,mlp,random_init,42,,longest_cycle,cycle,final_norm,1.0,0.0003181419392209728,6144,2048,8192,0.0003635153257849355,0.024359901478345356,1.002206657941479,0.1453857421875,0.1644287109375,-0.01904296875
random,random-mlp-seed42,mlp,random_init,42,,shortest_cycle,cycle,final_norm,1.0,0.0007080121286228147,6144,2048,8192,0.0006721461854807265,0.03513175421842753,1.003726723642089,0.113525390625,0.6358642578125,-0.5223388671875
random,random-mlp-seed42,mlp,random_init,42,,nontrivial_cycle_count,cycle,final_norm,1.0,-6.669407720094611e-06,6144,2048,8192,0.000539659430862871,0.03798551375668933,1.0144740840392126,0.4305419921875,0.4312744140625,-0.000732421875
random,random-mlp-seed42,mlp,random_init,42,,lis_length,global_run,final_norm,0.001,0.009092163912829743,6144,2048,8192,0.007636145489884338,0.09695004007744074,1.0187671921759076,0.401123046875,0.39697265625,0.004150390625
random,random-mlp-seed42,mlp,random_init,42,,lds_length,global_run,final_norm,0.001,0.003468569891752371,6144,2048,8192,0.006795919578279963,0.09277871167186931,1.0335835230354935,0.4053955078125,0.396484375,0.0089111328125
random,random-mlp-seed42,mlp,random_init,42,,longest_increasing_run,global_run,final_norm,0.01,0.004128551348991039,6144,2048,8192,-6.500623359539937e-05,0.034523576162764025,1.0682197582272588,0.4586181640625,0.5040283203125,-0.04541015625
random,random-mlp-seed42,mlp,random_init,42,,longest_decreasing_run,global_run,final_norm,10.0,-3.763285252778026e-05,6144,2048,8192,-7.258622846673113e-05,-0.01812240002737282,1.1023780124710654,0.459716796875,0.5018310546875,-0.0421142578125
random,random-mlp-seed42,mlp,random_init,42,,global_descents,global_run,final_norm,10.0,1.4198599932679912e-05,6144,2048,8192,-1.0373538458674503e-05,-0.0027437474891422687,1.2434802760477945,0.7889404296875,0.8125,-0.0235595703125
random,random-mlp-seed42,mlp,random_init,42,,components,global_run,final_norm,0.01,0.0010826569317409218,6144,2048,8192,0.005848654635776551,0.0788273778588859,1.2381884004480441,0.75732421875,0.804931640625,-0.047607421875
random,random-mlp-seed42,mlp,random_init,42,,max_displacement,global_run,final_norm,0.1,0.00014020829400451795,6144,2048,8192,0.0028810973464150624,0.05592899558024587,1.0195718922149608,0.243408203125,0.2574462890625,-0.0140380859375
random,random-mlp-seed42,mlp,random_init,42,,displacement_one_count,global_run,final_norm,0.0001,0.03305880056541777,6144,2048,8192,0.0191937757373134,0.16128290763762468,0.9804003527786094,0.270751953125,0.3072509765625,-0.0364990234375
random,random-mlp-seed314159,mlp,random_init,314159,,descents,local,embedding,1e-06,0.0,6144,2048,8192,-2.220446049250313e-16,0.0004754323765333192,1.0210358474220083,0.3427734375,0.3338623046875,0.0089111328125
random,random-mlp-seed314159,mlp,random_init,314159,,recoils,local,embedding,1e-06,2.220446049250313e-16,6144,2048,8192,0.0,0.02959701812624297,1.0117264466110467,0.3408203125,0.33642578125,0.00439453125
random,random-mlp-seed314159,mlp,random_init,314159,,peaks,local,embedding,1e-06,0.0,6144,2048,8192,0.0,-0.014160988057649622,0.987201497821541,0.4708251953125,0.4635009765625,0.00732421875
random,random-mlp-seed314159,mlp,random_init,314159,,valleys,local,embedding,1e-06,0.0,6144,2048,8192,0.0,0.012078793268291727,0.9926476029684151,0.458984375,0.45556640625,0.00341796875
random,random-mlp-seed314159,mlp,random_init,314159,,double_ascents,local,embedding,10.0,0.0,6144,2048,8192,0.0,0.0,1.012985218660725,0.3338623046875,0.344482421875,-0.0106201171875
random,random-mlp-seed314159,mlp,random_init,314159,,double_descents,local,embedding,1e-06,0.0,6144,2048,8192,0.0,0.0,0.9962763749938195,0.3388671875,0.3399658203125,-0.0010986328125
random,random-mlp-seed314159,mlp,random_init,314159,,successions,local,embedding,1e-06,0.0,6144,2048,8192,0.0,0.0,1.0677013036927756,0.3643798828125,0.398681640625,-0.0343017578125
random,random-mlp-seed314159,mlp,random_init,314159,,adjacencies,local,embedding,1e-06,0.0,6144,2048,8192,0.0,0.0,1.0447981442612964,0.329345703125,0.329345703125,0.0
random,random-mlp-seed314159,mlp,random_init,314159,,fixed_points,positional,embedding,1.0,2.220446049250313e-16,6144,2048,8192,0.0,0.0,1.0125438624646812,0.3580322265625,0.369873046875,-0.0118408203125
random,random-mlp-seed314159,mlp,random_init,314159,,anti_fixed_points,positional,embedding,1e-06,0.0,6144,2048,8192,0.0,0.0,0.9975928763619372,0.3592529296875,0.37939453125,-0.0201416015625
random,random-mlp-seed314159,mlp,random_init,314159,,exceedances,positional,embedding,1e-06,0.0,6144,2048,8192,0.0,-0.016399753502494386,0.996743501992833,0.3426513671875,0.3426513671875,0.0
random,random-mlp-seed314159,mlp,random_init,314159,,deficiencies,positional,embedding,1e-06,0.0,6144,2048,8192,0.0,0.017701664820860375,1.0018364670463262,0.3414306640625,0.34033203125,0.0010986328125
random,random-mlp-seed314159,mlp,random_init,314159,,left_to_right_maxima,positional,embedding,1e-06,0.0,6144,2048,8192,0.0,0.0,1.0233111062138236,0.3040771484375,0.3026123046875,0.00146484375
random,random-mlp-seed314159,mlp,random_init,314159,,left_to_right_minima,positional,embedding,1.0,0.0,6144,2048,8192,0.0,0.0,0.9857920972831147,0.3160400390625,0.307373046875,0.0086669921875
random,random-mlp-seed314159,mlp,random_init,314159,,right_to_left_maxima,positional,embedding,1e-06,0.0,6144,2048,8192,0.0,0.0,1.0300600749281232,0.305908203125,0.3045654296875,0.0013427734375
random,random-mlp-seed314159,mlp,random_init,314159,,right_to_left_minima,positional,embedding,10.0,0.0,6144,2048,8192,0.0,0.0,1.0276770844678722,0.3035888671875,0.2933349609375,0.01025390625
random,random-mlp-seed314159,mlp,random_init,314159,,cycle_count,cycle,embedding,1e-06,0.0,6144,2048,8192,0.0,0.0,0.9967724289122708,0.3077392578125,0.3079833984375,-0.000244140625
random,random-mlp-seed314159,mlp,random_init,314159,,two_cycle_count,cycle,embedding,1e-06,0.0,6144,2048,8192,0.0,0.0,1.0101702448488212,0.4593505859375,0.6026611328125,-0.143310546875
random,random-mlp-seed314159,mlp,random_init,314159,,three_cycle_count,cycle,embedding,1e-06,1.1102230246251565e-16,6144,2048,8192,0.0,0.0,1.0003236622577176,0.7235107421875,0.7235107421875,0.0
random,random-mlp-seed314159,mlp,random_init,314159,,even_cycle_count,cycle,embedding,1e-06,0.0,6144,2048,8192,0.0,0.0,1.0111505563890062,0.3974609375,0.40771484375,-0.01025390625
random,random-mlp-seed314159,mlp,random_init,314159,,odd_cycle_count,cycle,embedding,1e-06,0.0,6144,2048,8192,0.0,0.0,0.9928792526047006,0.3057861328125,0.5802001953125,-0.2744140625
random,random-mlp-seed314159,mlp,random_init,314159,,longest_cycle,cycle,embedding,1e-06,0.0,6144,2048,8192,0.0,-0.02486858348121513,1.002388866359531,0.1435546875,0.1644287109375,-0.0208740234375
random,random-mlp-seed314159,mlp,random_init,314159,,shortest_cycle,cycle,embedding,1e-06,0.0,6144,2048,8192,0.0,0.0,1.004064219330732,0.1092529296875,0.6358642578125,-0.526611328125
random,random-mlp-seed314159,mlp,random_init,314159,,nontrivial_cycle_count,cycle,embedding,10.0,1.1102230246251565e-16,6144,2048,8192,0.0,0.0,1.0147479301353286,0.4290771484375,0.4312744140625,-0.002197265625
random,random-mlp-seed314159,mlp,random_init,314159,,lis_length,global_run,embedding,0.1,2.220446049250313e-16,6144,2048,8192,0.0,-0.012079191359661012,1.022679339029915,0.390869140625,0.39697265625,-0.006103515625
random,random-mlp-seed314159,mlp,random_init,314159,,lds_length,global_run,embedding,1e-06,0.0,6144,2048,8192,0.0,-0.019675236842596387,1.0371136011049422,0.38720703125,0.396484375,-0.00927734375
random,random-mlp-seed314159,mlp,random_init,314159,,longest_increasing_run,global_run,embedding,1e-06,0.0,6144,2048,8192,0.0,0.0,1.0681850394483854,0.4554443359375,0.5040283203125,-0.048583984375
random,random-mlp-seed314159,mlp,random_init,314159,,longest_decreasing_run,global_run,embedding,1.0,0.0,6144,2048,8192,0.0,0.0,1.1023380059178607,0.459716796875,0.5018310546875,-0.0421142578125
random,random-mlp-seed314159,mlp,random_init,314159,,global_descents,global_run,embedding,1e-06,0.0,6144,2048,8192,0.0,0.0,1.2434738264527403,0.7889404296875,0.8125,-0.0235595703125
random,random-mlp-seed314159,mlp,random_init,314159,,components,global_run,embedding,1e-06,0.0,6144,2048,8192,0.0,0.004485341270648542,1.241825229327309,0.7493896484375,0.804931640625,-0.0555419921875
random,random-mlp-seed314159,mlp,random_init,314159,,max_displacement,global_run,embedding,1.0,0.0,6144,2048,8192,0.0,-0.01312928059154369,1.0210438164840894,0.238037109375,0.2574462890625,-0.0194091796875
random,random-mlp-seed314159,mlp,random_init,314159,,displacement_one_count,global_run,embedding,1e-06,0.0,6144,2048,8192,0.0,0.0,0.9899467911205587,0.2646484375,0.3072509765625,-0.0426025390625
random,random-mlp-seed314159,mlp,random_init,314159,,descents,local,block_01,10.0,0.00015927771112367317,6144,2048,8192,-1.0216276416619152e-05,-0.0013909192213639174,1.0210410630009117,0.3433837890625,0.3338623046875,0.009521484375
random,random-mlp-seed314159,mlp,random_init,314159,,recoils,local,block_01,10.0,5.3982152722786836e-05,6144,2048,8192,6.285766324887199e-05,0.022831376361187455,1.0116946487312133,0.3408203125,0.33642578125,0.00439453125
random,random-mlp-seed314159,mlp,random_init,314159,,peaks,local,block_01,10.0,4.5425609852323134e-05,6144,2048,8192,-3.646819151770231e-06,-0.00048382125697137295,0.9872032978925643,0.4708251953125,0.4635009765625,0.00732421875
random,random-mlp-seed314159,mlp,random_init,314159,,valleys,local,block_01,1.0,0.00024386667305853482,6144,2048,8192,-0.00013923098805701528,-0.004905735451198757,0.9927167042165169,0.458984375,0.45556640625,0.00341796875
random,random-mlp-seed314159,mlp,random_init,314159,,double_ascents,local,block_01,10.0,0.0002366635486125146,6144,2048,8192,1.727772882531564e-05,0.005509525233477369,1.0129764675809692,0.3338623046875,0.344482421875,-0.0106201171875
random,random-mlp-seed314159,mlp,random_init,314159,,double_descents,local,block_01,10.0,8.36666815625664e-05,6144,2048,8192,2.5771688908715618e-05,0.007732872926112456,0.9962635370487034,0.3388671875,0.3399658203125,-0.0010986328125
random,random-mlp-seed314159,mlp,random_init,314159,,successions,local,block_01,1.0,0.00021780062791987298,6144,2048,8192,4.7835116387062726e-05,0.007178630573612992,1.0676757665793148,0.3643798828125,0.398681640625,-0.0343017578125
random,random-mlp-seed314159,mlp,random_init,314159,,adjacencies,local,block_01,10.0,-8.233262599866009e-05,6144,2048,8192,9.663620076783008e-05,0.027527107107404147,1.0447476603800088,0.329345703125,0.329345703125,0.0
random,random-mlp-seed314159,mlp,random_init,314159,,fixed_points,positional,block_01,0.1,0.0028691389000831125,6144,2048,8192,0.0017829872119390355,0.04249474680488395,1.011640783361314,0.3580322265625,0.369873046875,-0.0118408203125
random,random-mlp-seed314159,mlp,random_init,314159,,anti_fixed_points,positional,block_01,0.001,0.019645197990620034,6144,2048,8192,0.015942115480795493,0.1300014737176042,0.9896090583663867,0.3558349609375,0.37939453125,-0.0235595703125
random,random-mlp-seed314159,mlp,random_init,314159,,exceedances,positional,block_01,0.001,0.007995439903939139,6144,2048,8192,0.01797424417893201,0.13534340686037924,0.9877450279063978,0.3575439453125,0.3426513671875,0.014892578125
random,random-mlp-seed314159,mlp,random_init,314159,,deficiencies,positional,block_01,0.001,0.019617965172020302,6144,2048,8192,0.021010742133900195,0.14604641717488195,0.9912559319559224,0.3575439453125,0.34033203125,0.0172119140625
random,random-mlp-seed314159,mlp,random_init,314159,,left_to_right_maxima,positional,block_01,10.0,-7.368086372006033e-05,6144,2048,8192,6.938590666061284e-05,0.01769792984459125,1.023275603913523,0.3040771484375,0.3026123046875,0.00146484375
random,random-mlp-seed314159,mlp,random_init,314159,,left_to_right_minima,positional,block_01,0.001,0.006013688153885366,6144,2048,8192,0.005038512417230856,0.09286915208184783,0.9833054982762716,0.3197021484375,0.307373046875,0.0123291015625
random,random-mlp-seed314159,mlp,random_init,314159,,right_to_left_maxima,positional,block_01,1.0,0.0005158767543179676,6144,2048,8192,0.000829915741483056,0.05693474042078294,1.0296325546728364,0.305908203125,0.3045654296875,0.0013427734375
random,random-mlp-seed314159,mlp,random_init,314159,,right_to_left_minima,positional,block_01,1.0,0.00021620110326436848,6144,2048,8192,0.0010160667739874674,0.05551734119704211,1.0271548575098355,0.302978515625,0.2933349609375,0.0096435546875
random,random-mlp-seed314159,mlp,random_init,314159,,cycle_count,cycle,block_01,0.1,0.002891240359658931,6144,2048,8192,-9.102892208656677e-05,0.021413179047235848,0.9968177954397625,0.30517578125,0.3079833984375,-0.0028076171875
random,random-mlp-seed314159,mlp,random_init,314159,,two_cycle_count,cycle,block_01,0.01,0.0013701554585210385,6144,2048,8192,-0.0039707197247862425,-0.003059926004202069,1.012173809379257,0.45458984375,0.6026611328125,-0.1480712890625
random,random-mlp-seed314159,mlp,random_init,314159,,three_cycle_count,cycle,block_01,10.0,-8.580009337588734e-05,6144,2048,8192,-2.344070421900213e-05,-0.00969429127753537,1.000335386334558,0.7235107421875,0.7235107421875,0.0
random,random-mlp-seed314159,mlp,random_init,314159,,even_cycle_count,cycle,block_01,1.0,0.00021372163721744553,6144,2048,8192,0.0001043453504752101,0.01075767847478629,1.0110978005831697,0.3985595703125,0.40771484375,-0.0091552734375
random,random-mlp-seed314159,mlp,random_init,314159,,odd_cycle_count,cycle,block_01,0.1,0.0007166758016525776,6144,2048,8192,0.0015812144482925117,0.03981595190798294,0.9920939645448698,0.296142578125,0.5802001953125,-0.2840576171875
random,random-mlp-seed314159,mlp,random_init,314159,,longest_cycle,cycle,block_01,1.0,0.00017860658607948832,6144,2048,8192,8.953272319545125e-05,0.009919131723636286,1.002343992052626,0.145751953125,0.1644287109375,-0.0186767578125
random,random-mlp-seed314159,mlp,random_init,314159,,shortest_cycle,cycle,block_01,1.0,0.0001498966304254168,6144,2048,8192,-0.00015468798535378525,-0.004580522729979981,1.0041418746633886,0.1103515625,0.6358642578125,-0.5255126953125
random,random-mlp-seed314159,mlp,random_init,314159,,nontrivial_cycle_count,cycle,block_01,10.0,3.613383210188115e-05,6144,2048,8192,4.380820205385216e-05,0.015298672060968162,1.014725702750712,0.4290771484375,0.4312744140625,-0.002197265625
random,random-mlp-seed314159,mlp,random_init,314159,,lis_length,global_run,block_01,0.001,0.008179412463191205,6144,2048,8192,0.002971731819946366,0.08091077794534741,1.0211586440482041,0.39501953125,0.39697265625,-0.001953125
random,random-mlp-seed314159,mlp,random_init,314159,,lds_length,global_run,block_01,10.0,0.00011595684304377407,6144,2048,8192,0.00013082470988712291,0.04205961727516941,1.0370457588430162,0.38720703125,0.396484375,-0.00927734375
random,random-mlp-seed314159,mlp,random_init,314159,,longest_increasing_run,global_run,block_01,1.0,0.0006286272211060151,6144,2048,8192,0.00023105866373784867,0.01778374833837076,1.0680616256150948,0.455810546875,0.5040283203125,-0.0482177734375
random,random-mlp-seed314159,mlp,random_init,314159,,longest_decreasing_run,global_run,block_01,10.0,6.181505602564918e-05,6144,2048,8192,5.618935608686648e-05,0.021204506950550785,1.1023070356514335,0.459716796875,0.5018310546875,-0.0421142578125
random,random-mlp-seed314159,mlp,random_init,314159,,global_descents,global_run,block_01,0.01,0.0017977617987459116,6144,2048,8192,0.0026874356331729743,0.053183487619883785,1.2418018244124631,0.7813720703125,0.8125,-0.0311279296875
random,random-mlp-seed314159,mlp,random_init,314159,,components,global_run,block_01,0.001,0.007532626715953894,6144,2048,8192,0.0022973992458350523,0.06274687249851629,1.2403979249112516,0.7506103515625,0.804931640625,-0.0543212890625
random,random-mlp-seed314159,mlp,random_init,314159,,max_displacement,global_run,block_01,0.1,0.0006073534111853407,6144,2048,8192,0.0013803920658577162,0.03694218826536708,1.0203388527268973,0.2420654296875,0.2574462890625,-0.015380859375
random,random-mlp-seed314159,mlp,random_init,314159,,displacement_one_count,global_run,block_01,0.01,0.008828121937400901,6144,2048,8192,0.005538483483789269,0.07475249882731339,0.987201582793919,0.265625,0.3072509765625,-0.0416259765625
random,random-mlp-seed314159,mlp,random_init,314159,,descents,local,final_norm,10.0,0.00014525665647391328,6144,2048,8192,2.099097053065435e-06,0.0016796127287942925,1.0210347757947766,0.343505859375,0.3338623046875,0.0096435546875
random,random-mlp-seed314159,mlp,random_init,314159,,recoils,local,final_norm,10.0,7.064941387613377e-05,6144,2048,8192,6.831449649624677e-05,0.024553996091396593,1.011691888229431,0.3408203125,0.33642578125,0.00439453125
random,random-mlp-seed314159,mlp,random_init,314159,,peaks,local,final_norm,10.0,3.152917549298362e-05,6144,2048,8192,-1.1314881016577516e-05,-0.003149374892227014,0.9872070828394863,0.4708251953125,0.4635009765625,0.00732421875
random,random-mlp-seed314159,mlp,random_init,314159,,valleys,local,final_norm,1.0,0.0001722154372019169,6144,2048,8192,-0.00011605604338282838,-0.0036619991982357047,0.992705202673902,0.458984375,0.45556640625,0.00341796875
random,random-mlp-seed314159,mlp,random_init,314159,,double_ascents,local,final_norm,10.0,0.00020966152754242628,6144,2048,8192,1.3830404194892232e-05,0.004716758047520922,1.0129782136389955,0.3338623046875,0.344482421875,-0.0106201171875
random,random-mlp-seed314159,mlp,random_init,314159,,double_descents,local,final_norm,10.0,7.417878425108881e-05,6144,2048,8192,3.726739889953201e-05,0.011605122584307235,0.9962578105063148,0.3388671875,0.3399658203125,-0.0010986328125
random,random-mlp-seed314159,mlp,random_init,314159,,successions,local,final_norm,1.0,0.00022842070381712265,6144,2048,8192,8.068634377289552e-05,0.009223473791041588,1.0676582283666423,0.3643798828125,0.398681640625,-0.0343017578125
random,random-mlp-seed314159,mlp,random_init,314159,,adjacencies,local,final_norm,10.0,-7.339598912370349e-05,6144,2048,8192,8.440540241638761e-05,0.025190116401093518,1.0447540500269237,0.329345703125,0.329345703125,0.0
random,random-mlp-seed314159,mlp,random_init,314159,,fixed_points,positional,final_norm,0.1,0.002988352535689298,6144,2048,8192,0.0017209698177833577,0.041795044685168654,1.0116722085674377,0.3580322265625,0.369873046875,-0.0118408203125
random,random-mlp-seed314159,mlp,random_init,314159,,anti_fixed_points,positional,final_norm,0.001,0.018276729611400144,6144,2048,8192,0.015802310353177695,0.12920812116853786,0.9896793527613045,0.3558349609375,0.37939453125,-0.0235595703125
random,random-mlp-seed314159,mlp,random_init,314159,,exceedances,positional,final_norm,0.001,0.00676592508558449,6144,2048,8192,0.01735240278853789,0.13315001576156046,0.9880577098976548,0.355712890625,0.3426513671875,0.0130615234375
random,random-mlp-seed314159,mlp,random_init,314159,,deficiencies,positional,final_norm,0.001,0.018837148839727424,6144,2048,8192,0.020418283999626974,0.14404925759138038,0.9915558273894054,0.3568115234375,0.34033203125,0.0164794921875
random,random-mlp-seed314159,mlp,random_init,314159,,left_to_right_maxima,positional,final_norm,10.0,-7.220634859783637e-05,6144,2048,8192,5.837509794515139e-05,0.01572187911912175,1.023281237834898,0.3040771484375,0.3026123046875,0.00146484375
random,random-mlp-seed314159,mlp,random_init,314159,,left_to_right_minima,positional,final_norm,0.001,0.0038299243635527835,6144,2048,8192,0.0034159656912208236,0.08683741967747223,0.9841069409514731,0.3193359375,0.307373046875,0.011962890625
random,random-mlp-seed314159,mlp,random_init,314159,,right_to_left_maxima,positional,final_norm,1.0,0.0004947797531491549,6144,2048,8192,0.0008173452222339783,0.057316273733253015,1.0296390315356565,0.305908203125,0.3045654296875,0.0013427734375
random,random-mlp-seed314159,mlp,random_init,314159,,right_to_left_minima,positional,final_norm,1.0,0.0002548584994475078,6144,2048,8192,0.0010510626166219117,0.05602754168843436,1.0271368659969713,0.302734375,0.2933349609375,0.0093994140625
random,random-mlp-seed314159,mlp,random_init,314159,,cycle_count,cycle,final_norm,0.1,0.0028845264608267085,6144,2048,8192,-7.219937071445415e-05,0.02168072285665387,0.9968084114338601,0.3050537109375,0.3079833984375,-0.0029296875
random,random-mlp-seed314159,mlp,random_init,314159,,two_cycle_count,cycle,final_norm,0.01,0.0011183579933539134,6144,2048,8192,-0.0038032701250654277,-0.0012267715896947134,1.012089396973793,0.45849609375,0.6026611328125,-0.1441650390625
random,random-mlp-seed314159,mlp,random_init,314159,,three_cycle_count,cycle,final_norm,10.0,-9.209912724306157e-05,6144,2048,8192,-2.3596155612093384e-05,-0.009549199482169,1.000335464084497,0.7235107421875,0.7235107421875,0.0
random,random-mlp-seed314159,mlp,random_init,314159,,even_cycle_count,cycle,final_norm,1.0,0.000205541355877914,6144,2048,8192,0.00011455677018867849,0.011456026913004584,1.0110926376592557,0.398681640625,0.40771484375,-0.009033203125
random,random-mlp-seed314159,mlp,random_init,314159,,odd_cycle_count,cycle,final_norm,0.1,0.0007831399106452697,6144,2048,8192,0.0014891515796400245,0.0387030410052649,0.9921397033231747,0.2958984375,0.5802001953125,-0.2843017578125
random,random-mlp-seed314159,mlp,random_init,314159,,longest_cycle,cycle,final_norm,1.0,0.00014222074604897106,6144,2048,8192,0.00011122169718491559,0.011472674014312734,1.00233312111399,0.145751953125,0.1644287109375,-0.0186767578125
random,random-mlp-seed314159,mlp,random_init,314159,,shortest_cycle,cycle,final_norm,1.0,0.0001706429368713014,6144,2048,8192,-0.00014154405181776575,-0.003806172037117492,1.0041352764753368,0.1103515625,0.6358642578125,-0.5255126953125
random,random-mlp-seed314159,mlp,random_init,314159,,nontrivial_cycle_count,cycle,final_norm,10.0,2.9594498017093684e-05,6144,2048,8192,5.18661283778199e-05,0.018491859125516277,1.0147216142708908,0.4290771484375,0.4312744140625,-0.002197265625
random,random-mlp-seed314159,mlp,random_init,314159,,lis_length,global_run,final_norm,0.001,0.007476713297004611,6144,2048,8192,0.002434633070332759,0.078977627062307,1.0214336559029624,0.3951416015625,0.39697265625,-0.0018310546875
random,random-mlp-seed314159,mlp,random_init,314159,,lds_length,global_run,final_norm,10.0,0.00011601940257643939,6144,2048,8192,0.00014472372630069952,0.04541654271352245,1.0370385509169837,0.38720703125,0.396484375,-0.00927734375
random,random-mlp-seed314159,mlp,random_init,314159,,longest_increasing_run,global_run,final_norm,1.0,0.000572200221872099,6144,2048,8192,0.0002529471635691616,0.01897398052657019,1.0680499337162443,0.4559326171875,0.5040283203125,-0.048095703125
random,random-mlp-seed314159,mlp,random_init,314159,,longest_decreasing_run,global_run,final_norm,10.0,0.00010170207955673138,6144,2048,8192,6.194458122765756e-05,0.024157892246131542,1.1023038634560434,0.459716796875,0.5018310546875,-0.0421142578125
random,random-mlp-seed314159,mlp,random_init,314159,,global_descents,global_run,final_norm,0.01,0.0016735836617387534,6144,2048,8192,0.002531294300056719,0.05193517733859052,1.2418990301484771,0.7818603515625,0.8125,-0.0306396484375
random,random-mlp-seed314159,mlp,random_init,314159,,components,global_run,final_norm,0.001,0.007019618018335394,6144,2048,8192,0.0019036947404763582,0.06083410525751998,1.2406426381572147,0.749755859375,0.804931640625,-0.05517578125
random,random-mlp-seed314159,mlp,random_init,314159,,max_displacement,global_run,final_norm,1.0,0.0003208366801887852,6144,2048,8192,0.0005042509068187151,0.027399111677804008,1.020786352888252,0.2410888671875,0.2574462890625,-0.016357421875
random,random-mlp-seed314159,mlp,random_init,314159,,displacement_one_count,global_run,final_norm,0.01,0.008971454737092377,6144,2048,8192,0.005535766749691806,0.07481962922585299,0.9872029312434691,0.2659912109375,0.3072509765625,-0.041259765625
