model_kind,replicate_id,pool,run_id,model_seed,trained_task_count,task_status,layer,probe_task_count,length_conditioned_r2,pearson_r,normalized_rmse,exact_accuracy,length_mode_baseline_accuracy,exact_accuracy_minus_baseline
random,random,random,random-transformer-seed101,101,0,random_baseline,block_01,32,0.09801112364513985,0.28273173671850993,0.9722819781248282,0.4310455322265625,0.42256927490234375,0.00847625732421875
random,random,random,random-transformer-seed101,101,0,random_baseline,block_02,32,0.19948122095400728,0.3879628139095452,0.9107552099131145,0.454681396484375,0.42256927490234375,0.03211212158203125
random,random,random,random-transformer-seed101,101,0,random_baseline,block_03,32,0.20943968220122547,0.3946295715115565,0.9036404524947281,0.46028900146484375,0.42256927490234375,0.0377197265625
random,random,random,random-transformer-seed101,101,0,random_baseline,block_04,32,0.21148905104403104,0.39767759665930524,0.9023980661618557,0.46170806884765625,0.42256927490234375,0.0391387939453125
random,random,random,random-transformer-seed101,101,0,random_baseline,embedding,32,0.0,-0.001649372153138827,1.0251327043353742,0.38741302490234375,0.42256927490234375,-0.03515625
random,random,random,random-transformer-seed101,101,0,random_baseline,final_norm,32,0.21207912108842147,0.39894134537279513,0.9020636844120794,0.4615631103515625,0.42256927490234375,0.03899383544921875
random,random,random,random-transformer-seed17,17,0,random_baseline,block_01,32,0.11771691706130812,0.3191183711463692,0.9615161674667054,0.43817138671875,0.42256927490234375,0.01560211181640625
random,random,random,random-transformer-seed17,17,0,random_baseline,block_02,32,0.208762583156771,0.40745878540185404,0.9053822271171358,0.462066650390625,0.42256927490234375,0.03949737548828125
random,random,random,random-transformer-seed17,17,0,random_baseline,block_03,32,0.21593312339428825,0.4105845880078178,0.9000802924215014,0.463714599609375,0.42256927490234375,0.04114532470703125
random,random,random,random-transformer-seed17,17,0,random_baseline,block_04,32,0.21768966010752783,0.41033918994854607,0.8983857365254767,0.4649505615234375,0.42256927490234375,0.04238128662109375
random,random,random,random-transformer-seed17,17,0,random_baseline,embedding,32,-6.938893903907228e-18,-0.001753595293882469,1.0251327043353742,0.38741302490234375,0.42256927490234375,-0.03515625
random,random,random,random-transformer-seed17,17,0,random_baseline,final_norm,32,0.21544704388555386,0.40760930615355745,0.899784532120336,0.46338653564453125,0.42256927490234375,0.0408172607421875
random,random,random,random-transformer-seed42,42,0,random_baseline,block_01,32,0.12424116830131557,0.31865536472585426,0.9573557881095288,0.44188690185546875,0.42256927490234375,0.019317626953125
random,random,random,random-transformer-seed42,42,0,random_baseline,block_02,32,0.2040469235541965,0.3976094706340025,0.9083722967856173,0.46089935302734375,0.42256927490234375,0.038330078125
random,random,random,random-transformer-seed42,42,0,random_baseline,block_03,32,0.21552975695120818,0.4072541230689244,0.900491885428744,0.46186065673828125,0.42256927490234375,0.0392913818359375
random,random,random,random-transformer-seed42,42,0,random_baseline,block_04,32,0.21745160838352667,0.40939454898998656,0.899147335576604,0.4628753662109375,0.42256927490234375,0.04030609130859375
random,random,random,random-transformer-seed42,42,0,random_baseline,embedding,32,6.938893903907228e-18,-0.001718098710130464,1.0251327043353742,0.38741302490234375,0.42256927490234375,-0.03515625
random,random,random,random-transformer-seed42,42,0,random_baseline,final_norm,32,0.21677444696997808,0.4087153568171453,0.8995885631432669,0.46295928955078125,0.42256927490234375,0.0403900146484375
trained,r0,a,property-a-transformer-tasks01-seed17,17,1,opposite_pool,block_01,16,0.17330340036023842,0.38166222215845785,0.9206928843909062,0.4517364501953125,0.4301300048828125,0.0216064453125
trained,r0,a,property-a-transformer-tasks01-seed17,17,1,opposite_pool,block_02,16,0.3230798254184112,0.5358580720507232,0.8266829449169214,0.49542236328125,0.4301300048828125,0.0652923583984375
trained,r0,a,property-a-transformer-tasks01-seed17,17,1,opposite_pool,block_03,16,0.3280087941805688,0.5401126612515009,0.822919064471772,0.4955291748046875,0.4301300048828125,0.065399169921875
trained,r0,a,property-a-transformer-tasks01-seed17,17,1,opposite_pool,block_04,16,0.3040209491065512,0.5168655649062294,0.8379792353240836,0.4858856201171875,0.4301300048828125,0.055755615234375
trained,r0,a,property-a-transformer-tasks01-seed17,17,1,opposite_pool,embedding,16,0.0,-0.0005272735258397021,1.0166853004273697,0.384796142578125,0.4301300048828125,-0.0453338623046875
trained,r0,a,property-a-transformer-tasks01-seed17,17,1,opposite_pool,final_norm,16,0.3027660474325058,0.5158430681142918,0.8387361497010405,0.4844970703125,0.4301300048828125,0.0543670654296875
trained,r0,a,property-a-transformer-tasks01-seed17,17,1,same_pool_untrained,block_01,15,0.2080180555919876,0.42622678124079694,0.9145341378030273,0.4662272135416667,0.4195149739583333,0.046712239583333336
trained,r0,a,property-a-transformer-tasks01-seed17,17,1,same_pool_untrained,block_02,15,0.3438706292431239,0.5541465094277398,0.827332366660893,0.5093098958333333,0.4195149739583333,0.089794921875
trained,r0,a,property-a-transformer-tasks01-seed17,17,1,same_pool_untrained,block_03,15,0.3499980927803714,0.560208064131436,0.8233119498920819,0.5115071614583333,0.4195149739583333,0.0919921875
trained,r0,a,property-a-transformer-tasks01-seed17,17,1,same_pool_untrained,block_04,15,0.3302167855968268,0.541792981160759,0.8363537867082959,0.5043619791666667,0.4195149739583333,0.08484700520833334
trained,r0,a,property-a-transformer-tasks01-seed17,17,1,same_pool_untrained,embedding,15,2.960594732333751e-17,-0.001736845304813058,1.032767159279432,0.39305013020833335,0.4195149739583333,-0.02646484375
trained,r0,a,property-a-transformer-tasks01-seed17,17,1,same_pool_untrained,final_norm,15,0.32840262380800134,0.5383513429125366,0.837564190191383,0.5013671875,0.4195149739583333,0.08185221354166666
trained,r0,a,property-a-transformer-tasks01-seed17,17,1,trained,block_01,1,0.11305492066120137,0.33680056987242896,0.9848868680884744,0.395263671875,0.347412109375,0.0478515625
trained,r0,a,property-a-transformer-tasks01-seed17,17,1,trained,block_02,1,0.9907882599077038,0.9953966382461017,0.10037113160207879,0.9951171875,0.347412109375,0.647705078125
trained,r0,a,property-a-transformer-tasks01-seed17,17,1,trained,block_03,1,0.9960588060420504,0.9980314627572312,0.06565259347343153,0.998779296875,0.347412109375,0.6513671875
trained,r0,a,property-a-transformer-tasks01-seed17,17,1,trained,block_04,1,0.9949748343433877,0.9974996066546805,0.07413327288085607,0.998046875,0.347412109375,0.650634765625
trained,r0,a,property-a-transformer-tasks01-seed17,17,1,trained,embedding,1,0.0,0.0,1.04577434270258,0.3447265625,0.347412109375,-0.002685546875
trained,r0,a,property-a-transformer-tasks01-seed17,17,1,trained,final_norm,1,0.9938758520785423,0.9969378216237538,0.08183909506798787,0.997314453125,0.347412109375,0.64990234375
trained,r0,a,property-a-transformer-tasks02-seed17,17,2,opposite_pool,block_01,16,0.15563556543010332,0.35762509702228923,0.9302617903956016,0.4558868408203125,0.4301300048828125,0.0257568359375
trained,r0,a,property-a-transformer-tasks02-seed17,17,2,opposite_pool,block_02,16,0.27697137557805845,0.49873328066831535,0.8577602020467828,0.4863433837890625,0.4301300048828125,0.05621337890625
trained,r0,a,property-a-transformer-tasks02-seed17,17,2,opposite_pool,block_03,16,0.29145772303650547,0.5114640008700797,0.8481840931968405,0.4896087646484375,0.4301300048828125,0.059478759765625
trained,r0,a,property-a-transformer-tasks02-seed17,17,2,opposite_pool,block_04,16,0.29027179464277514,0.5081375713460896,0.8483314754032241,0.490142822265625,0.4301300048828125,0.0600128173828125
trained,r0,a,property-a-transformer-tasks02-seed17,17,2,opposite_pool,embedding,16,1.3877787807814457e-17,-0.00019665014818538555,1.0166853004273695,0.384796142578125,0.4301300048828125,-0.0453338623046875
trained,r0,a,property-a-transformer-tasks02-seed17,17,2,opposite_pool,final_norm,16,0.2860355754612626,0.5023585172530077,0.8509518358109347,0.4885101318359375,0.4301300048828125,0.058380126953125
trained,r0,a,property-a-transformer-tasks02-seed17,17,2,same_pool_untrained,block_01,14,0.18528913243873202,0.39532752466687177,0.9284334447757853,0.4570835658482143,0.42257254464285715,0.034511021205357144
trained,r0,a,property-a-transformer-tasks02-seed17,17,2,same_pool_untrained,block_02,14,0.3029416112132664,0.5213134594943286,0.8564836334311251,0.4924839564732143,0.42257254464285715,0.06991141183035714
trained,r0,a,property-a-transformer-tasks02-seed17,17,2,same_pool_untrained,block_03,14,0.32838056807186566,0.545371321383399,0.840145896586668,0.4996861049107143,0.42257254464285715,0.07711356026785714
trained,r0,a,property-a-transformer-tasks02-seed17,17,2,same_pool_untrained,block_04,14,0.32995006435485497,0.5491980735592883,0.8391881249429439,0.49647739955357145,0.42257254464285715,0.07390485491071429
trained,r0,a,property-a-transformer-tasks02-seed17,17,2,same_pool_untrained,embedding,14,0.0,-0.0016899865822608967,1.032492117642578,0.3965541294642857,0.42257254464285715,-0.026018415178571428
trained,r0,a,property-a-transformer-tasks02-seed17,17,2,same_pool_untrained,final_norm,14,0.32534749776636396,0.5447997668695826,0.8422232773831925,0.49434988839285715,0.42257254464285715,0.07177734375
trained,r0,a,property-a-transformer-tasks02-seed17,17,2,trained,block_01,2,0.4277467313365263,0.6010769477309056,0.7565882729944107,0.57373046875,0.362060546875,0.211669921875
trained,r0,a,property-a-transformer-tasks02-seed17,17,2,trained,block_02,2,0.8608817463652856,0.9270303441252057,0.3739546074513851,0.84033203125,0.362060546875,0.478271484375
trained,r0,a,property-a-transformer-tasks02-seed17,17,2,trained,block_03,2,0.8969887687410898,0.9468693125536443,0.32810274661223976,0.8687744140625,0.362060546875,0.5067138671875
trained,r0,a,property-a-transformer-tasks02-seed17,17,2,trained,block_04,2,0.8978660080919791,0.9473508679988458,0.3269727019794704,0.8701171875,0.362060546875,0.508056640625
trained,r0,a,property-a-transformer-tasks02-seed17,17,2,trained,embedding,2,0.0,0.0,1.0411960424489832,0.3443603515625,0.362060546875,-0.0177001953125
trained,r0,a,property-a-transformer-tasks02-seed17,17,2,trained,final_norm,2,0.8912651745762716,0.9439142402366351,0.3393216848899858,0.8624267578125,0.362060546875,0.5003662109375
trained,r0,a,property-a-transformer-tasks04-seed17,17,4,opposite_pool,block_01,16,0.1888655229745802,0.40926392106080556,0.9120654482912812,0.466339111328125,0.4301300048828125,0.0362091064453125
trained,r0,a,property-a-transformer-tasks04-seed17,17,4,opposite_pool,block_02,16,0.2562051464733447,0.4785712726649989,0.8697270324264779,0.481170654296875,0.4301300048828125,0.0510406494140625
trained,r0,a,property-a-transformer-tasks04-seed17,17,4,opposite_pool,block_03,16,0.277447529217114,0.4950657669066494,0.8543785303990741,0.4883270263671875,0.4301300048828125,0.058197021484375
trained,r0,a,property-a-transformer-tasks04-seed17,17,4,opposite_pool,block_04,16,0.28545413016139154,0.5034845817039567,0.8495511103635718,0.4890594482421875,0.4301300048828125,0.058929443359375
trained,r0,a,property-a-transformer-tasks04-seed17,17,4,opposite_pool,embedding,16,1.3877787807814457e-17,0.0002708031084816085,1.0166853004273695,0.384796142578125,0.4301300048828125,-0.0453338623046875
trained,r0,a,property-a-transformer-tasks04-seed17,17,4,opposite_pool,final_norm,16,0.28145604952325604,0.5018895941569192,0.8527354791670887,0.48681640625,0.4301300048828125,0.0566864013671875
trained,r0,a,property-a-transformer-tasks04-seed17,17,4,same_pool_untrained,block_01,12,0.19230328166748042,0.40519296146890893,0.9244429667722117,0.4711710611979167,0.4355875651041667,0.03558349609375
trained,r0,a,property-a-transformer-tasks04-seed17,17,4,same_pool_untrained,block_02,12,0.24230496311295857,0.46030737781358316,0.8940961028340632,0.48541259765625,0.4355875651041667,0.049825032552083336
trained,r0,a,property-a-transformer-tasks04-seed17,17,4,same_pool_untrained,block_03,12,0.2626777083920128,0.4805322720568305,0.8808274480928532,0.4906005859375,0.4355875651041667,0.055013020833333336
trained,r0,a,property-a-transformer-tasks04-seed17,17,4,same_pool_untrained,block_04,12,0.27514352983630114,0.493058881603051,0.8731147590047265,0.4964192708333333,0.4355875651041667,0.060831705729166664
trained,r0,a,property-a-transformer-tasks04-seed17,17,4,same_pool_untrained,embedding,12,0.0,-0.002553549148600086,1.033189647394026,0.4038492838541667,0.4355875651041667,-0.03173828125
trained,r0,a,property-a-transformer-tasks04-seed17,17,4,same_pool_untrained,final_norm,12,0.2721709038797256,0.49096652224588294,0.8752549799623196,0.4945068359375,0.4355875651041667,0.058919270833333336
trained,r0,a,property-a-transformer-tasks04-seed17,17,4,trained,block_01,4,0.391037628428435,0.6002428830531031,0.792185838083264,0.50799560546875,0.353271484375,0.15472412109375
trained,r0,a,property-a-transformer-tasks04-seed17,17,4,trained,block_02,4,0.5178467715844924,0.707632243838825,0.699429486167119,0.564697265625,0.353271484375,0.21142578125
trained,r0,a,property-a-transformer-tasks04-seed17,17,4,trained,block_03,4,0.5630202781636424,0.7398869746857899,0.6599937472349411,0.586669921875,0.353271484375,0.2333984375
trained,r0,a,property-a-transformer-tasks04-seed17,17,4,trained,block_04,4,0.6016215029378142,0.7661143850040485,0.6210821863946583,0.61297607421875,0.353271484375,0.25970458984375
trained,r0,a,property-a-transformer-tasks04-seed17,17,4,trained,embedding,4,0.0,0.002009481927516992,1.0347514907914372,0.34857177734375,0.353271484375,-0.00469970703125
trained,r0,a,property-a-transformer-tasks04-seed17,17,4,trained,final_norm,4,0.5951501329384529,0.7616859301115281,0.6275863165271065,0.60968017578125,0.353271484375,0.25640869140625
trained,r0,a,property-a-transformer-tasks08-seed17,17,8,opposite_pool,block_01,16,0.17789626229671734,0.3957830469072444,0.9184714780879989,0.456207275390625,0.4301300048828125,0.0260772705078125
trained,r0,a,property-a-transformer-tasks08-seed17,17,8,opposite_pool,block_02,16,0.251249705167638,0.4654252498349879,0.8697301222194871,0.48016357421875,0.4301300048828125,0.0500335693359375
trained,r0,a,property-a-transformer-tasks08-seed17,17,8,opposite_pool,block_03,16,0.2694404274768827,0.4821576493114972,0.8566203279472178,0.4869537353515625,0.4301300048828125,0.05682373046875
trained,r0,a,property-a-transformer-tasks08-seed17,17,8,opposite_pool,block_04,16,0.27792505721708444,0.493305351941761,0.8514487086618157,0.48834228515625,0.4301300048828125,0.0582122802734375
trained,r0,a,property-a-transformer-tasks08-seed17,17,8,opposite_pool,embedding,16,1.3877787807814457e-17,0.0005136987105366431,1.0166853004273695,0.384796142578125,0.4301300048828125,-0.0453338623046875
trained,r0,a,property-a-transformer-tasks08-seed17,17,8,opposite_pool,final_norm,16,0.2646802241030353,0.4788965731709233,0.8602251725560436,0.4836883544921875,0.4301300048828125,0.053558349609375
trained,r0,a,property-a-transformer-tasks08-seed17,17,8,same_pool_untrained,block_01,8,0.21794920476719787,0.4513880095017637,0.9237709837390758,0.4324951171875,0.397125244140625,0.035369873046875
trained,r0,a,property-a-transformer-tasks08-seed17,17,8,same_pool_untrained,block_02,8,0.26409457730861624,0.49851019631756754,0.89542250430939,0.441558837890625,0.397125244140625,0.04443359375
trained,r0,a,property-a-transformer-tasks08-seed17,17,8,same_pool_untrained,block_03,8,0.2780878798272344,0.5099450423912844,0.8861633434741694,0.4443359375,0.397125244140625,0.047210693359375
trained,r0,a,property-a-transformer-tasks08-seed17,17,8,same_pool_untrained,block_04,8,0.28834384387459894,0.5201129693610302,0.8795741973153323,0.44647216796875,0.397125244140625,0.049346923828125
trained,r0,a,property-a-transformer-tasks08-seed17,17,8,same_pool_untrained,embedding,8,0.0,0.0,1.0459443522805787,0.35174560546875,0.397125244140625,-0.045379638671875
trained,r0,a,property-a-transformer-tasks08-seed17,17,8,same_pool_untrained,final_norm,8,0.2752172560019457,0.5073154225346751,0.8879440140544853,0.441131591796875,0.397125244140625,0.04400634765625
trained,r0,a,property-a-transformer-tasks08-seed17,17,8,trained,block_01,8,0.2495886421873328,0.4550983329584272,0.8761187319697492,0.512664794921875,0.432891845703125,0.07977294921875
trained,r0,a,property-a-transformer-tasks08-seed17,17,8,trained,block_02,8,0.3377946092242786,0.5323179073489259,0.8093784525491172,0.557830810546875,0.432891845703125,0.12493896484375
trained,r0,a,property-a-transformer-tasks08-seed17,17,8,trained,block_03,8,0.3736316254048599,0.5608705772362714,0.780039128200309,0.58123779296875,0.432891845703125,0.148345947265625
trained,r0,a,property-a-transformer-tasks08-seed17,17,8,trained,block_04,8,0.39740818528961547,0.5810644419887441,0.7587413640844898,0.595123291015625,0.432891845703125,0.1622314453125
trained,r0,a,property-a-transformer-tasks08-seed17,17,8,trained,embedding,8,0.0,-1.6157329530815546e-05,1.021215864206179,0.428314208984375,0.432891845703125,-0.00457763671875
trained,r0,a,property-a-transformer-tasks08-seed17,17,8,trained,final_norm,8,0.3836394496936264,0.568350788604476,0.7712699243319253,0.587158203125,0.432891845703125,0.154266357421875
trained,r0,a,property-a-transformer-tasks16-seed17,17,16,opposite_pool,block_01,16,0.22224888343749885,0.4371258234522624,0.8880174980736454,0.4716796875,0.4301300048828125,0.0415496826171875
trained,r0,a,property-a-transformer-tasks16-seed17,17,16,opposite_pool,block_02,16,0.2634594165101658,0.4744912875586519,0.8608688113727562,0.482208251953125,0.4301300048828125,0.0520782470703125
trained,r0,a,property-a-transformer-tasks16-seed17,17,16,opposite_pool,block_03,16,0.266405293224652,0.47839578386553844,0.8592099193228111,0.486236572265625,0.4301300048828125,0.0561065673828125
trained,r0,a,property-a-transformer-tasks16-seed17,17,16,opposite_pool,block_04,16,0.2674002255648772,0.47878649981204746,0.8584128233498215,0.4863128662109375,0.4301300048828125,0.056182861328125
trained,r0,a,property-a-transformer-tasks16-seed17,17,16,opposite_pool,embedding,16,-4.163336342344337e-17,0.0005157550282353583,1.0166853004273697,0.384796142578125,0.4301300048828125,-0.0453338623046875
trained,r0,a,property-a-transformer-tasks16-seed17,17,16,opposite_pool,final_norm,16,0.25809296619342115,0.4693645875669033,0.8646632617840722,0.483367919921875,0.4301300048828125,0.0532379150390625
trained,r0,a,property-a-transformer-tasks16-seed17,17,16,trained,block_01,16,0.24397119383253302,0.46192106438071423,0.8930902281996876,0.4763336181640625,0.415008544921875,0.0613250732421875
trained,r0,a,property-a-transformer-tasks16-seed17,17,16,trained,block_02,16,0.30501625196090415,0.5114709891184372,0.8495784798454655,0.49798583984375,0.415008544921875,0.082977294921875
trained,r0,a,property-a-transformer-tasks16-seed17,17,16,trained,block_03,16,0.3192504628809882,0.5242981167100047,0.8395861663951113,0.5018310546875,0.415008544921875,0.086822509765625
trained,r0,a,property-a-transformer-tasks16-seed17,17,16,trained,block_04,16,0.3271821167139419,0.5301759538653403,0.8332881053808295,0.5047454833984375,0.415008544921875,0.0897369384765625
trained,r0,a,property-a-transformer-tasks16-seed17,17,16,trained,embedding,16,1.3877787807814457e-17,-0.0002415572702995036,1.0335801082433789,0.3900299072265625,0.415008544921875,-0.0249786376953125
trained,r0,a,property-a-transformer-tasks16-seed17,17,16,trained,final_norm,16,0.3141822150706103,0.5218444247375627,0.8432281625133304,0.497802734375,0.415008544921875,0.082794189453125
trained,r0,b,property-b-transformer-tasks01-seed17,17,1,opposite_pool,block_01,16,0.15709936650473982,0.3428241243425185,0.9425571031589639,0.4497222900390625,0.415008544921875,0.0347137451171875
trained,r0,b,property-b-transformer-tasks01-seed17,17,1,opposite_pool,block_02,16,0.18889589899375714,0.3928061187492125,0.9251266865026405,0.4566650390625,0.415008544921875,0.041656494140625
trained,r0,b,property-b-transformer-tasks01-seed17,17,1,opposite_pool,block_03,16,0.1870441911128858,0.39269515904340396,0.9271067973511841,0.4569854736328125,0.415008544921875,0.0419769287109375
trained,r0,b,property-b-transformer-tasks01-seed17,17,1,opposite_pool,block_04,16,0.18189207641906424,0.38655996307750057,0.9306992388559687,0.453857421875,0.415008544921875,0.038848876953125
trained,r0,b,property-b-transformer-tasks01-seed17,17,1,opposite_pool,embedding,16,-1.3877787807814457e-17,-0.0015543611137178192,1.0335801082433789,0.3900299072265625,0.415008544921875,-0.0249786376953125
trained,r0,b,property-b-transformer-tasks01-seed17,17,1,opposite_pool,final_norm,16,0.18331523836269073,0.38996412210694037,0.9297633337418914,0.4533233642578125,0.415008544921875,0.0383148193359375
trained,r0,b,property-b-transformer-tasks01-seed17,17,1,same_pool_untrained,block_01,15,0.12657587198644613,0.31923165802086495,0.9458043750926988,0.43601888020833335,0.4361653645833333,-0.000146484375
trained,r0,b,property-b-transformer-tasks01-seed17,17,1,same_pool_untrained,block_02,15,0.15975367879248392,0.36190666224759716,0.925894963001377,0.44169921875,0.4361653645833333,0.005533854166666667
trained,r0,b,property-b-transformer-tasks01-seed17,17,1,same_pool_untrained,block_03,15,0.1513519748488537,0.35318181537410914,0.930824208440671,0.43914388020833334,0.4361653645833333,0.002978515625
trained,r0,b,property-b-transformer-tasks01-seed17,17,1,same_pool_untrained,block_04,15,0.14323003728517633,0.3442697601370675,0.9357279812904894,0.438623046875,0.4361653645833333,0.0024576822916666666
trained,r0,b,property-b-transformer-tasks01-seed17,17,1,same_pool_untrained,embedding,15,1.4802973661668754e-17,-8.731104948319761e-05,1.0148573295401808,0.3873697916666667,0.4361653645833333,-0.04879557291666667
trained,r0,b,property-b-transformer-tasks01-seed17,17,1,same_pool_untrained,final_norm,15,0.14918129328112742,0.35350528047118196,0.9324892911542916,0.43955078125,0.4361653645833333,0.0033854166666666668
trained,r0,b,property-b-transformer-tasks01-seed17,17,1,trained,block_01,1,0.17031839615458622,0.41269020992755995,0.9510423339817419,0.423095703125,0.339599609375,0.08349609375
trained,r0,b,property-b-transformer-tasks01-seed17,17,1,trained,block_02,1,0.7425926314434875,0.8618397753118952,0.5297300456263289,0.657470703125,0.339599609375,0.31787109375
trained,r0,b,property-b-transformer-tasks01-seed17,17,1,trained,block_03,1,0.8406023802921804,0.9169145213259272,0.4168550188840877,0.75732421875,0.339599609375,0.417724609375
trained,r0,b,property-b-transformer-tasks01-seed17,17,1,trained,block_04,1,0.8499480104122306,0.9219811788161243,0.4044501473341769,0.76123046875,0.339599609375,0.421630859375
trained,r0,b,property-b-transformer-tasks01-seed17,17,1,trained,embedding,1,0.0,0.0,1.0441048637352013,0.34619140625,0.339599609375,0.006591796875
trained,r0,b,property-b-transformer-tasks01-seed17,17,1,trained,final_norm,1,0.8506998236276752,0.9224171322369121,0.4034356562922501,0.76416015625,0.339599609375,0.424560546875
trained,r0,b,property-b-transformer-tasks02-seed17,17,2,opposite_pool,block_01,16,0.1782057907642288,0.3791423408599282,0.9315951529894952,0.4591522216796875,0.415008544921875,0.0441436767578125
trained,r0,b,property-b-transformer-tasks02-seed17,17,2,opposite_pool,block_02,16,0.23714889717142973,0.4455579494115993,0.8936434646088158,0.4752349853515625,0.415008544921875,0.0602264404296875
trained,r0,b,property-b-transformer-tasks02-seed17,17,2,opposite_pool,block_03,16,0.2424756608686855,0.4578664810675789,0.8908636227683804,0.475128173828125,0.415008544921875,0.06011962890625
trained,r0,b,property-b-transformer-tasks02-seed17,17,2,opposite_pool,block_04,16,0.24274676767543166,0.458015854818554,0.8904199493603677,0.47552490234375,0.415008544921875,0.060516357421875
trained,r0,b,property-b-transformer-tasks02-seed17,17,2,opposite_pool,embedding,16,-1.3877787807814457e-17,-0.001244006037292023,1.0335801082433789,0.3900299072265625,0.415008544921875,-0.0249786376953125
trained,r0,b,property-b-transformer-tasks02-seed17,17,2,opposite_pool,final_norm,16,0.2390557028569123,0.45720437176012196,0.893480330439123,0.4724884033203125,0.415008544921875,0.0574798583984375
trained,r0,b,property-b-transformer-tasks02-seed17,17,2,same_pool_untrained,block_01,14,0.10755640118083538,0.3057205834163034,0.9583996204468522,0.435302734375,0.4404994419642857,-0.005196707589285714
trained,r0,b,property-b-transformer-tasks02-seed17,17,2,same_pool_untrained,block_02,14,0.21017279613414117,0.41542009735015056,0.8947648661444642,0.47176688058035715,0.4404994419642857,0.03126743861607143
trained,r0,b,property-b-transformer-tasks02-seed17,17,2,same_pool_untrained,block_03,14,0.21802768827748759,0.4299410853881768,0.89003904584575,0.4719935825892857,0.4404994419642857,0.031494140625
trained,r0,b,property-b-transformer-tasks02-seed17,17,2,same_pool_untrained,block_04,14,0.22634773767831387,0.4395380784895845,0.8847680511276305,0.47323172433035715,0.4404994419642857,0.03273228236607143
trained,r0,b,property-b-transformer-tasks02-seed17,17,2,same_pool_untrained,embedding,14,0.0,-0.0006401976631065484,1.0159171056538325,0.38949148995535715,0.4404994419642857,-0.05100795200892857
trained,r0,b,property-b-transformer-tasks02-seed17,17,2,same_pool_untrained,final_norm,14,0.2227111071195895,0.43859878540245695,0.887705589262216,0.47164481026785715,0.4404994419642857,0.031145368303571428
trained,r0,b,property-b-transformer-tasks02-seed17,17,2,trained,block_01,2,0.17926352520357053,0.4150481232085034,0.9259507047016982,0.4259033203125,0.3575439453125,0.068359375
trained,r0,b,property-b-transformer-tasks02-seed17,17,2,trained,block_02,2,0.32782670266615954,0.5721501015703312,0.8372671692995257,0.480224609375,0.3575439453125,0.1226806640625
trained,r0,b,property-b-transformer-tasks02-seed17,17,2,trained,block_03,2,0.3634532496224831,0.5996627083995576,0.8124317552876904,0.48779296875,0.3575439453125,0.1302490234375
trained,r0,b,property-b-transformer-tasks02-seed17,17,2,trained,block_04,2,0.3768057889476673,0.6099886734392893,0.8035211600807513,0.49951171875,0.3575439453125,0.1419677734375
trained,r0,b,property-b-transformer-tasks02-seed17,17,2,trained,embedding,2,0.0,0.0,1.0220626638421297,0.3519287109375,0.3575439453125,-0.005615234375
trained,r0,b,property-b-transformer-tasks02-seed17,17,2,trained,final_norm,2,0.37411887068332644,0.6077836619508441,0.8053216220751422,0.495361328125,0.3575439453125,0.1378173828125
trained,r0,b,property-b-transformer-tasks04-seed17,17,4,opposite_pool,block_01,16,0.21365673794405746,0.4304704295187437,0.9095970615146589,0.4693145751953125,0.415008544921875,0.0543060302734375
trained,r0,b,property-b-transformer-tasks04-seed17,17,4,opposite_pool,block_02,16,0.2863114926222781,0.5056577925180187,0.8640765380921436,0.4907073974609375,0.415008544921875,0.0756988525390625
trained,r0,b,property-b-transformer-tasks04-seed17,17,4,opposite_pool,block_03,16,0.2925683125089509,0.5123758446636821,0.8600567931805854,0.4921722412109375,0.415008544921875,0.0771636962890625
trained,r0,b,property-b-transformer-tasks04-seed17,17,4,opposite_pool,block_04,16,0.29399145146328204,0.512875236867508,0.8588794729166856,0.4886932373046875,0.415008544921875,0.0736846923828125
trained,r0,b,property-b-transformer-tasks04-seed17,17,4,opposite_pool,embedding,16,-1.3877787807814457e-17,-0.0033106866903471867,1.0335801082433789,0.3900299072265625,0.415008544921875,-0.0249786376953125
trained,r0,b,property-b-transformer-tasks04-seed17,17,4,opposite_pool,final_norm,16,0.28560142055171417,0.5041883310967364,0.8645327824679135,0.4879913330078125,0.415008544921875,0.0729827880859375
trained,r0,b,property-b-transformer-tasks04-seed17,17,4,same_pool_untrained,block_01,12,0.17095428476675054,0.3891438758226322,0.9192768758787765,0.44842529296875,0.43060302734375,0.017822265625
trained,r0,b,property-b-transformer-tasks04-seed17,17,4,same_pool_untrained,block_02,12,0.23675840077465615,0.4611438964861443,0.8784281735003642,0.4676513671875,0.43060302734375,0.03704833984375
trained,r0,b,property-b-transformer-tasks04-seed17,17,4,same_pool_untrained,block_03,12,0.2554948119444422,0.47565124212254445,0.8647352786971231,0.4750773111979167,0.43060302734375,0.044474283854166664
trained,r0,b,property-b-transformer-tasks04-seed17,17,4,same_pool_untrained,block_04,12,0.2672505146445889,0.4861985097664008,0.8570287666313151,0.4760945638020833,0.43060302734375,0.045491536458333336
trained,r0,b,property-b-transformer-tasks04-seed17,17,4,same_pool_untrained,embedding,12,-1.850371707708594e-17,0.0006492841016145608,1.013343084966818,0.3821818033854167,0.43060302734375,-0.048421223958333336
trained,r0,b,property-b-transformer-tasks04-seed17,17,4,same_pool_untrained,final_norm,12,0.2618021352918176,0.48192143302185575,0.8609457133443885,0.4747517903645833,0.43060302734375,0.044148763020833336
trained,r0,b,property-b-transformer-tasks04-seed17,17,4,trained,block_01,4,0.17968858640929408,0.41080286702779373,0.9285308120998292,0.45733642578125,0.4287109375,0.02862548828125
trained,r0,b,property-b-transformer-tasks04-seed17,17,4,trained,block_02,4,0.39588507180666765,0.5951632531089472,0.7806700803308784,0.5303955078125,0.4287109375,0.1016845703125
trained,r0,b,property-b-transformer-tasks04-seed17,17,4,trained,block_03,4,0.4261878850143839,0.6153989451552515,0.753999656742389,0.554443359375,0.4287109375,0.125732421875
trained,r0,b,property-b-transformer-tasks04-seed17,17,4,trained,block_04,4,0.44483904344094594,0.6257285541377424,0.7353803025067747,0.57061767578125,0.4287109375,0.14190673828125
trained,r0,b,property-b-transformer-tasks04-seed17,17,4,trained,embedding,4,0.0,-0.002655807308754176,1.0267119468090247,0.39263916015625,0.4287109375,-0.03607177734375
trained,r0,b,property-b-transformer-tasks04-seed17,17,4,trained,final_norm,4,0.44083579315206556,0.6241054322425452,0.7395650428912761,0.568359375,0.4287109375,0.1396484375
trained,r0,b,property-b-transformer-tasks08-seed17,17,8,opposite_pool,block_01,16,0.2180902770225822,0.4342189042410538,0.90925895277299,0.4647369384765625,0.415008544921875,0.0497283935546875
trained,r0,b,property-b-transformer-tasks08-seed17,17,8,opposite_pool,block_02,16,0.30535016349845295,0.5209109041289524,0.8520784408749276,0.492767333984375,0.415008544921875,0.0777587890625
trained,r0,b,property-b-transformer-tasks08-seed17,17,8,opposite_pool,block_03,16,0.32545989710405293,0.5436938569580902,0.8397036880192529,0.5022735595703125,0.415008544921875,0.0872650146484375
trained,r0,b,property-b-transformer-tasks08-seed17,17,8,opposite_pool,block_04,16,0.33293232584803495,0.5516305907350738,0.8353466981108251,0.5035858154296875,0.415008544921875,0.0885772705078125
trained,r0,b,property-b-transformer-tasks08-seed17,17,8,opposite_pool,embedding,16,0.0,-0.0012379311954902532,1.0335801082433789,0.3900299072265625,0.415008544921875,-0.0249786376953125
trained,r0,b,property-b-transformer-tasks08-seed17,17,8,opposite_pool,final_norm,16,0.322175512464572,0.5435942562168452,0.8432000740613839,0.49871826171875,0.415008544921875,0.083709716796875
trained,r0,b,property-b-transformer-tasks08-seed17,17,8,same_pool_untrained,block_01,8,0.1866600485410546,0.41390489485334353,0.9112923139910702,0.43328857421875,0.433746337890625,-0.000457763671875
trained,r0,b,property-b-transformer-tasks08-seed17,17,8,same_pool_untrained,block_02,8,0.3053934435692069,0.5240446617498487,0.8340473210113665,0.467620849609375,0.433746337890625,0.03387451171875
trained,r0,b,property-b-transformer-tasks08-seed17,17,8,same_pool_untrained,block_03,8,0.336366455065229,0.5541579860162442,0.8132747544705241,0.48590087890625,0.433746337890625,0.052154541015625
trained,r0,b,property-b-transformer-tasks08-seed17,17,8,same_pool_untrained,block_04,8,0.35553046996919835,0.5705739522522013,0.7999866823114112,0.489959716796875,0.433746337890625,0.05621337890625
trained,r0,b,property-b-transformer-tasks08-seed17,17,8,same_pool_untrained,embedding,8,-2.7755575615628914e-17,0.0,1.013144326729606,0.360687255859375,0.433746337890625,-0.07305908203125
trained,r0,b,property-b-transformer-tasks08-seed17,17,8,same_pool_untrained,final_norm,8,0.3443263953101187,0.5612981372469531,0.8079094498484373,0.4849853515625,0.433746337890625,0.051239013671875
trained,r0,b,property-b-transformer-tasks08-seed17,17,8,trained,block_01,8,0.18773357803840474,0.3958682472159504,0.9132290176833788,0.471405029296875,0.426513671875,0.044891357421875
trained,r0,b,property-b-transformer-tasks08-seed17,17,8,trained,block_02,8,0.27264408397136386,0.48823655111936715,0.8540662195175905,0.510345458984375,0.426513671875,0.083831787109375
trained,r0,b,property-b-transformer-tasks08-seed17,17,8,trained,block_03,8,0.3021124505183477,0.5175050283065736,0.8331134605764547,0.529388427734375,0.426513671875,0.102874755859375
trained,r0,b,property-b-transformer-tasks08-seed17,17,8,trained,block_04,8,0.31585214286859853,0.5294641409999408,0.8248893526704012,0.532501220703125,0.426513671875,0.105987548828125
trained,r0,b,property-b-transformer-tasks08-seed17,17,8,trained,embedding,8,0.0,0.0010218475273876483,1.0202262741251331,0.408905029296875,0.426513671875,-0.017608642578125
trained,r0,b,property-b-transformer-tasks08-seed17,17,8,trained,final_norm,8,0.30717548400388606,0.5226607716807751,0.8325854383368656,0.52691650390625,0.426513671875,0.10040283203125
trained,r0,b,property-b-transformer-tasks16-seed17,17,16,opposite_pool,block_01,16,0.2465820825538669,0.4645690964774767,0.8903381552562062,0.4760894775390625,0.415008544921875,0.0610809326171875
trained,r0,b,property-b-transformer-tasks16-seed17,17,16,opposite_pool,block_02,16,0.33912566557483265,0.548328091480628,0.8273859581501425,0.5089874267578125,0.415008544921875,0.0939788818359375
trained,r0,b,property-b-transformer-tasks16-seed17,17,16,opposite_pool,block_03,16,0.35458785848823177,0.561311466728603,0.8165914950364794,0.514923095703125,0.415008544921875,0.09991455078125
trained,r0,b,property-b-transformer-tasks16-seed17,17,16,opposite_pool,block_04,16,0.37268693218597915,0.5761952223917132,0.8021247073539448,0.521728515625,0.415008544921875,0.106719970703125
trained,r0,b,property-b-transformer-tasks16-seed17,17,16,opposite_pool,embedding,16,0.0,-0.001434534276872386,1.0335801082433789,0.3900299072265625,0.415008544921875,-0.0249786376953125
trained,r0,b,property-b-transformer-tasks16-seed17,17,16,opposite_pool,final_norm,16,0.36437667880794494,0.573079502323425,0.8096621010992646,0.5181427001953125,0.415008544921875,0.1031341552734375
trained,r0,b,property-b-transformer-tasks16-seed17,17,16,trained,block_01,16,0.1958329281226227,0.4166985023615884,0.9072924510731717,0.45794677734375,0.4301300048828125,0.0278167724609375
trained,r0,b,property-b-transformer-tasks16-seed17,17,16,trained,block_02,16,0.3101611181415907,0.5211496106555675,0.8294647050727411,0.4979400634765625,0.4301300048828125,0.06781005859375
trained,r0,b,property-b-transformer-tasks16-seed17,17,16,trained,block_03,16,0.3385785278088461,0.5437199970719409,0.8063820994305617,0.51556396484375,0.4301300048828125,0.0854339599609375
trained,r0,b,property-b-transformer-tasks16-seed17,17,16,trained,block_04,16,0.353717745266023,0.5571396043574569,0.7949165062838832,0.5234375,0.4301300048828125,0.0933074951171875
trained,r0,b,property-b-transformer-tasks16-seed17,17,16,trained,embedding,16,-1.3877787807814457e-17,2.3415063298029407e-05,1.0166853004273697,0.384796142578125,0.4301300048828125,-0.0453338623046875
trained,r0,b,property-b-transformer-tasks16-seed17,17,16,trained,final_norm,16,0.3444395443909688,0.5505709328053047,0.803302233441232,0.5172576904296875,0.4301300048828125,0.087127685546875
trained,r1,a,property-a-transformer-tasks01-seed42,42,1,opposite_pool,block_01,16,0.061771415141432195,0.19561185038210294,0.9975255259499387,0.39111328125,0.436492919921875,-0.045379638671875
trained,r1,a,property-a-transformer-tasks01-seed42,42,1,opposite_pool,block_02,16,0.07904841836635036,0.24230887798121564,0.9884115513145076,0.39227294921875,0.436492919921875,-0.044219970703125
trained,r1,a,property-a-transformer-tasks01-seed42,42,1,opposite_pool,block_03,16,0.08631206218671023,0.25308991437986983,0.98442687628142,0.394744873046875,0.436492919921875,-0.041748046875
trained,r1,a,property-a-transformer-tasks01-seed42,42,1,opposite_pool,block_04,16,0.08563575794885811,0.25070055450065615,0.9848064115767313,0.3948822021484375,0.436492919921875,-0.0416107177734375
trained,r1,a,property-a-transformer-tasks01-seed42,42,1,opposite_pool,embedding,16,0.0,0.0023943078860571955,1.0306041438969353,0.3738250732421875,0.436492919921875,-0.0626678466796875
trained,r1,a,property-a-transformer-tasks01-seed42,42,1,opposite_pool,final_norm,16,0.08343032176310608,0.24715200159788306,0.9860054633827184,0.39556884765625,0.436492919921875,-0.040924072265625
trained,r1,a,property-a-transformer-tasks01-seed42,42,1,same_pool_untrained,block_01,15,0.033885668514890825,0.16478548905403761,1.0042610434997794,0.4056803385416667,0.4039388020833333,0.0017415364583333334
trained,r1,a,property-a-transformer-tasks01-seed42,42,1,same_pool_untrained,block_02,15,0.0790960923261695,0.2443970901175469,0.9799722150923013,0.4169921875,0.4039388020833333,0.013053385416666667
trained,r1,a,property-a-transformer-tasks01-seed42,42,1,same_pool_untrained,block_03,15,0.11377206329516477,0.2840482772963621,0.9601910608954879,0.4259765625,0.4039388020833333,0.022037760416666666
trained,r1,a,property-a-transformer-tasks01-seed42,42,1,same_pool_untrained,block_04,15,0.11827332034124333,0.28644062428186434,0.95736418370168,0.42752278645833336,0.4039388020833333,0.023583984375
trained,r1,a,property-a-transformer-tasks01-seed42,42,1,same_pool_untrained,embedding,15,0.0,-0.002228366697824086,1.021900941098154,0.39554036458333336,0.4039388020833333,-0.0083984375
trained,r1,a,property-a-transformer-tasks01-seed42,42,1,same_pool_untrained,final_norm,15,0.11721188876204364,0.28502656566422074,0.9580144715018726,0.426953125,0.4039388020833333,0.023014322916666666
trained,r1,a,property-a-transformer-tasks01-seed42,42,1,trained,block_01,1,0.05780820364847683,0.24355354857258543,0.9571405072935649,0.487548828125,0.479248046875,0.00830078125
trained,r1,a,property-a-transformer-tasks01-seed42,42,1,trained,block_02,1,0.3451117574192436,0.5894854400969388,0.797975640365355,0.582275390625,0.479248046875,0.10302734375
trained,r1,a,property-a-transformer-tasks01-seed42,42,1,trained,block_03,1,0.5711791639708753,0.7558368729521924,0.6457196114934965,0.679443359375,0.479248046875,0.2001953125
trained,r1,a,property-a-transformer-tasks01-seed42,42,1,trained,block_04,1,0.6295116142813635,0.7934814034218058,0.600196330938365,0.697509765625,0.479248046875,0.21826171875
trained,r1,a,property-a-transformer-tasks01-seed42,42,1,trained,embedding,1,0.0,-0.04205475499758714,0.9860661199086965,0.48291015625,0.479248046875,0.003662109375
trained,r1,a,property-a-transformer-tasks01-seed42,42,1,trained,final_norm,1,0.6263818654931856,0.7915458262728509,0.6027261177529591,0.699462890625,0.479248046875,0.22021484375
trained,r1,a,property-a-transformer-tasks02-seed42,42,2,opposite_pool,block_01,16,0.11270055101122711,0.3096776907669295,0.9698324025663275,0.4235382080078125,0.436492919921875,-0.0129547119140625
trained,r1,a,property-a-transformer-tasks02-seed42,42,2,opposite_pool,block_02,16,0.16724618588108447,0.3798885564263181,0.9385341593266183,0.4379730224609375,0.436492919921875,0.0014801025390625
trained,r1,a,property-a-transformer-tasks02-seed42,42,2,opposite_pool,block_03,16,0.1823600346804542,0.39848624893811213,0.9297169825055259,0.44317626953125,0.436492919921875,0.006683349609375
trained,r1,a,property-a-transformer-tasks02-seed42,42,2,opposite_pool,block_04,16,0.1774125507661144,0.39948907041599624,0.9328638631494767,0.4430694580078125,0.436492919921875,0.0065765380859375
trained,r1,a,property-a-transformer-tasks02-seed42,42,2,opposite_pool,embedding,16,-2.7755575615628914e-17,0.003199098576551119,1.0306041438969353,0.3738250732421875,0.436492919921875,-0.0626678466796875
trained,r1,a,property-a-transformer-tasks02-seed42,42,2,opposite_pool,final_norm,16,0.1785967357812998,0.4018467241933393,0.9321323817187993,0.4434661865234375,0.436492919921875,0.0069732666015625
trained,r1,a,property-a-transformer-tasks02-seed42,42,2,same_pool_untrained,block_01,14,0.09520179133345377,0.3023041212264395,0.9711519731611039,0.43943568638392855,0.4109409877232143,0.028494698660714284
trained,r1,a,property-a-transformer-tasks02-seed42,42,2,same_pool_untrained,block_02,14,0.15540079281011465,0.38214376020744406,0.9376906559923678,0.452392578125,0.4109409877232143,0.04145159040178571
trained,r1,a,property-a-transformer-tasks02-seed42,42,2,same_pool_untrained,block_03,14,0.1912940358194876,0.42128148747401317,0.9167801796481729,0.4634312220982143,0.4109409877232143,0.052490234375
trained,r1,a,property-a-transformer-tasks02-seed42,42,2,same_pool_untrained,block_04,14,0.19858468354676576,0.43040366672997016,0.9125494055141409,0.4666050502232143,0.4109409877232143,0.0556640625
trained,r1,a,property-a-transformer-tasks02-seed42,42,2,same_pool_untrained,embedding,14,1.586032892321652e-17,-0.0019018899302467322,1.0212622336905275,0.4019252232142857,0.4109409877232143,-0.009015764508928572
trained,r1,a,property-a-transformer-tasks02-seed42,42,2,same_pool_untrained,final_norm,14,0.20216307505352585,0.43595864512781796,0.9106227236526744,0.46815708705357145,0.4109409877232143,0.057216099330357144
trained,r1,a,property-a-transformer-tasks02-seed42,42,2,trained,block_01,2,0.1623872163167291,0.3998426108544253,0.9218929460154197,0.4635009765625,0.392578125,0.0709228515625
trained,r1,a,property-a-transformer-tasks02-seed42,42,2,trained,block_02,2,0.4390080688288191,0.6454045594487037,0.7404209054643813,0.548828125,0.392578125,0.15625
trained,r1,a,property-a-transformer-tasks02-seed42,42,2,trained,block_03,2,0.6214087349091383,0.7716692102989257,0.5759129026383346,0.6783447265625,0.392578125,0.2857666015625
trained,r1,a,property-a-transformer-tasks02-seed42,42,2,trained,block_04,2,0.6256849366810953,0.7755656588350276,0.5746842399924141,0.6724853515625,0.392578125,0.2799072265625
trained,r1,a,property-a-transformer-tasks02-seed42,42,2,trained,embedding,2,0.0,-0.021404573682056185,1.0084544823568118,0.39453125,0.392578125,0.001953125
trained,r1,a,property-a-transformer-tasks02-seed42,42,2,trained,final_norm,2,0.6245151267189444,0.7749431280828294,0.576391232941784,0.6783447265625,0.392578125,0.2857666015625
trained,r1,a,property-a-transformer-tasks04-seed42,42,4,opposite_pool,block_01,16,0.18897386997481758,0.411540047576048,0.9251537075972006,0.446044921875,0.436492919921875,0.009552001953125
trained,r1,a,property-a-transformer-tasks04-seed42,42,4,opposite_pool,block_02,16,0.29274855202304223,0.5175455517934873,0.8615110047003198,0.47906494140625,0.436492919921875,0.042572021484375
trained,r1,a,property-a-transformer-tasks04-seed42,42,4,opposite_pool,block_03,16,0.3367614038269886,0.5535055071903493,0.8305330698590031,0.4976043701171875,0.436492919921875,0.0611114501953125
trained,r1,a,property-a-transformer-tasks04-seed42,42,4,opposite_pool,block_04,16,0.32497854797555864,0.5415362668515507,0.8379791191712991,0.4939117431640625,0.436492919921875,0.0574188232421875
trained,r1,a,property-a-transformer-tasks04-seed42,42,4,opposite_pool,embedding,16,0.0,0.0027672303353408496,1.0306041438969353,0.3738250732421875,0.436492919921875,-0.0626678466796875
trained,r1,a,property-a-transformer-tasks04-seed42,42,4,opposite_pool,final_norm,16,0.30949632559755585,0.5255965346537684,0.8479248694170918,0.49017333984375,0.436492919921875,0.053680419921875
trained,r1,a,property-a-transformer-tasks04-seed42,42,4,same_pool_untrained,block_01,12,0.2056365914555871,0.433551262167257,0.9048414675115007,0.46258544921875,0.4034627278645833,0.059122721354166664
trained,r1,a,property-a-transformer-tasks04-seed42,42,4,same_pool_untrained,block_02,12,0.31725551635770405,0.5461303679186658,0.83643592447455,0.4979248046875,0.4034627278645833,0.09446207682291667
trained,r1,a,property-a-transformer-tasks04-seed42,42,4,same_pool_untrained,block_03,12,0.39718564827517727,0.6046835073583756,0.7797058904740145,0.5350138346354166,0.4034627278645833,0.13155110677083334
trained,r1,a,property-a-transformer-tasks04-seed42,42,4,same_pool_untrained,block_04,12,0.4040462176721718,0.6055417741655535,0.7721724921024626,0.5386555989583334,0.4034627278645833,0.13519287109375
trained,r1,a,property-a-transformer-tasks04-seed42,42,4,same_pool_untrained,embedding,12,0.0,-0.0024773927030089286,1.0195084944245787,0.3956502278645833,0.4034627278645833,-0.0078125
trained,r1,a,property-a-transformer-tasks04-seed42,42,4,same_pool_untrained,final_norm,12,0.391363906389467,0.593348291125756,0.7813770804936119,0.53240966796875,0.4034627278645833,0.12894694010416666
trained,r1,a,property-a-transformer-tasks04-seed42,42,4,trained,block_01,4,0.21704508733208633,0.4344267049663149,0.8950818055548777,0.48907470703125,0.4241943359375,0.06488037109375
trained,r1,a,property-a-transformer-tasks04-seed42,42,4,trained,block_02,4,0.38985166205816024,0.5833830979737701,0.7609312628048424,0.58746337890625,0.4241943359375,0.16326904296875
trained,r1,a,property-a-transformer-tasks04-seed42,42,4,trained,block_03,4,0.5646444631412773,0.710841614072056,0.6278811417649731,0.6781005859375,0.4241943359375,0.25390625
trained,r1,a,property-a-transformer-tasks04-seed42,42,4,trained,block_04,4,0.5792072928184023,0.7149491881464899,0.6153155881460338,0.68939208984375,0.4241943359375,0.26519775390625
trained,r1,a,property-a-transformer-tasks04-seed42,42,4,trained,embedding,4,0.0,-0.009744131882770846,1.020119575821516,0.41705322265625,0.4241943359375,-0.00714111328125
trained,r1,a,property-a-transformer-tasks04-seed42,42,4,trained,final_norm,4,0.5612858570999779,0.6983891948699759,0.6345930464711609,0.67449951171875,0.4241943359375,0.25030517578125
trained,r1,a,property-a-transformer-tasks08-seed42,42,8,opposite_pool,block_01,16,0.23521591065863717,0.45418278798131606,0.8953243260726558,0.4647064208984375,0.436492919921875,0.0282135009765625
trained,r1,a,property-a-transformer-tasks08-seed42,42,8,opposite_pool,block_02,16,0.30996799960618693,0.5253631960779219,0.8474350905978854,0.4876251220703125,0.436492919921875,0.0511322021484375
trained,r1,a,property-a-transformer-tasks08-seed42,42,8,opposite_pool,block_03,16,0.32075691009233837,0.5360172715571158,0.8406282795783955,0.4901885986328125,0.436492919921875,0.0536956787109375
trained,r1,a,property-a-transformer-tasks08-seed42,42,8,opposite_pool,block_04,16,0.3194036414526229,0.5398281853005951,0.8421689630919612,0.4887237548828125,0.436492919921875,0.0522308349609375
trained,r1,a,property-a-transformer-tasks08-seed42,42,8,opposite_pool,embedding,16,0.0,0.0011607808929570077,1.0306041438969353,0.3738250732421875,0.436492919921875,-0.0626678466796875
trained,r1,a,property-a-transformer-tasks08-seed42,42,8,opposite_pool,final_norm,16,0.311692209187421,0.5318734853269468,0.8474065825869098,0.4839935302734375,0.436492919921875,0.0475006103515625
trained,r1,a,property-a-transformer-tasks08-seed42,42,8,same_pool_untrained,block_01,8,0.19887117996645126,0.43186656291123415,0.9060308728863593,0.47039794921875,0.41644287109375,0.053955078125
trained,r1,a,property-a-transformer-tasks08-seed42,42,8,same_pool_untrained,block_02,8,0.2428560439278564,0.48185317213800577,0.8808372400101206,0.481353759765625,0.41644287109375,0.064910888671875
trained,r1,a,property-a-transformer-tasks08-seed42,42,8,same_pool_untrained,block_03,8,0.26138695371681686,0.4998937664935945,0.8694617179525437,0.489410400390625,0.41644287109375,0.072967529296875
trained,r1,a,property-a-transformer-tasks08-seed42,42,8,same_pool_untrained,block_04,8,0.26439342286014994,0.5010625054017858,0.867447268931745,0.492767333984375,0.41644287109375,0.076324462890625
trained,r1,a,property-a-transformer-tasks08-seed42,42,8,same_pool_untrained,embedding,8,2.7755575615628914e-17,-0.0018997463130616906,1.015126560085519,0.4063720703125,0.41644287109375,-0.01007080078125
trained,r1,a,property-a-transformer-tasks08-seed42,42,8,same_pool_untrained,final_norm,8,0.2603462455317524,0.4984915824830557,0.8703642016676433,0.489410400390625,0.41644287109375,0.072967529296875
trained,r1,a,property-a-transformer-tasks08-seed42,42,8,trained,block_01,8,0.28884910661162444,0.49484073901640585,0.8464401241275014,0.50262451171875,0.400848388671875,0.101776123046875
trained,r1,a,property-a-transformer-tasks08-seed42,42,8,trained,block_02,8,0.4012767781442662,0.5906763558754803,0.7657059943673578,0.548858642578125,0.400848388671875,0.14801025390625
trained,r1,a,property-a-transformer-tasks08-seed42,42,8,trained,block_03,8,0.4314482670966838,0.6149677463481824,0.7401950990983385,0.5662841796875,0.400848388671875,0.165435791015625
trained,r1,a,property-a-transformer-tasks08-seed42,42,8,trained,block_04,8,0.4367703570602875,0.6198520462030275,0.7361419536841002,0.569244384765625,0.400848388671875,0.16839599609375
trained,r1,a,property-a-transformer-tasks08-seed42,42,8,trained,embedding,8,0.0,-0.005855065679297666,1.024195969462107,0.3956298828125,0.400848388671875,-0.005218505859375
trained,r1,a,property-a-transformer-tasks08-seed42,42,8,trained,final_norm,8,0.4282242431315405,0.6141312725255038,0.7446465800552255,0.562042236328125,0.400848388671875,0.16119384765625
trained,r1,a,property-a-transformer-tasks16-seed42,42,16,opposite_pool,block_01,16,0.23861471903936543,0.45552194223291076,0.8928407091546179,0.458892822265625,0.436492919921875,0.02239990234375
trained,r1,a,property-a-transformer-tasks16-seed42,42,16,opposite_pool,block_02,16,0.2939183643233213,0.5102315234910126,0.8560341949058615,0.4778900146484375,0.436492919921875,0.0413970947265625
trained,r1,a,property-a-transformer-tasks16-seed42,42,16,opposite_pool,block_03,16,0.29886194941407346,0.5161835557748273,0.8529153057475949,0.4803466796875,0.436492919921875,0.043853759765625
trained,r1,a,property-a-transformer-tasks16-seed42,42,16,opposite_pool,block_04,16,0.29904886592705077,0.5178122020716199,0.8531944341400334,0.4788665771484375,0.436492919921875,0.0423736572265625
trained,r1,a,property-a-transformer-tasks16-seed42,42,16,opposite_pool,embedding,16,6.938893903907228e-18,0.00336148140878872,1.0306041438969353,0.3738250732421875,0.436492919921875,-0.0626678466796875
trained,r1,a,property-a-transformer-tasks16-seed42,42,16,opposite_pool,final_norm,16,0.29824589678697155,0.5179737550026695,0.8540929236199133,0.479400634765625,0.436492919921875,0.04290771484375
trained,r1,a,property-a-transformer-tasks16-seed42,42,16,trained,block_01,16,0.24945311879819954,0.4609944906845861,0.8709442293797665,0.485626220703125,0.4086456298828125,0.0769805908203125
trained,r1,a,property-a-transformer-tasks16-seed42,42,16,trained,block_02,16,0.3052109612507474,0.5179907728131155,0.8319400952756096,0.5103302001953125,0.4086456298828125,0.1016845703125
trained,r1,a,property-a-transformer-tasks16-seed42,42,16,trained,block_03,16,0.313854334553212,0.5270170574273133,0.8251366957604426,0.5149383544921875,0.4086456298828125,0.106292724609375
trained,r1,a,property-a-transformer-tasks16-seed42,42,16,trained,block_04,16,0.3223327414483782,0.5349297493642262,0.8190873291774048,0.518707275390625,0.4086456298828125,0.1100616455078125
trained,r1,a,property-a-transformer-tasks16-seed42,42,16,trained,embedding,16,-1.3877787807814457e-17,-0.0044115432476627865,1.019661264773813,0.4010009765625,0.4086456298828125,-0.0076446533203125
trained,r1,a,property-a-transformer-tasks16-seed42,42,16,trained,final_norm,16,0.320397962858378,0.5345786106855573,0.8216200892077308,0.518402099609375,0.4086456298828125,0.1097564697265625
trained,r1,b,property-b-transformer-tasks01-seed42,42,1,opposite_pool,block_01,16,0.11762711040613495,0.3278596359959275,0.9565465519133604,0.4473724365234375,0.4086456298828125,0.038726806640625
trained,r1,b,property-b-transformer-tasks01-seed42,42,1,opposite_pool,block_02,16,0.12984872515646556,0.34940670346579017,0.9500657880944963,0.44781494140625,0.4086456298828125,0.0391693115234375
trained,r1,b,property-b-transformer-tasks01-seed42,42,1,opposite_pool,block_03,16,0.13857733269335668,0.36318001077416384,0.9452665144119715,0.450897216796875,0.4086456298828125,0.0422515869140625
trained,r1,b,property-b-transformer-tasks01-seed42,42,1,opposite_pool,block_04,16,0.13658363660659872,0.3602309365965982,0.9463099640858267,0.452362060546875,0.4086456298828125,0.0437164306640625
trained,r1,b,property-b-transformer-tasks01-seed42,42,1,opposite_pool,embedding,16,-1.3877787807814457e-17,-0.003937682179182682,1.019661264773813,0.4010009765625,0.4086456298828125,-0.0076446533203125
trained,r1,b,property-b-transformer-tasks01-seed42,42,1,opposite_pool,final_norm,16,0.13425767087275414,0.3602006544018813,0.9479343541708238,0.4508209228515625,0.4086456298828125,0.04217529296875
trained,r1,b,property-b-transformer-tasks01-seed42,42,1,same_pool_untrained,block_01,15,0.1146639442430279,0.32219339463010316,0.9726156995063417,0.43362630208333336,0.443359375,-0.009733072916666667
trained,r1,b,property-b-transformer-tasks01-seed42,42,1,same_pool_untrained,block_02,15,0.14030362543521882,0.3567433847476448,0.9583169763377348,0.4395345052083333,0.443359375,-0.0038248697916666665
trained,r1,b,property-b-transformer-tasks01-seed42,42,1,same_pool_untrained,block_03,15,0.14377281957302304,0.3622617125786093,0.9564621499170384,0.4398600260416667,0.443359375,-0.0034993489583333335
trained,r1,b,property-b-transformer-tasks01-seed42,42,1,same_pool_untrained,block_04,15,0.1383169504042412,0.35597368738131313,0.9595302450480182,0.43857421875,0.443359375,-0.00478515625
trained,r1,b,property-b-transformer-tasks01-seed42,42,1,same_pool_untrained,embedding,15,0.0,0.0036693836678187955,1.0344627230639638,0.37469075520833334,0.443359375,-0.06866861979166666
trained,r1,b,property-b-transformer-tasks01-seed42,42,1,same_pool_untrained,final_norm,15,0.136192802167237,0.3530411896372654,0.9607843598722537,0.435205078125,0.443359375,-0.008154296875
trained,r1,b,property-b-transformer-tasks01-seed42,42,1,trained,block_01,1,0.06464689623118869,0.26990142804805156,0.940758340695667,0.3837890625,0.33349609375,0.05029296875
trained,r1,b,property-b-transformer-tasks01-seed42,42,1,trained,block_02,1,0.3437746575385967,0.5870818254596131,0.7879828776897126,0.447998046875,0.33349609375,0.114501953125
trained,r1,b,property-b-transformer-tasks01-seed42,42,1,trained,block_03,1,0.43486530438731386,0.6595579741915377,0.7312506532813801,0.506591796875,0.33349609375,0.173095703125
trained,r1,b,property-b-transformer-tasks01-seed42,42,1,trained,block_04,1,0.4337495498198588,0.6587726704647379,0.7319721573320418,0.50732421875,0.33349609375,0.173828125
trained,r1,b,property-b-transformer-tasks01-seed42,42,1,trained,embedding,1,0.0,0.0,0.9727254563915083,0.36083984375,0.33349609375,0.02734375
trained,r1,b,property-b-transformer-tasks01-seed42,42,1,trained,final_norm,1,0.4326632198288989,0.6579573134130277,0.7326739512993022,0.506103515625,0.33349609375,0.172607421875
trained,r1,b,property-b-transformer-tasks02-seed42,42,2,opposite_pool,block_01,16,0.1699366572629929,0.39614118577141993,0.926825529651798,0.4614715576171875,0.4086456298828125,0.052825927734375
trained,r1,b,property-b-transformer-tasks02-seed42,42,2,opposite_pool,block_02,16,0.23053155038268164,0.46037930460981347,0.8897929713558218,0.47930908203125,0.4086456298828125,0.0706634521484375
trained,r1,b,property-b-transformer-tasks02-seed42,42,2,opposite_pool,block_03,16,0.23259426669050695,0.46575763954455596,0.888930622525945,0.4786529541015625,0.4086456298828125,0.07000732421875
trained,r1,b,property-b-transformer-tasks02-seed42,42,2,opposite_pool,block_04,16,0.2369971495279664,0.46934422045160357,0.8863878478296091,0.479766845703125,0.4086456298828125,0.0711212158203125
trained,r1,b,property-b-transformer-tasks02-seed42,42,2,opposite_pool,embedding,16,0.0,-0.005057151743183146,1.019661264773813,0.4010009765625,0.4086456298828125,-0.0076446533203125
trained,r1,b,property-b-transformer-tasks02-seed42,42,2,opposite_pool,final_norm,16,0.23158614239439168,0.463139268338813,0.8895785184348641,0.4764251708984375,0.4086456298828125,0.067779541015625
trained,r1,b,property-b-transformer-tasks02-seed42,42,2,same_pool_untrained,block_01,14,0.20390027242900213,0.4229494039581102,0.9196336817763427,0.45554896763392855,0.45267159598214285,0.0028773716517857145
trained,r1,b,property-b-transformer-tasks02-seed42,42,2,same_pool_untrained,block_02,14,0.2790796331700595,0.4938494635427365,0.8702009500867965,0.48172433035714285,0.45267159598214285,0.029052734375
trained,r1,b,property-b-transformer-tasks02-seed42,42,2,same_pool_untrained,block_03,14,0.2847440927898887,0.4980691159810418,0.8662599758568481,0.48597935267857145,0.45267159598214285,0.03330775669642857
trained,r1,b,property-b-transformer-tasks02-seed42,42,2,same_pool_untrained,block_04,14,0.2801530605148364,0.494777114441804,0.8695210464318203,0.48366001674107145,0.45267159598214285,0.030988420758928572
trained,r1,b,property-b-transformer-tasks02-seed42,42,2,same_pool_untrained,embedding,14,0.0,0.00141148995993338,1.035167329160963,0.3799525669642857,0.45267159598214285,-0.07271902901785714
trained,r1,b,property-b-transformer-tasks02-seed42,42,2,same_pool_untrained,final_norm,14,0.2733276707111289,0.48771817664896183,0.8736408800583326,0.48191615513392855,0.45267159598214285,0.029244559151785716
trained,r1,b,property-b-transformer-tasks02-seed42,42,2,trained,block_01,2,0.2801831054001078,0.49164417146026007,0.8364785698668733,0.419921875,0.3232421875,0.0966796875
trained,r1,b,property-b-transformer-tasks02-seed42,42,2,trained,block_02,2,0.5699154394661644,0.7124051462159675,0.5675729972938373,0.6414794921875,0.3232421875,0.3182373046875
trained,r1,b,property-b-transformer-tasks02-seed42,42,2,trained,block_03,2,0.6113574473790342,0.7472649047861881,0.5175428520587838,0.6837158203125,0.3232421875,0.3604736328125
trained,r1,b,property-b-transformer-tasks02-seed42,42,2,trained,block_04,2,0.63393389288329,0.7672832045673975,0.5023003175605176,0.6943359375,0.3232421875,0.37109375
trained,r1,b,property-b-transformer-tasks02-seed42,42,2,trained,embedding,2,0.0,0.0,0.9986618470487412,0.3309326171875,0.3232421875,0.0076904296875
trained,r1,b,property-b-transformer-tasks02-seed42,42,2,trained,final_norm,2,0.6306772347964837,0.7643873950280768,0.5048275952657515,0.6937255859375,0.3232421875,0.3704833984375
trained,r1,b,property-b-transformer-tasks04-seed42,42,4,opposite_pool,block_01,16,0.1811942768651814,0.4130123706493565,0.9207417119967161,0.4662017822265625,0.4086456298828125,0.05755615234375
trained,r1,b,property-b-transformer-tasks04-seed42,42,4,opposite_pool,block_02,16,0.24651510090824158,0.4772896540752499,0.8802500828978413,0.47930908203125,0.4086456298828125,0.0706634521484375
trained,r1,b,property-b-transformer-tasks04-seed42,42,4,opposite_pool,block_03,16,0.24902391080186276,0.4800778284968661,0.8783790145810371,0.47943115234375,0.4086456298828125,0.0707855224609375
trained,r1,b,property-b-transformer-tasks04-seed42,42,4,opposite_pool,block_04,16,0.2520824474689679,0.4834138690644013,0.8764050791072422,0.47882080078125,0.4086456298828125,0.0701751708984375
trained,r1,b,property-b-transformer-tasks04-seed42,42,4,opposite_pool,embedding,16,-1.3877787807814457e-17,-0.00400210522768857,1.019661264773813,0.4010009765625,0.4086456298828125,-0.0076446533203125
trained,r1,b,property-b-transformer-tasks04-seed42,42,4,opposite_pool,final_norm,16,0.24010584787773612,0.4721592934980238,0.8840007673907583,0.4752960205078125,0.4086456298828125,0.066650390625
trained,r1,b,property-b-transformer-tasks04-seed42,42,4,same_pool_untrained,block_01,12,0.21149037089067835,0.4364655031976025,0.900722837274908,0.42620849609375,0.4109903971354167,0.015218098958333334
trained,r1,b,property-b-transformer-tasks04-seed42,42,4,same_pool_untrained,block_02,12,0.2863748288563274,0.5049719390774773,0.8525225735772467,0.4449666341145833,0.4109903971354167,0.033976236979166664
trained,r1,b,property-b-transformer-tasks04-seed42,42,4,same_pool_untrained,block_03,12,0.2866443282183652,0.5032839221431756,0.8519253419836003,0.44854736328125,0.4109903971354167,0.037556966145833336
trained,r1,b,property-b-transformer-tasks04-seed42,42,4,same_pool_untrained,block_04,12,0.29141706882884405,0.5085766705087341,0.8484168888729191,0.4498697916666667,0.4109903971354167,0.03887939453125
trained,r1,b,property-b-transformer-tasks04-seed42,42,4,same_pool_untrained,embedding,12,0.0,-0.0009099457131255063,1.0181720297091188,0.33905029296875,0.4109903971354167,-0.07194010416666667
trained,r1,b,property-b-transformer-tasks04-seed42,42,4,same_pool_untrained,final_norm,12,0.2768592558221869,0.493623417003235,0.8576276312287696,0.4433797200520833,0.4109903971354167,0.032389322916666664
trained,r1,b,property-b-transformer-tasks04-seed42,42,4,trained,block_01,4,0.3067390678185536,0.5137773355650697,0.871728192728923,0.58935546875,0.51300048828125,0.07635498046875
trained,r1,b,property-b-transformer-tasks04-seed42,42,4,trained,block_02,4,0.3989403123750777,0.5816949927097823,0.7870662876491417,0.6412353515625,0.51300048828125,0.12823486328125
trained,r1,b,property-b-transformer-tasks04-seed42,42,4,trained,block_03,4,0.4043647567522337,0.5898106554919108,0.7833046065439978,0.6424560546875,0.51300048828125,0.12945556640625
trained,r1,b,property-b-transformer-tasks04-seed42,42,4,trained,block_04,4,0.4135934945319729,0.6022148473924566,0.7765398755945021,0.648681640625,0.51300048828125,0.13568115234375
trained,r1,b,property-b-transformer-tasks04-seed42,42,4,trained,embedding,4,0.0,0.0,1.0679004864603852,0.4781494140625,0.51300048828125,-0.03485107421875
trained,r1,b,property-b-transformer-tasks04-seed42,42,4,trained,final_norm,4,0.404802615187567,0.59158889663545,0.7837832478997208,0.64422607421875,0.51300048828125,0.1312255859375
trained,r1,b,property-b-transformer-tasks08-seed42,42,8,opposite_pool,block_01,16,0.17821043390071545,0.40133612244974726,0.9214268972420574,0.463653564453125,0.4086456298828125,0.0550079345703125
trained,r1,b,property-b-transformer-tasks08-seed42,42,8,opposite_pool,block_02,16,0.3032669411853696,0.5255826107901682,0.8416714205330109,0.5066986083984375,0.4086456298828125,0.098052978515625
trained,r1,b,property-b-transformer-tasks08-seed42,42,8,opposite_pool,block_03,16,0.3367263294623988,0.5553633503161367,0.8185142551466301,0.519866943359375,0.4086456298828125,0.1112213134765625
trained,r1,b,property-b-transformer-tasks08-seed42,42,8,opposite_pool,block_04,16,0.35183824908979244,0.5671968030221253,0.8069653405366275,0.5247344970703125,0.4086456298828125,0.1160888671875
trained,r1,b,property-b-transformer-tasks08-seed42,42,8,opposite_pool,embedding,16,1.3877787807814457e-17,-0.0038406490893193503,1.019661264773813,0.4010009765625,0.4086456298828125,-0.0076446533203125
trained,r1,b,property-b-transformer-tasks08-seed42,42,8,opposite_pool,final_norm,16,0.34127264752963826,0.5586025108558164,0.8151444908800511,0.5202178955078125,0.4086456298828125,0.111572265625
trained,r1,b,property-b-transformer-tasks08-seed42,42,8,same_pool_untrained,block_01,8,0.21619366840001042,0.42515598996994564,0.893971796659434,0.447357177734375,0.40838623046875,0.038970947265625
trained,r1,b,property-b-transformer-tasks08-seed42,42,8,same_pool_untrained,block_02,8,0.381292841378516,0.5827382145428107,0.7852427205464332,0.5,0.40838623046875,0.09161376953125
trained,r1,b,property-b-transformer-tasks08-seed42,42,8,same_pool_untrained,block_03,8,0.4038628609242611,0.6024750871722527,0.7695804166292173,0.5078125,0.40838623046875,0.09942626953125
trained,r1,b,property-b-transformer-tasks08-seed42,42,8,same_pool_untrained,block_04,8,0.4155533418178706,0.6120223517305898,0.7611175106407724,0.512481689453125,0.40838623046875,0.104095458984375
trained,r1,b,property-b-transformer-tasks08-seed42,42,8,same_pool_untrained,embedding,8,2.7755575615628914e-17,0.0012077264043254769,1.014946727725048,0.364532470703125,0.40838623046875,-0.043853759765625
trained,r1,b,property-b-transformer-tasks08-seed42,42,8,same_pool_untrained,final_norm,8,0.40390348369131807,0.6042882669055011,0.7705408541594251,0.507843017578125,0.40838623046875,0.099456787109375
trained,r1,b,property-b-transformer-tasks08-seed42,42,8,trained,block_01,8,0.24393315382522165,0.454586581573704,0.8991380319988682,0.46990966796875,0.464599609375,0.00531005859375
trained,r1,b,property-b-transformer-tasks08-seed42,42,8,trained,block_02,8,0.3890799743939485,0.5939153322005499,0.797202970108065,0.528594970703125,0.464599609375,0.063995361328125
trained,r1,b,property-b-transformer-tasks08-seed42,42,8,trained,block_03,8,0.42334501029648197,0.6227382418568769,0.7722509080229002,0.540618896484375,0.464599609375,0.076019287109375
trained,r1,b,property-b-transformer-tasks08-seed42,42,8,trained,block_04,8,0.4374345785387978,0.635661219121502,0.7617595111802413,0.54443359375,0.464599609375,0.079833984375
trained,r1,b,property-b-transformer-tasks08-seed42,42,8,trained,embedding,8,-8.326672684688674e-17,0.0007646680258826188,1.046261560068823,0.38311767578125,0.464599609375,-0.08148193359375
trained,r1,b,property-b-transformer-tasks08-seed42,42,8,trained,final_norm,8,0.42624620328661167,0.6272104935302915,0.7711389864362094,0.53948974609375,0.464599609375,0.07489013671875
trained,r1,b,property-b-transformer-tasks16-seed42,42,16,opposite_pool,block_01,16,0.1875676381121292,0.4122424762094553,0.9158945716780035,0.4678802490234375,0.4086456298828125,0.059234619140625
trained,r1,b,property-b-transformer-tasks16-seed42,42,16,opposite_pool,block_02,16,0.26730462912560565,0.4816927158821075,0.8629620128617643,0.494720458984375,0.4086456298828125,0.0860748291015625
trained,r1,b,property-b-transformer-tasks16-seed42,42,16,opposite_pool,block_03,16,0.2830124281546327,0.4939535074222196,0.8507574167965232,0.5008697509765625,0.4086456298828125,0.09222412109375
trained,r1,b,property-b-transformer-tasks16-seed42,42,16,opposite_pool,block_04,16,0.2873776147649125,0.4986920804071433,0.8481103826177449,0.5015106201171875,0.4086456298828125,0.092864990234375
trained,r1,b,property-b-transformer-tasks16-seed42,42,16,opposite_pool,embedding,16,-1.3877787807814457e-17,-0.001275675078996028,1.019661264773813,0.4010009765625,0.4086456298828125,-0.0076446533203125
trained,r1,b,property-b-transformer-tasks16-seed42,42,16,opposite_pool,final_norm,16,0.2677986851301133,0.4802674515986787,0.8619184191970388,0.4943084716796875,0.4086456298828125,0.085662841796875
trained,r1,b,property-b-transformer-tasks16-seed42,42,16,trained,block_01,16,0.23952286921557409,0.4580093549732965,0.8921940030507686,0.464141845703125,0.436492919921875,0.02764892578125
trained,r1,b,property-b-transformer-tasks16-seed42,42,16,trained,block_02,16,0.3572104683003681,0.5598945715867854,0.8114078950772566,0.5050811767578125,0.436492919921875,0.0685882568359375
trained,r1,b,property-b-transformer-tasks16-seed42,42,16,trained,block_03,16,0.37021527191668446,0.570132990436705,0.8016192495893348,0.5092926025390625,0.436492919921875,0.0727996826171875
trained,r1,b,property-b-transformer-tasks16-seed42,42,16,trained,block_04,16,0.3714299785097236,0.5692190248163304,0.7990279266500249,0.509521484375,0.436492919921875,0.073028564453125
trained,r1,b,property-b-transformer-tasks16-seed42,42,16,trained,embedding,16,-1.3877787807814457e-17,0.0012440335530162511,1.0306041438969353,0.3738250732421875,0.436492919921875,-0.0626678466796875
trained,r1,b,property-b-transformer-tasks16-seed42,42,16,trained,final_norm,16,0.35238923123749394,0.5512173306324669,0.812876323966691,0.5020751953125,0.436492919921875,0.065582275390625
trained,r2,a,property-a-transformer-tasks01-seed101,101,1,opposite_pool,block_01,16,0.10506421569816662,0.305656173328764,0.9746421847867325,0.466339111328125,0.4282379150390625,0.0381011962890625
trained,r2,a,property-a-transformer-tasks01-seed101,101,1,opposite_pool,block_02,16,0.15130094675021163,0.375850234913485,0.9489433606459602,0.473846435546875,0.4282379150390625,0.0456085205078125
trained,r2,a,property-a-transformer-tasks01-seed101,101,1,opposite_pool,block_03,16,0.15292876965513194,0.37693119259746405,0.9479650534612579,0.4755859375,0.4282379150390625,0.0473480224609375
trained,r2,a,property-a-transformer-tasks01-seed101,101,1,opposite_pool,block_04,16,0.14886640445718938,0.37058965902203356,0.9502342898688607,0.47052001953125,0.4282379150390625,0.0422821044921875
trained,r2,a,property-a-transformer-tasks01-seed101,101,1,opposite_pool,embedding,16,1.3877787807814457e-17,-0.0019319706339939668,1.0314440628381227,0.42144775390625,0.4282379150390625,-0.0067901611328125
trained,r2,a,property-a-transformer-tasks01-seed101,101,1,opposite_pool,final_norm,16,0.15134380559012037,0.3757658325611997,0.948937916904304,0.473358154296875,0.4282379150390625,0.0451202392578125
trained,r2,a,property-a-transformer-tasks01-seed101,101,1,same_pool_untrained,block_01,15,0.1457388797132605,0.36074832244527655,0.9400228934619472,0.417578125,0.41819661458333335,-0.0006184895833333333
trained,r2,a,property-a-transformer-tasks01-seed101,101,1,same_pool_untrained,block_02,15,0.18573080365459335,0.42228435529231956,0.9182778871809126,0.42400716145833334,0.41819661458333335,0.005810546875
trained,r2,a,property-a-transformer-tasks01-seed101,101,1,same_pool_untrained,block_03,15,0.1833093834688332,0.419617335948207,0.9195848118310151,0.423388671875,0.41819661458333335,0.0051920572916666664
trained,r2,a,property-a-transformer-tasks01-seed101,101,1,same_pool_untrained,block_04,15,0.17937730889581605,0.41490054956588357,0.9218217683925143,0.42373046875,0.41819661458333335,0.005533854166666667
trained,r2,a,property-a-transformer-tasks01-seed101,101,1,same_pool_untrained,embedding,15,-1.4802973661668754e-17,0.002350846488833861,1.0185532431282143,0.35222981770833334,0.41819661458333335,-0.065966796875
trained,r2,a,property-a-transformer-tasks01-seed101,101,1,same_pool_untrained,final_norm,15,0.17752160911688517,0.41410820752743654,0.9230003197470292,0.42236328125,0.41819661458333335,0.004166666666666667
trained,r2,a,property-a-transformer-tasks01-seed101,101,1,trained,block_01,1,0.019661297505795483,0.14057422964692287,1.0127377607085606,0.37548828125,0.3974609375,-0.02197265625
trained,r2,a,property-a-transformer-tasks01-seed101,101,1,trained,block_02,1,0.6240793777111473,0.7900166365522593,0.6271291739778795,0.632080078125,0.3974609375,0.234619140625
trained,r2,a,property-a-transformer-tasks01-seed101,101,1,trained,block_03,1,0.6755055288603389,0.821891939021744,0.5826564787357401,0.673583984375,0.3974609375,0.276123046875
trained,r2,a,property-a-transformer-tasks01-seed101,101,1,trained,block_04,1,0.6962945754164125,0.8344689642482855,0.5636833457956253,0.68994140625,0.3974609375,0.29248046875
trained,r2,a,property-a-transformer-tasks01-seed101,101,1,trained,embedding,1,0.0,0.0,1.0228428863987962,0.37060546875,0.3974609375,-0.02685546875
trained,r2,a,property-a-transformer-tasks01-seed101,101,1,trained,final_norm,1,0.6981212737195963,0.8355114181578568,0.5619855947744431,0.688232421875,0.3974609375,0.290771484375
trained,r2,a,property-a-transformer-tasks02-seed101,101,2,opposite_pool,block_01,16,0.17377161643187083,0.3825260567439666,0.9334172221764565,0.484619140625,0.4282379150390625,0.0563812255859375
trained,r2,a,property-a-transformer-tasks02-seed101,101,2,opposite_pool,block_02,16,0.23890110321819458,0.45398659804894903,0.8930835740503351,0.5048980712890625,0.4282379150390625,0.07666015625
trained,r2,a,property-a-transformer-tasks02-seed101,101,2,opposite_pool,block_03,16,0.23739567194135702,0.4535760660933771,0.8944827923986394,0.5012054443359375,0.4282379150390625,0.072967529296875
trained,r2,a,property-a-transformer-tasks02-seed101,101,2,opposite_pool,block_04,16,0.22816471233057223,0.44614245017725435,0.9007793799597813,0.4989166259765625,0.4282379150390625,0.0706787109375
trained,r2,a,property-a-transformer-tasks02-seed101,101,2,opposite_pool,embedding,16,0.0,-0.0029415099685868263,1.0314440628381227,0.42144775390625,0.4282379150390625,-0.0067901611328125
trained,r2,a,property-a-transformer-tasks02-seed101,101,2,opposite_pool,final_norm,16,0.21976081024606856,0.4336194769334717,0.9056159031392511,0.4945220947265625,0.4282379150390625,0.0662841796875
trained,r2,a,property-a-transformer-tasks02-seed101,101,2,same_pool_untrained,block_01,14,0.22443271348376026,0.4410697010283207,0.8912440162987618,0.44339425223214285,0.42433384486607145,0.019060407366071428
trained,r2,a,property-a-transformer-tasks02-seed101,101,2,same_pool_untrained,block_02,14,0.3185662139206523,0.5389726797564506,0.8326744626656889,0.46559361049107145,0.42433384486607145,0.041259765625
trained,r2,a,property-a-transformer-tasks02-seed101,101,2,same_pool_untrained,block_03,14,0.3222113742661433,0.5417989841010257,0.830721235369616,0.4677211216517857,0.42433384486607145,0.04338727678571429
trained,r2,a,property-a-transformer-tasks02-seed101,101,2,same_pool_untrained,block_04,14,0.3059264768682585,0.5296249825034811,0.8418758339380105,0.46327427455357145,0.42433384486607145,0.0389404296875
trained,r2,a,property-a-transformer-tasks02-seed101,101,2,same_pool_untrained,embedding,14,0.0,-1.0526193182515038e-05,1.018306617712486,0.35226004464285715,0.42433384486607145,-0.07207380022321429
trained,r2,a,property-a-transformer-tasks02-seed101,101,2,same_pool_untrained,final_norm,14,0.29720856802511086,0.519680837224178,0.8472921534268101,0.45804268973214285,0.42433384486607145,0.03370884486607143
trained,r2,a,property-a-transformer-tasks02-seed101,101,2,trained,block_01,2,0.4059604808365343,0.5673129992445893,0.7539041193553535,0.5228271484375,0.3648681640625,0.157958984375
trained,r2,a,property-a-transformer-tasks02-seed101,101,2,trained,block_02,2,0.8488767769762637,0.919381822308796,0.3624176369252666,0.8450927734375,0.3648681640625,0.480224609375
trained,r2,a,property-a-transformer-tasks02-seed101,101,2,trained,block_03,2,0.8581278389755322,0.9244141640178316,0.34727242373495787,0.861328125,0.3648681640625,0.4964599609375
trained,r2,a,property-a-transformer-tasks02-seed101,101,2,trained,block_04,2,0.8498128229472799,0.9200099623859022,0.36500885061297084,0.8450927734375,0.3648681640625,0.480224609375
trained,r2,a,property-a-transformer-tasks02-seed101,101,2,trained,embedding,2,0.0,0.0,1.0224244426736036,0.3612060546875,0.3648681640625,-0.003662109375
trained,r2,a,property-a-transformer-tasks02-seed101,101,2,trained,final_norm,2,0.8478411257977868,0.9189812708688295,0.36943003634369515,0.84228515625,0.3648681640625,0.4774169921875
trained,r2,a,property-a-transformer-tasks04-seed101,101,4,opposite_pool,block_01,16,0.17321339053748355,0.39397541833894306,0.9341835221116404,0.4844818115234375,0.4282379150390625,0.056243896484375
trained,r2,a,property-a-transformer-tasks04-seed101,101,4,opposite_pool,block_02,16,0.21769767844598104,0.432471138678173,0.9039580604928673,0.4979248046875,0.4282379150390625,0.0696868896484375
trained,r2,a,property-a-transformer-tasks04-seed101,101,4,opposite_pool,block_03,16,0.2200719020874065,0.43786177285480415,0.9028624351890834,0.50030517578125,0.4282379150390625,0.0720672607421875
trained,r2,a,property-a-transformer-tasks04-seed101,101,4,opposite_pool,block_04,16,0.2142953912775276,0.43144821693079516,0.9069479161997768,0.496124267578125,0.4282379150390625,0.0678863525390625
trained,r2,a,property-a-transformer-tasks04-seed101,101,4,opposite_pool,embedding,16,-1.3877787807814457e-17,-0.0029133437145434935,1.0314440628381227,0.42144775390625,0.4282379150390625,-0.0067901611328125
trained,r2,a,property-a-transformer-tasks04-seed101,101,4,opposite_pool,final_norm,16,0.1935753962699108,0.40581982235861674,0.9196507005706308,0.486297607421875,0.4282379150390625,0.0580596923828125
trained,r2,a,property-a-transformer-tasks04-seed101,101,4,same_pool_untrained,block_01,12,0.2615240837232336,0.4744249326093957,0.8672729599626102,0.47454833984375,0.4222005208333333,0.052347819010416664
trained,r2,a,property-a-transformer-tasks04-seed101,101,4,same_pool_untrained,block_02,12,0.3186836650025695,0.5206804978728745,0.8263099339032789,0.4987589518229167,0.4222005208333333,0.07655843098958333
trained,r2,a,property-a-transformer-tasks04-seed101,101,4,same_pool_untrained,block_03,12,0.3229987375719911,0.5281750813353171,0.8244612086040527,0.49871826171875,0.4222005208333333,0.07651774088541667
trained,r2,a,property-a-transformer-tasks04-seed101,101,4,same_pool_untrained,block_04,12,0.30883020090024,0.517602275484403,0.8350310501964303,0.4928995768229167,0.4222005208333333,0.07069905598958333
trained,r2,a,property-a-transformer-tasks04-seed101,101,4,same_pool_untrained,embedding,12,1.850371707708594e-17,0.00188700269128314,1.0187518349065947,0.3817342122395833,0.4222005208333333,-0.04046630859375
trained,r2,a,property-a-transformer-tasks04-seed101,101,4,same_pool_untrained,final_norm,12,0.2855074996018008,0.4920963436972991,0.850450859436402,0.4847208658854167,0.4222005208333333,0.06252034505208333
trained,r2,a,property-a-transformer-tasks04-seed101,101,4,trained,block_01,4,0.3040317475644832,0.5239313961297167,0.8435997851388184,0.40277099609375,0.4010009765625,0.00177001953125
trained,r2,a,property-a-transformer-tasks04-seed101,101,4,trained,block_02,4,0.49292748611908266,0.656626923143501,0.6821562897917314,0.5032958984375,0.4010009765625,0.102294921875
trained,r2,a,property-a-transformer-tasks04-seed101,101,4,trained,block_03,4,0.4955966071131238,0.6607980527028967,0.6808489266022648,0.5048828125,0.4010009765625,0.1038818359375
trained,r2,a,property-a-transformer-tasks04-seed101,101,4,trained,block_04,4,0.48741861084507776,0.6562040444294991,0.6902229799311659,0.4945068359375,0.4010009765625,0.093505859375
trained,r2,a,property-a-transformer-tasks04-seed101,101,4,trained,embedding,4,0.0,0.003121239954668718,1.0190298786107181,0.268310546875,0.4010009765625,-0.1326904296875
trained,r2,a,property-a-transformer-tasks04-seed101,101,4,trained,final_norm,4,0.4670874353845437,0.6412653669935741,0.7108017932885005,0.48388671875,0.4010009765625,0.0828857421875
trained,r2,a,property-a-transformer-tasks08-seed101,101,8,opposite_pool,block_01,16,0.17169055829546823,0.39391348803992093,0.9357332464754806,0.4831390380859375,0.4282379150390625,0.054901123046875
trained,r2,a,property-a-transformer-tasks08-seed101,101,8,opposite_pool,block_02,16,0.2597457698904825,0.4741574983104377,0.8756055339190001,0.515899658203125,0.4282379150390625,0.0876617431640625
trained,r2,a,property-a-transformer-tasks08-seed101,101,8,opposite_pool,block_03,16,0.26421616822517063,0.48185278665896114,0.8726969172940531,0.5177459716796875,0.4282379150390625,0.089508056640625
trained,r2,a,property-a-transformer-tasks08-seed101,101,8,opposite_pool,block_04,16,0.2648641906350901,0.4817835860553353,0.8717557860795268,0.5170745849609375,0.4282379150390625,0.088836669921875
trained,r2,a,property-a-transformer-tasks08-seed101,101,8,opposite_pool,embedding,16,-2.7755575615628914e-17,-0.003256639355827135,1.0314440628381227,0.42144775390625,0.4282379150390625,-0.0067901611328125
trained,r2,a,property-a-transformer-tasks08-seed101,101,8,opposite_pool,final_norm,16,0.2607048299722742,0.4780862814401408,0.8751501733850262,0.515350341796875,0.4282379150390625,0.0871124267578125
trained,r2,a,property-a-transformer-tasks08-seed101,101,8,same_pool_untrained,block_01,8,0.23335840149830128,0.4674414820148505,0.8886415820619299,0.418914794921875,0.371612548828125,0.04730224609375
trained,r2,a,property-a-transformer-tasks08-seed101,101,8,same_pool_untrained,block_02,8,0.3336921442313667,0.5547674294521341,0.8221661795225065,0.447540283203125,0.371612548828125,0.075927734375
trained,r2,a,property-a-transformer-tasks08-seed101,101,8,same_pool_untrained,block_03,8,0.34154283610246217,0.5608044243281557,0.8172880041202697,0.449462890625,0.371612548828125,0.077850341796875
trained,r2,a,property-a-transformer-tasks08-seed101,101,8,same_pool_untrained,block_04,8,0.33693499094969576,0.5566243990927017,0.8200430696174519,0.4483642578125,0.371612548828125,0.076751708984375
trained,r2,a,property-a-transformer-tasks08-seed101,101,8,same_pool_untrained,embedding,8,2.7755575615628914e-17,-0.0006488241953594776,1.0185944680601111,0.331024169921875,0.371612548828125,-0.04058837890625
trained,r2,a,property-a-transformer-tasks08-seed101,101,8,same_pool_untrained,final_norm,8,0.332140768051359,0.5543353685795159,0.8236189423043316,0.44696044921875,0.371612548828125,0.075347900390625
trained,r2,a,property-a-transformer-tasks08-seed101,101,8,trained,block_01,8,0.25638796517505547,0.47065493760060845,0.8717582632373104,0.470672607421875,0.462188720703125,0.00848388671875
trained,r2,a,property-a-transformer-tasks08-seed101,101,8,trained,block_02,8,0.3950999868329079,0.5858791355762119,0.7732179243014438,0.51910400390625,0.462188720703125,0.056915283203125
trained,r2,a,property-a-transformer-tasks08-seed101,101,8,trained,block_03,8,0.40400356380738994,0.59442958945808,0.7673592536688495,0.522857666015625,0.462188720703125,0.0606689453125
trained,r2,a,property-a-transformer-tasks08-seed101,101,8,trained,block_04,8,0.4114822751626106,0.5985539618807371,0.7604486823962111,0.529632568359375,0.462188720703125,0.06744384765625
trained,r2,a,property-a-transformer-tasks08-seed101,101,8,trained,embedding,8,-2.7755575615628914e-17,0.004275754435274165,1.0190482236051404,0.375732421875,0.462188720703125,-0.086456298828125
trained,r2,a,property-a-transformer-tasks08-seed101,101,8,trained,final_norm,8,0.40245504619451644,0.5935954423733432,0.7689402495507248,0.524627685546875,0.462188720703125,0.06243896484375
trained,r2,a,property-a-transformer-tasks16-seed101,101,16,opposite_pool,block_01,16,0.19964021676394075,0.41827433331344466,0.9154298578445642,0.49432373046875,0.4282379150390625,0.0660858154296875
trained,r2,a,property-a-transformer-tasks16-seed101,101,16,opposite_pool,block_02,16,0.2434723098449604,0.46244181639378945,0.8862587652663686,0.504638671875,0.4282379150390625,0.0764007568359375
trained,r2,a,property-a-transformer-tasks16-seed101,101,16,opposite_pool,block_03,16,0.27012803210427255,0.4901597386906899,0.8700711529735224,0.5145416259765625,0.4282379150390625,0.0863037109375
trained,r2,a,property-a-transformer-tasks16-seed101,101,16,opposite_pool,block_04,16,0.2782913351296363,0.5004552102315444,0.8650489822248063,0.51617431640625,0.4282379150390625,0.0879364013671875
trained,r2,a,property-a-transformer-tasks16-seed101,101,16,opposite_pool,embedding,16,0.0,-0.0028415305164846472,1.0314440628381227,0.42144775390625,0.4282379150390625,-0.0067901611328125
trained,r2,a,property-a-transformer-tasks16-seed101,101,16,opposite_pool,final_norm,16,0.2724191239472844,0.4958017378627806,0.8692331583225875,0.513092041015625,0.4282379150390625,0.0848541259765625
trained,r2,a,property-a-transformer-tasks16-seed101,101,16,trained,block_01,16,0.26138086586418857,0.47952700497741757,0.8686803869153839,0.450836181640625,0.416900634765625,0.033935546875
trained,r2,a,property-a-transformer-tasks16-seed101,101,16,trained,block_02,16,0.3639513191326386,0.5612722686659464,0.7937106126124117,0.4886016845703125,0.416900634765625,0.0717010498046875
trained,r2,a,property-a-transformer-tasks16-seed101,101,16,trained,block_03,16,0.4102075820894054,0.6019838470248786,0.758870282307864,0.50738525390625,0.416900634765625,0.090484619140625
trained,r2,a,property-a-transformer-tasks16-seed101,101,16,trained,block_04,16,0.4297374879980931,0.619693754871316,0.7435354736809883,0.5192108154296875,0.416900634765625,0.1023101806640625
trained,r2,a,property-a-transformer-tasks16-seed101,101,16,trained,embedding,16,0.0,0.00019200003083299946,1.0188213458326256,0.3533782958984375,0.416900634765625,-0.0635223388671875
trained,r2,a,property-a-transformer-tasks16-seed101,101,16,trained,final_norm,16,0.41809924619778843,0.6100161060585102,0.7531727046600407,0.512603759765625,0.416900634765625,0.095703125
trained,r2,b,property-b-transformer-tasks01-seed101,101,1,opposite_pool,block_01,16,0.2031399598330564,0.420847170111189,0.9056274621545685,0.4309844970703125,0.416900634765625,0.0140838623046875
trained,r2,b,property-b-transformer-tasks01-seed101,101,1,opposite_pool,block_02,16,0.34484023886499776,0.5576500489308778,0.815603768570476,0.472991943359375,0.416900634765625,0.05609130859375
trained,r2,b,property-b-transformer-tasks01-seed101,101,1,opposite_pool,block_03,16,0.3634358264251613,0.5719098062183081,0.801506404696853,0.4800872802734375,0.416900634765625,0.0631866455078125
trained,r2,b,property-b-transformer-tasks01-seed101,101,1,opposite_pool,block_04,16,0.3342561209797972,0.5467391244820413,0.8205554378093038,0.4729156494140625,0.416900634765625,0.0560150146484375
trained,r2,b,property-b-transformer-tasks01-seed101,101,1,opposite_pool,embedding,16,-1.3877787807814457e-17,0.001883475273783076,1.0188213458326256,0.3527069091796875,0.416900634765625,-0.0641937255859375
trained,r2,b,property-b-transformer-tasks01-seed101,101,1,opposite_pool,final_norm,16,0.3316917692558913,0.5434028238015861,0.8220171217336768,0.471832275390625,0.416900634765625,0.054931640625
trained,r2,b,property-b-transformer-tasks01-seed101,101,1,same_pool_untrained,block_01,15,0.1688221268144007,0.38468835653791583,0.9353897820534205,0.486962890625,0.43362630208333336,0.05333658854166667
trained,r2,b,property-b-transformer-tasks01-seed101,101,1,same_pool_untrained,block_02,15,0.31609358867163284,0.5314190228164776,0.842263126793231,0.5305501302083333,0.43362630208333336,0.096923828125
trained,r2,b,property-b-transformer-tasks01-seed101,101,1,same_pool_untrained,block_03,15,0.3304006240869494,0.541297022388735,0.8325084642149744,0.5355305989583333,0.43362630208333336,0.101904296875
trained,r2,b,property-b-transformer-tasks01-seed101,101,1,same_pool_untrained,block_04,15,0.3123223525338142,0.5235100247727088,0.8444619385121037,0.5274576822916667,0.43362630208333336,0.09383138020833333
trained,r2,b,property-b-transformer-tasks01-seed101,101,1,same_pool_untrained,embedding,15,-1.4802973661668754e-17,-0.003619645480212916,1.030488710847159,0.4265625,0.43362630208333336,-0.007063802083333333
trained,r2,b,property-b-transformer-tasks01-seed101,101,1,same_pool_untrained,final_norm,15,0.30879336088816395,0.5174834249149662,0.8465680083134277,0.5265462239583333,0.43362630208333336,0.092919921875
trained,r2,b,property-b-transformer-tasks01-seed101,101,1,trained,block_01,1,0.1529190790108711,0.3951642227355548,0.9624993227537758,0.413330078125,0.347412109375,0.06591796875
trained,r2,b,property-b-transformer-tasks01-seed101,101,1,trained,block_02,1,0.9898796763683847,0.9949471126533089,0.1052047098442805,0.991943359375,0.347412109375,0.64453125
trained,r2,b,property-b-transformer-tasks01-seed101,101,1,trained,block_03,1,0.9949539820389407,0.997478748239153,0.07428692445625061,0.99853515625,0.347412109375,0.651123046875
trained,r2,b,property-b-transformer-tasks01-seed101,101,1,trained,block_04,1,0.9939968299690751,0.9970120814138913,0.08102672855517701,0.998046875,0.347412109375,0.650634765625
trained,r2,b,property-b-transformer-tasks01-seed101,101,1,trained,embedding,1,0.0,0.0,1.04577434270258,0.3447265625,0.347412109375,-0.002685546875
trained,r2,b,property-b-transformer-tasks01-seed101,101,1,trained,final_norm,1,0.9921010841091257,0.9960523452211358,0.09294407877772595,0.996826171875,0.347412109375,0.6494140625
trained,r2,b,property-b-transformer-tasks02-seed101,101,2,opposite_pool,block_01,16,0.22338510115029855,0.44068422531821794,0.8926651693191623,0.4380645751953125,0.416900634765625,0.0211639404296875
trained,r2,b,property-b-transformer-tasks02-seed101,101,2,opposite_pool,block_02,16,0.3444545530151796,0.5573663039630525,0.8146718729471318,0.4748992919921875,0.416900634765625,0.0579986572265625
trained,r2,b,property-b-transformer-tasks02-seed101,101,2,opposite_pool,block_03,16,0.34391906177489956,0.5555488828864653,0.8140184413833492,0.4749908447265625,0.416900634765625,0.0580902099609375
trained,r2,b,property-b-transformer-tasks02-seed101,101,2,opposite_pool,block_04,16,0.3226200875746282,0.5349098289356257,0.8279067535736251,0.46942138671875,0.416900634765625,0.052520751953125
trained,r2,b,property-b-transformer-tasks02-seed101,101,2,opposite_pool,embedding,16,0.0,0.0023601822304712993,1.0188213458326256,0.3533782958984375,0.416900634765625,-0.0635223388671875
trained,r2,b,property-b-transformer-tasks02-seed101,101,2,opposite_pool,final_norm,16,0.31299969014246704,0.5230002418798742,0.8336825880009934,0.465576171875,0.416900634765625,0.048675537109375
trained,r2,b,property-b-transformer-tasks02-seed101,101,2,same_pool_untrained,block_01,14,0.19155433044387718,0.4041137799996331,0.9189391428118763,0.4960414341517857,0.4417724609375,0.05426897321428571
trained,r2,b,property-b-transformer-tasks02-seed101,101,2,same_pool_untrained,block_02,14,0.3265088090311839,0.5349163680484011,0.8332887227355131,0.5421840122767857,0.4417724609375,0.10041155133928571
trained,r2,b,property-b-transformer-tasks02-seed101,101,2,same_pool_untrained,block_03,14,0.3347415636276588,0.5406273960466997,0.8271837805629211,0.5448346819196429,0.4417724609375,0.10306222098214286
trained,r2,b,property-b-transformer-tasks02-seed101,101,2,same_pool_untrained,block_04,14,0.32670277958034394,0.5323045115858961,0.8323303615773625,0.5428466796875,0.4417724609375,0.10107421875
trained,r2,b,property-b-transformer-tasks02-seed101,101,2,same_pool_untrained,embedding,14,7.93016446160826e-18,-0.0036234734930857037,1.032277898535512,0.4340122767857143,0.4417724609375,-0.007760184151785714
trained,r2,b,property-b-transformer-tasks02-seed101,101,2,same_pool_untrained,final_norm,14,0.3168110773216744,0.5195873622454209,0.8386939601246279,0.5399169921875,0.4417724609375,0.09814453125
trained,r2,b,property-b-transformer-tasks02-seed101,101,2,trained,block_01,2,0.3796033935052853,0.5821081792775384,0.7952567017352362,0.4801025390625,0.33349609375,0.1466064453125
trained,r2,b,property-b-transformer-tasks02-seed101,101,2,trained,block_02,2,0.9798920802492617,0.9898968528654253,0.1451942158088891,0.975341796875,0.33349609375,0.641845703125
trained,r2,b,property-b-transformer-tasks02-seed101,101,2,trained,block_03,2,0.9884267268358684,0.9942024941602453,0.11012549329520233,0.9937744140625,0.33349609375,0.6602783203125
trained,r2,b,property-b-transformer-tasks02-seed101,101,2,trained,block_04,2,0.9867527555966016,0.9933612053253623,0.11805979146964582,0.99169921875,0.33349609375,0.658203125
trained,r2,b,property-b-transformer-tasks02-seed101,101,2,trained,embedding,2,0.0,0.0,1.025607212956397,0.33349609375,0.33349609375,0.0
trained,r2,b,property-b-transformer-tasks02-seed101,101,2,trained,final_norm,2,0.9784598733731378,0.9891725185425235,0.1503582421026405,0.9791259765625,0.33349609375,0.6456298828125
trained,r2,b,property-b-transformer-tasks04-seed101,101,4,opposite_pool,block_01,16,0.25358619331581445,0.46730936778768994,0.8726444309595753,0.444732666015625,0.416900634765625,0.02783203125
trained,r2,b,property-b-transformer-tasks04-seed101,101,4,opposite_pool,block_02,16,0.32979206145452156,0.5431325096486678,0.823472237341622,0.4686279296875,0.416900634765625,0.051727294921875
trained,r2,b,property-b-transformer-tasks04-seed101,101,4,opposite_pool,block_03,16,0.3349968634026083,0.5473009700474138,0.819760304167811,0.4716644287109375,0.416900634765625,0.0547637939453125
trained,r2,b,property-b-transformer-tasks04-seed101,101,4,opposite_pool,block_04,16,0.32605128771989467,0.5418500007025804,0.8264354292133863,0.46624755859375,0.416900634765625,0.049346923828125
trained,r2,b,property-b-transformer-tasks04-seed101,101,4,opposite_pool,embedding,16,2.7755575615628914e-17,0.002127774062755656,1.0188213458326256,0.3533782958984375,0.416900634765625,-0.0635223388671875
trained,r2,b,property-b-transformer-tasks04-seed101,101,4,opposite_pool,final_norm,16,0.3134911407764496,0.5265353859918611,0.8341394368812326,0.4620819091796875,0.416900634765625,0.0451812744140625
trained,r2,b,property-b-transformer-tasks04-seed101,101,4,same_pool_untrained,block_01,12,0.19185653694150076,0.41323234731574304,0.9243770025572992,0.4792073567708333,0.4225870768229167,0.056620279947916664
trained,r2,b,property-b-transformer-tasks04-seed101,101,4,same_pool_untrained,block_02,12,0.25654836709892453,0.48691674516088507,0.8876544728608846,0.4977620442708333,0.4225870768229167,0.07517496744791667
trained,r2,b,property-b-transformer-tasks04-seed101,101,4,same_pool_untrained,block_03,12,0.27260887248080395,0.5033194531385864,0.8783396860424917,0.5049641927083334,0.4225870768229167,0.08237711588541667
trained,r2,b,property-b-transformer-tasks04-seed101,101,4,same_pool_untrained,block_04,12,0.2727598858926603,0.5032380863516046,0.8786175633486404,0.50567626953125,0.4225870768229167,0.08308919270833333
trained,r2,b,property-b-transformer-tasks04-seed101,101,4,same_pool_untrained,embedding,12,-1.850371707708594e-17,-0.005216973367861468,1.0371983298590277,0.4130655924479167,0.4225870768229167,-0.009521484375
trained,r2,b,property-b-transformer-tasks04-seed101,101,4,same_pool_untrained,final_norm,12,0.26176641495431885,0.491378606620468,0.8853871544829652,0.501953125,0.4225870768229167,0.07936604817708333
trained,r2,b,property-b-transformer-tasks04-seed101,101,4,trained,block_01,4,0.31826654898737405,0.4909282239178528,0.8187971287068876,0.5615234375,0.4451904296875,0.1163330078125
trained,r2,b,property-b-transformer-tasks04-seed101,101,4,trained,block_02,4,0.5187080038906948,0.6514137928409959,0.6621792856107385,0.6568603515625,0.4451904296875,0.211669921875
trained,r2,b,property-b-transformer-tasks04-seed101,101,4,trained,block_03,4,0.5553796531277665,0.6705532828441352,0.6234920265719689,0.68939208984375,0.4451904296875,0.24420166015625
trained,r2,b,property-b-transformer-tasks04-seed101,101,4,trained,block_04,4,0.5630242102161551,0.6713703352992584,0.6139912991311365,0.695068359375,0.4451904296875,0.2498779296875
trained,r2,b,property-b-transformer-tasks04-seed101,101,4,trained,embedding,4,0.0,0.0018410452087815967,1.0141812617754078,0.44659423828125,0.4451904296875,0.00140380859375
trained,r2,b,property-b-transformer-tasks04-seed101,101,4,trained,final_norm,4,0.5520569349227028,0.6581599833448875,0.6263680443265127,0.685546875,0.4451904296875,0.2403564453125
trained,r2,b,property-b-transformer-tasks08-seed101,101,8,opposite_pool,block_01,16,0.19527243838790834,0.4158567501300803,0.9106377612018368,0.42767333984375,0.416900634765625,0.010772705078125
trained,r2,b,property-b-transformer-tasks08-seed101,101,8,opposite_pool,block_02,16,0.3229058529500988,0.5370026666742149,0.8268925026696524,0.472808837890625,0.416900634765625,0.055908203125
trained,r2,b,property-b-transformer-tasks08-seed101,101,8,opposite_pool,block_03,16,0.34254023217653135,0.5542768065809384,0.8117938095957369,0.485198974609375,0.416900634765625,0.06829833984375
trained,r2,b,property-b-transformer-tasks08-seed101,101,8,opposite_pool,block_04,16,0.34841899541367966,0.5601328562778648,0.8071202331760328,0.4881134033203125,0.416900634765625,0.0712127685546875
trained,r2,b,property-b-transformer-tasks08-seed101,101,8,opposite_pool,embedding,16,0.0,0.002680125702630424,1.0188213458326256,0.3533782958984375,0.416900634765625,-0.0635223388671875
trained,r2,b,property-b-transformer-tasks08-seed101,101,8,opposite_pool,final_norm,16,0.34086200315491194,0.5565884016219776,0.8145232059435528,0.4792022705078125,0.416900634765625,0.0623016357421875
trained,r2,b,property-b-transformer-tasks08-seed101,101,8,same_pool_untrained,block_01,8,0.12964506957947458,0.35578341881671016,0.9482585694118423,0.436553955078125,0.394561767578125,0.0419921875
trained,r2,b,property-b-transformer-tasks08-seed101,101,8,same_pool_untrained,block_02,8,0.18529773189864693,0.42715622382356283,0.9173054570492977,0.452392578125,0.394561767578125,0.057830810546875
trained,r2,b,property-b-transformer-tasks08-seed101,101,8,same_pool_untrained,block_03,8,0.1961895065904085,0.43756910188051334,0.911057865640656,0.45562744140625,0.394561767578125,0.061065673828125
trained,r2,b,property-b-transformer-tasks08-seed101,101,8,same_pool_untrained,block_04,8,0.20268488150487968,0.44799451699520443,0.9073828646595786,0.457244873046875,0.394561767578125,0.06268310546875
trained,r2,b,property-b-transformer-tasks08-seed101,101,8,same_pool_untrained,embedding,8,0.0,-0.006481372693284755,1.0169112062992551,0.386383056640625,0.394561767578125,-0.0081787109375
trained,r2,b,property-b-transformer-tasks08-seed101,101,8,same_pool_untrained,final_norm,8,0.20884018722048087,0.45362900244434895,0.9038947281253321,0.457855224609375,0.394561767578125,0.06329345703125
trained,r2,b,property-b-transformer-tasks08-seed101,101,8,trained,block_01,8,0.295016327900554,0.48140059070064156,0.8599969450774259,0.56292724609375,0.4619140625,0.10101318359375
trained,r2,b,property-b-transformer-tasks08-seed101,101,8,trained,block_02,8,0.4093807636882333,0.5869818670375513,0.7699277687345005,0.60546875,0.4619140625,0.1435546875
trained,r2,b,property-b-transformer-tasks08-seed101,101,8,trained,block_03,8,0.4374129514979706,0.6144717224316368,0.7492033384740213,0.616546630859375,0.4619140625,0.154632568359375
trained,r2,b,property-b-transformer-tasks08-seed101,101,8,trained,block_04,8,0.4441642756243534,0.6206106976662094,0.7443616648285128,0.620941162109375,0.4619140625,0.159027099609375
trained,r2,b,property-b-transformer-tasks08-seed101,101,8,trained,embedding,8,-2.7755575615628914e-17,0.0007963995642675793,1.0459769193769903,0.456512451171875,0.4619140625,-0.005401611328125
trained,r2,b,property-b-transformer-tasks08-seed101,101,8,trained,final_norm,8,0.43537872823729656,0.6182647682953706,0.7550296198813693,0.613677978515625,0.4619140625,0.151763916015625
trained,r2,b,property-b-transformer-tasks16-seed101,101,16,opposite_pool,block_01,16,0.25718699093618297,0.4777800317554409,0.870808762471141,0.45184326171875,0.416900634765625,0.034942626953125
trained,r2,b,property-b-transformer-tasks16-seed101,101,16,opposite_pool,block_02,16,0.29623539982099223,0.5076004644026679,0.8438418014930922,0.4638824462890625,0.416900634765625,0.0469818115234375
trained,r2,b,property-b-transformer-tasks16-seed101,101,16,opposite_pool,block_03,16,0.31114683240824653,0.516127667257161,0.8339615002616588,0.4691925048828125,0.416900634765625,0.0522918701171875
trained,r2,b,property-b-transformer-tasks16-seed101,101,16,opposite_pool,block_04,16,0.32517544836262086,0.5298123586172316,0.824447172017425,0.4725189208984375,0.416900634765625,0.0556182861328125
trained,r2,b,property-b-transformer-tasks16-seed101,101,16,opposite_pool,embedding,16,0.0,0.003184070846435047,1.0188213458326256,0.3533782958984375,0.416900634765625,-0.0635223388671875
trained,r2,b,property-b-transformer-tasks16-seed101,101,16,opposite_pool,final_norm,16,0.3198558420488493,0.5271633868613762,0.8287532458798945,0.4703216552734375,0.416900634765625,0.0534210205078125
trained,r2,b,property-b-transformer-tasks16-seed101,101,16,trained,block_01,16,0.23836197282273597,0.45308497832435846,0.8867116562280991,0.5065765380859375,0.4282379150390625,0.078338623046875
trained,r2,b,property-b-transformer-tasks16-seed101,101,16,trained,block_02,16,0.27233134033582074,0.4818854939871325,0.8626112751019123,0.5198211669921875,0.4282379150390625,0.091583251953125
trained,r2,b,property-b-transformer-tasks16-seed101,101,16,trained,block_03,16,0.28586824237370945,0.4901286222931654,0.8530946808977612,0.523773193359375,0.4282379150390625,0.0955352783203125
trained,r2,b,property-b-transformer-tasks16-seed101,101,16,trained,block_04,16,0.2936249502394738,0.49551824098888764,0.8479131398676539,0.52655029296875,0.4282379150390625,0.0983123779296875
trained,r2,b,property-b-transformer-tasks16-seed101,101,16,trained,embedding,16,0.0,-0.003016993265617913,1.0314440628381227,0.42144775390625,0.4282379150390625,-0.0067901611328125
trained,r2,b,property-b-transformer-tasks16-seed101,101,16,trained,final_norm,16,0.2898724185376057,0.49294614726783315,0.8504253515094946,0.5238800048828125,0.4282379150390625,0.09564208984375
